Running Symbolic PathFinder ...
symbolic.dp=choco
symbolic.string_dp_timeout_ms=0
symbolic.string_dp_alpha=A-Z
symbolic.string_dp_alphaSize=26
symbolic.string_dp_upper=10
symbolic.string_dp_lower=1
symbolic.string_dp=z3str3
symbolic.choco_time_bound=30000
symbolic.max_pc_length=2147483647
symbolic.max_pc_msec=0
symbolic.bvlength=32
symbolic.min_int=-2147483648
symbolic.min_long=-9223372036854775808
symbolic.min_short=-32768
symbolic.min_byte=-128
symbolic.min_char=0
symbolic.max_int=2147483647
symbolic.max_long=9223372036854775807
symbolic.max_short=32767
symbolic.max_byte=127
symbolic.max_char=65535
symbolic.min_double=4.9E-324
symbolic.max_double=1.7976931348623157E308
JavaPathfinder core system v8.0 (rev b754a0305ac7423e9b25fba66388b99d5c823c4e) - (C) 2005-2014 United States Government. All rights reserved.


====================================================== system under test
strings.DelimSearch.main()

====================================================== search started: 9/17/25 12:43 PM
New sym int text_1_SYMSTRING.length min=-2147483648, max=2147483647
New sym int delims_2_SYMSTRING.length min=-2147483648, max=2147483647
New sym int Length_0_ min=0, max=30
numeric PC: constraint # = 1
CONST_0 >= Length_0_ -> true

### PCs: total:1 sat:1 unsat:0

string analysis: SPC # = 0
NPC constraint # = 1
CONST_0 >= Length_0_
$$$$$$$$$$$$$$$$$$$$$$$$$$$$$$$$
Calling Z3str3

current query... 
(declare-const text_1 String)


(assert (>= 0 (str.len text_1)))



======================
(define-fun text_1 () String
  "")
Returned solutions: 
(define-fun text_1 () String  "")
*************************************
Satisfiable: true
text_1 => ""
*************************************

numeric PC: constraint # = 1
CONST_0 < Length_0_ -> true

### PCs: total:2 sat:2 unsat:0

string analysis: SPC # = 0
NPC constraint # = 1
CONST_0 < Length_0_
$$$$$$$$$$$$$$$$$$$$$$$$$$$$$$$$
Calling Z3str3

current query... 
(declare-const text_1 String)


(assert (< 0 (str.len text_1)))



======================
(define-fun text_1 () String
  "A")
Returned solutions: 
(define-fun text_1 () String  "A")
*************************************
Satisfiable: true
text_1 => "A"
*************************************

New sym int Length_1_ min=0, max=30
numeric PC: constraint # = 2
CONST_0 >= Length_1_ &&
CONST_0 < Length_0_ -> true

### PCs: total:3 sat:3 unsat:0

string analysis: SPC # = 0
NPC constraint # = 2
CONST_0 >= Length_1_ &&
CONST_0 < Length_0_
$$$$$$$$$$$$$$$$$$$$$$$$$$$$$$$$
Calling Z3str3

current query... 
(declare-const delims_2 String)
(declare-const text_1 String)


(assert (>= 0 (str.len delims_2)))
(assert (< 0 (str.len text_1)))



======================
(define-fun text_1 () String
  "A")
(define-fun delims_2 () String
  "")
Returned solutions: 
(define-fun text_1 () String  "A")
(define-fun delims_2 () String  "")
*************************************
Satisfiable: true
text_1 => "A"
delims_2 => ""
*************************************

numeric PC: constraint # = 2
CONST_0 < Length_1_ &&
CONST_0 < Length_0_ -> true

### PCs: total:4 sat:4 unsat:0

string analysis: SPC # = 0
NPC constraint # = 2
CONST_0 < Length_1_ &&
CONST_0 < Length_0_
$$$$$$$$$$$$$$$$$$$$$$$$$$$$$$$$
Calling Z3str3

current query... 
(declare-const delims_2 String)
(declare-const text_1 String)


(assert (< 0 (str.len delims_2)))
(assert (< 0 (str.len text_1)))



======================
(define-fun text_1 () String
  "B")
(define-fun delims_2 () String
  "A")
Returned solutions: 
(define-fun text_1 () String  "B")
(define-fun delims_2 () String  "A")
*************************************
Satisfiable: true
text_1 => "B"
delims_2 => "A"
*************************************

New sym int CharAt(CONST_0)_2_ min=0, max=65535
New sym int CharAt(CONST_0)_3_ min=0, max=65535
numeric PC: constraint # = 3
CharAt(CONST_0)_2_ == CharAt(CONST_0)_3_ &&
CONST_0 < Length_1_ &&
CONST_0 < Length_0_ -> true

### PCs: total:5 sat:5 unsat:0

string analysis: SPC # = 0
NPC constraint # = 3
CharAt(CONST_0)_2_ == CharAt(CONST_0)_3_ &&
CONST_0 < Length_1_ &&
CONST_0 < Length_0_
$$$$$$$$$$$$$$$$$$$$$$$$$$$$$$$$
Calling Z3str3

current query... 
(declare-const text_1 String)
(declare-const delims_2 String)


(assert (= (str.at text_1 0) (str.at delims_2 0)))
(assert (< 0 (str.len delims_2)))
(assert (< 0 (str.len text_1)))



======================
(define-fun text_1 () String
  "A")
(define-fun delims_2 () String
  "A")
Returned solutions: 
(define-fun text_1 () String  "A")
(define-fun delims_2 () String  "A")
*************************************
Satisfiable: true
text_1 => "A"
delims_2 => "A"
*************************************

numeric PC: constraint # = 3
CharAt(CONST_0)_2_ != CharAt(CONST_0)_3_ &&
CONST_0 < Length_1_ &&
CONST_0 < Length_0_ -> true

### PCs: total:6 sat:6 unsat:0

string analysis: SPC # = 0
NPC constraint # = 3
CharAt(CONST_0)_2_ != CharAt(CONST_0)_3_ &&
CONST_0 < Length_1_ &&
CONST_0 < Length_0_
$$$$$$$$$$$$$$$$$$$$$$$$$$$$$$$$
Calling Z3str3

current query... 
(declare-const text_1 String)
(declare-const delims_2 String)


(assert (not (= (str.at text_1 0) (str.at delims_2 0))))
(assert (< 0 (str.len delims_2)))
(assert (< 0 (str.len text_1)))



======================
(define-fun text_1 () String
  "A")
(define-fun delims_2 () String
  "B")
Returned solutions: 
(define-fun text_1 () String  "A")
(define-fun delims_2 () String  "B")
*************************************
Satisfiable: true
text_1 => "A"
delims_2 => "B"
*************************************

numeric PC: constraint # = 4
CONST_1 >= Length_1_ &&
CharAt(CONST_0)_2_ != CharAt(CONST_0)_3_ &&
CONST_0 < Length_1_ &&
CONST_0 < Length_0_ -> true

### PCs: total:7 sat:7 unsat:0

string analysis: SPC # = 0
NPC constraint # = 4
CONST_1 >= Length_1_ &&
CharAt(CONST_0)_2_ != CharAt(CONST_0)_3_ &&
CONST_0 < Length_1_ &&
CONST_0 < Length_0_
$$$$$$$$$$$$$$$$$$$$$$$$$$$$$$$$
Calling Z3str3

current query... 
(declare-const delims_2 String)
(declare-const text_1 String)


(assert (>= 1 (str.len delims_2)))
(assert (not (= (str.at text_1 0) (str.at delims_2 0))))
(assert (< 0 (str.len delims_2)))
(assert (< 0 (str.len text_1)))



======================
(define-fun text_1 () String
  "A")
(define-fun delims_2 () String
  "B")
Returned solutions: 
(define-fun text_1 () String  "A")
(define-fun delims_2 () String  "B")
*************************************
Satisfiable: true
text_1 => "A"
delims_2 => "B"
*************************************

numeric PC: constraint # = 4
CONST_1 < Length_1_ &&
CharAt(CONST_0)_2_ != CharAt(CONST_0)_3_ &&
CONST_0 < Length_1_ &&
CONST_0 < Length_0_ -> true

### PCs: total:8 sat:8 unsat:0

string analysis: SPC # = 0
NPC constraint # = 4
CONST_1 < Length_1_ &&
CharAt(CONST_0)_2_ != CharAt(CONST_0)_3_ &&
CONST_0 < Length_1_ &&
CONST_0 < Length_0_
$$$$$$$$$$$$$$$$$$$$$$$$$$$$$$$$
Calling Z3str3

current query... 
(declare-const delims_2 String)
(declare-const text_1 String)


(assert (< 1 (str.len delims_2)))
(assert (not (= (str.at text_1 0) (str.at delims_2 0))))
(assert (< 0 (str.len delims_2)))
(assert (< 0 (str.len text_1)))



======================
(define-fun text_1 () String
  "A")
(define-fun delims_2 () String
  "BC")
Returned solutions: 
(define-fun text_1 () String  "A")
(define-fun delims_2 () String  "BC")
*************************************
Satisfiable: true
text_1 => "A"
delims_2 => "BC"
*************************************

New sym int CharAt(CONST_1)_4_ min=0, max=65535
numeric PC: constraint # = 5
CharAt(CONST_0)_2_ == CharAt(CONST_1)_4_ &&
CONST_1 < Length_1_ &&
CharAt(CONST_0)_2_ != CharAt(CONST_0)_3_ &&
CONST_0 < Length_1_ &&
CONST_0 < Length_0_ -> true

### PCs: total:9 sat:9 unsat:0

string analysis: SPC # = 0
NPC constraint # = 5
CharAt(CONST_0)_2_ == CharAt(CONST_1)_4_ &&
CONST_1 < Length_1_ &&
CharAt(CONST_0)_2_ != CharAt(CONST_0)_3_ &&
CONST_0 < Length_1_ &&
CONST_0 < Length_0_
$$$$$$$$$$$$$$$$$$$$$$$$$$$$$$$$
Calling Z3str3

current query... 
(declare-const text_1 String)
(declare-const delims_2 String)


(assert (= (str.at text_1 0) (str.at delims_2 1)))
(assert (< 1 (str.len delims_2)))
(assert (not (= (str.at text_1 0) (str.at delims_2 0))))
(assert (< 0 (str.len delims_2)))
(assert (< 0 (str.len text_1)))



======================
(define-fun text_1 () String
  "A")
(define-fun delims_2 () String
  "BA")
Returned solutions: 
(define-fun text_1 () String  "A")
(define-fun delims_2 () String  "BA")
*************************************
Satisfiable: true
text_1 => "A"
delims_2 => "BA"
*************************************

numeric PC: constraint # = 5
CharAt(CONST_0)_2_ != CharAt(CONST_1)_4_ &&
CONST_1 < Length_1_ &&
CharAt(CONST_0)_2_ != CharAt(CONST_0)_3_ &&
CONST_0 < Length_1_ &&
CONST_0 < Length_0_ -> true

### PCs: total:10 sat:10 unsat:0

string analysis: SPC # = 0
NPC constraint # = 5
CharAt(CONST_0)_2_ != CharAt(CONST_1)_4_ &&
CONST_1 < Length_1_ &&
CharAt(CONST_0)_2_ != CharAt(CONST_0)_3_ &&
CONST_0 < Length_1_ &&
CONST_0 < Length_0_
$$$$$$$$$$$$$$$$$$$$$$$$$$$$$$$$
Calling Z3str3

current query... 
(declare-const text_1 String)
(declare-const delims_2 String)


(assert (not (= (str.at text_1 0) (str.at delims_2 1))))
(assert (< 1 (str.len delims_2)))
(assert (not (= (str.at text_1 0) (str.at delims_2 0))))
(assert (< 0 (str.len delims_2)))
(assert (< 0 (str.len text_1)))



======================
(define-fun text_1 () String
  "A")
(define-fun delims_2 () String
  "BC")
Returned solutions: 
(define-fun text_1 () String  "A")
(define-fun delims_2 () String  "BC")
*************************************
Satisfiable: true
text_1 => "A"
delims_2 => "BC"
*************************************

numeric PC: constraint # = 6
CONST_2 >= Length_1_ &&
CharAt(CONST_0)_2_ != CharAt(CONST_1)_4_ &&
CONST_1 < Length_1_ &&
CharAt(CONST_0)_2_ != CharAt(CONST_0)_3_ &&
CONST_0 < Length_1_ &&
CONST_0 < Length_0_ -> true

### PCs: total:11 sat:11 unsat:0

string analysis: SPC # = 0
NPC constraint # = 6
CONST_2 >= Length_1_ &&
CharAt(CONST_0)_2_ != CharAt(CONST_1)_4_ &&
CONST_1 < Length_1_ &&
CharAt(CONST_0)_2_ != CharAt(CONST_0)_3_ &&
CONST_0 < Length_1_ &&
CONST_0 < Length_0_
$$$$$$$$$$$$$$$$$$$$$$$$$$$$$$$$
Calling Z3str3

current query... 
(declare-const delims_2 String)
(declare-const text_1 String)


(assert (>= 2 (str.len delims_2)))
(assert (not (= (str.at text_1 0) (str.at delims_2 1))))
(assert (< 1 (str.len delims_2)))
(assert (not (= (str.at text_1 0) (str.at delims_2 0))))
(assert (< 0 (str.len delims_2)))
(assert (< 0 (str.len text_1)))



======================
(define-fun text_1 () String
  "A")
(define-fun delims_2 () String
  "BC")
Returned solutions: 
(define-fun text_1 () String  "A")
(define-fun delims_2 () String  "BC")
*************************************
Satisfiable: true
text_1 => "A"
delims_2 => "BC"
*************************************

numeric PC: constraint # = 6
CONST_2 < Length_1_ &&
CharAt(CONST_0)_2_ != CharAt(CONST_1)_4_ &&
CONST_1 < Length_1_ &&
CharAt(CONST_0)_2_ != CharAt(CONST_0)_3_ &&
CONST_0 < Length_1_ &&
CONST_0 < Length_0_ -> true

### PCs: total:12 sat:12 unsat:0

string analysis: SPC # = 0
NPC constraint # = 6
CONST_2 < Length_1_ &&
CharAt(CONST_0)_2_ != CharAt(CONST_1)_4_ &&
CONST_1 < Length_1_ &&
CharAt(CONST_0)_2_ != CharAt(CONST_0)_3_ &&
CONST_0 < Length_1_ &&
CONST_0 < Length_0_
$$$$$$$$$$$$$$$$$$$$$$$$$$$$$$$$
Calling Z3str3

current query... 
(declare-const delims_2 String)
(declare-const text_1 String)


(assert (< 2 (str.len delims_2)))
(assert (not (= (str.at text_1 0) (str.at delims_2 1))))
(assert (< 1 (str.len delims_2)))
(assert (not (= (str.at text_1 0) (str.at delims_2 0))))
(assert (< 0 (str.len delims_2)))
(assert (< 0 (str.len text_1)))



======================
(define-fun text_1 () String
  "A")
(define-fun delims_2 () String
  "BCD")
Returned solutions: 
(define-fun text_1 () String  "A")
(define-fun delims_2 () String  "BCD")
*************************************
Satisfiable: true
text_1 => "A"
delims_2 => "BCD"
*************************************

New sym int CharAt(CONST_2)_5_ min=0, max=65535
numeric PC: constraint # = 7
CharAt(CONST_0)_2_ == CharAt(CONST_2)_5_ &&
CONST_2 < Length_1_ &&
CharAt(CONST_0)_2_ != CharAt(CONST_1)_4_ &&
CONST_1 < Length_1_ &&
CharAt(CONST_0)_2_ != CharAt(CONST_0)_3_ &&
CONST_0 < Length_1_ &&
CONST_0 < Length_0_ -> true

### PCs: total:13 sat:13 unsat:0

string analysis: SPC # = 0
NPC constraint # = 7
CharAt(CONST_0)_2_ == CharAt(CONST_2)_5_ &&
CONST_2 < Length_1_ &&
CharAt(CONST_0)_2_ != CharAt(CONST_1)_4_ &&
CONST_1 < Length_1_ &&
CharAt(CONST_0)_2_ != CharAt(CONST_0)_3_ &&
CONST_0 < Length_1_ &&
CONST_0 < Length_0_
$$$$$$$$$$$$$$$$$$$$$$$$$$$$$$$$
Calling Z3str3

current query... 
(declare-const text_1 String)
(declare-const delims_2 String)


(assert (= (str.at text_1 0) (str.at delims_2 2)))
(assert (< 2 (str.len delims_2)))
(assert (not (= (str.at text_1 0) (str.at delims_2 1))))
(assert (< 1 (str.len delims_2)))
(assert (not (= (str.at text_1 0) (str.at delims_2 0))))
(assert (< 0 (str.len delims_2)))
(assert (< 0 (str.len text_1)))



======================
(define-fun text_1 () String
  "A")
(define-fun delims_2 () String
  "BCA")
Returned solutions: 
(define-fun text_1 () String  "A")
(define-fun delims_2 () String  "BCA")
*************************************
Satisfiable: true
text_1 => "A"
delims_2 => "BCA"
*************************************

numeric PC: constraint # = 7
CharAt(CONST_0)_2_ != CharAt(CONST_2)_5_ &&
CONST_2 < Length_1_ &&
CharAt(CONST_0)_2_ != CharAt(CONST_1)_4_ &&
CONST_1 < Length_1_ &&
CharAt(CONST_0)_2_ != CharAt(CONST_0)_3_ &&
CONST_0 < Length_1_ &&
CONST_0 < Length_0_ -> true

### PCs: total:14 sat:14 unsat:0

string analysis: SPC # = 0
NPC constraint # = 7
CharAt(CONST_0)_2_ != CharAt(CONST_2)_5_ &&
CONST_2 < Length_1_ &&
CharAt(CONST_0)_2_ != CharAt(CONST_1)_4_ &&
CONST_1 < Length_1_ &&
CharAt(CONST_0)_2_ != CharAt(CONST_0)_3_ &&
CONST_0 < Length_1_ &&
CONST_0 < Length_0_
$$$$$$$$$$$$$$$$$$$$$$$$$$$$$$$$
Calling Z3str3

current query... 
(declare-const text_1 String)
(declare-const delims_2 String)


(assert (not (= (str.at text_1 0) (str.at delims_2 2))))
(assert (< 2 (str.len delims_2)))
(assert (not (= (str.at text_1 0) (str.at delims_2 1))))
(assert (< 1 (str.len delims_2)))
(assert (not (= (str.at text_1 0) (str.at delims_2 0))))
(assert (< 0 (str.len delims_2)))
(assert (< 0 (str.len text_1)))



======================
(define-fun text_1 () String
  "A")
(define-fun delims_2 () String
  "BCD")
Returned solutions: 
(define-fun text_1 () String  "A")
(define-fun delims_2 () String  "BCD")
*************************************
Satisfiable: true
text_1 => "A"
delims_2 => "BCD"
*************************************

numeric PC: constraint # = 8
CONST_3 >= Length_1_ &&
CharAt(CONST_0)_2_ != CharAt(CONST_2)_5_ &&
CONST_2 < Length_1_ &&
CharAt(CONST_0)_2_ != CharAt(CONST_1)_4_ &&
CONST_1 < Length_1_ &&
CharAt(CONST_0)_2_ != CharAt(CONST_0)_3_ &&
CONST_0 < Length_1_ &&
CONST_0 < Length_0_ -> true

### PCs: total:15 sat:15 unsat:0

string analysis: SPC # = 0
NPC constraint # = 8
CONST_3 >= Length_1_ &&
CharAt(CONST_0)_2_ != CharAt(CONST_2)_5_ &&
CONST_2 < Length_1_ &&
CharAt(CONST_0)_2_ != CharAt(CONST_1)_4_ &&
CONST_1 < Length_1_ &&
CharAt(CONST_0)_2_ != CharAt(CONST_0)_3_ &&
CONST_0 < Length_1_ &&
CONST_0 < Length_0_
$$$$$$$$$$$$$$$$$$$$$$$$$$$$$$$$
Calling Z3str3

current query... 
(declare-const delims_2 String)
(declare-const text_1 String)


(assert (>= 3 (str.len delims_2)))
(assert (not (= (str.at text_1 0) (str.at delims_2 2))))
(assert (< 2 (str.len delims_2)))
(assert (not (= (str.at text_1 0) (str.at delims_2 1))))
(assert (< 1 (str.len delims_2)))
(assert (not (= (str.at text_1 0) (str.at delims_2 0))))
(assert (< 0 (str.len delims_2)))
(assert (< 0 (str.len text_1)))



======================
(define-fun text_1 () String
  "A")
(define-fun delims_2 () String
  "BCD")
Returned solutions: 
(define-fun text_1 () String  "A")
(define-fun delims_2 () String  "BCD")
*************************************
Satisfiable: true
text_1 => "A"
delims_2 => "BCD"
*************************************

numeric PC: constraint # = 8
CONST_3 < Length_1_ &&
CharAt(CONST_0)_2_ != CharAt(CONST_2)_5_ &&
CONST_2 < Length_1_ &&
CharAt(CONST_0)_2_ != CharAt(CONST_1)_4_ &&
CONST_1 < Length_1_ &&
CharAt(CONST_0)_2_ != CharAt(CONST_0)_3_ &&
CONST_0 < Length_1_ &&
CONST_0 < Length_0_ -> true

### PCs: total:16 sat:16 unsat:0

string analysis: SPC # = 0
NPC constraint # = 8
CONST_3 < Length_1_ &&
CharAt(CONST_0)_2_ != CharAt(CONST_2)_5_ &&
CONST_2 < Length_1_ &&
CharAt(CONST_0)_2_ != CharAt(CONST_1)_4_ &&
CONST_1 < Length_1_ &&
CharAt(CONST_0)_2_ != CharAt(CONST_0)_3_ &&
CONST_0 < Length_1_ &&
CONST_0 < Length_0_
$$$$$$$$$$$$$$$$$$$$$$$$$$$$$$$$
Calling Z3str3

current query... 
(declare-const delims_2 String)
(declare-const text_1 String)


(assert (< 3 (str.len delims_2)))
(assert (not (= (str.at text_1 0) (str.at delims_2 2))))
(assert (< 2 (str.len delims_2)))
(assert (not (= (str.at text_1 0) (str.at delims_2 1))))
(assert (< 1 (str.len delims_2)))
(assert (not (= (str.at text_1 0) (str.at delims_2 0))))
(assert (< 0 (str.len delims_2)))
(assert (< 0 (str.len text_1)))



======================
(define-fun text_1 () String
  "A")
(define-fun delims_2 () String
  "BCDE")
Returned solutions: 
(define-fun text_1 () String  "A")
(define-fun delims_2 () String  "BCDE")
*************************************
Satisfiable: true
text_1 => "A"
delims_2 => "BCDE"
*************************************

New sym int CharAt(CONST_3)_6_ min=0, max=65535
numeric PC: constraint # = 9
CharAt(CONST_0)_2_ == CharAt(CONST_3)_6_ &&
CONST_3 < Length_1_ &&
CharAt(CONST_0)_2_ != CharAt(CONST_2)_5_ &&
CONST_2 < Length_1_ &&
CharAt(CONST_0)_2_ != CharAt(CONST_1)_4_ &&
CONST_1 < Length_1_ &&
CharAt(CONST_0)_2_ != CharAt(CONST_0)_3_ &&
CONST_0 < Length_1_ &&
CONST_0 < Length_0_ -> true

### PCs: total:17 sat:17 unsat:0

string analysis: SPC # = 0
NPC constraint # = 9
CharAt(CONST_0)_2_ == CharAt(CONST_3)_6_ &&
CONST_3 < Length_1_ &&
CharAt(CONST_0)_2_ != CharAt(CONST_2)_5_ &&
CONST_2 < Length_1_ &&
CharAt(CONST_0)_2_ != CharAt(CONST_1)_4_ &&
CONST_1 < Length_1_ &&
CharAt(CONST_0)_2_ != CharAt(CONST_0)_3_ &&
CONST_0 < Length_1_ &&
CONST_0 < Length_0_
$$$$$$$$$$$$$$$$$$$$$$$$$$$$$$$$
Calling Z3str3

current query... 
(declare-const text_1 String)
(declare-const delims_2 String)


(assert (= (str.at text_1 0) (str.at delims_2 3)))
(assert (< 3 (str.len delims_2)))
(assert (not (= (str.at text_1 0) (str.at delims_2 2))))
(assert (< 2 (str.len delims_2)))
(assert (not (= (str.at text_1 0) (str.at delims_2 1))))
(assert (< 1 (str.len delims_2)))
(assert (not (= (str.at text_1 0) (str.at delims_2 0))))
(assert (< 0 (str.len delims_2)))
(assert (< 0 (str.len text_1)))



======================
(define-fun text_1 () String
  "A")
(define-fun delims_2 () String
  "BCDA")
Returned solutions: 
(define-fun text_1 () String  "A")
(define-fun delims_2 () String  "BCDA")
*************************************
Satisfiable: true
text_1 => "A"
delims_2 => "BCDA"
*************************************

numeric PC: constraint # = 9
CharAt(CONST_0)_2_ != CharAt(CONST_3)_6_ &&
CONST_3 < Length_1_ &&
CharAt(CONST_0)_2_ != CharAt(CONST_2)_5_ &&
CONST_2 < Length_1_ &&
CharAt(CONST_0)_2_ != CharAt(CONST_1)_4_ &&
CONST_1 < Length_1_ &&
CharAt(CONST_0)_2_ != CharAt(CONST_0)_3_ &&
CONST_0 < Length_1_ &&
CONST_0 < Length_0_ -> true

### PCs: total:18 sat:18 unsat:0

string analysis: SPC # = 0
NPC constraint # = 9
CharAt(CONST_0)_2_ != CharAt(CONST_3)_6_ &&
CONST_3 < Length_1_ &&
CharAt(CONST_0)_2_ != CharAt(CONST_2)_5_ &&
CONST_2 < Length_1_ &&
CharAt(CONST_0)_2_ != CharAt(CONST_1)_4_ &&
CONST_1 < Length_1_ &&
CharAt(CONST_0)_2_ != CharAt(CONST_0)_3_ &&
CONST_0 < Length_1_ &&
CONST_0 < Length_0_
$$$$$$$$$$$$$$$$$$$$$$$$$$$$$$$$
Calling Z3str3

current query... 
(declare-const text_1 String)
(declare-const delims_2 String)


(assert (not (= (str.at text_1 0) (str.at delims_2 3))))
(assert (< 3 (str.len delims_2)))
(assert (not (= (str.at text_1 0) (str.at delims_2 2))))
(assert (< 2 (str.len delims_2)))
(assert (not (= (str.at text_1 0) (str.at delims_2 1))))
(assert (< 1 (str.len delims_2)))
(assert (not (= (str.at text_1 0) (str.at delims_2 0))))
(assert (< 0 (str.len delims_2)))
(assert (< 0 (str.len text_1)))



======================
(define-fun text_1 () String
  "A")
(define-fun delims_2 () String
  "BCDE")
Returned solutions: 
(define-fun text_1 () String  "A")
(define-fun delims_2 () String  "BCDE")
*************************************
Satisfiable: true
text_1 => "A"
delims_2 => "BCDE"
*************************************

numeric PC: constraint # = 10
CONST_4 >= Length_1_ &&
CharAt(CONST_0)_2_ != CharAt(CONST_3)_6_ &&
CONST_3 < Length_1_ &&
CharAt(CONST_0)_2_ != CharAt(CONST_2)_5_ &&
CONST_2 < Length_1_ &&
CharAt(CONST_0)_2_ != CharAt(CONST_1)_4_ &&
CONST_1 < Length_1_ &&
CharAt(CONST_0)_2_ != CharAt(CONST_0)_3_ &&
CONST_0 < Length_1_ &&
CONST_0 < Length_0_ -> true

### PCs: total:19 sat:19 unsat:0

string analysis: SPC # = 0
NPC constraint # = 10
CONST_4 >= Length_1_ &&
CharAt(CONST_0)_2_ != CharAt(CONST_3)_6_ &&
CONST_3 < Length_1_ &&
CharAt(CONST_0)_2_ != CharAt(CONST_2)_5_ &&
CONST_2 < Length_1_ &&
CharAt(CONST_0)_2_ != CharAt(CONST_1)_4_ &&
CONST_1 < Length_1_ &&
CharAt(CONST_0)_2_ != CharAt(CONST_0)_3_ &&
CONST_0 < Length_1_ &&
CONST_0 < Length_0_
$$$$$$$$$$$$$$$$$$$$$$$$$$$$$$$$
Calling Z3str3

current query... 
(declare-const delims_2 String)
(declare-const text_1 String)


(assert (>= 4 (str.len delims_2)))
(assert (not (= (str.at text_1 0) (str.at delims_2 3))))
(assert (< 3 (str.len delims_2)))
(assert (not (= (str.at text_1 0) (str.at delims_2 2))))
(assert (< 2 (str.len delims_2)))
(assert (not (= (str.at text_1 0) (str.at delims_2 1))))
(assert (< 1 (str.len delims_2)))
(assert (not (= (str.at text_1 0) (str.at delims_2 0))))
(assert (< 0 (str.len delims_2)))
(assert (< 0 (str.len text_1)))



======================
(define-fun text_1 () String
  "A")
(define-fun delims_2 () String
  "BCDE")
Returned solutions: 
(define-fun text_1 () String  "A")
(define-fun delims_2 () String  "BCDE")
*************************************
Satisfiable: true
text_1 => "A"
delims_2 => "BCDE"
*************************************

numeric PC: constraint # = 10
CONST_4 < Length_1_ &&
CharAt(CONST_0)_2_ != CharAt(CONST_3)_6_ &&
CONST_3 < Length_1_ &&
CharAt(CONST_0)_2_ != CharAt(CONST_2)_5_ &&
CONST_2 < Length_1_ &&
CharAt(CONST_0)_2_ != CharAt(CONST_1)_4_ &&
CONST_1 < Length_1_ &&
CharAt(CONST_0)_2_ != CharAt(CONST_0)_3_ &&
CONST_0 < Length_1_ &&
CONST_0 < Length_0_ -> true

### PCs: total:20 sat:20 unsat:0

string analysis: SPC # = 0
NPC constraint # = 10
CONST_4 < Length_1_ &&
CharAt(CONST_0)_2_ != CharAt(CONST_3)_6_ &&
CONST_3 < Length_1_ &&
CharAt(CONST_0)_2_ != CharAt(CONST_2)_5_ &&
CONST_2 < Length_1_ &&
CharAt(CONST_0)_2_ != CharAt(CONST_1)_4_ &&
CONST_1 < Length_1_ &&
CharAt(CONST_0)_2_ != CharAt(CONST_0)_3_ &&
CONST_0 < Length_1_ &&
CONST_0 < Length_0_
$$$$$$$$$$$$$$$$$$$$$$$$$$$$$$$$
Calling Z3str3

current query... 
(declare-const delims_2 String)
(declare-const text_1 String)


(assert (< 4 (str.len delims_2)))
(assert (not (= (str.at text_1 0) (str.at delims_2 3))))
(assert (< 3 (str.len delims_2)))
(assert (not (= (str.at text_1 0) (str.at delims_2 2))))
(assert (< 2 (str.len delims_2)))
(assert (not (= (str.at text_1 0) (str.at delims_2 1))))
(assert (< 1 (str.len delims_2)))
(assert (not (= (str.at text_1 0) (str.at delims_2 0))))
(assert (< 0 (str.len delims_2)))
(assert (< 0 (str.len text_1)))



======================
(define-fun text_1 () String
  "A")
(define-fun delims_2 () String
  "BCDEF")
Returned solutions: 
(define-fun text_1 () String  "A")
(define-fun delims_2 () String  "BCDEF")
*************************************
Satisfiable: true
text_1 => "A"
delims_2 => "BCDEF"
*************************************

New sym int CharAt(CONST_4)_7_ min=0, max=65535
numeric PC: constraint # = 11
CharAt(CONST_0)_2_ == CharAt(CONST_4)_7_ &&
CONST_4 < Length_1_ &&
CharAt(CONST_0)_2_ != CharAt(CONST_3)_6_ &&
CONST_3 < Length_1_ &&
CharAt(CONST_0)_2_ != CharAt(CONST_2)_5_ &&
CONST_2 < Length_1_ &&
CharAt(CONST_0)_2_ != CharAt(CONST_1)_4_ &&
CONST_1 < Length_1_ &&
CharAt(CONST_0)_2_ != CharAt(CONST_0)_3_ &&
CONST_0 < Length_1_ &&
CONST_0 < Length_0_ -> true

### PCs: total:21 sat:21 unsat:0

string analysis: SPC # = 0
NPC constraint # = 11
CharAt(CONST_0)_2_ == CharAt(CONST_4)_7_ &&
CONST_4 < Length_1_ &&
CharAt(CONST_0)_2_ != CharAt(CONST_3)_6_ &&
CONST_3 < Length_1_ &&
CharAt(CONST_0)_2_ != CharAt(CONST_2)_5_ &&
CONST_2 < Length_1_ &&
CharAt(CONST_0)_2_ != CharAt(CONST_1)_4_ &&
CONST_1 < Length_1_ &&
CharAt(CONST_0)_2_ != CharAt(CONST_0)_3_ &&
CONST_0 < Length_1_ &&
CONST_0 < Length_0_
$$$$$$$$$$$$$$$$$$$$$$$$$$$$$$$$
Calling Z3str3

current query... 
(declare-const text_1 String)
(declare-const delims_2 String)


(assert (= (str.at text_1 0) (str.at delims_2 4)))
(assert (< 4 (str.len delims_2)))
(assert (not (= (str.at text_1 0) (str.at delims_2 3))))
(assert (< 3 (str.len delims_2)))
(assert (not (= (str.at text_1 0) (str.at delims_2 2))))
(assert (< 2 (str.len delims_2)))
(assert (not (= (str.at text_1 0) (str.at delims_2 1))))
(assert (< 1 (str.len delims_2)))
(assert (not (= (str.at text_1 0) (str.at delims_2 0))))
(assert (< 0 (str.len delims_2)))
(assert (< 0 (str.len text_1)))



======================
(define-fun text_1 () String
  "A")
(define-fun delims_2 () String
  "BCDEA")
Returned solutions: 
(define-fun text_1 () String  "A")
(define-fun delims_2 () String  "BCDEA")
*************************************
Satisfiable: true
text_1 => "A"
delims_2 => "BCDEA"
*************************************

numeric PC: constraint # = 11
CharAt(CONST_0)_2_ != CharAt(CONST_4)_7_ &&
CONST_4 < Length_1_ &&
CharAt(CONST_0)_2_ != CharAt(CONST_3)_6_ &&
CONST_3 < Length_1_ &&
CharAt(CONST_0)_2_ != CharAt(CONST_2)_5_ &&
CONST_2 < Length_1_ &&
CharAt(CONST_0)_2_ != CharAt(CONST_1)_4_ &&
CONST_1 < Length_1_ &&
CharAt(CONST_0)_2_ != CharAt(CONST_0)_3_ &&
CONST_0 < Length_1_ &&
CONST_0 < Length_0_ -> true

### PCs: total:22 sat:22 unsat:0

string analysis: SPC # = 0
NPC constraint # = 11
CharAt(CONST_0)_2_ != CharAt(CONST_4)_7_ &&
CONST_4 < Length_1_ &&
CharAt(CONST_0)_2_ != CharAt(CONST_3)_6_ &&
CONST_3 < Length_1_ &&
CharAt(CONST_0)_2_ != CharAt(CONST_2)_5_ &&
CONST_2 < Length_1_ &&
CharAt(CONST_0)_2_ != CharAt(CONST_1)_4_ &&
CONST_1 < Length_1_ &&
CharAt(CONST_0)_2_ != CharAt(CONST_0)_3_ &&
CONST_0 < Length_1_ &&
CONST_0 < Length_0_
$$$$$$$$$$$$$$$$$$$$$$$$$$$$$$$$
Calling Z3str3

current query... 
(declare-const text_1 String)
(declare-const delims_2 String)


(assert (not (= (str.at text_1 0) (str.at delims_2 4))))
(assert (< 4 (str.len delims_2)))
(assert (not (= (str.at text_1 0) (str.at delims_2 3))))
(assert (< 3 (str.len delims_2)))
(assert (not (= (str.at text_1 0) (str.at delims_2 2))))
(assert (< 2 (str.len delims_2)))
(assert (not (= (str.at text_1 0) (str.at delims_2 1))))
(assert (< 1 (str.len delims_2)))
(assert (not (= (str.at text_1 0) (str.at delims_2 0))))
(assert (< 0 (str.len delims_2)))
(assert (< 0 (str.len text_1)))



======================
(define-fun text_1 () String
  "A")
(define-fun delims_2 () String
  "BCDEF")
Returned solutions: 
(define-fun text_1 () String  "A")
(define-fun delims_2 () String  "BCDEF")
*************************************
Satisfiable: true
text_1 => "A"
delims_2 => "BCDEF"
*************************************

numeric PC: constraint # = 12
CONST_5 >= Length_1_ &&
CharAt(CONST_0)_2_ != CharAt(CONST_4)_7_ &&
CONST_4 < Length_1_ &&
CharAt(CONST_0)_2_ != CharAt(CONST_3)_6_ &&
CONST_3 < Length_1_ &&
CharAt(CONST_0)_2_ != CharAt(CONST_2)_5_ &&
CONST_2 < Length_1_ &&
CharAt(CONST_0)_2_ != CharAt(CONST_1)_4_ &&
CONST_1 < Length_1_ &&
CharAt(CONST_0)_2_ != CharAt(CONST_0)_3_ &&
CONST_0 < Length_1_ &&
CONST_0 < Length_0_ -> true

### PCs: total:23 sat:23 unsat:0

string analysis: SPC # = 0
NPC constraint # = 12
CONST_5 >= Length_1_ &&
CharAt(CONST_0)_2_ != CharAt(CONST_4)_7_ &&
CONST_4 < Length_1_ &&
CharAt(CONST_0)_2_ != CharAt(CONST_3)_6_ &&
CONST_3 < Length_1_ &&
CharAt(CONST_0)_2_ != CharAt(CONST_2)_5_ &&
CONST_2 < Length_1_ &&
CharAt(CONST_0)_2_ != CharAt(CONST_1)_4_ &&
CONST_1 < Length_1_ &&
CharAt(CONST_0)_2_ != CharAt(CONST_0)_3_ &&
CONST_0 < Length_1_ &&
CONST_0 < Length_0_
$$$$$$$$$$$$$$$$$$$$$$$$$$$$$$$$
Calling Z3str3

current query... 
(declare-const delims_2 String)
(declare-const text_1 String)


(assert (>= 5 (str.len delims_2)))
(assert (not (= (str.at text_1 0) (str.at delims_2 4))))
(assert (< 4 (str.len delims_2)))
(assert (not (= (str.at text_1 0) (str.at delims_2 3))))
(assert (< 3 (str.len delims_2)))
(assert (not (= (str.at text_1 0) (str.at delims_2 2))))
(assert (< 2 (str.len delims_2)))
(assert (not (= (str.at text_1 0) (str.at delims_2 1))))
(assert (< 1 (str.len delims_2)))
(assert (not (= (str.at text_1 0) (str.at delims_2 0))))
(assert (< 0 (str.len delims_2)))
(assert (< 0 (str.len text_1)))



======================
(define-fun text_1 () String
  "A")
(define-fun delims_2 () String
  "BCDEF")
Returned solutions: 
(define-fun text_1 () String  "A")
(define-fun delims_2 () String  "BCDEF")
*************************************
Satisfiable: true
text_1 => "A"
delims_2 => "BCDEF"
*************************************

numeric PC: constraint # = 12
CONST_5 < Length_1_ &&
CharAt(CONST_0)_2_ != CharAt(CONST_4)_7_ &&
CONST_4 < Length_1_ &&
CharAt(CONST_0)_2_ != CharAt(CONST_3)_6_ &&
CONST_3 < Length_1_ &&
CharAt(CONST_0)_2_ != CharAt(CONST_2)_5_ &&
CONST_2 < Length_1_ &&
CharAt(CONST_0)_2_ != CharAt(CONST_1)_4_ &&
CONST_1 < Length_1_ &&
CharAt(CONST_0)_2_ != CharAt(CONST_0)_3_ &&
CONST_0 < Length_1_ &&
CONST_0 < Length_0_ -> true

### PCs: total:24 sat:24 unsat:0

string analysis: SPC # = 0
NPC constraint # = 12
CONST_5 < Length_1_ &&
CharAt(CONST_0)_2_ != CharAt(CONST_4)_7_ &&
CONST_4 < Length_1_ &&
CharAt(CONST_0)_2_ != CharAt(CONST_3)_6_ &&
CONST_3 < Length_1_ &&
CharAt(CONST_0)_2_ != CharAt(CONST_2)_5_ &&
CONST_2 < Length_1_ &&
CharAt(CONST_0)_2_ != CharAt(CONST_1)_4_ &&
CONST_1 < Length_1_ &&
CharAt(CONST_0)_2_ != CharAt(CONST_0)_3_ &&
CONST_0 < Length_1_ &&
CONST_0 < Length_0_
$$$$$$$$$$$$$$$$$$$$$$$$$$$$$$$$
Calling Z3str3

current query... 
(declare-const delims_2 String)
(declare-const text_1 String)


(assert (< 5 (str.len delims_2)))
(assert (not (= (str.at text_1 0) (str.at delims_2 4))))
(assert (< 4 (str.len delims_2)))
(assert (not (= (str.at text_1 0) (str.at delims_2 3))))
(assert (< 3 (str.len delims_2)))
(assert (not (= (str.at text_1 0) (str.at delims_2 2))))
(assert (< 2 (str.len delims_2)))
(assert (not (= (str.at text_1 0) (str.at delims_2 1))))
(assert (< 1 (str.len delims_2)))
(assert (not (= (str.at text_1 0) (str.at delims_2 0))))
(assert (< 0 (str.len delims_2)))
(assert (< 0 (str.len text_1)))



======================
(define-fun text_1 () String
  "A")
(define-fun delims_2 () String
  "BCDEFG")
Returned solutions: 
(define-fun text_1 () String  "A")
(define-fun delims_2 () String  "BCDEFG")
*************************************
Satisfiable: true
text_1 => "A"
delims_2 => "BCDEFG"
*************************************

New sym int CharAt(CONST_5)_8_ min=0, max=65535
numeric PC: constraint # = 13
CharAt(CONST_0)_2_ == CharAt(CONST_5)_8_ &&
CONST_5 < Length_1_ &&
CharAt(CONST_0)_2_ != CharAt(CONST_4)_7_ &&
CONST_4 < Length_1_ &&
CharAt(CONST_0)_2_ != CharAt(CONST_3)_6_ &&
CONST_3 < Length_1_ &&
CharAt(CONST_0)_2_ != CharAt(CONST_2)_5_ &&
CONST_2 < Length_1_ &&
CharAt(CONST_0)_2_ != CharAt(CONST_1)_4_ &&
CONST_1 < Length_1_ &&
CharAt(CONST_0)_2_ != CharAt(CONST_0)_3_ &&
CONST_0 < Length_1_ &&
CONST_0 < Length_0_ -> true

### PCs: total:25 sat:25 unsat:0

string analysis: SPC # = 0
NPC constraint # = 13
CharAt(CONST_0)_2_ == CharAt(CONST_5)_8_ &&
CONST_5 < Length_1_ &&
CharAt(CONST_0)_2_ != CharAt(CONST_4)_7_ &&
CONST_4 < Length_1_ &&
CharAt(CONST_0)_2_ != CharAt(CONST_3)_6_ &&
CONST_3 < Length_1_ &&
CharAt(CONST_0)_2_ != CharAt(CONST_2)_5_ &&
CONST_2 < Length_1_ &&
CharAt(CONST_0)_2_ != CharAt(CONST_1)_4_ &&
CONST_1 < Length_1_ &&
CharAt(CONST_0)_2_ != CharAt(CONST_0)_3_ &&
CONST_0 < Length_1_ &&
CONST_0 < Length_0_
$$$$$$$$$$$$$$$$$$$$$$$$$$$$$$$$
Calling Z3str3

current query... 
(declare-const text_1 String)
(declare-const delims_2 String)


(assert (= (str.at text_1 0) (str.at delims_2 5)))
(assert (< 5 (str.len delims_2)))
(assert (not (= (str.at text_1 0) (str.at delims_2 4))))
(assert (< 4 (str.len delims_2)))
(assert (not (= (str.at text_1 0) (str.at delims_2 3))))
(assert (< 3 (str.len delims_2)))
(assert (not (= (str.at text_1 0) (str.at delims_2 2))))
(assert (< 2 (str.len delims_2)))
(assert (not (= (str.at text_1 0) (str.at delims_2 1))))
(assert (< 1 (str.len delims_2)))
(assert (not (= (str.at text_1 0) (str.at delims_2 0))))
(assert (< 0 (str.len delims_2)))
(assert (< 0 (str.len text_1)))



======================
(define-fun text_1 () String
  "A")
(define-fun delims_2 () String
  "BCDEFA")
Returned solutions: 
(define-fun text_1 () String  "A")
(define-fun delims_2 () String  "BCDEFA")
*************************************
Satisfiable: true
text_1 => "A"
delims_2 => "BCDEFA"
*************************************

numeric PC: constraint # = 13
CharAt(CONST_0)_2_ != CharAt(CONST_5)_8_ &&
CONST_5 < Length_1_ &&
CharAt(CONST_0)_2_ != CharAt(CONST_4)_7_ &&
CONST_4 < Length_1_ &&
CharAt(CONST_0)_2_ != CharAt(CONST_3)_6_ &&
CONST_3 < Length_1_ &&
CharAt(CONST_0)_2_ != CharAt(CONST_2)_5_ &&
CONST_2 < Length_1_ &&
CharAt(CONST_0)_2_ != CharAt(CONST_1)_4_ &&
CONST_1 < Length_1_ &&
CharAt(CONST_0)_2_ != CharAt(CONST_0)_3_ &&
CONST_0 < Length_1_ &&
CONST_0 < Length_0_ -> true

### PCs: total:26 sat:26 unsat:0

string analysis: SPC # = 0
NPC constraint # = 13
CharAt(CONST_0)_2_ != CharAt(CONST_5)_8_ &&
CONST_5 < Length_1_ &&
CharAt(CONST_0)_2_ != CharAt(CONST_4)_7_ &&
CONST_4 < Length_1_ &&
CharAt(CONST_0)_2_ != CharAt(CONST_3)_6_ &&
CONST_3 < Length_1_ &&
CharAt(CONST_0)_2_ != CharAt(CONST_2)_5_ &&
CONST_2 < Length_1_ &&
CharAt(CONST_0)_2_ != CharAt(CONST_1)_4_ &&
CONST_1 < Length_1_ &&
CharAt(CONST_0)_2_ != CharAt(CONST_0)_3_ &&
CONST_0 < Length_1_ &&
CONST_0 < Length_0_
$$$$$$$$$$$$$$$$$$$$$$$$$$$$$$$$
Calling Z3str3

current query... 
(declare-const text_1 String)
(declare-const delims_2 String)


(assert (not (= (str.at text_1 0) (str.at delims_2 5))))
(assert (< 5 (str.len delims_2)))
(assert (not (= (str.at text_1 0) (str.at delims_2 4))))
(assert (< 4 (str.len delims_2)))
(assert (not (= (str.at text_1 0) (str.at delims_2 3))))
(assert (< 3 (str.len delims_2)))
(assert (not (= (str.at text_1 0) (str.at delims_2 2))))
(assert (< 2 (str.len delims_2)))
(assert (not (= (str.at text_1 0) (str.at delims_2 1))))
(assert (< 1 (str.len delims_2)))
(assert (not (= (str.at text_1 0) (str.at delims_2 0))))
(assert (< 0 (str.len delims_2)))
(assert (< 0 (str.len text_1)))



======================
(define-fun text_1 () String
  "A")
(define-fun delims_2 () String
  "BCDEFG")
Returned solutions: 
(define-fun text_1 () String  "A")
(define-fun delims_2 () String  "BCDEFG")
*************************************
Satisfiable: true
text_1 => "A"
delims_2 => "BCDEFG"
*************************************

numeric PC: constraint # = 14
CONST_6 >= Length_1_ &&
CharAt(CONST_0)_2_ != CharAt(CONST_5)_8_ &&
CONST_5 < Length_1_ &&
CharAt(CONST_0)_2_ != CharAt(CONST_4)_7_ &&
CONST_4 < Length_1_ &&
CharAt(CONST_0)_2_ != CharAt(CONST_3)_6_ &&
CONST_3 < Length_1_ &&
CharAt(CONST_0)_2_ != CharAt(CONST_2)_5_ &&
CONST_2 < Length_1_ &&
CharAt(CONST_0)_2_ != CharAt(CONST_1)_4_ &&
CONST_1 < Length_1_ &&
CharAt(CONST_0)_2_ != CharAt(CONST_0)_3_ &&
CONST_0 < Length_1_ &&
CONST_0 < Length_0_ -> true

### PCs: total:27 sat:27 unsat:0

string analysis: SPC # = 0
NPC constraint # = 14
CONST_6 >= Length_1_ &&
CharAt(CONST_0)_2_ != CharAt(CONST_5)_8_ &&
CONST_5 < Length_1_ &&
CharAt(CONST_0)_2_ != CharAt(CONST_4)_7_ &&
CONST_4 < Length_1_ &&
CharAt(CONST_0)_2_ != CharAt(CONST_3)_6_ &&
CONST_3 < Length_1_ &&
CharAt(CONST_0)_2_ != CharAt(CONST_2)_5_ &&
CONST_2 < Length_1_ &&
CharAt(CONST_0)_2_ != CharAt(CONST_1)_4_ &&
CONST_1 < Length_1_ &&
CharAt(CONST_0)_2_ != CharAt(CONST_0)_3_ &&
CONST_0 < Length_1_ &&
CONST_0 < Length_0_
$$$$$$$$$$$$$$$$$$$$$$$$$$$$$$$$
Calling Z3str3

current query... 
(declare-const delims_2 String)
(declare-const text_1 String)


(assert (>= 6 (str.len delims_2)))
(assert (not (= (str.at text_1 0) (str.at delims_2 5))))
(assert (< 5 (str.len delims_2)))
(assert (not (= (str.at text_1 0) (str.at delims_2 4))))
(assert (< 4 (str.len delims_2)))
(assert (not (= (str.at text_1 0) (str.at delims_2 3))))
(assert (< 3 (str.len delims_2)))
(assert (not (= (str.at text_1 0) (str.at delims_2 2))))
(assert (< 2 (str.len delims_2)))
(assert (not (= (str.at text_1 0) (str.at delims_2 1))))
(assert (< 1 (str.len delims_2)))
(assert (not (= (str.at text_1 0) (str.at delims_2 0))))
(assert (< 0 (str.len delims_2)))
(assert (< 0 (str.len text_1)))



======================
(define-fun text_1 () String
  "A")
(define-fun delims_2 () String
  "BCDEFG")
Returned solutions: 
(define-fun text_1 () String  "A")
(define-fun delims_2 () String  "BCDEFG")
*************************************
Satisfiable: true
text_1 => "A"
delims_2 => "BCDEFG"
*************************************

numeric PC: constraint # = 14
CONST_6 < Length_1_ &&
CharAt(CONST_0)_2_ != CharAt(CONST_5)_8_ &&
CONST_5 < Length_1_ &&
CharAt(CONST_0)_2_ != CharAt(CONST_4)_7_ &&
CONST_4 < Length_1_ &&
CharAt(CONST_0)_2_ != CharAt(CONST_3)_6_ &&
CONST_3 < Length_1_ &&
CharAt(CONST_0)_2_ != CharAt(CONST_2)_5_ &&
CONST_2 < Length_1_ &&
CharAt(CONST_0)_2_ != CharAt(CONST_1)_4_ &&
CONST_1 < Length_1_ &&
CharAt(CONST_0)_2_ != CharAt(CONST_0)_3_ &&
CONST_0 < Length_1_ &&
CONST_0 < Length_0_ -> true

### PCs: total:28 sat:28 unsat:0

string analysis: SPC # = 0
NPC constraint # = 14
CONST_6 < Length_1_ &&
CharAt(CONST_0)_2_ != CharAt(CONST_5)_8_ &&
CONST_5 < Length_1_ &&
CharAt(CONST_0)_2_ != CharAt(CONST_4)_7_ &&
CONST_4 < Length_1_ &&
CharAt(CONST_0)_2_ != CharAt(CONST_3)_6_ &&
CONST_3 < Length_1_ &&
CharAt(CONST_0)_2_ != CharAt(CONST_2)_5_ &&
CONST_2 < Length_1_ &&
CharAt(CONST_0)_2_ != CharAt(CONST_1)_4_ &&
CONST_1 < Length_1_ &&
CharAt(CONST_0)_2_ != CharAt(CONST_0)_3_ &&
CONST_0 < Length_1_ &&
CONST_0 < Length_0_
$$$$$$$$$$$$$$$$$$$$$$$$$$$$$$$$
Calling Z3str3

current query... 
(declare-const delims_2 String)
(declare-const text_1 String)


(assert (< 6 (str.len delims_2)))
(assert (not (= (str.at text_1 0) (str.at delims_2 5))))
(assert (< 5 (str.len delims_2)))
(assert (not (= (str.at text_1 0) (str.at delims_2 4))))
(assert (< 4 (str.len delims_2)))
(assert (not (= (str.at text_1 0) (str.at delims_2 3))))
(assert (< 3 (str.len delims_2)))
(assert (not (= (str.at text_1 0) (str.at delims_2 2))))
(assert (< 2 (str.len delims_2)))
(assert (not (= (str.at text_1 0) (str.at delims_2 1))))
(assert (< 1 (str.len delims_2)))
(assert (not (= (str.at text_1 0) (str.at delims_2 0))))
(assert (< 0 (str.len delims_2)))
(assert (< 0 (str.len text_1)))



======================
(define-fun text_1 () String
  "A")
(define-fun delims_2 () String
  "BCDEFGH")
Returned solutions: 
(define-fun text_1 () String  "A")
(define-fun delims_2 () String  "BCDEFGH")
*************************************
Satisfiable: true
text_1 => "A"
delims_2 => "BCDEFGH"
*************************************

New sym int CharAt(CONST_6)_9_ min=0, max=65535
numeric PC: constraint # = 15
CharAt(CONST_0)_2_ == CharAt(CONST_6)_9_ &&
CONST_6 < Length_1_ &&
CharAt(CONST_0)_2_ != CharAt(CONST_5)_8_ &&
CONST_5 < Length_1_ &&
CharAt(CONST_0)_2_ != CharAt(CONST_4)_7_ &&
CONST_4 < Length_1_ &&
CharAt(CONST_0)_2_ != CharAt(CONST_3)_6_ &&
CONST_3 < Length_1_ &&
CharAt(CONST_0)_2_ != CharAt(CONST_2)_5_ &&
CONST_2 < Length_1_ &&
CharAt(CONST_0)_2_ != CharAt(CONST_1)_4_ &&
CONST_1 < Length_1_ &&
CharAt(CONST_0)_2_ != CharAt(CONST_0)_3_ &&
CONST_0 < Length_1_ &&
CONST_0 < Length_0_ -> true

### PCs: total:29 sat:29 unsat:0

string analysis: SPC # = 0
NPC constraint # = 15
CharAt(CONST_0)_2_ == CharAt(CONST_6)_9_ &&
CONST_6 < Length_1_ &&
CharAt(CONST_0)_2_ != CharAt(CONST_5)_8_ &&
CONST_5 < Length_1_ &&
CharAt(CONST_0)_2_ != CharAt(CONST_4)_7_ &&
CONST_4 < Length_1_ &&
CharAt(CONST_0)_2_ != CharAt(CONST_3)_6_ &&
CONST_3 < Length_1_ &&
CharAt(CONST_0)_2_ != CharAt(CONST_2)_5_ &&
CONST_2 < Length_1_ &&
CharAt(CONST_0)_2_ != CharAt(CONST_1)_4_ &&
CONST_1 < Length_1_ &&
CharAt(CONST_0)_2_ != CharAt(CONST_0)_3_ &&
CONST_0 < Length_1_ &&
CONST_0 < Length_0_
$$$$$$$$$$$$$$$$$$$$$$$$$$$$$$$$
Calling Z3str3

current query... 
(declare-const text_1 String)
(declare-const delims_2 String)


(assert (= (str.at text_1 0) (str.at delims_2 6)))
(assert (< 6 (str.len delims_2)))
(assert (not (= (str.at text_1 0) (str.at delims_2 5))))
(assert (< 5 (str.len delims_2)))
(assert (not (= (str.at text_1 0) (str.at delims_2 4))))
(assert (< 4 (str.len delims_2)))
(assert (not (= (str.at text_1 0) (str.at delims_2 3))))
(assert (< 3 (str.len delims_2)))
(assert (not (= (str.at text_1 0) (str.at delims_2 2))))
(assert (< 2 (str.len delims_2)))
(assert (not (= (str.at text_1 0) (str.at delims_2 1))))
(assert (< 1 (str.len delims_2)))
(assert (not (= (str.at text_1 0) (str.at delims_2 0))))
(assert (< 0 (str.len delims_2)))
(assert (< 0 (str.len text_1)))



======================
(define-fun text_1 () String
  "A")
(define-fun delims_2 () String
  "BCDEFGA")
Returned solutions: 
(define-fun text_1 () String  "A")
(define-fun delims_2 () String  "BCDEFGA")
*************************************
Satisfiable: true
text_1 => "A"
delims_2 => "BCDEFGA"
*************************************

numeric PC: constraint # = 15
CharAt(CONST_0)_2_ != CharAt(CONST_6)_9_ &&
CONST_6 < Length_1_ &&
CharAt(CONST_0)_2_ != CharAt(CONST_5)_8_ &&
CONST_5 < Length_1_ &&
CharAt(CONST_0)_2_ != CharAt(CONST_4)_7_ &&
CONST_4 < Length_1_ &&
CharAt(CONST_0)_2_ != CharAt(CONST_3)_6_ &&
CONST_3 < Length_1_ &&
CharAt(CONST_0)_2_ != CharAt(CONST_2)_5_ &&
CONST_2 < Length_1_ &&
CharAt(CONST_0)_2_ != CharAt(CONST_1)_4_ &&
CONST_1 < Length_1_ &&
CharAt(CONST_0)_2_ != CharAt(CONST_0)_3_ &&
CONST_0 < Length_1_ &&
CONST_0 < Length_0_ -> true

### PCs: total:30 sat:30 unsat:0

string analysis: SPC # = 0
NPC constraint # = 15
CharAt(CONST_0)_2_ != CharAt(CONST_6)_9_ &&
CONST_6 < Length_1_ &&
CharAt(CONST_0)_2_ != CharAt(CONST_5)_8_ &&
CONST_5 < Length_1_ &&
CharAt(CONST_0)_2_ != CharAt(CONST_4)_7_ &&
CONST_4 < Length_1_ &&
CharAt(CONST_0)_2_ != CharAt(CONST_3)_6_ &&
CONST_3 < Length_1_ &&
CharAt(CONST_0)_2_ != CharAt(CONST_2)_5_ &&
CONST_2 < Length_1_ &&
CharAt(CONST_0)_2_ != CharAt(CONST_1)_4_ &&
CONST_1 < Length_1_ &&
CharAt(CONST_0)_2_ != CharAt(CONST_0)_3_ &&
CONST_0 < Length_1_ &&
CONST_0 < Length_0_
$$$$$$$$$$$$$$$$$$$$$$$$$$$$$$$$
Calling Z3str3

current query... 
(declare-const text_1 String)
(declare-const delims_2 String)


(assert (not (= (str.at text_1 0) (str.at delims_2 6))))
(assert (< 6 (str.len delims_2)))
(assert (not (= (str.at text_1 0) (str.at delims_2 5))))
(assert (< 5 (str.len delims_2)))
(assert (not (= (str.at text_1 0) (str.at delims_2 4))))
(assert (< 4 (str.len delims_2)))
(assert (not (= (str.at text_1 0) (str.at delims_2 3))))
(assert (< 3 (str.len delims_2)))
(assert (not (= (str.at text_1 0) (str.at delims_2 2))))
(assert (< 2 (str.len delims_2)))
(assert (not (= (str.at text_1 0) (str.at delims_2 1))))
(assert (< 1 (str.len delims_2)))
(assert (not (= (str.at text_1 0) (str.at delims_2 0))))
(assert (< 0 (str.len delims_2)))
(assert (< 0 (str.len text_1)))



======================
(define-fun text_1 () String
  "A")
(define-fun delims_2 () String
  "BCDEFGH")
Returned solutions: 
(define-fun text_1 () String  "A")
(define-fun delims_2 () String  "BCDEFGH")
*************************************
Satisfiable: true
text_1 => "A"
delims_2 => "BCDEFGH"
*************************************

numeric PC: constraint # = 16
CONST_7 >= Length_1_ &&
CharAt(CONST_0)_2_ != CharAt(CONST_6)_9_ &&
CONST_6 < Length_1_ &&
CharAt(CONST_0)_2_ != CharAt(CONST_5)_8_ &&
CONST_5 < Length_1_ &&
CharAt(CONST_0)_2_ != CharAt(CONST_4)_7_ &&
CONST_4 < Length_1_ &&
CharAt(CONST_0)_2_ != CharAt(CONST_3)_6_ &&
CONST_3 < Length_1_ &&
CharAt(CONST_0)_2_ != CharAt(CONST_2)_5_ &&
CONST_2 < Length_1_ &&
CharAt(CONST_0)_2_ != CharAt(CONST_1)_4_ &&
CONST_1 < Length_1_ &&
CharAt(CONST_0)_2_ != CharAt(CONST_0)_3_ &&
CONST_0 < Length_1_ &&
CONST_0 < Length_0_ -> true

### PCs: total:31 sat:31 unsat:0

string analysis: SPC # = 0
NPC constraint # = 16
CONST_7 >= Length_1_ &&
CharAt(CONST_0)_2_ != CharAt(CONST_6)_9_ &&
CONST_6 < Length_1_ &&
CharAt(CONST_0)_2_ != CharAt(CONST_5)_8_ &&
CONST_5 < Length_1_ &&
CharAt(CONST_0)_2_ != CharAt(CONST_4)_7_ &&
CONST_4 < Length_1_ &&
CharAt(CONST_0)_2_ != CharAt(CONST_3)_6_ &&
CONST_3 < Length_1_ &&
CharAt(CONST_0)_2_ != CharAt(CONST_2)_5_ &&
CONST_2 < Length_1_ &&
CharAt(CONST_0)_2_ != CharAt(CONST_1)_4_ &&
CONST_1 < Length_1_ &&
CharAt(CONST_0)_2_ != CharAt(CONST_0)_3_ &&
CONST_0 < Length_1_ &&
CONST_0 < Length_0_
$$$$$$$$$$$$$$$$$$$$$$$$$$$$$$$$
Calling Z3str3

current query... 
(declare-const delims_2 String)
(declare-const text_1 String)


(assert (>= 7 (str.len delims_2)))
(assert (not (= (str.at text_1 0) (str.at delims_2 6))))
(assert (< 6 (str.len delims_2)))
(assert (not (= (str.at text_1 0) (str.at delims_2 5))))
(assert (< 5 (str.len delims_2)))
(assert (not (= (str.at text_1 0) (str.at delims_2 4))))
(assert (< 4 (str.len delims_2)))
(assert (not (= (str.at text_1 0) (str.at delims_2 3))))
(assert (< 3 (str.len delims_2)))
(assert (not (= (str.at text_1 0) (str.at delims_2 2))))
(assert (< 2 (str.len delims_2)))
(assert (not (= (str.at text_1 0) (str.at delims_2 1))))
(assert (< 1 (str.len delims_2)))
(assert (not (= (str.at text_1 0) (str.at delims_2 0))))
(assert (< 0 (str.len delims_2)))
(assert (< 0 (str.len text_1)))



======================
(define-fun text_1 () String
  "A")
(define-fun delims_2 () String
  "BCDEFGH")
Returned solutions: 
(define-fun text_1 () String  "A")
(define-fun delims_2 () String  "BCDEFGH")
*************************************
Satisfiable: true
text_1 => "A"
delims_2 => "BCDEFGH"
*************************************

numeric PC: constraint # = 16
CONST_7 < Length_1_ &&
CharAt(CONST_0)_2_ != CharAt(CONST_6)_9_ &&
CONST_6 < Length_1_ &&
CharAt(CONST_0)_2_ != CharAt(CONST_5)_8_ &&
CONST_5 < Length_1_ &&
CharAt(CONST_0)_2_ != CharAt(CONST_4)_7_ &&
CONST_4 < Length_1_ &&
CharAt(CONST_0)_2_ != CharAt(CONST_3)_6_ &&
CONST_3 < Length_1_ &&
CharAt(CONST_0)_2_ != CharAt(CONST_2)_5_ &&
CONST_2 < Length_1_ &&
CharAt(CONST_0)_2_ != CharAt(CONST_1)_4_ &&
CONST_1 < Length_1_ &&
CharAt(CONST_0)_2_ != CharAt(CONST_0)_3_ &&
CONST_0 < Length_1_ &&
CONST_0 < Length_0_ -> true

### PCs: total:32 sat:32 unsat:0

string analysis: SPC # = 0
NPC constraint # = 16
CONST_7 < Length_1_ &&
CharAt(CONST_0)_2_ != CharAt(CONST_6)_9_ &&
CONST_6 < Length_1_ &&
CharAt(CONST_0)_2_ != CharAt(CONST_5)_8_ &&
CONST_5 < Length_1_ &&
CharAt(CONST_0)_2_ != CharAt(CONST_4)_7_ &&
CONST_4 < Length_1_ &&
CharAt(CONST_0)_2_ != CharAt(CONST_3)_6_ &&
CONST_3 < Length_1_ &&
CharAt(CONST_0)_2_ != CharAt(CONST_2)_5_ &&
CONST_2 < Length_1_ &&
CharAt(CONST_0)_2_ != CharAt(CONST_1)_4_ &&
CONST_1 < Length_1_ &&
CharAt(CONST_0)_2_ != CharAt(CONST_0)_3_ &&
CONST_0 < Length_1_ &&
CONST_0 < Length_0_
$$$$$$$$$$$$$$$$$$$$$$$$$$$$$$$$
Calling Z3str3

current query... 
(declare-const delims_2 String)
(declare-const text_1 String)


(assert (< 7 (str.len delims_2)))
(assert (not (= (str.at text_1 0) (str.at delims_2 6))))
(assert (< 6 (str.len delims_2)))
(assert (not (= (str.at text_1 0) (str.at delims_2 5))))
(assert (< 5 (str.len delims_2)))
(assert (not (= (str.at text_1 0) (str.at delims_2 4))))
(assert (< 4 (str.len delims_2)))
(assert (not (= (str.at text_1 0) (str.at delims_2 3))))
(assert (< 3 (str.len delims_2)))
(assert (not (= (str.at text_1 0) (str.at delims_2 2))))
(assert (< 2 (str.len delims_2)))
(assert (not (= (str.at text_1 0) (str.at delims_2 1))))
(assert (< 1 (str.len delims_2)))
(assert (not (= (str.at text_1 0) (str.at delims_2 0))))
(assert (< 0 (str.len delims_2)))
(assert (< 0 (str.len text_1)))



======================
(define-fun text_1 () String
  "A")
(define-fun delims_2 () String
  "BCDEFGHI")
Returned solutions: 
(define-fun text_1 () String  "A")
(define-fun delims_2 () String  "BCDEFGHI")
*************************************
Satisfiable: true
text_1 => "A"
delims_2 => "BCDEFGHI"
*************************************

New sym int CharAt(CONST_7)_10_ min=0, max=65535
numeric PC: constraint # = 17
CharAt(CONST_0)_2_ == CharAt(CONST_7)_10_ &&
CONST_7 < Length_1_ &&
CharAt(CONST_0)_2_ != CharAt(CONST_6)_9_ &&
CONST_6 < Length_1_ &&
CharAt(CONST_0)_2_ != CharAt(CONST_5)_8_ &&
CONST_5 < Length_1_ &&
CharAt(CONST_0)_2_ != CharAt(CONST_4)_7_ &&
CONST_4 < Length_1_ &&
CharAt(CONST_0)_2_ != CharAt(CONST_3)_6_ &&
CONST_3 < Length_1_ &&
CharAt(CONST_0)_2_ != CharAt(CONST_2)_5_ &&
CONST_2 < Length_1_ &&
CharAt(CONST_0)_2_ != CharAt(CONST_1)_4_ &&
CONST_1 < Length_1_ &&
CharAt(CONST_0)_2_ != CharAt(CONST_0)_3_ &&
CONST_0 < Length_1_ &&
CONST_0 < Length_0_ -> true

### PCs: total:33 sat:33 unsat:0

string analysis: SPC # = 0
NPC constraint # = 17
CharAt(CONST_0)_2_ == CharAt(CONST_7)_10_ &&
CONST_7 < Length_1_ &&
CharAt(CONST_0)_2_ != CharAt(CONST_6)_9_ &&
CONST_6 < Length_1_ &&
CharAt(CONST_0)_2_ != CharAt(CONST_5)_8_ &&
CONST_5 < Length_1_ &&
CharAt(CONST_0)_2_ != CharAt(CONST_4)_7_ &&
CONST_4 < Length_1_ &&
CharAt(CONST_0)_2_ != CharAt(CONST_3)_6_ &&
CONST_3 < Length_1_ &&
CharAt(CONST_0)_2_ != CharAt(CONST_2)_5_ &&
CONST_2 < Length_1_ &&
CharAt(CONST_0)_2_ != CharAt(CONST_1)_4_ &&
CONST_1 < Length_1_ &&
CharAt(CONST_0)_2_ != CharAt(CONST_0)_3_ &&
CONST_0 < Length_1_ &&
CONST_0 < Length_0_
$$$$$$$$$$$$$$$$$$$$$$$$$$$$$$$$
Calling Z3str3

current query... 
(declare-const text_1 String)
(declare-const delims_2 String)


(assert (= (str.at text_1 0) (str.at delims_2 7)))
(assert (< 7 (str.len delims_2)))
(assert (not (= (str.at text_1 0) (str.at delims_2 6))))
(assert (< 6 (str.len delims_2)))
(assert (not (= (str.at text_1 0) (str.at delims_2 5))))
(assert (< 5 (str.len delims_2)))
(assert (not (= (str.at text_1 0) (str.at delims_2 4))))
(assert (< 4 (str.len delims_2)))
(assert (not (= (str.at text_1 0) (str.at delims_2 3))))
(assert (< 3 (str.len delims_2)))
(assert (not (= (str.at text_1 0) (str.at delims_2 2))))
(assert (< 2 (str.len delims_2)))
(assert (not (= (str.at text_1 0) (str.at delims_2 1))))
(assert (< 1 (str.len delims_2)))
(assert (not (= (str.at text_1 0) (str.at delims_2 0))))
(assert (< 0 (str.len delims_2)))
(assert (< 0 (str.len text_1)))



======================
(define-fun text_1 () String
  "A")
(define-fun delims_2 () String
  "BCDEFGHA")
Returned solutions: 
(define-fun text_1 () String  "A")
(define-fun delims_2 () String  "BCDEFGHA")
*************************************
Satisfiable: true
text_1 => "A"
delims_2 => "BCDEFGHA"
*************************************

numeric PC: constraint # = 17
CharAt(CONST_0)_2_ != CharAt(CONST_7)_10_ &&
CONST_7 < Length_1_ &&
CharAt(CONST_0)_2_ != CharAt(CONST_6)_9_ &&
CONST_6 < Length_1_ &&
CharAt(CONST_0)_2_ != CharAt(CONST_5)_8_ &&
CONST_5 < Length_1_ &&
CharAt(CONST_0)_2_ != CharAt(CONST_4)_7_ &&
CONST_4 < Length_1_ &&
CharAt(CONST_0)_2_ != CharAt(CONST_3)_6_ &&
CONST_3 < Length_1_ &&
CharAt(CONST_0)_2_ != CharAt(CONST_2)_5_ &&
CONST_2 < Length_1_ &&
CharAt(CONST_0)_2_ != CharAt(CONST_1)_4_ &&
CONST_1 < Length_1_ &&
CharAt(CONST_0)_2_ != CharAt(CONST_0)_3_ &&
CONST_0 < Length_1_ &&
CONST_0 < Length_0_ -> true

### PCs: total:34 sat:34 unsat:0

string analysis: SPC # = 0
NPC constraint # = 17
CharAt(CONST_0)_2_ != CharAt(CONST_7)_10_ &&
CONST_7 < Length_1_ &&
CharAt(CONST_0)_2_ != CharAt(CONST_6)_9_ &&
CONST_6 < Length_1_ &&
CharAt(CONST_0)_2_ != CharAt(CONST_5)_8_ &&
CONST_5 < Length_1_ &&
CharAt(CONST_0)_2_ != CharAt(CONST_4)_7_ &&
CONST_4 < Length_1_ &&
CharAt(CONST_0)_2_ != CharAt(CONST_3)_6_ &&
CONST_3 < Length_1_ &&
CharAt(CONST_0)_2_ != CharAt(CONST_2)_5_ &&
CONST_2 < Length_1_ &&
CharAt(CONST_0)_2_ != CharAt(CONST_1)_4_ &&
CONST_1 < Length_1_ &&
CharAt(CONST_0)_2_ != CharAt(CONST_0)_3_ &&
CONST_0 < Length_1_ &&
CONST_0 < Length_0_
$$$$$$$$$$$$$$$$$$$$$$$$$$$$$$$$
Calling Z3str3

current query... 
(declare-const text_1 String)
(declare-const delims_2 String)


(assert (not (= (str.at text_1 0) (str.at delims_2 7))))
(assert (< 7 (str.len delims_2)))
(assert (not (= (str.at text_1 0) (str.at delims_2 6))))
(assert (< 6 (str.len delims_2)))
(assert (not (= (str.at text_1 0) (str.at delims_2 5))))
(assert (< 5 (str.len delims_2)))
(assert (not (= (str.at text_1 0) (str.at delims_2 4))))
(assert (< 4 (str.len delims_2)))
(assert (not (= (str.at text_1 0) (str.at delims_2 3))))
(assert (< 3 (str.len delims_2)))
(assert (not (= (str.at text_1 0) (str.at delims_2 2))))
(assert (< 2 (str.len delims_2)))
(assert (not (= (str.at text_1 0) (str.at delims_2 1))))
(assert (< 1 (str.len delims_2)))
(assert (not (= (str.at text_1 0) (str.at delims_2 0))))
(assert (< 0 (str.len delims_2)))
(assert (< 0 (str.len text_1)))



======================
(define-fun text_1 () String
  "A")
(define-fun delims_2 () String
  "BCDEFGHI")
Returned solutions: 
(define-fun text_1 () String  "A")
(define-fun delims_2 () String  "BCDEFGHI")
*************************************
Satisfiable: true
text_1 => "A"
delims_2 => "BCDEFGHI"
*************************************

numeric PC: constraint # = 18
CONST_8 >= Length_1_ &&
CharAt(CONST_0)_2_ != CharAt(CONST_7)_10_ &&
CONST_7 < Length_1_ &&
CharAt(CONST_0)_2_ != CharAt(CONST_6)_9_ &&
CONST_6 < Length_1_ &&
CharAt(CONST_0)_2_ != CharAt(CONST_5)_8_ &&
CONST_5 < Length_1_ &&
CharAt(CONST_0)_2_ != CharAt(CONST_4)_7_ &&
CONST_4 < Length_1_ &&
CharAt(CONST_0)_2_ != CharAt(CONST_3)_6_ &&
CONST_3 < Length_1_ &&
CharAt(CONST_0)_2_ != CharAt(CONST_2)_5_ &&
CONST_2 < Length_1_ &&
CharAt(CONST_0)_2_ != CharAt(CONST_1)_4_ &&
CONST_1 < Length_1_ &&
CharAt(CONST_0)_2_ != CharAt(CONST_0)_3_ &&
CONST_0 < Length_1_ &&
CONST_0 < Length_0_ -> true

### PCs: total:35 sat:35 unsat:0

string analysis: SPC # = 0
NPC constraint # = 18
CONST_8 >= Length_1_ &&
CharAt(CONST_0)_2_ != CharAt(CONST_7)_10_ &&
CONST_7 < Length_1_ &&
CharAt(CONST_0)_2_ != CharAt(CONST_6)_9_ &&
CONST_6 < Length_1_ &&
CharAt(CONST_0)_2_ != CharAt(CONST_5)_8_ &&
CONST_5 < Length_1_ &&
CharAt(CONST_0)_2_ != CharAt(CONST_4)_7_ &&
CONST_4 < Length_1_ &&
CharAt(CONST_0)_2_ != CharAt(CONST_3)_6_ &&
CONST_3 < Length_1_ &&
CharAt(CONST_0)_2_ != CharAt(CONST_2)_5_ &&
CONST_2 < Length_1_ &&
CharAt(CONST_0)_2_ != CharAt(CONST_1)_4_ &&
CONST_1 < Length_1_ &&
CharAt(CONST_0)_2_ != CharAt(CONST_0)_3_ &&
CONST_0 < Length_1_ &&
CONST_0 < Length_0_
$$$$$$$$$$$$$$$$$$$$$$$$$$$$$$$$
Calling Z3str3

current query... 
(declare-const delims_2 String)
(declare-const text_1 String)


(assert (>= 8 (str.len delims_2)))
(assert (not (= (str.at text_1 0) (str.at delims_2 7))))
(assert (< 7 (str.len delims_2)))
(assert (not (= (str.at text_1 0) (str.at delims_2 6))))
(assert (< 6 (str.len delims_2)))
(assert (not (= (str.at text_1 0) (str.at delims_2 5))))
(assert (< 5 (str.len delims_2)))
(assert (not (= (str.at text_1 0) (str.at delims_2 4))))
(assert (< 4 (str.len delims_2)))
(assert (not (= (str.at text_1 0) (str.at delims_2 3))))
(assert (< 3 (str.len delims_2)))
(assert (not (= (str.at text_1 0) (str.at delims_2 2))))
(assert (< 2 (str.len delims_2)))
(assert (not (= (str.at text_1 0) (str.at delims_2 1))))
(assert (< 1 (str.len delims_2)))
(assert (not (= (str.at text_1 0) (str.at delims_2 0))))
(assert (< 0 (str.len delims_2)))
(assert (< 0 (str.len text_1)))



======================
(define-fun text_1 () String
  "A")
(define-fun delims_2 () String
  "BCDEFGHI")
Returned solutions: 
(define-fun text_1 () String  "A")
(define-fun delims_2 () String  "BCDEFGHI")
*************************************
Satisfiable: true
text_1 => "A"
delims_2 => "BCDEFGHI"
*************************************

numeric PC: constraint # = 18
CONST_8 < Length_1_ &&
CharAt(CONST_0)_2_ != CharAt(CONST_7)_10_ &&
CONST_7 < Length_1_ &&
CharAt(CONST_0)_2_ != CharAt(CONST_6)_9_ &&
CONST_6 < Length_1_ &&
CharAt(CONST_0)_2_ != CharAt(CONST_5)_8_ &&
CONST_5 < Length_1_ &&
CharAt(CONST_0)_2_ != CharAt(CONST_4)_7_ &&
CONST_4 < Length_1_ &&
CharAt(CONST_0)_2_ != CharAt(CONST_3)_6_ &&
CONST_3 < Length_1_ &&
CharAt(CONST_0)_2_ != CharAt(CONST_2)_5_ &&
CONST_2 < Length_1_ &&
CharAt(CONST_0)_2_ != CharAt(CONST_1)_4_ &&
CONST_1 < Length_1_ &&
CharAt(CONST_0)_2_ != CharAt(CONST_0)_3_ &&
CONST_0 < Length_1_ &&
CONST_0 < Length_0_ -> true

### PCs: total:36 sat:36 unsat:0

string analysis: SPC # = 0
NPC constraint # = 18
CONST_8 < Length_1_ &&
CharAt(CONST_0)_2_ != CharAt(CONST_7)_10_ &&
CONST_7 < Length_1_ &&
CharAt(CONST_0)_2_ != CharAt(CONST_6)_9_ &&
CONST_6 < Length_1_ &&
CharAt(CONST_0)_2_ != CharAt(CONST_5)_8_ &&
CONST_5 < Length_1_ &&
CharAt(CONST_0)_2_ != CharAt(CONST_4)_7_ &&
CONST_4 < Length_1_ &&
CharAt(CONST_0)_2_ != CharAt(CONST_3)_6_ &&
CONST_3 < Length_1_ &&
CharAt(CONST_0)_2_ != CharAt(CONST_2)_5_ &&
CONST_2 < Length_1_ &&
CharAt(CONST_0)_2_ != CharAt(CONST_1)_4_ &&
CONST_1 < Length_1_ &&
CharAt(CONST_0)_2_ != CharAt(CONST_0)_3_ &&
CONST_0 < Length_1_ &&
CONST_0 < Length_0_
$$$$$$$$$$$$$$$$$$$$$$$$$$$$$$$$
Calling Z3str3

current query... 
(declare-const delims_2 String)
(declare-const text_1 String)


(assert (< 8 (str.len delims_2)))
(assert (not (= (str.at text_1 0) (str.at delims_2 7))))
(assert (< 7 (str.len delims_2)))
(assert (not (= (str.at text_1 0) (str.at delims_2 6))))
(assert (< 6 (str.len delims_2)))
(assert (not (= (str.at text_1 0) (str.at delims_2 5))))
(assert (< 5 (str.len delims_2)))
(assert (not (= (str.at text_1 0) (str.at delims_2 4))))
(assert (< 4 (str.len delims_2)))
(assert (not (= (str.at text_1 0) (str.at delims_2 3))))
(assert (< 3 (str.len delims_2)))
(assert (not (= (str.at text_1 0) (str.at delims_2 2))))
(assert (< 2 (str.len delims_2)))
(assert (not (= (str.at text_1 0) (str.at delims_2 1))))
(assert (< 1 (str.len delims_2)))
(assert (not (= (str.at text_1 0) (str.at delims_2 0))))
(assert (< 0 (str.len delims_2)))
(assert (< 0 (str.len text_1)))



======================
(define-fun text_1 () String
  "A")
(define-fun delims_2 () String
  "BCDEFGHIJ")
Returned solutions: 
(define-fun text_1 () String  "A")
(define-fun delims_2 () String  "BCDEFGHIJ")
*************************************
Satisfiable: true
text_1 => "A"
delims_2 => "BCDEFGHIJ"
*************************************

New sym int CharAt(CONST_8)_11_ min=0, max=65535
numeric PC: constraint # = 19
CharAt(CONST_0)_2_ == CharAt(CONST_8)_11_ &&
CONST_8 < Length_1_ &&
CharAt(CONST_0)_2_ != CharAt(CONST_7)_10_ &&
CONST_7 < Length_1_ &&
CharAt(CONST_0)_2_ != CharAt(CONST_6)_9_ &&
CONST_6 < Length_1_ &&
CharAt(CONST_0)_2_ != CharAt(CONST_5)_8_ &&
CONST_5 < Length_1_ &&
CharAt(CONST_0)_2_ != CharAt(CONST_4)_7_ &&
CONST_4 < Length_1_ &&
CharAt(CONST_0)_2_ != CharAt(CONST_3)_6_ &&
CONST_3 < Length_1_ &&
CharAt(CONST_0)_2_ != CharAt(CONST_2)_5_ &&
CONST_2 < Length_1_ &&
CharAt(CONST_0)_2_ != CharAt(CONST_1)_4_ &&
CONST_1 < Length_1_ &&
CharAt(CONST_0)_2_ != CharAt(CONST_0)_3_ &&
CONST_0 < Length_1_ &&
CONST_0 < Length_0_ -> true

### PCs: total:37 sat:37 unsat:0

string analysis: SPC # = 0
NPC constraint # = 19
CharAt(CONST_0)_2_ == CharAt(CONST_8)_11_ &&
CONST_8 < Length_1_ &&
CharAt(CONST_0)_2_ != CharAt(CONST_7)_10_ &&
CONST_7 < Length_1_ &&
CharAt(CONST_0)_2_ != CharAt(CONST_6)_9_ &&
CONST_6 < Length_1_ &&
CharAt(CONST_0)_2_ != CharAt(CONST_5)_8_ &&
CONST_5 < Length_1_ &&
CharAt(CONST_0)_2_ != CharAt(CONST_4)_7_ &&
CONST_4 < Length_1_ &&
CharAt(CONST_0)_2_ != CharAt(CONST_3)_6_ &&
CONST_3 < Length_1_ &&
CharAt(CONST_0)_2_ != CharAt(CONST_2)_5_ &&
CONST_2 < Length_1_ &&
CharAt(CONST_0)_2_ != CharAt(CONST_1)_4_ &&
CONST_1 < Length_1_ &&
CharAt(CONST_0)_2_ != CharAt(CONST_0)_3_ &&
CONST_0 < Length_1_ &&
CONST_0 < Length_0_
$$$$$$$$$$$$$$$$$$$$$$$$$$$$$$$$
Calling Z3str3

current query... 
(declare-const text_1 String)
(declare-const delims_2 String)


(assert (= (str.at text_1 0) (str.at delims_2 8)))
(assert (< 8 (str.len delims_2)))
(assert (not (= (str.at text_1 0) (str.at delims_2 7))))
(assert (< 7 (str.len delims_2)))
(assert (not (= (str.at text_1 0) (str.at delims_2 6))))
(assert (< 6 (str.len delims_2)))
(assert (not (= (str.at text_1 0) (str.at delims_2 5))))
(assert (< 5 (str.len delims_2)))
(assert (not (= (str.at text_1 0) (str.at delims_2 4))))
(assert (< 4 (str.len delims_2)))
(assert (not (= (str.at text_1 0) (str.at delims_2 3))))
(assert (< 3 (str.len delims_2)))
(assert (not (= (str.at text_1 0) (str.at delims_2 2))))
(assert (< 2 (str.len delims_2)))
(assert (not (= (str.at text_1 0) (str.at delims_2 1))))
(assert (< 1 (str.len delims_2)))
(assert (not (= (str.at text_1 0) (str.at delims_2 0))))
(assert (< 0 (str.len delims_2)))
(assert (< 0 (str.len text_1)))



======================
(define-fun text_1 () String
  "A")
(define-fun delims_2 () String
  "BCDEFGHIA")
Returned solutions: 
(define-fun text_1 () String  "A")
(define-fun delims_2 () String  "BCDEFGHIA")
*************************************
Satisfiable: true
text_1 => "A"
delims_2 => "BCDEFGHIA"
*************************************

numeric PC: constraint # = 19
CharAt(CONST_0)_2_ != CharAt(CONST_8)_11_ &&
CONST_8 < Length_1_ &&
CharAt(CONST_0)_2_ != CharAt(CONST_7)_10_ &&
CONST_7 < Length_1_ &&
CharAt(CONST_0)_2_ != CharAt(CONST_6)_9_ &&
CONST_6 < Length_1_ &&
CharAt(CONST_0)_2_ != CharAt(CONST_5)_8_ &&
CONST_5 < Length_1_ &&
CharAt(CONST_0)_2_ != CharAt(CONST_4)_7_ &&
CONST_4 < Length_1_ &&
CharAt(CONST_0)_2_ != CharAt(CONST_3)_6_ &&
CONST_3 < Length_1_ &&
CharAt(CONST_0)_2_ != CharAt(CONST_2)_5_ &&
CONST_2 < Length_1_ &&
CharAt(CONST_0)_2_ != CharAt(CONST_1)_4_ &&
CONST_1 < Length_1_ &&
CharAt(CONST_0)_2_ != CharAt(CONST_0)_3_ &&
CONST_0 < Length_1_ &&
CONST_0 < Length_0_ -> true

### PCs: total:38 sat:38 unsat:0

string analysis: SPC # = 0
NPC constraint # = 19
CharAt(CONST_0)_2_ != CharAt(CONST_8)_11_ &&
CONST_8 < Length_1_ &&
CharAt(CONST_0)_2_ != CharAt(CONST_7)_10_ &&
CONST_7 < Length_1_ &&
CharAt(CONST_0)_2_ != CharAt(CONST_6)_9_ &&
CONST_6 < Length_1_ &&
CharAt(CONST_0)_2_ != CharAt(CONST_5)_8_ &&
CONST_5 < Length_1_ &&
CharAt(CONST_0)_2_ != CharAt(CONST_4)_7_ &&
CONST_4 < Length_1_ &&
CharAt(CONST_0)_2_ != CharAt(CONST_3)_6_ &&
CONST_3 < Length_1_ &&
CharAt(CONST_0)_2_ != CharAt(CONST_2)_5_ &&
CONST_2 < Length_1_ &&
CharAt(CONST_0)_2_ != CharAt(CONST_1)_4_ &&
CONST_1 < Length_1_ &&
CharAt(CONST_0)_2_ != CharAt(CONST_0)_3_ &&
CONST_0 < Length_1_ &&
CONST_0 < Length_0_
$$$$$$$$$$$$$$$$$$$$$$$$$$$$$$$$
Calling Z3str3

current query... 
(declare-const text_1 String)
(declare-const delims_2 String)


(assert (not (= (str.at text_1 0) (str.at delims_2 8))))
(assert (< 8 (str.len delims_2)))
(assert (not (= (str.at text_1 0) (str.at delims_2 7))))
(assert (< 7 (str.len delims_2)))
(assert (not (= (str.at text_1 0) (str.at delims_2 6))))
(assert (< 6 (str.len delims_2)))
(assert (not (= (str.at text_1 0) (str.at delims_2 5))))
(assert (< 5 (str.len delims_2)))
(assert (not (= (str.at text_1 0) (str.at delims_2 4))))
(assert (< 4 (str.len delims_2)))
(assert (not (= (str.at text_1 0) (str.at delims_2 3))))
(assert (< 3 (str.len delims_2)))
(assert (not (= (str.at text_1 0) (str.at delims_2 2))))
(assert (< 2 (str.len delims_2)))
(assert (not (= (str.at text_1 0) (str.at delims_2 1))))
(assert (< 1 (str.len delims_2)))
(assert (not (= (str.at text_1 0) (str.at delims_2 0))))
(assert (< 0 (str.len delims_2)))
(assert (< 0 (str.len text_1)))



======================
(define-fun text_1 () String
  "A")
(define-fun delims_2 () String
  "BCDEFGHIJ")
Returned solutions: 
(define-fun text_1 () String  "A")
(define-fun delims_2 () String  "BCDEFGHIJ")
*************************************
Satisfiable: true
text_1 => "A"
delims_2 => "BCDEFGHIJ"
*************************************

numeric PC: constraint # = 20
CONST_9 >= Length_1_ &&
CharAt(CONST_0)_2_ != CharAt(CONST_8)_11_ &&
CONST_8 < Length_1_ &&
CharAt(CONST_0)_2_ != CharAt(CONST_7)_10_ &&
CONST_7 < Length_1_ &&
CharAt(CONST_0)_2_ != CharAt(CONST_6)_9_ &&
CONST_6 < Length_1_ &&
CharAt(CONST_0)_2_ != CharAt(CONST_5)_8_ &&
CONST_5 < Length_1_ &&
CharAt(CONST_0)_2_ != CharAt(CONST_4)_7_ &&
CONST_4 < Length_1_ &&
CharAt(CONST_0)_2_ != CharAt(CONST_3)_6_ &&
CONST_3 < Length_1_ &&
CharAt(CONST_0)_2_ != CharAt(CONST_2)_5_ &&
CONST_2 < Length_1_ &&
CharAt(CONST_0)_2_ != CharAt(CONST_1)_4_ &&
CONST_1 < Length_1_ &&
CharAt(CONST_0)_2_ != CharAt(CONST_0)_3_ &&
CONST_0 < Length_1_ &&
CONST_0 < Length_0_ -> true

### PCs: total:39 sat:39 unsat:0

string analysis: SPC # = 0
NPC constraint # = 20
CONST_9 >= Length_1_ &&
CharAt(CONST_0)_2_ != CharAt(CONST_8)_11_ &&
CONST_8 < Length_1_ &&
CharAt(CONST_0)_2_ != CharAt(CONST_7)_10_ &&
CONST_7 < Length_1_ &&
CharAt(CONST_0)_2_ != CharAt(CONST_6)_9_ &&
CONST_6 < Length_1_ &&
CharAt(CONST_0)_2_ != CharAt(CONST_5)_8_ &&
CONST_5 < Length_1_ &&
CharAt(CONST_0)_2_ != CharAt(CONST_4)_7_ &&
CONST_4 < Length_1_ &&
CharAt(CONST_0)_2_ != CharAt(CONST_3)_6_ &&
CONST_3 < Length_1_ &&
CharAt(CONST_0)_2_ != CharAt(CONST_2)_5_ &&
CONST_2 < Length_1_ &&
CharAt(CONST_0)_2_ != CharAt(CONST_1)_4_ &&
CONST_1 < Length_1_ &&
CharAt(CONST_0)_2_ != CharAt(CONST_0)_3_ &&
CONST_0 < Length_1_ &&
CONST_0 < Length_0_
$$$$$$$$$$$$$$$$$$$$$$$$$$$$$$$$
Calling Z3str3

current query... 
(declare-const delims_2 String)
(declare-const text_1 String)


(assert (>= 9 (str.len delims_2)))
(assert (not (= (str.at text_1 0) (str.at delims_2 8))))
(assert (< 8 (str.len delims_2)))
(assert (not (= (str.at text_1 0) (str.at delims_2 7))))
(assert (< 7 (str.len delims_2)))
(assert (not (= (str.at text_1 0) (str.at delims_2 6))))
(assert (< 6 (str.len delims_2)))
(assert (not (= (str.at text_1 0) (str.at delims_2 5))))
(assert (< 5 (str.len delims_2)))
(assert (not (= (str.at text_1 0) (str.at delims_2 4))))
(assert (< 4 (str.len delims_2)))
(assert (not (= (str.at text_1 0) (str.at delims_2 3))))
(assert (< 3 (str.len delims_2)))
(assert (not (= (str.at text_1 0) (str.at delims_2 2))))
(assert (< 2 (str.len delims_2)))
(assert (not (= (str.at text_1 0) (str.at delims_2 1))))
(assert (< 1 (str.len delims_2)))
(assert (not (= (str.at text_1 0) (str.at delims_2 0))))
(assert (< 0 (str.len delims_2)))
(assert (< 0 (str.len text_1)))



======================
(define-fun text_1 () String
  "A")
(define-fun delims_2 () String
  "BCDEFGHIJ")
Returned solutions: 
(define-fun text_1 () String  "A")
(define-fun delims_2 () String  "BCDEFGHIJ")
*************************************
Satisfiable: true
text_1 => "A"
delims_2 => "BCDEFGHIJ"
*************************************

numeric PC: constraint # = 20
CONST_9 < Length_1_ &&
CharAt(CONST_0)_2_ != CharAt(CONST_8)_11_ &&
CONST_8 < Length_1_ &&
CharAt(CONST_0)_2_ != CharAt(CONST_7)_10_ &&
CONST_7 < Length_1_ &&
CharAt(CONST_0)_2_ != CharAt(CONST_6)_9_ &&
CONST_6 < Length_1_ &&
CharAt(CONST_0)_2_ != CharAt(CONST_5)_8_ &&
CONST_5 < Length_1_ &&
CharAt(CONST_0)_2_ != CharAt(CONST_4)_7_ &&
CONST_4 < Length_1_ &&
CharAt(CONST_0)_2_ != CharAt(CONST_3)_6_ &&
CONST_3 < Length_1_ &&
CharAt(CONST_0)_2_ != CharAt(CONST_2)_5_ &&
CONST_2 < Length_1_ &&
CharAt(CONST_0)_2_ != CharAt(CONST_1)_4_ &&
CONST_1 < Length_1_ &&
CharAt(CONST_0)_2_ != CharAt(CONST_0)_3_ &&
CONST_0 < Length_1_ &&
CONST_0 < Length_0_ -> true

### PCs: total:40 sat:40 unsat:0

string analysis: SPC # = 0
NPC constraint # = 20
CONST_9 < Length_1_ &&
CharAt(CONST_0)_2_ != CharAt(CONST_8)_11_ &&
CONST_8 < Length_1_ &&
CharAt(CONST_0)_2_ != CharAt(CONST_7)_10_ &&
CONST_7 < Length_1_ &&
CharAt(CONST_0)_2_ != CharAt(CONST_6)_9_ &&
CONST_6 < Length_1_ &&
CharAt(CONST_0)_2_ != CharAt(CONST_5)_8_ &&
CONST_5 < Length_1_ &&
CharAt(CONST_0)_2_ != CharAt(CONST_4)_7_ &&
CONST_4 < Length_1_ &&
CharAt(CONST_0)_2_ != CharAt(CONST_3)_6_ &&
CONST_3 < Length_1_ &&
CharAt(CONST_0)_2_ != CharAt(CONST_2)_5_ &&
CONST_2 < Length_1_ &&
CharAt(CONST_0)_2_ != CharAt(CONST_1)_4_ &&
CONST_1 < Length_1_ &&
CharAt(CONST_0)_2_ != CharAt(CONST_0)_3_ &&
CONST_0 < Length_1_ &&
CONST_0 < Length_0_
$$$$$$$$$$$$$$$$$$$$$$$$$$$$$$$$
Calling Z3str3

current query... 
(declare-const delims_2 String)
(declare-const text_1 String)


(assert (< 9 (str.len delims_2)))
(assert (not (= (str.at text_1 0) (str.at delims_2 8))))
(assert (< 8 (str.len delims_2)))
(assert (not (= (str.at text_1 0) (str.at delims_2 7))))
(assert (< 7 (str.len delims_2)))
(assert (not (= (str.at text_1 0) (str.at delims_2 6))))
(assert (< 6 (str.len delims_2)))
(assert (not (= (str.at text_1 0) (str.at delims_2 5))))
(assert (< 5 (str.len delims_2)))
(assert (not (= (str.at text_1 0) (str.at delims_2 4))))
(assert (< 4 (str.len delims_2)))
(assert (not (= (str.at text_1 0) (str.at delims_2 3))))
(assert (< 3 (str.len delims_2)))
(assert (not (= (str.at text_1 0) (str.at delims_2 2))))
(assert (< 2 (str.len delims_2)))
(assert (not (= (str.at text_1 0) (str.at delims_2 1))))
(assert (< 1 (str.len delims_2)))
(assert (not (= (str.at text_1 0) (str.at delims_2 0))))
(assert (< 0 (str.len delims_2)))
(assert (< 0 (str.len text_1)))



======================
(define-fun text_1 () String
  "A")
(define-fun delims_2 () String
  "BCDEFGHIJK")
Returned solutions: 
(define-fun text_1 () String  "A")
(define-fun delims_2 () String  "BCDEFGHIJK")
*************************************
Satisfiable: true
text_1 => "A"
delims_2 => "BCDEFGHIJK"
*************************************

New sym int CharAt(CONST_9)_12_ min=0, max=65535
numeric PC: constraint # = 21
CharAt(CONST_0)_2_ == CharAt(CONST_9)_12_ &&
CONST_9 < Length_1_ &&
CharAt(CONST_0)_2_ != CharAt(CONST_8)_11_ &&
CONST_8 < Length_1_ &&
CharAt(CONST_0)_2_ != CharAt(CONST_7)_10_ &&
CONST_7 < Length_1_ &&
CharAt(CONST_0)_2_ != CharAt(CONST_6)_9_ &&
CONST_6 < Length_1_ &&
CharAt(CONST_0)_2_ != CharAt(CONST_5)_8_ &&
CONST_5 < Length_1_ &&
CharAt(CONST_0)_2_ != CharAt(CONST_4)_7_ &&
CONST_4 < Length_1_ &&
CharAt(CONST_0)_2_ != CharAt(CONST_3)_6_ &&
CONST_3 < Length_1_ &&
CharAt(CONST_0)_2_ != CharAt(CONST_2)_5_ &&
CONST_2 < Length_1_ &&
CharAt(CONST_0)_2_ != CharAt(CONST_1)_4_ &&
CONST_1 < Length_1_ &&
CharAt(CONST_0)_2_ != CharAt(CONST_0)_3_ &&
CONST_0 < Length_1_ &&
CONST_0 < Length_0_ -> true

### PCs: total:41 sat:41 unsat:0

string analysis: SPC # = 0
NPC constraint # = 21
CharAt(CONST_0)_2_ == CharAt(CONST_9)_12_ &&
CONST_9 < Length_1_ &&
CharAt(CONST_0)_2_ != CharAt(CONST_8)_11_ &&
CONST_8 < Length_1_ &&
CharAt(CONST_0)_2_ != CharAt(CONST_7)_10_ &&
CONST_7 < Length_1_ &&
CharAt(CONST_0)_2_ != CharAt(CONST_6)_9_ &&
CONST_6 < Length_1_ &&
CharAt(CONST_0)_2_ != CharAt(CONST_5)_8_ &&
CONST_5 < Length_1_ &&
CharAt(CONST_0)_2_ != CharAt(CONST_4)_7_ &&
CONST_4 < Length_1_ &&
CharAt(CONST_0)_2_ != CharAt(CONST_3)_6_ &&
CONST_3 < Length_1_ &&
CharAt(CONST_0)_2_ != CharAt(CONST_2)_5_ &&
CONST_2 < Length_1_ &&
CharAt(CONST_0)_2_ != CharAt(CONST_1)_4_ &&
CONST_1 < Length_1_ &&
CharAt(CONST_0)_2_ != CharAt(CONST_0)_3_ &&
CONST_0 < Length_1_ &&
CONST_0 < Length_0_
$$$$$$$$$$$$$$$$$$$$$$$$$$$$$$$$
Calling Z3str3

current query... 
(declare-const text_1 String)
(declare-const delims_2 String)


(assert (= (str.at text_1 0) (str.at delims_2 9)))
(assert (< 9 (str.len delims_2)))
(assert (not (= (str.at text_1 0) (str.at delims_2 8))))
(assert (< 8 (str.len delims_2)))
(assert (not (= (str.at text_1 0) (str.at delims_2 7))))
(assert (< 7 (str.len delims_2)))
(assert (not (= (str.at text_1 0) (str.at delims_2 6))))
(assert (< 6 (str.len delims_2)))
(assert (not (= (str.at text_1 0) (str.at delims_2 5))))
(assert (< 5 (str.len delims_2)))
(assert (not (= (str.at text_1 0) (str.at delims_2 4))))
(assert (< 4 (str.len delims_2)))
(assert (not (= (str.at text_1 0) (str.at delims_2 3))))
(assert (< 3 (str.len delims_2)))
(assert (not (= (str.at text_1 0) (str.at delims_2 2))))
(assert (< 2 (str.len delims_2)))
(assert (not (= (str.at text_1 0) (str.at delims_2 1))))
(assert (< 1 (str.len delims_2)))
(assert (not (= (str.at text_1 0) (str.at delims_2 0))))
(assert (< 0 (str.len delims_2)))
(assert (< 0 (str.len text_1)))



======================
(define-fun text_1 () String
  "A")
(define-fun delims_2 () String
  "BCDEFGHIJA")
Returned solutions: 
(define-fun text_1 () String  "A")
(define-fun delims_2 () String  "BCDEFGHIJA")
*************************************
Satisfiable: true
text_1 => "A"
delims_2 => "BCDEFGHIJA"
*************************************

numeric PC: constraint # = 21
CharAt(CONST_0)_2_ != CharAt(CONST_9)_12_ &&
CONST_9 < Length_1_ &&
CharAt(CONST_0)_2_ != CharAt(CONST_8)_11_ &&
CONST_8 < Length_1_ &&
CharAt(CONST_0)_2_ != CharAt(CONST_7)_10_ &&
CONST_7 < Length_1_ &&
CharAt(CONST_0)_2_ != CharAt(CONST_6)_9_ &&
CONST_6 < Length_1_ &&
CharAt(CONST_0)_2_ != CharAt(CONST_5)_8_ &&
CONST_5 < Length_1_ &&
CharAt(CONST_0)_2_ != CharAt(CONST_4)_7_ &&
CONST_4 < Length_1_ &&
CharAt(CONST_0)_2_ != CharAt(CONST_3)_6_ &&
CONST_3 < Length_1_ &&
CharAt(CONST_0)_2_ != CharAt(CONST_2)_5_ &&
CONST_2 < Length_1_ &&
CharAt(CONST_0)_2_ != CharAt(CONST_1)_4_ &&
CONST_1 < Length_1_ &&
CharAt(CONST_0)_2_ != CharAt(CONST_0)_3_ &&
CONST_0 < Length_1_ &&
CONST_0 < Length_0_ -> true

### PCs: total:42 sat:42 unsat:0

string analysis: SPC # = 0
NPC constraint # = 21
CharAt(CONST_0)_2_ != CharAt(CONST_9)_12_ &&
CONST_9 < Length_1_ &&
CharAt(CONST_0)_2_ != CharAt(CONST_8)_11_ &&
CONST_8 < Length_1_ &&
CharAt(CONST_0)_2_ != CharAt(CONST_7)_10_ &&
CONST_7 < Length_1_ &&
CharAt(CONST_0)_2_ != CharAt(CONST_6)_9_ &&
CONST_6 < Length_1_ &&
CharAt(CONST_0)_2_ != CharAt(CONST_5)_8_ &&
CONST_5 < Length_1_ &&
CharAt(CONST_0)_2_ != CharAt(CONST_4)_7_ &&
CONST_4 < Length_1_ &&
CharAt(CONST_0)_2_ != CharAt(CONST_3)_6_ &&
CONST_3 < Length_1_ &&
CharAt(CONST_0)_2_ != CharAt(CONST_2)_5_ &&
CONST_2 < Length_1_ &&
CharAt(CONST_0)_2_ != CharAt(CONST_1)_4_ &&
CONST_1 < Length_1_ &&
CharAt(CONST_0)_2_ != CharAt(CONST_0)_3_ &&
CONST_0 < Length_1_ &&
CONST_0 < Length_0_
$$$$$$$$$$$$$$$$$$$$$$$$$$$$$$$$
Calling Z3str3

current query... 
(declare-const text_1 String)
(declare-const delims_2 String)


(assert (not (= (str.at text_1 0) (str.at delims_2 9))))
(assert (< 9 (str.len delims_2)))
(assert (not (= (str.at text_1 0) (str.at delims_2 8))))
(assert (< 8 (str.len delims_2)))
(assert (not (= (str.at text_1 0) (str.at delims_2 7))))
(assert (< 7 (str.len delims_2)))
(assert (not (= (str.at text_1 0) (str.at delims_2 6))))
(assert (< 6 (str.len delims_2)))
(assert (not (= (str.at text_1 0) (str.at delims_2 5))))
(assert (< 5 (str.len delims_2)))
(assert (not (= (str.at text_1 0) (str.at delims_2 4))))
(assert (< 4 (str.len delims_2)))
(assert (not (= (str.at text_1 0) (str.at delims_2 3))))
(assert (< 3 (str.len delims_2)))
(assert (not (= (str.at text_1 0) (str.at delims_2 2))))
(assert (< 2 (str.len delims_2)))
(assert (not (= (str.at text_1 0) (str.at delims_2 1))))
(assert (< 1 (str.len delims_2)))
(assert (not (= (str.at text_1 0) (str.at delims_2 0))))
(assert (< 0 (str.len delims_2)))
(assert (< 0 (str.len text_1)))



======================
(define-fun text_1 () String
  "A")
(define-fun delims_2 () String
  "BCDEFGHIJK")
Returned solutions: 
(define-fun text_1 () String  "A")
(define-fun delims_2 () String  "BCDEFGHIJK")
*************************************
Satisfiable: true
text_1 => "A"
delims_2 => "BCDEFGHIJK"
*************************************

numeric PC: constraint # = 22
CONST_10 >= Length_1_ &&
CharAt(CONST_0)_2_ != CharAt(CONST_9)_12_ &&
CONST_9 < Length_1_ &&
CharAt(CONST_0)_2_ != CharAt(CONST_8)_11_ &&
CONST_8 < Length_1_ &&
CharAt(CONST_0)_2_ != CharAt(CONST_7)_10_ &&
CONST_7 < Length_1_ &&
CharAt(CONST_0)_2_ != CharAt(CONST_6)_9_ &&
CONST_6 < Length_1_ &&
CharAt(CONST_0)_2_ != CharAt(CONST_5)_8_ &&
CONST_5 < Length_1_ &&
CharAt(CONST_0)_2_ != CharAt(CONST_4)_7_ &&
CONST_4 < Length_1_ &&
CharAt(CONST_0)_2_ != CharAt(CONST_3)_6_ &&
CONST_3 < Length_1_ &&
CharAt(CONST_0)_2_ != CharAt(CONST_2)_5_ &&
CONST_2 < Length_1_ &&
CharAt(CONST_0)_2_ != CharAt(CONST_1)_4_ &&
CONST_1 < Length_1_ &&
CharAt(CONST_0)_2_ != CharAt(CONST_0)_3_ &&
CONST_0 < Length_1_ &&
CONST_0 < Length_0_ -> true

### PCs: total:43 sat:43 unsat:0

string analysis: SPC # = 0
NPC constraint # = 22
CONST_10 >= Length_1_ &&
CharAt(CONST_0)_2_ != CharAt(CONST_9)_12_ &&
CONST_9 < Length_1_ &&
CharAt(CONST_0)_2_ != CharAt(CONST_8)_11_ &&
CONST_8 < Length_1_ &&
CharAt(CONST_0)_2_ != CharAt(CONST_7)_10_ &&
CONST_7 < Length_1_ &&
CharAt(CONST_0)_2_ != CharAt(CONST_6)_9_ &&
CONST_6 < Length_1_ &&
CharAt(CONST_0)_2_ != CharAt(CONST_5)_8_ &&
CONST_5 < Length_1_ &&
CharAt(CONST_0)_2_ != CharAt(CONST_4)_7_ &&
CONST_4 < Length_1_ &&
CharAt(CONST_0)_2_ != CharAt(CONST_3)_6_ &&
CONST_3 < Length_1_ &&
CharAt(CONST_0)_2_ != CharAt(CONST_2)_5_ &&
CONST_2 < Length_1_ &&
CharAt(CONST_0)_2_ != CharAt(CONST_1)_4_ &&
CONST_1 < Length_1_ &&
CharAt(CONST_0)_2_ != CharAt(CONST_0)_3_ &&
CONST_0 < Length_1_ &&
CONST_0 < Length_0_
$$$$$$$$$$$$$$$$$$$$$$$$$$$$$$$$
Calling Z3str3

current query... 
(declare-const delims_2 String)
(declare-const text_1 String)


(assert (>= 10 (str.len delims_2)))
(assert (not (= (str.at text_1 0) (str.at delims_2 9))))
(assert (< 9 (str.len delims_2)))
(assert (not (= (str.at text_1 0) (str.at delims_2 8))))
(assert (< 8 (str.len delims_2)))
(assert (not (= (str.at text_1 0) (str.at delims_2 7))))
(assert (< 7 (str.len delims_2)))
(assert (not (= (str.at text_1 0) (str.at delims_2 6))))
(assert (< 6 (str.len delims_2)))
(assert (not (= (str.at text_1 0) (str.at delims_2 5))))
(assert (< 5 (str.len delims_2)))
(assert (not (= (str.at text_1 0) (str.at delims_2 4))))
(assert (< 4 (str.len delims_2)))
(assert (not (= (str.at text_1 0) (str.at delims_2 3))))
(assert (< 3 (str.len delims_2)))
(assert (not (= (str.at text_1 0) (str.at delims_2 2))))
(assert (< 2 (str.len delims_2)))
(assert (not (= (str.at text_1 0) (str.at delims_2 1))))
(assert (< 1 (str.len delims_2)))
(assert (not (= (str.at text_1 0) (str.at delims_2 0))))
(assert (< 0 (str.len delims_2)))
(assert (< 0 (str.len text_1)))



======================
(define-fun text_1 () String
  "A")
(define-fun delims_2 () String
  "BCDEFGHIJK")
Returned solutions: 
(define-fun text_1 () String  "A")
(define-fun delims_2 () String  "BCDEFGHIJK")
*************************************
Satisfiable: true
text_1 => "A"
delims_2 => "BCDEFGHIJK"
*************************************

numeric PC: constraint # = 22
CONST_10 < Length_1_ &&
CharAt(CONST_0)_2_ != CharAt(CONST_9)_12_ &&
CONST_9 < Length_1_ &&
CharAt(CONST_0)_2_ != CharAt(CONST_8)_11_ &&
CONST_8 < Length_1_ &&
CharAt(CONST_0)_2_ != CharAt(CONST_7)_10_ &&
CONST_7 < Length_1_ &&
CharAt(CONST_0)_2_ != CharAt(CONST_6)_9_ &&
CONST_6 < Length_1_ &&
CharAt(CONST_0)_2_ != CharAt(CONST_5)_8_ &&
CONST_5 < Length_1_ &&
CharAt(CONST_0)_2_ != CharAt(CONST_4)_7_ &&
CONST_4 < Length_1_ &&
CharAt(CONST_0)_2_ != CharAt(CONST_3)_6_ &&
CONST_3 < Length_1_ &&
CharAt(CONST_0)_2_ != CharAt(CONST_2)_5_ &&
CONST_2 < Length_1_ &&
CharAt(CONST_0)_2_ != CharAt(CONST_1)_4_ &&
CONST_1 < Length_1_ &&
CharAt(CONST_0)_2_ != CharAt(CONST_0)_3_ &&
CONST_0 < Length_1_ &&
CONST_0 < Length_0_ -> true

### PCs: total:44 sat:44 unsat:0

string analysis: SPC # = 0
NPC constraint # = 22
CONST_10 < Length_1_ &&
CharAt(CONST_0)_2_ != CharAt(CONST_9)_12_ &&
CONST_9 < Length_1_ &&
CharAt(CONST_0)_2_ != CharAt(CONST_8)_11_ &&
CONST_8 < Length_1_ &&
CharAt(CONST_0)_2_ != CharAt(CONST_7)_10_ &&
CONST_7 < Length_1_ &&
CharAt(CONST_0)_2_ != CharAt(CONST_6)_9_ &&
CONST_6 < Length_1_ &&
CharAt(CONST_0)_2_ != CharAt(CONST_5)_8_ &&
CONST_5 < Length_1_ &&
CharAt(CONST_0)_2_ != CharAt(CONST_4)_7_ &&
CONST_4 < Length_1_ &&
CharAt(CONST_0)_2_ != CharAt(CONST_3)_6_ &&
CONST_3 < Length_1_ &&
CharAt(CONST_0)_2_ != CharAt(CONST_2)_5_ &&
CONST_2 < Length_1_ &&
CharAt(CONST_0)_2_ != CharAt(CONST_1)_4_ &&
CONST_1 < Length_1_ &&
CharAt(CONST_0)_2_ != CharAt(CONST_0)_3_ &&
CONST_0 < Length_1_ &&
CONST_0 < Length_0_
$$$$$$$$$$$$$$$$$$$$$$$$$$$$$$$$
Calling Z3str3

current query... 
(declare-const delims_2 String)
(declare-const text_1 String)


(assert (< 10 (str.len delims_2)))
(assert (not (= (str.at text_1 0) (str.at delims_2 9))))
(assert (< 9 (str.len delims_2)))
(assert (not (= (str.at text_1 0) (str.at delims_2 8))))
(assert (< 8 (str.len delims_2)))
(assert (not (= (str.at text_1 0) (str.at delims_2 7))))
(assert (< 7 (str.len delims_2)))
(assert (not (= (str.at text_1 0) (str.at delims_2 6))))
(assert (< 6 (str.len delims_2)))
(assert (not (= (str.at text_1 0) (str.at delims_2 5))))
(assert (< 5 (str.len delims_2)))
(assert (not (= (str.at text_1 0) (str.at delims_2 4))))
(assert (< 4 (str.len delims_2)))
(assert (not (= (str.at text_1 0) (str.at delims_2 3))))
(assert (< 3 (str.len delims_2)))
(assert (not (= (str.at text_1 0) (str.at delims_2 2))))
(assert (< 2 (str.len delims_2)))
(assert (not (= (str.at text_1 0) (str.at delims_2 1))))
(assert (< 1 (str.len delims_2)))
(assert (not (= (str.at text_1 0) (str.at delims_2 0))))
(assert (< 0 (str.len delims_2)))
(assert (< 0 (str.len text_1)))



======================
(define-fun text_1 () String
  "A")
(define-fun delims_2 () String
  "BCDEFGHIJKL")
Returned solutions: 
(define-fun text_1 () String  "A")
(define-fun delims_2 () String  "BCDEFGHIJKL")
*************************************
Satisfiable: true
text_1 => "A"
delims_2 => "BCDEFGHIJKL"
*************************************


====================================================== search constraint
depth limit reached: 23

====================================================== snapshot 
thread java.lang.Thread:{id:0,name:main,status:RUNNING,priority:5,isDaemon:false,lockCount:0,suspendCount:0}
  call stack:
	at strings.DelimSearch.search(DelimSearch.java:6)
	at strings.DelimSearch.main(DelimSearch.java:18)

numeric PC: constraint # = 21
CharAt(CONST_0)_2_ != CharAt(CONST_9)_12_ &&
CONST_9 < Length_1_ &&
CharAt(CONST_0)_2_ != CharAt(CONST_8)_11_ &&
CONST_8 < Length_1_ &&
CharAt(CONST_0)_2_ != CharAt(CONST_7)_10_ &&
CONST_7 < Length_1_ &&
CharAt(CONST_0)_2_ != CharAt(CONST_6)_9_ &&
CONST_6 < Length_1_ &&
CharAt(CONST_0)_2_ != CharAt(CONST_5)_8_ &&
CONST_5 < Length_1_ &&
CharAt(CONST_0)_2_ != CharAt(CONST_4)_7_ &&
CONST_4 < Length_1_ &&
CharAt(CONST_0)_2_ != CharAt(CONST_3)_6_ &&
CONST_3 < Length_1_ &&
CharAt(CONST_0)_2_ != CharAt(CONST_2)_5_ &&
CONST_2 < Length_1_ &&
CharAt(CONST_0)_2_ != CharAt(CONST_1)_4_ &&
CONST_1 < Length_1_ &&
CharAt(CONST_0)_2_ != CharAt(CONST_0)_3_ &&
CONST_0 < Length_1_ &&
CONST_0 < Length_0_ -> true

string analysis: SPC # = 0
NPC constraint # = 21
CharAt(CONST_0)_2_[0] != CharAt(CONST_9)_12_[1] &&
CONST_9 < Length_1_[10] &&
CharAt(CONST_0)_2_[0] != CharAt(CONST_8)_11_[1] &&
CONST_8 < Length_1_[10] &&
CharAt(CONST_0)_2_[0] != CharAt(CONST_7)_10_[1] &&
CONST_7 < Length_1_[10] &&
CharAt(CONST_0)_2_[0] != CharAt(CONST_6)_9_[1] &&
CONST_6 < Length_1_[10] &&
CharAt(CONST_0)_2_[0] != CharAt(CONST_5)_8_[1] &&
CONST_5 < Length_1_[10] &&
CharAt(CONST_0)_2_[0] != CharAt(CONST_4)_7_[1] &&
CONST_4 < Length_1_[10] &&
CharAt(CONST_0)_2_[0] != CharAt(CONST_3)_6_[1] &&
CONST_3 < Length_1_[10] &&
CharAt(CONST_0)_2_[0] != CharAt(CONST_2)_5_[1] &&
CONST_2 < Length_1_[10] &&
CharAt(CONST_0)_2_[0] != CharAt(CONST_1)_4_[1] &&
CONST_1 < Length_1_[10] &&
CharAt(CONST_0)_2_[0] != CharAt(CONST_0)_3_[1] &&
CONST_0 < Length_1_[10] &&
CONST_0 < Length_0_[1]
$$$$$$$$$$$$$$$$$$$$$$$$$$$$$$$$
Calling Z3str3

current query... 
(declare-const text_1 String)
(declare-const delims_2 String)


(assert (not (= (str.at text_1 0) (str.at delims_2 9))))
(assert (< 9 (str.len delims_2)))
(assert (not (= (str.at text_1 0) (str.at delims_2 8))))
(assert (< 8 (str.len delims_2)))
(assert (not (= (str.at text_1 0) (str.at delims_2 7))))
(assert (< 7 (str.len delims_2)))
(assert (not (= (str.at text_1 0) (str.at delims_2 6))))
(assert (< 6 (str.len delims_2)))
(assert (not (= (str.at text_1 0) (str.at delims_2 5))))
(assert (< 5 (str.len delims_2)))
(assert (not (= (str.at text_1 0) (str.at delims_2 4))))
(assert (< 4 (str.len delims_2)))
(assert (not (= (str.at text_1 0) (str.at delims_2 3))))
(assert (< 3 (str.len delims_2)))
(assert (not (= (str.at text_1 0) (str.at delims_2 2))))
(assert (< 2 (str.len delims_2)))
(assert (not (= (str.at text_1 0) (str.at delims_2 1))))
(assert (< 1 (str.len delims_2)))
(assert (not (= (str.at text_1 0) (str.at delims_2 0))))
(assert (< 0 (str.len delims_2)))
(assert (< 0 (str.len text_1)))



======================
(define-fun text_1 () String
  "A")
(define-fun delims_2 () String
  "BCDEFGHIJK")
Returned solutions: 
(define-fun text_1 () String  "A")
(define-fun delims_2 () String  "BCDEFGHIJK")
*************************************
Satisfiable: true
text_1 => "A"
delims_2 => "BCDEFGHIJK"
*************************************

Delimiter [H] found at 0

====================================================== search constraint
depth limit reached: 23

====================================================== snapshot 
no live threads
numeric PC: constraint # = 21
CharAt(CONST_0)_2_ == CharAt(CONST_9)_12_ &&
CONST_9 < Length_1_ &&
CharAt(CONST_0)_2_ != CharAt(CONST_8)_11_ &&
CONST_8 < Length_1_ &&
CharAt(CONST_0)_2_ != CharAt(CONST_7)_10_ &&
CONST_7 < Length_1_ &&
CharAt(CONST_0)_2_ != CharAt(CONST_6)_9_ &&
CONST_6 < Length_1_ &&
CharAt(CONST_0)_2_ != CharAt(CONST_5)_8_ &&
CONST_5 < Length_1_ &&
CharAt(CONST_0)_2_ != CharAt(CONST_4)_7_ &&
CONST_4 < Length_1_ &&
CharAt(CONST_0)_2_ != CharAt(CONST_3)_6_ &&
CONST_3 < Length_1_ &&
CharAt(CONST_0)_2_ != CharAt(CONST_2)_5_ &&
CONST_2 < Length_1_ &&
CharAt(CONST_0)_2_ != CharAt(CONST_1)_4_ &&
CONST_1 < Length_1_ &&
CharAt(CONST_0)_2_ != CharAt(CONST_0)_3_ &&
CONST_0 < Length_1_ &&
CONST_0 < Length_0_ -> true

string analysis: SPC # = 0
NPC constraint # = 21
CharAt(CONST_0)_2_[0] == CharAt(CONST_9)_12_[0] &&
CONST_9 < Length_1_[10] &&
CharAt(CONST_0)_2_[0] != CharAt(CONST_8)_11_[1] &&
CONST_8 < Length_1_[10] &&
CharAt(CONST_0)_2_[0] != CharAt(CONST_7)_10_[1] &&
CONST_7 < Length_1_[10] &&
CharAt(CONST_0)_2_[0] != CharAt(CONST_6)_9_[1] &&
CONST_6 < Length_1_[10] &&
CharAt(CONST_0)_2_[0] != CharAt(CONST_5)_8_[1] &&
CONST_5 < Length_1_[10] &&
CharAt(CONST_0)_2_[0] != CharAt(CONST_4)_7_[1] &&
CONST_4 < Length_1_[10] &&
CharAt(CONST_0)_2_[0] != CharAt(CONST_3)_6_[1] &&
CONST_3 < Length_1_[10] &&
CharAt(CONST_0)_2_[0] != CharAt(CONST_2)_5_[1] &&
CONST_2 < Length_1_[10] &&
CharAt(CONST_0)_2_[0] != CharAt(CONST_1)_4_[1] &&
CONST_1 < Length_1_[10] &&
CharAt(CONST_0)_2_[0] != CharAt(CONST_0)_3_[1] &&
CONST_0 < Length_1_[10] &&
CONST_0 < Length_0_[1]
$$$$$$$$$$$$$$$$$$$$$$$$$$$$$$$$
Calling Z3str3

current query... 
(declare-const text_1 String)
(declare-const delims_2 String)


(assert (= (str.at text_1 0) (str.at delims_2 9)))
(assert (< 9 (str.len delims_2)))
(assert (not (= (str.at text_1 0) (str.at delims_2 8))))
(assert (< 8 (str.len delims_2)))
(assert (not (= (str.at text_1 0) (str.at delims_2 7))))
(assert (< 7 (str.len delims_2)))
(assert (not (= (str.at text_1 0) (str.at delims_2 6))))
(assert (< 6 (str.len delims_2)))
(assert (not (= (str.at text_1 0) (str.at delims_2 5))))
(assert (< 5 (str.len delims_2)))
(assert (not (= (str.at text_1 0) (str.at delims_2 4))))
(assert (< 4 (str.len delims_2)))
(assert (not (= (str.at text_1 0) (str.at delims_2 3))))
(assert (< 3 (str.len delims_2)))
(assert (not (= (str.at text_1 0) (str.at delims_2 2))))
(assert (< 2 (str.len delims_2)))
(assert (not (= (str.at text_1 0) (str.at delims_2 1))))
(assert (< 1 (str.len delims_2)))
(assert (not (= (str.at text_1 0) (str.at delims_2 0))))
(assert (< 0 (str.len delims_2)))
(assert (< 0 (str.len text_1)))



======================
(define-fun text_1 () String
  "A")
(define-fun delims_2 () String
  "BCDEFGHIJA")
Returned solutions: 
(define-fun text_1 () String  "A")
(define-fun delims_2 () String  "BCDEFGHIJA")
*************************************
Satisfiable: true
text_1 => "A"
delims_2 => "BCDEFGHIJA"
*************************************

numeric PC: constraint # = 20
CONST_9 < Length_1_[10] &&
CharAt(CONST_0)_2_[0] != CharAt(CONST_8)_11_[1] &&
CONST_8 < Length_1_[10] &&
CharAt(CONST_0)_2_[0] != CharAt(CONST_7)_10_[1] &&
CONST_7 < Length_1_[10] &&
CharAt(CONST_0)_2_[0] != CharAt(CONST_6)_9_[1] &&
CONST_6 < Length_1_[10] &&
CharAt(CONST_0)_2_[0] != CharAt(CONST_5)_8_[1] &&
CONST_5 < Length_1_[10] &&
CharAt(CONST_0)_2_[0] != CharAt(CONST_4)_7_[1] &&
CONST_4 < Length_1_[10] &&
CharAt(CONST_0)_2_[0] != CharAt(CONST_3)_6_[1] &&
CONST_3 < Length_1_[10] &&
CharAt(CONST_0)_2_[0] != CharAt(CONST_2)_5_[1] &&
CONST_2 < Length_1_[10] &&
CharAt(CONST_0)_2_[0] != CharAt(CONST_1)_4_[1] &&
CONST_1 < Length_1_[10] &&
CharAt(CONST_0)_2_[0] != CharAt(CONST_0)_3_[1] &&
CONST_0 < Length_1_[10] &&
CONST_0 < Length_0_[1] -> true

string analysis: SPC # = 0
NPC constraint # = 20
CONST_9 < Length_1_[10] &&
CharAt(CONST_0)_2_[0] != CharAt(CONST_8)_11_[1] &&
CONST_8 < Length_1_[10] &&
CharAt(CONST_0)_2_[0] != CharAt(CONST_7)_10_[1] &&
CONST_7 < Length_1_[10] &&
CharAt(CONST_0)_2_[0] != CharAt(CONST_6)_9_[1] &&
CONST_6 < Length_1_[10] &&
CharAt(CONST_0)_2_[0] != CharAt(CONST_5)_8_[1] &&
CONST_5 < Length_1_[10] &&
CharAt(CONST_0)_2_[0] != CharAt(CONST_4)_7_[1] &&
CONST_4 < Length_1_[10] &&
CharAt(CONST_0)_2_[0] != CharAt(CONST_3)_6_[1] &&
CONST_3 < Length_1_[10] &&
CharAt(CONST_0)_2_[0] != CharAt(CONST_2)_5_[1] &&
CONST_2 < Length_1_[10] &&
CharAt(CONST_0)_2_[0] != CharAt(CONST_1)_4_[1] &&
CONST_1 < Length_1_[10] &&
CharAt(CONST_0)_2_[0] != CharAt(CONST_0)_3_[1] &&
CONST_0 < Length_1_[10] &&
CONST_0 < Length_0_[1]
$$$$$$$$$$$$$$$$$$$$$$$$$$$$$$$$
Calling Z3str3

current query... 
(declare-const delims_2 String)
(declare-const text_1 String)


(assert (< 9 (str.len delims_2)))
(assert (not (= (str.at text_1 0) (str.at delims_2 8))))
(assert (< 8 (str.len delims_2)))
(assert (not (= (str.at text_1 0) (str.at delims_2 7))))
(assert (< 7 (str.len delims_2)))
(assert (not (= (str.at text_1 0) (str.at delims_2 6))))
(assert (< 6 (str.len delims_2)))
(assert (not (= (str.at text_1 0) (str.at delims_2 5))))
(assert (< 5 (str.len delims_2)))
(assert (not (= (str.at text_1 0) (str.at delims_2 4))))
(assert (< 4 (str.len delims_2)))
(assert (not (= (str.at text_1 0) (str.at delims_2 3))))
(assert (< 3 (str.len delims_2)))
(assert (not (= (str.at text_1 0) (str.at delims_2 2))))
(assert (< 2 (str.len delims_2)))
(assert (not (= (str.at text_1 0) (str.at delims_2 1))))
(assert (< 1 (str.len delims_2)))
(assert (not (= (str.at text_1 0) (str.at delims_2 0))))
(assert (< 0 (str.len delims_2)))
(assert (< 0 (str.len text_1)))



======================
(define-fun text_1 () String
  "A")
(define-fun delims_2 () String
  "BCDEFGHIJK")
Returned solutions: 
(define-fun text_1 () String  "A")
(define-fun delims_2 () String  "BCDEFGHIJK")
*************************************
Satisfiable: true
text_1 => "A"
delims_2 => "BCDEFGHIJK"
*************************************

numeric PC: constraint # = 21
CONST_1 >= Length_0_ &&
CONST_9 >= Length_1_ &&
CharAt(CONST_0)_2_ != CharAt(CONST_8)_11_ &&
CONST_8 < Length_1_ &&
CharAt(CONST_0)_2_ != CharAt(CONST_7)_10_ &&
CONST_7 < Length_1_ &&
CharAt(CONST_0)_2_ != CharAt(CONST_6)_9_ &&
CONST_6 < Length_1_ &&
CharAt(CONST_0)_2_ != CharAt(CONST_5)_8_ &&
CONST_5 < Length_1_ &&
CharAt(CONST_0)_2_ != CharAt(CONST_4)_7_ &&
CONST_4 < Length_1_ &&
CharAt(CONST_0)_2_ != CharAt(CONST_3)_6_ &&
CONST_3 < Length_1_ &&
CharAt(CONST_0)_2_ != CharAt(CONST_2)_5_ &&
CONST_2 < Length_1_ &&
CharAt(CONST_0)_2_ != CharAt(CONST_1)_4_ &&
CONST_1 < Length_1_ &&
CharAt(CONST_0)_2_ != CharAt(CONST_0)_3_ &&
CONST_0 < Length_1_ &&
CONST_0 < Length_0_ -> true

### PCs: total:45 sat:45 unsat:0

string analysis: SPC # = 0
NPC constraint # = 21
CONST_1 >= Length_0_ &&
CONST_9 >= Length_1_ &&
CharAt(CONST_0)_2_ != CharAt(CONST_8)_11_ &&
CONST_8 < Length_1_ &&
CharAt(CONST_0)_2_ != CharAt(CONST_7)_10_ &&
CONST_7 < Length_1_ &&
CharAt(CONST_0)_2_ != CharAt(CONST_6)_9_ &&
CONST_6 < Length_1_ &&
CharAt(CONST_0)_2_ != CharAt(CONST_5)_8_ &&
CONST_5 < Length_1_ &&
CharAt(CONST_0)_2_ != CharAt(CONST_4)_7_ &&
CONST_4 < Length_1_ &&
CharAt(CONST_0)_2_ != CharAt(CONST_3)_6_ &&
CONST_3 < Length_1_ &&
CharAt(CONST_0)_2_ != CharAt(CONST_2)_5_ &&
CONST_2 < Length_1_ &&
CharAt(CONST_0)_2_ != CharAt(CONST_1)_4_ &&
CONST_1 < Length_1_ &&
CharAt(CONST_0)_2_ != CharAt(CONST_0)_3_ &&
CONST_0 < Length_1_ &&
CONST_0 < Length_0_
$$$$$$$$$$$$$$$$$$$$$$$$$$$$$$$$
Calling Z3str3

current query... 
(declare-const text_1 String)
(declare-const delims_2 String)


(assert (>= 1 (str.len text_1)))
(assert (>= 9 (str.len delims_2)))
(assert (not (= (str.at text_1 0) (str.at delims_2 8))))
(assert (< 8 (str.len delims_2)))
(assert (not (= (str.at text_1 0) (str.at delims_2 7))))
(assert (< 7 (str.len delims_2)))
(assert (not (= (str.at text_1 0) (str.at delims_2 6))))
(assert (< 6 (str.len delims_2)))
(assert (not (= (str.at text_1 0) (str.at delims_2 5))))
(assert (< 5 (str.len delims_2)))
(assert (not (= (str.at text_1 0) (str.at delims_2 4))))
(assert (< 4 (str.len delims_2)))
(assert (not (= (str.at text_1 0) (str.at delims_2 3))))
(assert (< 3 (str.len delims_2)))
(assert (not (= (str.at text_1 0) (str.at delims_2 2))))
(assert (< 2 (str.len delims_2)))
(assert (not (= (str.at text_1 0) (str.at delims_2 1))))
(assert (< 1 (str.len delims_2)))
(assert (not (= (str.at text_1 0) (str.at delims_2 0))))
(assert (< 0 (str.len delims_2)))
(assert (< 0 (str.len text_1)))



======================
(define-fun text_1 () String
  "A")
(define-fun delims_2 () String
  "BCDEFGHIJ")
Returned solutions: 
(define-fun text_1 () String  "A")
(define-fun delims_2 () String  "BCDEFGHIJ")
*************************************
Satisfiable: true
text_1 => "A"
delims_2 => "BCDEFGHIJ"
*************************************

numeric PC: constraint # = 21
CONST_1 < Length_0_ &&
CONST_9 >= Length_1_ &&
CharAt(CONST_0)_2_ != CharAt(CONST_8)_11_ &&
CONST_8 < Length_1_ &&
CharAt(CONST_0)_2_ != CharAt(CONST_7)_10_ &&
CONST_7 < Length_1_ &&
CharAt(CONST_0)_2_ != CharAt(CONST_6)_9_ &&
CONST_6 < Length_1_ &&
CharAt(CONST_0)_2_ != CharAt(CONST_5)_8_ &&
CONST_5 < Length_1_ &&
CharAt(CONST_0)_2_ != CharAt(CONST_4)_7_ &&
CONST_4 < Length_1_ &&
CharAt(CONST_0)_2_ != CharAt(CONST_3)_6_ &&
CONST_3 < Length_1_ &&
CharAt(CONST_0)_2_ != CharAt(CONST_2)_5_ &&
CONST_2 < Length_1_ &&
CharAt(CONST_0)_2_ != CharAt(CONST_1)_4_ &&
CONST_1 < Length_1_ &&
CharAt(CONST_0)_2_ != CharAt(CONST_0)_3_ &&
CONST_0 < Length_1_ &&
CONST_0 < Length_0_ -> true

### PCs: total:46 sat:46 unsat:0

string analysis: SPC # = 0
NPC constraint # = 21
CONST_1 < Length_0_ &&
CONST_9 >= Length_1_ &&
CharAt(CONST_0)_2_ != CharAt(CONST_8)_11_ &&
CONST_8 < Length_1_ &&
CharAt(CONST_0)_2_ != CharAt(CONST_7)_10_ &&
CONST_7 < Length_1_ &&
CharAt(CONST_0)_2_ != CharAt(CONST_6)_9_ &&
CONST_6 < Length_1_ &&
CharAt(CONST_0)_2_ != CharAt(CONST_5)_8_ &&
CONST_5 < Length_1_ &&
CharAt(CONST_0)_2_ != CharAt(CONST_4)_7_ &&
CONST_4 < Length_1_ &&
CharAt(CONST_0)_2_ != CharAt(CONST_3)_6_ &&
CONST_3 < Length_1_ &&
CharAt(CONST_0)_2_ != CharAt(CONST_2)_5_ &&
CONST_2 < Length_1_ &&
CharAt(CONST_0)_2_ != CharAt(CONST_1)_4_ &&
CONST_1 < Length_1_ &&
CharAt(CONST_0)_2_ != CharAt(CONST_0)_3_ &&
CONST_0 < Length_1_ &&
CONST_0 < Length_0_
$$$$$$$$$$$$$$$$$$$$$$$$$$$$$$$$
Calling Z3str3

current query... 
(declare-const text_1 String)
(declare-const delims_2 String)


(assert (< 1 (str.len text_1)))
(assert (>= 9 (str.len delims_2)))
(assert (not (= (str.at text_1 0) (str.at delims_2 8))))
(assert (< 8 (str.len delims_2)))
(assert (not (= (str.at text_1 0) (str.at delims_2 7))))
(assert (< 7 (str.len delims_2)))
(assert (not (= (str.at text_1 0) (str.at delims_2 6))))
(assert (< 6 (str.len delims_2)))
(assert (not (= (str.at text_1 0) (str.at delims_2 5))))
(assert (< 5 (str.len delims_2)))
(assert (not (= (str.at text_1 0) (str.at delims_2 4))))
(assert (< 4 (str.len delims_2)))
(assert (not (= (str.at text_1 0) (str.at delims_2 3))))
(assert (< 3 (str.len delims_2)))
(assert (not (= (str.at text_1 0) (str.at delims_2 2))))
(assert (< 2 (str.len delims_2)))
(assert (not (= (str.at text_1 0) (str.at delims_2 1))))
(assert (< 1 (str.len delims_2)))
(assert (not (= (str.at text_1 0) (str.at delims_2 0))))
(assert (< 0 (str.len delims_2)))
(assert (< 0 (str.len text_1)))



======================
(define-fun text_1 () String
  "AK")
(define-fun delims_2 () String
  "BCDEFGHIJ")
Returned solutions: 
(define-fun text_1 () String  "AK")
(define-fun delims_2 () String  "BCDEFGHIJ")
*************************************
Satisfiable: true
text_1 => "AK"
delims_2 => "BCDEFGHIJ"
*************************************

numeric PC: constraint # = 22
CONST_0 >= Length_1_ &&
CONST_1 < Length_0_ &&
CONST_9 >= Length_1_ &&
CharAt(CONST_0)_2_ != CharAt(CONST_8)_11_ &&
CONST_8 < Length_1_ &&
CharAt(CONST_0)_2_ != CharAt(CONST_7)_10_ &&
CONST_7 < Length_1_ &&
CharAt(CONST_0)_2_ != CharAt(CONST_6)_9_ &&
CONST_6 < Length_1_ &&
CharAt(CONST_0)_2_ != CharAt(CONST_5)_8_ &&
CONST_5 < Length_1_ &&
CharAt(CONST_0)_2_ != CharAt(CONST_4)_7_ &&
CONST_4 < Length_1_ &&
CharAt(CONST_0)_2_ != CharAt(CONST_3)_6_ &&
CONST_3 < Length_1_ &&
CharAt(CONST_0)_2_ != CharAt(CONST_2)_5_ &&
CONST_2 < Length_1_ &&
CharAt(CONST_0)_2_ != CharAt(CONST_1)_4_ &&
CONST_1 < Length_1_ &&
CharAt(CONST_0)_2_ != CharAt(CONST_0)_3_ &&
CONST_0 < Length_1_ &&
CONST_0 < Length_0_ -> false

### PCs: total:47 sat:46 unsat:1

numeric PC: constraint # = 21
CONST_1 < Length_0_ &&
CONST_9 >= Length_1_ &&
CharAt(CONST_0)_2_ != CharAt(CONST_8)_11_ &&
CONST_8 < Length_1_ &&
CharAt(CONST_0)_2_ != CharAt(CONST_7)_10_ &&
CONST_7 < Length_1_ &&
CharAt(CONST_0)_2_ != CharAt(CONST_6)_9_ &&
CONST_6 < Length_1_ &&
CharAt(CONST_0)_2_ != CharAt(CONST_5)_8_ &&
CONST_5 < Length_1_ &&
CharAt(CONST_0)_2_ != CharAt(CONST_4)_7_ &&
CONST_4 < Length_1_ &&
CharAt(CONST_0)_2_ != CharAt(CONST_3)_6_ &&
CONST_3 < Length_1_ &&
CharAt(CONST_0)_2_ != CharAt(CONST_2)_5_ &&
CONST_2 < Length_1_ &&
CharAt(CONST_0)_2_ != CharAt(CONST_1)_4_ &&
CONST_1 < Length_1_ &&
CharAt(CONST_0)_2_ != CharAt(CONST_0)_3_ &&
CONST_0 < Length_1_ &&
CONST_0 < Length_0_ -> true

### PCs: total:48 sat:47 unsat:1

string analysis: SPC # = 0
NPC constraint # = 21
CONST_1 < Length_0_ &&
CONST_9 >= Length_1_ &&
CharAt(CONST_0)_2_ != CharAt(CONST_8)_11_ &&
CONST_8 < Length_1_ &&
CharAt(CONST_0)_2_ != CharAt(CONST_7)_10_ &&
CONST_7 < Length_1_ &&
CharAt(CONST_0)_2_ != CharAt(CONST_6)_9_ &&
CONST_6 < Length_1_ &&
CharAt(CONST_0)_2_ != CharAt(CONST_5)_8_ &&
CONST_5 < Length_1_ &&
CharAt(CONST_0)_2_ != CharAt(CONST_4)_7_ &&
CONST_4 < Length_1_ &&
CharAt(CONST_0)_2_ != CharAt(CONST_3)_6_ &&
CONST_3 < Length_1_ &&
CharAt(CONST_0)_2_ != CharAt(CONST_2)_5_ &&
CONST_2 < Length_1_ &&
CharAt(CONST_0)_2_ != CharAt(CONST_1)_4_ &&
CONST_1 < Length_1_ &&
CharAt(CONST_0)_2_ != CharAt(CONST_0)_3_ &&
CONST_0 < Length_1_ &&
CONST_0 < Length_0_
$$$$$$$$$$$$$$$$$$$$$$$$$$$$$$$$
Calling Z3str3

current query... 
(declare-const text_1 String)
(declare-const delims_2 String)


(assert (< 1 (str.len text_1)))
(assert (>= 9 (str.len delims_2)))
(assert (not (= (str.at text_1 0) (str.at delims_2 8))))
(assert (< 8 (str.len delims_2)))
(assert (not (= (str.at text_1 0) (str.at delims_2 7))))
(assert (< 7 (str.len delims_2)))
(assert (not (= (str.at text_1 0) (str.at delims_2 6))))
(assert (< 6 (str.len delims_2)))
(assert (not (= (str.at text_1 0) (str.at delims_2 5))))
(assert (< 5 (str.len delims_2)))
(assert (not (= (str.at text_1 0) (str.at delims_2 4))))
(assert (< 4 (str.len delims_2)))
(assert (not (= (str.at text_1 0) (str.at delims_2 3))))
(assert (< 3 (str.len delims_2)))
(assert (not (= (str.at text_1 0) (str.at delims_2 2))))
(assert (< 2 (str.len delims_2)))
(assert (not (= (str.at text_1 0) (str.at delims_2 1))))
(assert (< 1 (str.len delims_2)))
(assert (not (= (str.at text_1 0) (str.at delims_2 0))))
(assert (< 0 (str.len delims_2)))
(assert (< 0 (str.len text_1)))



======================
(define-fun text_1 () String
  "AK")
(define-fun delims_2 () String
  "BCDEFGHIJ")
Returned solutions: 
(define-fun text_1 () String  "AK")
(define-fun delims_2 () String  "BCDEFGHIJ")
*************************************
Satisfiable: true
text_1 => "AK"
delims_2 => "BCDEFGHIJ"
*************************************

New sym int CharAt(CONST_1)_13_ min=0, max=65535
numeric PC: constraint # = 22
CharAt(CONST_1)_13_ == CharAt(CONST_0)_3_ &&
CONST_1 < Length_0_ &&
CONST_9 >= Length_1_ &&
CharAt(CONST_0)_2_ != CharAt(CONST_8)_11_ &&
CONST_8 < Length_1_ &&
CharAt(CONST_0)_2_ != CharAt(CONST_7)_10_ &&
CONST_7 < Length_1_ &&
CharAt(CONST_0)_2_ != CharAt(CONST_6)_9_ &&
CONST_6 < Length_1_ &&
CharAt(CONST_0)_2_ != CharAt(CONST_5)_8_ &&
CONST_5 < Length_1_ &&
CharAt(CONST_0)_2_ != CharAt(CONST_4)_7_ &&
CONST_4 < Length_1_ &&
CharAt(CONST_0)_2_ != CharAt(CONST_3)_6_ &&
CONST_3 < Length_1_ &&
CharAt(CONST_0)_2_ != CharAt(CONST_2)_5_ &&
CONST_2 < Length_1_ &&
CharAt(CONST_0)_2_ != CharAt(CONST_1)_4_ &&
CONST_1 < Length_1_ &&
CharAt(CONST_0)_2_ != CharAt(CONST_0)_3_ &&
CONST_0 < Length_1_ &&
CONST_0 < Length_0_ -> true

### PCs: total:49 sat:48 unsat:1

string analysis: SPC # = 0
NPC constraint # = 22
CharAt(CONST_1)_13_ == CharAt(CONST_0)_3_ &&
CONST_1 < Length_0_ &&
CONST_9 >= Length_1_ &&
CharAt(CONST_0)_2_ != CharAt(CONST_8)_11_ &&
CONST_8 < Length_1_ &&
CharAt(CONST_0)_2_ != CharAt(CONST_7)_10_ &&
CONST_7 < Length_1_ &&
CharAt(CONST_0)_2_ != CharAt(CONST_6)_9_ &&
CONST_6 < Length_1_ &&
CharAt(CONST_0)_2_ != CharAt(CONST_5)_8_ &&
CONST_5 < Length_1_ &&
CharAt(CONST_0)_2_ != CharAt(CONST_4)_7_ &&
CONST_4 < Length_1_ &&
CharAt(CONST_0)_2_ != CharAt(CONST_3)_6_ &&
CONST_3 < Length_1_ &&
CharAt(CONST_0)_2_ != CharAt(CONST_2)_5_ &&
CONST_2 < Length_1_ &&
CharAt(CONST_0)_2_ != CharAt(CONST_1)_4_ &&
CONST_1 < Length_1_ &&
CharAt(CONST_0)_2_ != CharAt(CONST_0)_3_ &&
CONST_0 < Length_1_ &&
CONST_0 < Length_0_
$$$$$$$$$$$$$$$$$$$$$$$$$$$$$$$$
Calling Z3str3

current query... 
(declare-const text_1 String)
(declare-const delims_2 String)


(assert (= (str.at text_1 1) (str.at delims_2 0)))
(assert (< 1 (str.len text_1)))
(assert (>= 9 (str.len delims_2)))
(assert (not (= (str.at text_1 0) (str.at delims_2 8))))
(assert (< 8 (str.len delims_2)))
(assert (not (= (str.at text_1 0) (str.at delims_2 7))))
(assert (< 7 (str.len delims_2)))
(assert (not (= (str.at text_1 0) (str.at delims_2 6))))
(assert (< 6 (str.len delims_2)))
(assert (not (= (str.at text_1 0) (str.at delims_2 5))))
(assert (< 5 (str.len delims_2)))
(assert (not (= (str.at text_1 0) (str.at delims_2 4))))
(assert (< 4 (str.len delims_2)))
(assert (not (= (str.at text_1 0) (str.at delims_2 3))))
(assert (< 3 (str.len delims_2)))
(assert (not (= (str.at text_1 0) (str.at delims_2 2))))
(assert (< 2 (str.len delims_2)))
(assert (not (= (str.at text_1 0) (str.at delims_2 1))))
(assert (< 1 (str.len delims_2)))
(assert (not (= (str.at text_1 0) (str.at delims_2 0))))
(assert (< 0 (str.len delims_2)))
(assert (< 0 (str.len text_1)))



======================
(define-fun text_1 () String
  "AB")
(define-fun delims_2 () String
  "BCDEFGHIJ")
Returned solutions: 
(define-fun text_1 () String  "AB")
(define-fun delims_2 () String  "BCDEFGHIJ")
*************************************
Satisfiable: true
text_1 => "AB"
delims_2 => "BCDEFGHIJ"
*************************************

numeric PC: constraint # = 22
CharAt(CONST_1)_13_ != CharAt(CONST_0)_3_ &&
CONST_1 < Length_0_ &&
CONST_9 >= Length_1_ &&
CharAt(CONST_0)_2_ != CharAt(CONST_8)_11_ &&
CONST_8 < Length_1_ &&
CharAt(CONST_0)_2_ != CharAt(CONST_7)_10_ &&
CONST_7 < Length_1_ &&
CharAt(CONST_0)_2_ != CharAt(CONST_6)_9_ &&
CONST_6 < Length_1_ &&
CharAt(CONST_0)_2_ != CharAt(CONST_5)_8_ &&
CONST_5 < Length_1_ &&
CharAt(CONST_0)_2_ != CharAt(CONST_4)_7_ &&
CONST_4 < Length_1_ &&
CharAt(CONST_0)_2_ != CharAt(CONST_3)_6_ &&
CONST_3 < Length_1_ &&
CharAt(CONST_0)_2_ != CharAt(CONST_2)_5_ &&
CONST_2 < Length_1_ &&
CharAt(CONST_0)_2_ != CharAt(CONST_1)_4_ &&
CONST_1 < Length_1_ &&
CharAt(CONST_0)_2_ != CharAt(CONST_0)_3_ &&
CONST_0 < Length_1_ &&
CONST_0 < Length_0_ -> true

### PCs: total:50 sat:49 unsat:1

string analysis: SPC # = 0
NPC constraint # = 22
CharAt(CONST_1)_13_ != CharAt(CONST_0)_3_ &&
CONST_1 < Length_0_ &&
CONST_9 >= Length_1_ &&
CharAt(CONST_0)_2_ != CharAt(CONST_8)_11_ &&
CONST_8 < Length_1_ &&
CharAt(CONST_0)_2_ != CharAt(CONST_7)_10_ &&
CONST_7 < Length_1_ &&
CharAt(CONST_0)_2_ != CharAt(CONST_6)_9_ &&
CONST_6 < Length_1_ &&
CharAt(CONST_0)_2_ != CharAt(CONST_5)_8_ &&
CONST_5 < Length_1_ &&
CharAt(CONST_0)_2_ != CharAt(CONST_4)_7_ &&
CONST_4 < Length_1_ &&
CharAt(CONST_0)_2_ != CharAt(CONST_3)_6_ &&
CONST_3 < Length_1_ &&
CharAt(CONST_0)_2_ != CharAt(CONST_2)_5_ &&
CONST_2 < Length_1_ &&
CharAt(CONST_0)_2_ != CharAt(CONST_1)_4_ &&
CONST_1 < Length_1_ &&
CharAt(CONST_0)_2_ != CharAt(CONST_0)_3_ &&
CONST_0 < Length_1_ &&
CONST_0 < Length_0_
$$$$$$$$$$$$$$$$$$$$$$$$$$$$$$$$
Calling Z3str3

current query... 
(declare-const text_1 String)
(declare-const delims_2 String)


(assert (not (= (str.at text_1 1) (str.at delims_2 0))))
(assert (< 1 (str.len text_1)))
(assert (>= 9 (str.len delims_2)))
(assert (not (= (str.at text_1 0) (str.at delims_2 8))))
(assert (< 8 (str.len delims_2)))
(assert (not (= (str.at text_1 0) (str.at delims_2 7))))
(assert (< 7 (str.len delims_2)))
(assert (not (= (str.at text_1 0) (str.at delims_2 6))))
(assert (< 6 (str.len delims_2)))
(assert (not (= (str.at text_1 0) (str.at delims_2 5))))
(assert (< 5 (str.len delims_2)))
(assert (not (= (str.at text_1 0) (str.at delims_2 4))))
(assert (< 4 (str.len delims_2)))
(assert (not (= (str.at text_1 0) (str.at delims_2 3))))
(assert (< 3 (str.len delims_2)))
(assert (not (= (str.at text_1 0) (str.at delims_2 2))))
(assert (< 2 (str.len delims_2)))
(assert (not (= (str.at text_1 0) (str.at delims_2 1))))
(assert (< 1 (str.len delims_2)))
(assert (not (= (str.at text_1 0) (str.at delims_2 0))))
(assert (< 0 (str.len delims_2)))
(assert (< 0 (str.len text_1)))



======================
(define-fun text_1 () String
  "AB")
(define-fun delims_2 () String
  "CDEFGHIJK")
Returned solutions: 
(define-fun text_1 () String  "AB")
(define-fun delims_2 () String  "CDEFGHIJK")
*************************************
Satisfiable: true
text_1 => "AB"
delims_2 => "CDEFGHIJK"
*************************************


====================================================== search constraint
depth limit reached: 23

====================================================== snapshot 
thread java.lang.Thread:{id:0,name:main,status:RUNNING,priority:5,isDaemon:false,lockCount:0,suspendCount:0}
  call stack:
	at strings.DelimSearch.search(DelimSearch.java:7)
	at strings.DelimSearch.main(DelimSearch.java:18)

numeric PC: constraint # = 21
CONST_1 < Length_0_ &&
CONST_9 >= Length_1_ &&
CharAt(CONST_0)_2_ != CharAt(CONST_8)_11_ &&
CONST_8 < Length_1_ &&
CharAt(CONST_0)_2_ != CharAt(CONST_7)_10_ &&
CONST_7 < Length_1_ &&
CharAt(CONST_0)_2_ != CharAt(CONST_6)_9_ &&
CONST_6 < Length_1_ &&
CharAt(CONST_0)_2_ != CharAt(CONST_5)_8_ &&
CONST_5 < Length_1_ &&
CharAt(CONST_0)_2_ != CharAt(CONST_4)_7_ &&
CONST_4 < Length_1_ &&
CharAt(CONST_0)_2_ != CharAt(CONST_3)_6_ &&
CONST_3 < Length_1_ &&
CharAt(CONST_0)_2_ != CharAt(CONST_2)_5_ &&
CONST_2 < Length_1_ &&
CharAt(CONST_0)_2_ != CharAt(CONST_1)_4_ &&
CONST_1 < Length_1_ &&
CharAt(CONST_0)_2_ != CharAt(CONST_0)_3_ &&
CONST_0 < Length_1_ &&
CONST_0 < Length_0_ -> true

string analysis: SPC # = 0
NPC constraint # = 21
CONST_1 < Length_0_[2] &&
CONST_9 >= Length_1_[9] &&
CharAt(CONST_0)_2_[0] != CharAt(CONST_8)_11_[1] &&
CONST_8 < Length_1_[9] &&
CharAt(CONST_0)_2_[0] != CharAt(CONST_7)_10_[1] &&
CONST_7 < Length_1_[9] &&
CharAt(CONST_0)_2_[0] != CharAt(CONST_6)_9_[1] &&
CONST_6 < Length_1_[9] &&
CharAt(CONST_0)_2_[0] != CharAt(CONST_5)_8_[1] &&
CONST_5 < Length_1_[9] &&
CharAt(CONST_0)_2_[0] != CharAt(CONST_4)_7_[1] &&
CONST_4 < Length_1_[9] &&
CharAt(CONST_0)_2_[0] != CharAt(CONST_3)_6_[1] &&
CONST_3 < Length_1_[9] &&
CharAt(CONST_0)_2_[0] != CharAt(CONST_2)_5_[1] &&
CONST_2 < Length_1_[9] &&
CharAt(CONST_0)_2_[0] != CharAt(CONST_1)_4_[1] &&
CONST_1 < Length_1_[9] &&
CharAt(CONST_0)_2_[0] != CharAt(CONST_0)_3_[1] &&
CONST_0 < Length_1_[9] &&
CONST_0 < Length_0_[2]
$$$$$$$$$$$$$$$$$$$$$$$$$$$$$$$$
Calling Z3str3

current query... 
(declare-const text_1 String)
(declare-const delims_2 String)


(assert (< 1 (str.len text_1)))
(assert (>= 9 (str.len delims_2)))
(assert (not (= (str.at text_1 0) (str.at delims_2 8))))
(assert (< 8 (str.len delims_2)))
(assert (not (= (str.at text_1 0) (str.at delims_2 7))))
(assert (< 7 (str.len delims_2)))
(assert (not (= (str.at text_1 0) (str.at delims_2 6))))
(assert (< 6 (str.len delims_2)))
(assert (not (= (str.at text_1 0) (str.at delims_2 5))))
(assert (< 5 (str.len delims_2)))
(assert (not (= (str.at text_1 0) (str.at delims_2 4))))
(assert (< 4 (str.len delims_2)))
(assert (not (= (str.at text_1 0) (str.at delims_2 3))))
(assert (< 3 (str.len delims_2)))
(assert (not (= (str.at text_1 0) (str.at delims_2 2))))
(assert (< 2 (str.len delims_2)))
(assert (not (= (str.at text_1 0) (str.at delims_2 1))))
(assert (< 1 (str.len delims_2)))
(assert (not (= (str.at text_1 0) (str.at delims_2 0))))
(assert (< 0 (str.len delims_2)))
(assert (< 0 (str.len text_1)))



======================
(define-fun text_1 () String
  "AK")
(define-fun delims_2 () String
  "BCDEFGHIJ")
Returned solutions: 
(define-fun text_1 () String  "AK")
(define-fun delims_2 () String  "BCDEFGHIJ")
*************************************
Satisfiable: true
text_1 => "AK"
delims_2 => "BCDEFGHIJ"
*************************************

numeric PC: constraint # = 22
Length_0_ >= CONST_12 &&
CONST_1 >= Length_0_ &&
CONST_9 >= Length_1_ &&
CharAt(CONST_0)_2_ != CharAt(CONST_8)_11_ &&
CONST_8 < Length_1_ &&
CharAt(CONST_0)_2_ != CharAt(CONST_7)_10_ &&
CONST_7 < Length_1_ &&
CharAt(CONST_0)_2_ != CharAt(CONST_6)_9_ &&
CONST_6 < Length_1_ &&
CharAt(CONST_0)_2_ != CharAt(CONST_5)_8_ &&
CONST_5 < Length_1_ &&
CharAt(CONST_0)_2_ != CharAt(CONST_4)_7_ &&
CONST_4 < Length_1_ &&
CharAt(CONST_0)_2_ != CharAt(CONST_3)_6_ &&
CONST_3 < Length_1_ &&
CharAt(CONST_0)_2_ != CharAt(CONST_2)_5_ &&
CONST_2 < Length_1_ &&
CharAt(CONST_0)_2_ != CharAt(CONST_1)_4_ &&
CONST_1 < Length_1_ &&
CharAt(CONST_0)_2_ != CharAt(CONST_0)_3_ &&
CONST_0 < Length_1_ &&
CONST_0 < Length_0_ -> false

### PCs: total:51 sat:49 unsat:2

numeric PC: constraint # = 22
Length_0_ < CONST_12 &&
CONST_1 >= Length_0_ &&
CONST_9 >= Length_1_ &&
CharAt(CONST_0)_2_ != CharAt(CONST_8)_11_ &&
CONST_8 < Length_1_ &&
CharAt(CONST_0)_2_ != CharAt(CONST_7)_10_ &&
CONST_7 < Length_1_ &&
CharAt(CONST_0)_2_ != CharAt(CONST_6)_9_ &&
CONST_6 < Length_1_ &&
CharAt(CONST_0)_2_ != CharAt(CONST_5)_8_ &&
CONST_5 < Length_1_ &&
CharAt(CONST_0)_2_ != CharAt(CONST_4)_7_ &&
CONST_4 < Length_1_ &&
CharAt(CONST_0)_2_ != CharAt(CONST_3)_6_ &&
CONST_3 < Length_1_ &&
CharAt(CONST_0)_2_ != CharAt(CONST_2)_5_ &&
CONST_2 < Length_1_ &&
CharAt(CONST_0)_2_ != CharAt(CONST_1)_4_ &&
CONST_1 < Length_1_ &&
CharAt(CONST_0)_2_ != CharAt(CONST_0)_3_ &&
CONST_0 < Length_1_ &&
CONST_0 < Length_0_ -> true

### PCs: total:52 sat:50 unsat:2

string analysis: SPC # = 0
NPC constraint # = 22
Length_0_ < CONST_12 &&
CONST_1 >= Length_0_ &&
CONST_9 >= Length_1_ &&
CharAt(CONST_0)_2_ != CharAt(CONST_8)_11_ &&
CONST_8 < Length_1_ &&
CharAt(CONST_0)_2_ != CharAt(CONST_7)_10_ &&
CONST_7 < Length_1_ &&
CharAt(CONST_0)_2_ != CharAt(CONST_6)_9_ &&
CONST_6 < Length_1_ &&
CharAt(CONST_0)_2_ != CharAt(CONST_5)_8_ &&
CONST_5 < Length_1_ &&
CharAt(CONST_0)_2_ != CharAt(CONST_4)_7_ &&
CONST_4 < Length_1_ &&
CharAt(CONST_0)_2_ != CharAt(CONST_3)_6_ &&
CONST_3 < Length_1_ &&
CharAt(CONST_0)_2_ != CharAt(CONST_2)_5_ &&
CONST_2 < Length_1_ &&
CharAt(CONST_0)_2_ != CharAt(CONST_1)_4_ &&
CONST_1 < Length_1_ &&
CharAt(CONST_0)_2_ != CharAt(CONST_0)_3_ &&
CONST_0 < Length_1_ &&
CONST_0 < Length_0_
$$$$$$$$$$$$$$$$$$$$$$$$$$$$$$$$
Calling Z3str3

current query... 
(declare-const text_1 String)
(declare-const delims_2 String)


(assert (< (str.len text_1) 12))
(assert (>= 1 (str.len text_1)))
(assert (>= 9 (str.len delims_2)))
(assert (not (= (str.at text_1 0) (str.at delims_2 8))))
(assert (< 8 (str.len delims_2)))
(assert (not (= (str.at text_1 0) (str.at delims_2 7))))
(assert (< 7 (str.len delims_2)))
(assert (not (= (str.at text_1 0) (str.at delims_2 6))))
(assert (< 6 (str.len delims_2)))
(assert (not (= (str.at text_1 0) (str.at delims_2 5))))
(assert (< 5 (str.len delims_2)))
(assert (not (= (str.at text_1 0) (str.at delims_2 4))))
(assert (< 4 (str.len delims_2)))
(assert (not (= (str.at text_1 0) (str.at delims_2 3))))
(assert (< 3 (str.len delims_2)))
(assert (not (= (str.at text_1 0) (str.at delims_2 2))))
(assert (< 2 (str.len delims_2)))
(assert (not (= (str.at text_1 0) (str.at delims_2 1))))
(assert (< 1 (str.len delims_2)))
(assert (not (= (str.at text_1 0) (str.at delims_2 0))))
(assert (< 0 (str.len delims_2)))
(assert (< 0 (str.len text_1)))



======================
(define-fun text_1 () String
  "A")
(define-fun delims_2 () String
  "BCDEFGHIJ")
Returned solutions: 
(define-fun text_1 () String  "A")
(define-fun delims_2 () String  "BCDEFGHIJ")
*************************************
Satisfiable: true
text_1 => "A"
delims_2 => "BCDEFGHIJ"
*************************************

New sym int CharAt(Length_0_)_14_ min=0, max=65535
Symbolic Exp [ CONST_Delimiter [.concat(.valueof[(CharAt(Length_0_)_14_)]).concat(CONST_] found at ).concat(.valueof[(Length_0_)])]

====================================================== search constraint
depth limit reached: 23

====================================================== snapshot 
no live threads
numeric PC: constraint # = 21
CONST_1 >= Length_0_ &&
CONST_9 >= Length_1_ &&
CharAt(CONST_0)_2_ != CharAt(CONST_8)_11_ &&
CONST_8 < Length_1_ &&
CharAt(CONST_0)_2_ != CharAt(CONST_7)_10_ &&
CONST_7 < Length_1_ &&
CharAt(CONST_0)_2_ != CharAt(CONST_6)_9_ &&
CONST_6 < Length_1_ &&
CharAt(CONST_0)_2_ != CharAt(CONST_5)_8_ &&
CONST_5 < Length_1_ &&
CharAt(CONST_0)_2_ != CharAt(CONST_4)_7_ &&
CONST_4 < Length_1_ &&
CharAt(CONST_0)_2_ != CharAt(CONST_3)_6_ &&
CONST_3 < Length_1_ &&
CharAt(CONST_0)_2_ != CharAt(CONST_2)_5_ &&
CONST_2 < Length_1_ &&
CharAt(CONST_0)_2_ != CharAt(CONST_1)_4_ &&
CONST_1 < Length_1_ &&
CharAt(CONST_0)_2_ != CharAt(CONST_0)_3_ &&
CONST_0 < Length_1_ &&
CONST_0 < Length_0_ -> true

string analysis: SPC # = 0
NPC constraint # = 21
CONST_1 >= Length_0_[1] &&
CONST_9 >= Length_1_[9] &&
CharAt(CONST_0)_2_[0] != CharAt(CONST_8)_11_[1] &&
CONST_8 < Length_1_[9] &&
CharAt(CONST_0)_2_[0] != CharAt(CONST_7)_10_[1] &&
CONST_7 < Length_1_[9] &&
CharAt(CONST_0)_2_[0] != CharAt(CONST_6)_9_[1] &&
CONST_6 < Length_1_[9] &&
CharAt(CONST_0)_2_[0] != CharAt(CONST_5)_8_[1] &&
CONST_5 < Length_1_[9] &&
CharAt(CONST_0)_2_[0] != CharAt(CONST_4)_7_[1] &&
CONST_4 < Length_1_[9] &&
CharAt(CONST_0)_2_[0] != CharAt(CONST_3)_6_[1] &&
CONST_3 < Length_1_[9] &&
CharAt(CONST_0)_2_[0] != CharAt(CONST_2)_5_[1] &&
CONST_2 < Length_1_[9] &&
CharAt(CONST_0)_2_[0] != CharAt(CONST_1)_4_[1] &&
CONST_1 < Length_1_[9] &&
CharAt(CONST_0)_2_[0] != CharAt(CONST_0)_3_[1] &&
CONST_0 < Length_1_[9] &&
CONST_0 < Length_0_[1]
$$$$$$$$$$$$$$$$$$$$$$$$$$$$$$$$
Calling Z3str3

current query... 
(declare-const text_1 String)
(declare-const delims_2 String)


(assert (>= 1 (str.len text_1)))
(assert (>= 9 (str.len delims_2)))
(assert (not (= (str.at text_1 0) (str.at delims_2 8))))
(assert (< 8 (str.len delims_2)))
(assert (not (= (str.at text_1 0) (str.at delims_2 7))))
(assert (< 7 (str.len delims_2)))
(assert (not (= (str.at text_1 0) (str.at delims_2 6))))
(assert (< 6 (str.len delims_2)))
(assert (not (= (str.at text_1 0) (str.at delims_2 5))))
(assert (< 5 (str.len delims_2)))
(assert (not (= (str.at text_1 0) (str.at delims_2 4))))
(assert (< 4 (str.len delims_2)))
(assert (not (= (str.at text_1 0) (str.at delims_2 3))))
(assert (< 3 (str.len delims_2)))
(assert (not (= (str.at text_1 0) (str.at delims_2 2))))
(assert (< 2 (str.len delims_2)))
(assert (not (= (str.at text_1 0) (str.at delims_2 1))))
(assert (< 1 (str.len delims_2)))
(assert (not (= (str.at text_1 0) (str.at delims_2 0))))
(assert (< 0 (str.len delims_2)))
(assert (< 0 (str.len text_1)))



======================
(define-fun text_1 () String
  "A")
(define-fun delims_2 () String
  "BCDEFGHIJ")
Returned solutions: 
(define-fun text_1 () String  "A")
(define-fun delims_2 () String  "BCDEFGHIJ")
*************************************
Satisfiable: true
text_1 => "A"
delims_2 => "BCDEFGHIJ"
*************************************

numeric PC: constraint # = 20
CONST_9 >= Length_1_[9] &&
CharAt(CONST_0)_2_[0] != CharAt(CONST_8)_11_[1] &&
CONST_8 < Length_1_[9] &&
CharAt(CONST_0)_2_[0] != CharAt(CONST_7)_10_[1] &&
CONST_7 < Length_1_[9] &&
CharAt(CONST_0)_2_[0] != CharAt(CONST_6)_9_[1] &&
CONST_6 < Length_1_[9] &&
CharAt(CONST_0)_2_[0] != CharAt(CONST_5)_8_[1] &&
CONST_5 < Length_1_[9] &&
CharAt(CONST_0)_2_[0] != CharAt(CONST_4)_7_[1] &&
CONST_4 < Length_1_[9] &&
CharAt(CONST_0)_2_[0] != CharAt(CONST_3)_6_[1] &&
CONST_3 < Length_1_[9] &&
CharAt(CONST_0)_2_[0] != CharAt(CONST_2)_5_[1] &&
CONST_2 < Length_1_[9] &&
CharAt(CONST_0)_2_[0] != CharAt(CONST_1)_4_[1] &&
CONST_1 < Length_1_[9] &&
CharAt(CONST_0)_2_[0] != CharAt(CONST_0)_3_[1] &&
CONST_0 < Length_1_[9] &&
CONST_0 < Length_0_[1] -> true

string analysis: SPC # = 0
NPC constraint # = 20
CONST_9 >= Length_1_[9] &&
CharAt(CONST_0)_2_[0] != CharAt(CONST_8)_11_[1] &&
CONST_8 < Length_1_[9] &&
CharAt(CONST_0)_2_[0] != CharAt(CONST_7)_10_[1] &&
CONST_7 < Length_1_[9] &&
CharAt(CONST_0)_2_[0] != CharAt(CONST_6)_9_[1] &&
CONST_6 < Length_1_[9] &&
CharAt(CONST_0)_2_[0] != CharAt(CONST_5)_8_[1] &&
CONST_5 < Length_1_[9] &&
CharAt(CONST_0)_2_[0] != CharAt(CONST_4)_7_[1] &&
CONST_4 < Length_1_[9] &&
CharAt(CONST_0)_2_[0] != CharAt(CONST_3)_6_[1] &&
CONST_3 < Length_1_[9] &&
CharAt(CONST_0)_2_[0] != CharAt(CONST_2)_5_[1] &&
CONST_2 < Length_1_[9] &&
CharAt(CONST_0)_2_[0] != CharAt(CONST_1)_4_[1] &&
CONST_1 < Length_1_[9] &&
CharAt(CONST_0)_2_[0] != CharAt(CONST_0)_3_[1] &&
CONST_0 < Length_1_[9] &&
CONST_0 < Length_0_[1]
$$$$$$$$$$$$$$$$$$$$$$$$$$$$$$$$
Calling Z3str3

current query... 
(declare-const delims_2 String)
(declare-const text_1 String)


(assert (>= 9 (str.len delims_2)))
(assert (not (= (str.at text_1 0) (str.at delims_2 8))))
(assert (< 8 (str.len delims_2)))
(assert (not (= (str.at text_1 0) (str.at delims_2 7))))
(assert (< 7 (str.len delims_2)))
(assert (not (= (str.at text_1 0) (str.at delims_2 6))))
(assert (< 6 (str.len delims_2)))
(assert (not (= (str.at text_1 0) (str.at delims_2 5))))
(assert (< 5 (str.len delims_2)))
(assert (not (= (str.at text_1 0) (str.at delims_2 4))))
(assert (< 4 (str.len delims_2)))
(assert (not (= (str.at text_1 0) (str.at delims_2 3))))
(assert (< 3 (str.len delims_2)))
(assert (not (= (str.at text_1 0) (str.at delims_2 2))))
(assert (< 2 (str.len delims_2)))
(assert (not (= (str.at text_1 0) (str.at delims_2 1))))
(assert (< 1 (str.len delims_2)))
(assert (not (= (str.at text_1 0) (str.at delims_2 0))))
(assert (< 0 (str.len delims_2)))
(assert (< 0 (str.len text_1)))



======================
(define-fun text_1 () String
  "A")
(define-fun delims_2 () String
  "BCDEFGHIJ")
Returned solutions: 
(define-fun text_1 () String  "A")
(define-fun delims_2 () String  "BCDEFGHIJ")
*************************************
Satisfiable: true
text_1 => "A"
delims_2 => "BCDEFGHIJ"
*************************************

numeric PC: constraint # = 19
CharAt(CONST_0)_2_[0] != CharAt(CONST_8)_11_[1] &&
CONST_8 < Length_1_[9] &&
CharAt(CONST_0)_2_[0] != CharAt(CONST_7)_10_[1] &&
CONST_7 < Length_1_[9] &&
CharAt(CONST_0)_2_[0] != CharAt(CONST_6)_9_[1] &&
CONST_6 < Length_1_[9] &&
CharAt(CONST_0)_2_[0] != CharAt(CONST_5)_8_[1] &&
CONST_5 < Length_1_[9] &&
CharAt(CONST_0)_2_[0] != CharAt(CONST_4)_7_[1] &&
CONST_4 < Length_1_[9] &&
CharAt(CONST_0)_2_[0] != CharAt(CONST_3)_6_[1] &&
CONST_3 < Length_1_[9] &&
CharAt(CONST_0)_2_[0] != CharAt(CONST_2)_5_[1] &&
CONST_2 < Length_1_[9] &&
CharAt(CONST_0)_2_[0] != CharAt(CONST_1)_4_[1] &&
CONST_1 < Length_1_[9] &&
CharAt(CONST_0)_2_[0] != CharAt(CONST_0)_3_[1] &&
CONST_0 < Length_1_[9] &&
CONST_0 < Length_0_[1] -> true

string analysis: SPC # = 0
NPC constraint # = 19
CharAt(CONST_0)_2_[0] != CharAt(CONST_8)_11_[1] &&
CONST_8 < Length_1_[9] &&
CharAt(CONST_0)_2_[0] != CharAt(CONST_7)_10_[1] &&
CONST_7 < Length_1_[9] &&
CharAt(CONST_0)_2_[0] != CharAt(CONST_6)_9_[1] &&
CONST_6 < Length_1_[9] &&
CharAt(CONST_0)_2_[0] != CharAt(CONST_5)_8_[1] &&
CONST_5 < Length_1_[9] &&
CharAt(CONST_0)_2_[0] != CharAt(CONST_4)_7_[1] &&
CONST_4 < Length_1_[9] &&
CharAt(CONST_0)_2_[0] != CharAt(CONST_3)_6_[1] &&
CONST_3 < Length_1_[9] &&
CharAt(CONST_0)_2_[0] != CharAt(CONST_2)_5_[1] &&
CONST_2 < Length_1_[9] &&
CharAt(CONST_0)_2_[0] != CharAt(CONST_1)_4_[1] &&
CONST_1 < Length_1_[9] &&
CharAt(CONST_0)_2_[0] != CharAt(CONST_0)_3_[1] &&
CONST_0 < Length_1_[9] &&
CONST_0 < Length_0_[1]
$$$$$$$$$$$$$$$$$$$$$$$$$$$$$$$$
Calling Z3str3

current query... 
(declare-const text_1 String)
(declare-const delims_2 String)


(assert (not (= (str.at text_1 0) (str.at delims_2 8))))
(assert (< 8 (str.len delims_2)))
(assert (not (= (str.at text_1 0) (str.at delims_2 7))))
(assert (< 7 (str.len delims_2)))
(assert (not (= (str.at text_1 0) (str.at delims_2 6))))
(assert (< 6 (str.len delims_2)))
(assert (not (= (str.at text_1 0) (str.at delims_2 5))))
(assert (< 5 (str.len delims_2)))
(assert (not (= (str.at text_1 0) (str.at delims_2 4))))
(assert (< 4 (str.len delims_2)))
(assert (not (= (str.at text_1 0) (str.at delims_2 3))))
(assert (< 3 (str.len delims_2)))
(assert (not (= (str.at text_1 0) (str.at delims_2 2))))
(assert (< 2 (str.len delims_2)))
(assert (not (= (str.at text_1 0) (str.at delims_2 1))))
(assert (< 1 (str.len delims_2)))
(assert (not (= (str.at text_1 0) (str.at delims_2 0))))
(assert (< 0 (str.len delims_2)))
(assert (< 0 (str.len text_1)))



======================
(define-fun text_1 () String
  "A")
(define-fun delims_2 () String
  "BCDEFGHIJ")
Returned solutions: 
(define-fun text_1 () String  "A")
(define-fun delims_2 () String  "BCDEFGHIJ")
*************************************
Satisfiable: true
text_1 => "A"
delims_2 => "BCDEFGHIJ"
*************************************

Delimiter [H] found at 0
numeric PC: constraint # = 19
CharAt(CONST_0)_2_ == CharAt(CONST_8)_11_ &&
CONST_8 < Length_1_ &&
CharAt(CONST_0)_2_ != CharAt(CONST_7)_10_ &&
CONST_7 < Length_1_ &&
CharAt(CONST_0)_2_ != CharAt(CONST_6)_9_ &&
CONST_6 < Length_1_ &&
CharAt(CONST_0)_2_ != CharAt(CONST_5)_8_ &&
CONST_5 < Length_1_ &&
CharAt(CONST_0)_2_ != CharAt(CONST_4)_7_ &&
CONST_4 < Length_1_ &&
CharAt(CONST_0)_2_ != CharAt(CONST_3)_6_ &&
CONST_3 < Length_1_ &&
CharAt(CONST_0)_2_ != CharAt(CONST_2)_5_ &&
CONST_2 < Length_1_ &&
CharAt(CONST_0)_2_ != CharAt(CONST_1)_4_ &&
CONST_1 < Length_1_ &&
CharAt(CONST_0)_2_ != CharAt(CONST_0)_3_ &&
CONST_0 < Length_1_ &&
CONST_0 < Length_0_ -> true

string analysis: SPC # = 0
NPC constraint # = 19
CharAt(CONST_0)_2_[0] == CharAt(CONST_8)_11_[0] &&
CONST_8 < Length_1_[9] &&
CharAt(CONST_0)_2_[0] != CharAt(CONST_7)_10_[1] &&
CONST_7 < Length_1_[9] &&
CharAt(CONST_0)_2_[0] != CharAt(CONST_6)_9_[1] &&
CONST_6 < Length_1_[9] &&
CharAt(CONST_0)_2_[0] != CharAt(CONST_5)_8_[1] &&
CONST_5 < Length_1_[9] &&
CharAt(CONST_0)_2_[0] != CharAt(CONST_4)_7_[1] &&
CONST_4 < Length_1_[9] &&
CharAt(CONST_0)_2_[0] != CharAt(CONST_3)_6_[1] &&
CONST_3 < Length_1_[9] &&
CharAt(CONST_0)_2_[0] != CharAt(CONST_2)_5_[1] &&
CONST_2 < Length_1_[9] &&
CharAt(CONST_0)_2_[0] != CharAt(CONST_1)_4_[1] &&
CONST_1 < Length_1_[9] &&
CharAt(CONST_0)_2_[0] != CharAt(CONST_0)_3_[1] &&
CONST_0 < Length_1_[9] &&
CONST_0 < Length_0_[1]
$$$$$$$$$$$$$$$$$$$$$$$$$$$$$$$$
Calling Z3str3

current query... 
(declare-const text_1 String)
(declare-const delims_2 String)


(assert (= (str.at text_1 0) (str.at delims_2 8)))
(assert (< 8 (str.len delims_2)))
(assert (not (= (str.at text_1 0) (str.at delims_2 7))))
(assert (< 7 (str.len delims_2)))
(assert (not (= (str.at text_1 0) (str.at delims_2 6))))
(assert (< 6 (str.len delims_2)))
(assert (not (= (str.at text_1 0) (str.at delims_2 5))))
(assert (< 5 (str.len delims_2)))
(assert (not (= (str.at text_1 0) (str.at delims_2 4))))
(assert (< 4 (str.len delims_2)))
(assert (not (= (str.at text_1 0) (str.at delims_2 3))))
(assert (< 3 (str.len delims_2)))
(assert (not (= (str.at text_1 0) (str.at delims_2 2))))
(assert (< 2 (str.len delims_2)))
(assert (not (= (str.at text_1 0) (str.at delims_2 1))))
(assert (< 1 (str.len delims_2)))
(assert (not (= (str.at text_1 0) (str.at delims_2 0))))
(assert (< 0 (str.len delims_2)))
(assert (< 0 (str.len text_1)))



======================
(define-fun text_1 () String
  "A")
(define-fun delims_2 () String
  "BCDEFGHIA")
Returned solutions: 
(define-fun text_1 () String  "A")
(define-fun delims_2 () String  "BCDEFGHIA")
*************************************
Satisfiable: true
text_1 => "A"
delims_2 => "BCDEFGHIA"
*************************************

numeric PC: constraint # = 18
CONST_8 < Length_1_[9] &&
CharAt(CONST_0)_2_[0] != CharAt(CONST_7)_10_[1] &&
CONST_7 < Length_1_[9] &&
CharAt(CONST_0)_2_[0] != CharAt(CONST_6)_9_[1] &&
CONST_6 < Length_1_[9] &&
CharAt(CONST_0)_2_[0] != CharAt(CONST_5)_8_[1] &&
CONST_5 < Length_1_[9] &&
CharAt(CONST_0)_2_[0] != CharAt(CONST_4)_7_[1] &&
CONST_4 < Length_1_[9] &&
CharAt(CONST_0)_2_[0] != CharAt(CONST_3)_6_[1] &&
CONST_3 < Length_1_[9] &&
CharAt(CONST_0)_2_[0] != CharAt(CONST_2)_5_[1] &&
CONST_2 < Length_1_[9] &&
CharAt(CONST_0)_2_[0] != CharAt(CONST_1)_4_[1] &&
CONST_1 < Length_1_[9] &&
CharAt(CONST_0)_2_[0] != CharAt(CONST_0)_3_[1] &&
CONST_0 < Length_1_[9] &&
CONST_0 < Length_0_[1] -> true

string analysis: SPC # = 0
NPC constraint # = 18
CONST_8 < Length_1_[9] &&
CharAt(CONST_0)_2_[0] != CharAt(CONST_7)_10_[1] &&
CONST_7 < Length_1_[9] &&
CharAt(CONST_0)_2_[0] != CharAt(CONST_6)_9_[1] &&
CONST_6 < Length_1_[9] &&
CharAt(CONST_0)_2_[0] != CharAt(CONST_5)_8_[1] &&
CONST_5 < Length_1_[9] &&
CharAt(CONST_0)_2_[0] != CharAt(CONST_4)_7_[1] &&
CONST_4 < Length_1_[9] &&
CharAt(CONST_0)_2_[0] != CharAt(CONST_3)_6_[1] &&
CONST_3 < Length_1_[9] &&
CharAt(CONST_0)_2_[0] != CharAt(CONST_2)_5_[1] &&
CONST_2 < Length_1_[9] &&
CharAt(CONST_0)_2_[0] != CharAt(CONST_1)_4_[1] &&
CONST_1 < Length_1_[9] &&
CharAt(CONST_0)_2_[0] != CharAt(CONST_0)_3_[1] &&
CONST_0 < Length_1_[9] &&
CONST_0 < Length_0_[1]
$$$$$$$$$$$$$$$$$$$$$$$$$$$$$$$$
Calling Z3str3

current query... 
(declare-const delims_2 String)
(declare-const text_1 String)


(assert (< 8 (str.len delims_2)))
(assert (not (= (str.at text_1 0) (str.at delims_2 7))))
(assert (< 7 (str.len delims_2)))
(assert (not (= (str.at text_1 0) (str.at delims_2 6))))
(assert (< 6 (str.len delims_2)))
(assert (not (= (str.at text_1 0) (str.at delims_2 5))))
(assert (< 5 (str.len delims_2)))
(assert (not (= (str.at text_1 0) (str.at delims_2 4))))
(assert (< 4 (str.len delims_2)))
(assert (not (= (str.at text_1 0) (str.at delims_2 3))))
(assert (< 3 (str.len delims_2)))
(assert (not (= (str.at text_1 0) (str.at delims_2 2))))
(assert (< 2 (str.len delims_2)))
(assert (not (= (str.at text_1 0) (str.at delims_2 1))))
(assert (< 1 (str.len delims_2)))
(assert (not (= (str.at text_1 0) (str.at delims_2 0))))
(assert (< 0 (str.len delims_2)))
(assert (< 0 (str.len text_1)))



======================
(define-fun text_1 () String
  "A")
(define-fun delims_2 () String
  "BCDEFGHIJ")
Returned solutions: 
(define-fun text_1 () String  "A")
(define-fun delims_2 () String  "BCDEFGHIJ")
*************************************
Satisfiable: true
text_1 => "A"
delims_2 => "BCDEFGHIJ"
*************************************

numeric PC: constraint # = 19
CONST_1 >= Length_0_ &&
CONST_8 >= Length_1_ &&
CharAt(CONST_0)_2_ != CharAt(CONST_7)_10_ &&
CONST_7 < Length_1_ &&
CharAt(CONST_0)_2_ != CharAt(CONST_6)_9_ &&
CONST_6 < Length_1_ &&
CharAt(CONST_0)_2_ != CharAt(CONST_5)_8_ &&
CONST_5 < Length_1_ &&
CharAt(CONST_0)_2_ != CharAt(CONST_4)_7_ &&
CONST_4 < Length_1_ &&
CharAt(CONST_0)_2_ != CharAt(CONST_3)_6_ &&
CONST_3 < Length_1_ &&
CharAt(CONST_0)_2_ != CharAt(CONST_2)_5_ &&
CONST_2 < Length_1_ &&
CharAt(CONST_0)_2_ != CharAt(CONST_1)_4_ &&
CONST_1 < Length_1_ &&
CharAt(CONST_0)_2_ != CharAt(CONST_0)_3_ &&
CONST_0 < Length_1_ &&
CONST_0 < Length_0_ -> true

### PCs: total:53 sat:51 unsat:2

string analysis: SPC # = 0
NPC constraint # = 19
CONST_1 >= Length_0_ &&
CONST_8 >= Length_1_ &&
CharAt(CONST_0)_2_ != CharAt(CONST_7)_10_ &&
CONST_7 < Length_1_ &&
CharAt(CONST_0)_2_ != CharAt(CONST_6)_9_ &&
CONST_6 < Length_1_ &&
CharAt(CONST_0)_2_ != CharAt(CONST_5)_8_ &&
CONST_5 < Length_1_ &&
CharAt(CONST_0)_2_ != CharAt(CONST_4)_7_ &&
CONST_4 < Length_1_ &&
CharAt(CONST_0)_2_ != CharAt(CONST_3)_6_ &&
CONST_3 < Length_1_ &&
CharAt(CONST_0)_2_ != CharAt(CONST_2)_5_ &&
CONST_2 < Length_1_ &&
CharAt(CONST_0)_2_ != CharAt(CONST_1)_4_ &&
CONST_1 < Length_1_ &&
CharAt(CONST_0)_2_ != CharAt(CONST_0)_3_ &&
CONST_0 < Length_1_ &&
CONST_0 < Length_0_
$$$$$$$$$$$$$$$$$$$$$$$$$$$$$$$$
Calling Z3str3

current query... 
(declare-const text_1 String)
(declare-const delims_2 String)


(assert (>= 1 (str.len text_1)))
(assert (>= 8 (str.len delims_2)))
(assert (not (= (str.at text_1 0) (str.at delims_2 7))))
(assert (< 7 (str.len delims_2)))
(assert (not (= (str.at text_1 0) (str.at delims_2 6))))
(assert (< 6 (str.len delims_2)))
(assert (not (= (str.at text_1 0) (str.at delims_2 5))))
(assert (< 5 (str.len delims_2)))
(assert (not (= (str.at text_1 0) (str.at delims_2 4))))
(assert (< 4 (str.len delims_2)))
(assert (not (= (str.at text_1 0) (str.at delims_2 3))))
(assert (< 3 (str.len delims_2)))
(assert (not (= (str.at text_1 0) (str.at delims_2 2))))
(assert (< 2 (str.len delims_2)))
(assert (not (= (str.at text_1 0) (str.at delims_2 1))))
(assert (< 1 (str.len delims_2)))
(assert (not (= (str.at text_1 0) (str.at delims_2 0))))
(assert (< 0 (str.len delims_2)))
(assert (< 0 (str.len text_1)))



======================
(define-fun text_1 () String
  "A")
(define-fun delims_2 () String
  "BCDEFGHI")
Returned solutions: 
(define-fun text_1 () String  "A")
(define-fun delims_2 () String  "BCDEFGHI")
*************************************
Satisfiable: true
text_1 => "A"
delims_2 => "BCDEFGHI"
*************************************

numeric PC: constraint # = 19
CONST_1 < Length_0_ &&
CONST_8 >= Length_1_ &&
CharAt(CONST_0)_2_ != CharAt(CONST_7)_10_ &&
CONST_7 < Length_1_ &&
CharAt(CONST_0)_2_ != CharAt(CONST_6)_9_ &&
CONST_6 < Length_1_ &&
CharAt(CONST_0)_2_ != CharAt(CONST_5)_8_ &&
CONST_5 < Length_1_ &&
CharAt(CONST_0)_2_ != CharAt(CONST_4)_7_ &&
CONST_4 < Length_1_ &&
CharAt(CONST_0)_2_ != CharAt(CONST_3)_6_ &&
CONST_3 < Length_1_ &&
CharAt(CONST_0)_2_ != CharAt(CONST_2)_5_ &&
CONST_2 < Length_1_ &&
CharAt(CONST_0)_2_ != CharAt(CONST_1)_4_ &&
CONST_1 < Length_1_ &&
CharAt(CONST_0)_2_ != CharAt(CONST_0)_3_ &&
CONST_0 < Length_1_ &&
CONST_0 < Length_0_ -> true

### PCs: total:54 sat:52 unsat:2

string analysis: SPC # = 0
NPC constraint # = 19
CONST_1 < Length_0_ &&
CONST_8 >= Length_1_ &&
CharAt(CONST_0)_2_ != CharAt(CONST_7)_10_ &&
CONST_7 < Length_1_ &&
CharAt(CONST_0)_2_ != CharAt(CONST_6)_9_ &&
CONST_6 < Length_1_ &&
CharAt(CONST_0)_2_ != CharAt(CONST_5)_8_ &&
CONST_5 < Length_1_ &&
CharAt(CONST_0)_2_ != CharAt(CONST_4)_7_ &&
CONST_4 < Length_1_ &&
CharAt(CONST_0)_2_ != CharAt(CONST_3)_6_ &&
CONST_3 < Length_1_ &&
CharAt(CONST_0)_2_ != CharAt(CONST_2)_5_ &&
CONST_2 < Length_1_ &&
CharAt(CONST_0)_2_ != CharAt(CONST_1)_4_ &&
CONST_1 < Length_1_ &&
CharAt(CONST_0)_2_ != CharAt(CONST_0)_3_ &&
CONST_0 < Length_1_ &&
CONST_0 < Length_0_
$$$$$$$$$$$$$$$$$$$$$$$$$$$$$$$$
Calling Z3str3

current query... 
(declare-const text_1 String)
(declare-const delims_2 String)


(assert (< 1 (str.len text_1)))
(assert (>= 8 (str.len delims_2)))
(assert (not (= (str.at text_1 0) (str.at delims_2 7))))
(assert (< 7 (str.len delims_2)))
(assert (not (= (str.at text_1 0) (str.at delims_2 6))))
(assert (< 6 (str.len delims_2)))
(assert (not (= (str.at text_1 0) (str.at delims_2 5))))
(assert (< 5 (str.len delims_2)))
(assert (not (= (str.at text_1 0) (str.at delims_2 4))))
(assert (< 4 (str.len delims_2)))
(assert (not (= (str.at text_1 0) (str.at delims_2 3))))
(assert (< 3 (str.len delims_2)))
(assert (not (= (str.at text_1 0) (str.at delims_2 2))))
(assert (< 2 (str.len delims_2)))
(assert (not (= (str.at text_1 0) (str.at delims_2 1))))
(assert (< 1 (str.len delims_2)))
(assert (not (= (str.at text_1 0) (str.at delims_2 0))))
(assert (< 0 (str.len delims_2)))
(assert (< 0 (str.len text_1)))



======================
(define-fun text_1 () String
  "AJ")
(define-fun delims_2 () String
  "BCDEFGHI")
Returned solutions: 
(define-fun text_1 () String  "AJ")
(define-fun delims_2 () String  "BCDEFGHI")
*************************************
Satisfiable: true
text_1 => "AJ"
delims_2 => "BCDEFGHI"
*************************************

numeric PC: constraint # = 20
CONST_0 >= Length_1_ &&
CONST_1 < Length_0_ &&
CONST_8 >= Length_1_ &&
CharAt(CONST_0)_2_ != CharAt(CONST_7)_10_ &&
CONST_7 < Length_1_ &&
CharAt(CONST_0)_2_ != CharAt(CONST_6)_9_ &&
CONST_6 < Length_1_ &&
CharAt(CONST_0)_2_ != CharAt(CONST_5)_8_ &&
CONST_5 < Length_1_ &&
CharAt(CONST_0)_2_ != CharAt(CONST_4)_7_ &&
CONST_4 < Length_1_ &&
CharAt(CONST_0)_2_ != CharAt(CONST_3)_6_ &&
CONST_3 < Length_1_ &&
CharAt(CONST_0)_2_ != CharAt(CONST_2)_5_ &&
CONST_2 < Length_1_ &&
CharAt(CONST_0)_2_ != CharAt(CONST_1)_4_ &&
CONST_1 < Length_1_ &&
CharAt(CONST_0)_2_ != CharAt(CONST_0)_3_ &&
CONST_0 < Length_1_ &&
CONST_0 < Length_0_ -> false

### PCs: total:55 sat:52 unsat:3

numeric PC: constraint # = 19
CONST_1 < Length_0_ &&
CONST_8 >= Length_1_ &&
CharAt(CONST_0)_2_ != CharAt(CONST_7)_10_ &&
CONST_7 < Length_1_ &&
CharAt(CONST_0)_2_ != CharAt(CONST_6)_9_ &&
CONST_6 < Length_1_ &&
CharAt(CONST_0)_2_ != CharAt(CONST_5)_8_ &&
CONST_5 < Length_1_ &&
CharAt(CONST_0)_2_ != CharAt(CONST_4)_7_ &&
CONST_4 < Length_1_ &&
CharAt(CONST_0)_2_ != CharAt(CONST_3)_6_ &&
CONST_3 < Length_1_ &&
CharAt(CONST_0)_2_ != CharAt(CONST_2)_5_ &&
CONST_2 < Length_1_ &&
CharAt(CONST_0)_2_ != CharAt(CONST_1)_4_ &&
CONST_1 < Length_1_ &&
CharAt(CONST_0)_2_ != CharAt(CONST_0)_3_ &&
CONST_0 < Length_1_ &&
CONST_0 < Length_0_ -> true

### PCs: total:56 sat:53 unsat:3

string analysis: SPC # = 0
NPC constraint # = 19
CONST_1 < Length_0_ &&
CONST_8 >= Length_1_ &&
CharAt(CONST_0)_2_ != CharAt(CONST_7)_10_ &&
CONST_7 < Length_1_ &&
CharAt(CONST_0)_2_ != CharAt(CONST_6)_9_ &&
CONST_6 < Length_1_ &&
CharAt(CONST_0)_2_ != CharAt(CONST_5)_8_ &&
CONST_5 < Length_1_ &&
CharAt(CONST_0)_2_ != CharAt(CONST_4)_7_ &&
CONST_4 < Length_1_ &&
CharAt(CONST_0)_2_ != CharAt(CONST_3)_6_ &&
CONST_3 < Length_1_ &&
CharAt(CONST_0)_2_ != CharAt(CONST_2)_5_ &&
CONST_2 < Length_1_ &&
CharAt(CONST_0)_2_ != CharAt(CONST_1)_4_ &&
CONST_1 < Length_1_ &&
CharAt(CONST_0)_2_ != CharAt(CONST_0)_3_ &&
CONST_0 < Length_1_ &&
CONST_0 < Length_0_
$$$$$$$$$$$$$$$$$$$$$$$$$$$$$$$$
Calling Z3str3

current query... 
(declare-const text_1 String)
(declare-const delims_2 String)


(assert (< 1 (str.len text_1)))
(assert (>= 8 (str.len delims_2)))
(assert (not (= (str.at text_1 0) (str.at delims_2 7))))
(assert (< 7 (str.len delims_2)))
(assert (not (= (str.at text_1 0) (str.at delims_2 6))))
(assert (< 6 (str.len delims_2)))
(assert (not (= (str.at text_1 0) (str.at delims_2 5))))
(assert (< 5 (str.len delims_2)))
(assert (not (= (str.at text_1 0) (str.at delims_2 4))))
(assert (< 4 (str.len delims_2)))
(assert (not (= (str.at text_1 0) (str.at delims_2 3))))
(assert (< 3 (str.len delims_2)))
(assert (not (= (str.at text_1 0) (str.at delims_2 2))))
(assert (< 2 (str.len delims_2)))
(assert (not (= (str.at text_1 0) (str.at delims_2 1))))
(assert (< 1 (str.len delims_2)))
(assert (not (= (str.at text_1 0) (str.at delims_2 0))))
(assert (< 0 (str.len delims_2)))
(assert (< 0 (str.len text_1)))



======================
(define-fun text_1 () String
  "AJ")
(define-fun delims_2 () String
  "BCDEFGHI")
Returned solutions: 
(define-fun text_1 () String  "AJ")
(define-fun delims_2 () String  "BCDEFGHI")
*************************************
Satisfiable: true
text_1 => "AJ"
delims_2 => "BCDEFGHI"
*************************************

numeric PC: constraint # = 20
CharAt(CONST_1)_13_ == CharAt(CONST_0)_3_ &&
CONST_1 < Length_0_ &&
CONST_8 >= Length_1_ &&
CharAt(CONST_0)_2_ != CharAt(CONST_7)_10_ &&
CONST_7 < Length_1_ &&
CharAt(CONST_0)_2_ != CharAt(CONST_6)_9_ &&
CONST_6 < Length_1_ &&
CharAt(CONST_0)_2_ != CharAt(CONST_5)_8_ &&
CONST_5 < Length_1_ &&
CharAt(CONST_0)_2_ != CharAt(CONST_4)_7_ &&
CONST_4 < Length_1_ &&
CharAt(CONST_0)_2_ != CharAt(CONST_3)_6_ &&
CONST_3 < Length_1_ &&
CharAt(CONST_0)_2_ != CharAt(CONST_2)_5_ &&
CONST_2 < Length_1_ &&
CharAt(CONST_0)_2_ != CharAt(CONST_1)_4_ &&
CONST_1 < Length_1_ &&
CharAt(CONST_0)_2_ != CharAt(CONST_0)_3_ &&
CONST_0 < Length_1_ &&
CONST_0 < Length_0_ -> true

### PCs: total:57 sat:54 unsat:3

string analysis: SPC # = 0
NPC constraint # = 20
CharAt(CONST_1)_13_ == CharAt(CONST_0)_3_ &&
CONST_1 < Length_0_ &&
CONST_8 >= Length_1_ &&
CharAt(CONST_0)_2_ != CharAt(CONST_7)_10_ &&
CONST_7 < Length_1_ &&
CharAt(CONST_0)_2_ != CharAt(CONST_6)_9_ &&
CONST_6 < Length_1_ &&
CharAt(CONST_0)_2_ != CharAt(CONST_5)_8_ &&
CONST_5 < Length_1_ &&
CharAt(CONST_0)_2_ != CharAt(CONST_4)_7_ &&
CONST_4 < Length_1_ &&
CharAt(CONST_0)_2_ != CharAt(CONST_3)_6_ &&
CONST_3 < Length_1_ &&
CharAt(CONST_0)_2_ != CharAt(CONST_2)_5_ &&
CONST_2 < Length_1_ &&
CharAt(CONST_0)_2_ != CharAt(CONST_1)_4_ &&
CONST_1 < Length_1_ &&
CharAt(CONST_0)_2_ != CharAt(CONST_0)_3_ &&
CONST_0 < Length_1_ &&
CONST_0 < Length_0_
$$$$$$$$$$$$$$$$$$$$$$$$$$$$$$$$
Calling Z3str3

current query... 
(declare-const text_1 String)
(declare-const delims_2 String)


(assert (= (str.at text_1 1) (str.at delims_2 0)))
(assert (< 1 (str.len text_1)))
(assert (>= 8 (str.len delims_2)))
(assert (not (= (str.at text_1 0) (str.at delims_2 7))))
(assert (< 7 (str.len delims_2)))
(assert (not (= (str.at text_1 0) (str.at delims_2 6))))
(assert (< 6 (str.len delims_2)))
(assert (not (= (str.at text_1 0) (str.at delims_2 5))))
(assert (< 5 (str.len delims_2)))
(assert (not (= (str.at text_1 0) (str.at delims_2 4))))
(assert (< 4 (str.len delims_2)))
(assert (not (= (str.at text_1 0) (str.at delims_2 3))))
(assert (< 3 (str.len delims_2)))
(assert (not (= (str.at text_1 0) (str.at delims_2 2))))
(assert (< 2 (str.len delims_2)))
(assert (not (= (str.at text_1 0) (str.at delims_2 1))))
(assert (< 1 (str.len delims_2)))
(assert (not (= (str.at text_1 0) (str.at delims_2 0))))
(assert (< 0 (str.len delims_2)))
(assert (< 0 (str.len text_1)))



======================
(define-fun text_1 () String
  "AB")
(define-fun delims_2 () String
  "BCDEFGHI")
Returned solutions: 
(define-fun text_1 () String  "AB")
(define-fun delims_2 () String  "BCDEFGHI")
*************************************
Satisfiable: true
text_1 => "AB"
delims_2 => "BCDEFGHI"
*************************************

numeric PC: constraint # = 20
CharAt(CONST_1)_13_ != CharAt(CONST_0)_3_ &&
CONST_1 < Length_0_ &&
CONST_8 >= Length_1_ &&
CharAt(CONST_0)_2_ != CharAt(CONST_7)_10_ &&
CONST_7 < Length_1_ &&
CharAt(CONST_0)_2_ != CharAt(CONST_6)_9_ &&
CONST_6 < Length_1_ &&
CharAt(CONST_0)_2_ != CharAt(CONST_5)_8_ &&
CONST_5 < Length_1_ &&
CharAt(CONST_0)_2_ != CharAt(CONST_4)_7_ &&
CONST_4 < Length_1_ &&
CharAt(CONST_0)_2_ != CharAt(CONST_3)_6_ &&
CONST_3 < Length_1_ &&
CharAt(CONST_0)_2_ != CharAt(CONST_2)_5_ &&
CONST_2 < Length_1_ &&
CharAt(CONST_0)_2_ != CharAt(CONST_1)_4_ &&
CONST_1 < Length_1_ &&
CharAt(CONST_0)_2_ != CharAt(CONST_0)_3_ &&
CONST_0 < Length_1_ &&
CONST_0 < Length_0_ -> true

### PCs: total:58 sat:55 unsat:3

string analysis: SPC # = 0
NPC constraint # = 20
CharAt(CONST_1)_13_ != CharAt(CONST_0)_3_ &&
CONST_1 < Length_0_ &&
CONST_8 >= Length_1_ &&
CharAt(CONST_0)_2_ != CharAt(CONST_7)_10_ &&
CONST_7 < Length_1_ &&
CharAt(CONST_0)_2_ != CharAt(CONST_6)_9_ &&
CONST_6 < Length_1_ &&
CharAt(CONST_0)_2_ != CharAt(CONST_5)_8_ &&
CONST_5 < Length_1_ &&
CharAt(CONST_0)_2_ != CharAt(CONST_4)_7_ &&
CONST_4 < Length_1_ &&
CharAt(CONST_0)_2_ != CharAt(CONST_3)_6_ &&
CONST_3 < Length_1_ &&
CharAt(CONST_0)_2_ != CharAt(CONST_2)_5_ &&
CONST_2 < Length_1_ &&
CharAt(CONST_0)_2_ != CharAt(CONST_1)_4_ &&
CONST_1 < Length_1_ &&
CharAt(CONST_0)_2_ != CharAt(CONST_0)_3_ &&
CONST_0 < Length_1_ &&
CONST_0 < Length_0_
$$$$$$$$$$$$$$$$$$$$$$$$$$$$$$$$
Calling Z3str3

current query... 
(declare-const text_1 String)
(declare-const delims_2 String)


(assert (not (= (str.at text_1 1) (str.at delims_2 0))))
(assert (< 1 (str.len text_1)))
(assert (>= 8 (str.len delims_2)))
(assert (not (= (str.at text_1 0) (str.at delims_2 7))))
(assert (< 7 (str.len delims_2)))
(assert (not (= (str.at text_1 0) (str.at delims_2 6))))
(assert (< 6 (str.len delims_2)))
(assert (not (= (str.at text_1 0) (str.at delims_2 5))))
(assert (< 5 (str.len delims_2)))
(assert (not (= (str.at text_1 0) (str.at delims_2 4))))
(assert (< 4 (str.len delims_2)))
(assert (not (= (str.at text_1 0) (str.at delims_2 3))))
(assert (< 3 (str.len delims_2)))
(assert (not (= (str.at text_1 0) (str.at delims_2 2))))
(assert (< 2 (str.len delims_2)))
(assert (not (= (str.at text_1 0) (str.at delims_2 1))))
(assert (< 1 (str.len delims_2)))
(assert (not (= (str.at text_1 0) (str.at delims_2 0))))
(assert (< 0 (str.len delims_2)))
(assert (< 0 (str.len text_1)))



======================
(define-fun text_1 () String
  "AB")
(define-fun delims_2 () String
  "CDEFGHIJ")
Returned solutions: 
(define-fun text_1 () String  "AB")
(define-fun delims_2 () String  "CDEFGHIJ")
*************************************
Satisfiable: true
text_1 => "AB"
delims_2 => "CDEFGHIJ"
*************************************

numeric PC: constraint # = 21
CONST_1 >= Length_1_ &&
CharAt(CONST_1)_13_ != CharAt(CONST_0)_3_ &&
CONST_1 < Length_0_ &&
CONST_8 >= Length_1_ &&
CharAt(CONST_0)_2_ != CharAt(CONST_7)_10_ &&
CONST_7 < Length_1_ &&
CharAt(CONST_0)_2_ != CharAt(CONST_6)_9_ &&
CONST_6 < Length_1_ &&
CharAt(CONST_0)_2_ != CharAt(CONST_5)_8_ &&
CONST_5 < Length_1_ &&
CharAt(CONST_0)_2_ != CharAt(CONST_4)_7_ &&
CONST_4 < Length_1_ &&
CharAt(CONST_0)_2_ != CharAt(CONST_3)_6_ &&
CONST_3 < Length_1_ &&
CharAt(CONST_0)_2_ != CharAt(CONST_2)_5_ &&
CONST_2 < Length_1_ &&
CharAt(CONST_0)_2_ != CharAt(CONST_1)_4_ &&
CONST_1 < Length_1_ &&
CharAt(CONST_0)_2_ != CharAt(CONST_0)_3_ &&
CONST_0 < Length_1_ &&
CONST_0 < Length_0_ -> false

### PCs: total:59 sat:55 unsat:4

numeric PC: constraint # = 20
CharAt(CONST_1)_13_ != CharAt(CONST_0)_3_ &&
CONST_1 < Length_0_ &&
CONST_8 >= Length_1_ &&
CharAt(CONST_0)_2_ != CharAt(CONST_7)_10_ &&
CONST_7 < Length_1_ &&
CharAt(CONST_0)_2_ != CharAt(CONST_6)_9_ &&
CONST_6 < Length_1_ &&
CharAt(CONST_0)_2_ != CharAt(CONST_5)_8_ &&
CONST_5 < Length_1_ &&
CharAt(CONST_0)_2_ != CharAt(CONST_4)_7_ &&
CONST_4 < Length_1_ &&
CharAt(CONST_0)_2_ != CharAt(CONST_3)_6_ &&
CONST_3 < Length_1_ &&
CharAt(CONST_0)_2_ != CharAt(CONST_2)_5_ &&
CONST_2 < Length_1_ &&
CharAt(CONST_0)_2_ != CharAt(CONST_1)_4_ &&
CONST_1 < Length_1_ &&
CharAt(CONST_0)_2_ != CharAt(CONST_0)_3_ &&
CONST_0 < Length_1_ &&
CONST_0 < Length_0_ -> true

### PCs: total:60 sat:56 unsat:4

string analysis: SPC # = 0
NPC constraint # = 20
CharAt(CONST_1)_13_ != CharAt(CONST_0)_3_ &&
CONST_1 < Length_0_ &&
CONST_8 >= Length_1_ &&
CharAt(CONST_0)_2_ != CharAt(CONST_7)_10_ &&
CONST_7 < Length_1_ &&
CharAt(CONST_0)_2_ != CharAt(CONST_6)_9_ &&
CONST_6 < Length_1_ &&
CharAt(CONST_0)_2_ != CharAt(CONST_5)_8_ &&
CONST_5 < Length_1_ &&
CharAt(CONST_0)_2_ != CharAt(CONST_4)_7_ &&
CONST_4 < Length_1_ &&
CharAt(CONST_0)_2_ != CharAt(CONST_3)_6_ &&
CONST_3 < Length_1_ &&
CharAt(CONST_0)_2_ != CharAt(CONST_2)_5_ &&
CONST_2 < Length_1_ &&
CharAt(CONST_0)_2_ != CharAt(CONST_1)_4_ &&
CONST_1 < Length_1_ &&
CharAt(CONST_0)_2_ != CharAt(CONST_0)_3_ &&
CONST_0 < Length_1_ &&
CONST_0 < Length_0_
$$$$$$$$$$$$$$$$$$$$$$$$$$$$$$$$
Calling Z3str3

current query... 
(declare-const text_1 String)
(declare-const delims_2 String)


(assert (not (= (str.at text_1 1) (str.at delims_2 0))))
(assert (< 1 (str.len text_1)))
(assert (>= 8 (str.len delims_2)))
(assert (not (= (str.at text_1 0) (str.at delims_2 7))))
(assert (< 7 (str.len delims_2)))
(assert (not (= (str.at text_1 0) (str.at delims_2 6))))
(assert (< 6 (str.len delims_2)))
(assert (not (= (str.at text_1 0) (str.at delims_2 5))))
(assert (< 5 (str.len delims_2)))
(assert (not (= (str.at text_1 0) (str.at delims_2 4))))
(assert (< 4 (str.len delims_2)))
(assert (not (= (str.at text_1 0) (str.at delims_2 3))))
(assert (< 3 (str.len delims_2)))
(assert (not (= (str.at text_1 0) (str.at delims_2 2))))
(assert (< 2 (str.len delims_2)))
(assert (not (= (str.at text_1 0) (str.at delims_2 1))))
(assert (< 1 (str.len delims_2)))
(assert (not (= (str.at text_1 0) (str.at delims_2 0))))
(assert (< 0 (str.len delims_2)))
(assert (< 0 (str.len text_1)))



======================
(define-fun text_1 () String
  "AB")
(define-fun delims_2 () String
  "CDEFGHIJ")
Returned solutions: 
(define-fun text_1 () String  "AB")
(define-fun delims_2 () String  "CDEFGHIJ")
*************************************
Satisfiable: true
text_1 => "AB"
delims_2 => "CDEFGHIJ"
*************************************

numeric PC: constraint # = 21
CharAt(CONST_1)_13_ == CharAt(CONST_1)_4_ &&
CharAt(CONST_1)_13_ != CharAt(CONST_0)_3_ &&
CONST_1 < Length_0_ &&
CONST_8 >= Length_1_ &&
CharAt(CONST_0)_2_ != CharAt(CONST_7)_10_ &&
CONST_7 < Length_1_ &&
CharAt(CONST_0)_2_ != CharAt(CONST_6)_9_ &&
CONST_6 < Length_1_ &&
CharAt(CONST_0)_2_ != CharAt(CONST_5)_8_ &&
CONST_5 < Length_1_ &&
CharAt(CONST_0)_2_ != CharAt(CONST_4)_7_ &&
CONST_4 < Length_1_ &&
CharAt(CONST_0)_2_ != CharAt(CONST_3)_6_ &&
CONST_3 < Length_1_ &&
CharAt(CONST_0)_2_ != CharAt(CONST_2)_5_ &&
CONST_2 < Length_1_ &&
CharAt(CONST_0)_2_ != CharAt(CONST_1)_4_ &&
CONST_1 < Length_1_ &&
CharAt(CONST_0)_2_ != CharAt(CONST_0)_3_ &&
CONST_0 < Length_1_ &&
CONST_0 < Length_0_ -> true

### PCs: total:61 sat:57 unsat:4

string analysis: SPC # = 0
NPC constraint # = 21
CharAt(CONST_1)_13_ == CharAt(CONST_1)_4_ &&
CharAt(CONST_1)_13_ != CharAt(CONST_0)_3_ &&
CONST_1 < Length_0_ &&
CONST_8 >= Length_1_ &&
CharAt(CONST_0)_2_ != CharAt(CONST_7)_10_ &&
CONST_7 < Length_1_ &&
CharAt(CONST_0)_2_ != CharAt(CONST_6)_9_ &&
CONST_6 < Length_1_ &&
CharAt(CONST_0)_2_ != CharAt(CONST_5)_8_ &&
CONST_5 < Length_1_ &&
CharAt(CONST_0)_2_ != CharAt(CONST_4)_7_ &&
CONST_4 < Length_1_ &&
CharAt(CONST_0)_2_ != CharAt(CONST_3)_6_ &&
CONST_3 < Length_1_ &&
CharAt(CONST_0)_2_ != CharAt(CONST_2)_5_ &&
CONST_2 < Length_1_ &&
CharAt(CONST_0)_2_ != CharAt(CONST_1)_4_ &&
CONST_1 < Length_1_ &&
CharAt(CONST_0)_2_ != CharAt(CONST_0)_3_ &&
CONST_0 < Length_1_ &&
CONST_0 < Length_0_
$$$$$$$$$$$$$$$$$$$$$$$$$$$$$$$$
Calling Z3str3

current query... 
(declare-const text_1 String)
(declare-const delims_2 String)


(assert (= (str.at text_1 1) (str.at delims_2 1)))
(assert (not (= (str.at text_1 1) (str.at delims_2 0))))
(assert (< 1 (str.len text_1)))
(assert (>= 8 (str.len delims_2)))
(assert (not (= (str.at text_1 0) (str.at delims_2 7))))
(assert (< 7 (str.len delims_2)))
(assert (not (= (str.at text_1 0) (str.at delims_2 6))))
(assert (< 6 (str.len delims_2)))
(assert (not (= (str.at text_1 0) (str.at delims_2 5))))
(assert (< 5 (str.len delims_2)))
(assert (not (= (str.at text_1 0) (str.at delims_2 4))))
(assert (< 4 (str.len delims_2)))
(assert (not (= (str.at text_1 0) (str.at delims_2 3))))
(assert (< 3 (str.len delims_2)))
(assert (not (= (str.at text_1 0) (str.at delims_2 2))))
(assert (< 2 (str.len delims_2)))
(assert (not (= (str.at text_1 0) (str.at delims_2 1))))
(assert (< 1 (str.len delims_2)))
(assert (not (= (str.at text_1 0) (str.at delims_2 0))))
(assert (< 0 (str.len delims_2)))
(assert (< 0 (str.len text_1)))



======================
(define-fun text_1 () String
  "AB")
(define-fun delims_2 () String
  "CBDEFGHI")
Returned solutions: 
(define-fun text_1 () String  "AB")
(define-fun delims_2 () String  "CBDEFGHI")
*************************************
Satisfiable: true
text_1 => "AB"
delims_2 => "CBDEFGHI"
*************************************

numeric PC: constraint # = 21
CharAt(CONST_1)_13_ != CharAt(CONST_1)_4_ &&
CharAt(CONST_1)_13_ != CharAt(CONST_0)_3_ &&
CONST_1 < Length_0_ &&
CONST_8 >= Length_1_ &&
CharAt(CONST_0)_2_ != CharAt(CONST_7)_10_ &&
CONST_7 < Length_1_ &&
CharAt(CONST_0)_2_ != CharAt(CONST_6)_9_ &&
CONST_6 < Length_1_ &&
CharAt(CONST_0)_2_ != CharAt(CONST_5)_8_ &&
CONST_5 < Length_1_ &&
CharAt(CONST_0)_2_ != CharAt(CONST_4)_7_ &&
CONST_4 < Length_1_ &&
CharAt(CONST_0)_2_ != CharAt(CONST_3)_6_ &&
CONST_3 < Length_1_ &&
CharAt(CONST_0)_2_ != CharAt(CONST_2)_5_ &&
CONST_2 < Length_1_ &&
CharAt(CONST_0)_2_ != CharAt(CONST_1)_4_ &&
CONST_1 < Length_1_ &&
CharAt(CONST_0)_2_ != CharAt(CONST_0)_3_ &&
CONST_0 < Length_1_ &&
CONST_0 < Length_0_ -> true

### PCs: total:62 sat:58 unsat:4

string analysis: SPC # = 0
NPC constraint # = 21
CharAt(CONST_1)_13_ != CharAt(CONST_1)_4_ &&
CharAt(CONST_1)_13_ != CharAt(CONST_0)_3_ &&
CONST_1 < Length_0_ &&
CONST_8 >= Length_1_ &&
CharAt(CONST_0)_2_ != CharAt(CONST_7)_10_ &&
CONST_7 < Length_1_ &&
CharAt(CONST_0)_2_ != CharAt(CONST_6)_9_ &&
CONST_6 < Length_1_ &&
CharAt(CONST_0)_2_ != CharAt(CONST_5)_8_ &&
CONST_5 < Length_1_ &&
CharAt(CONST_0)_2_ != CharAt(CONST_4)_7_ &&
CONST_4 < Length_1_ &&
CharAt(CONST_0)_2_ != CharAt(CONST_3)_6_ &&
CONST_3 < Length_1_ &&
CharAt(CONST_0)_2_ != CharAt(CONST_2)_5_ &&
CONST_2 < Length_1_ &&
CharAt(CONST_0)_2_ != CharAt(CONST_1)_4_ &&
CONST_1 < Length_1_ &&
CharAt(CONST_0)_2_ != CharAt(CONST_0)_3_ &&
CONST_0 < Length_1_ &&
CONST_0 < Length_0_
$$$$$$$$$$$$$$$$$$$$$$$$$$$$$$$$
Calling Z3str3

current query... 
(declare-const text_1 String)
(declare-const delims_2 String)


(assert (not (= (str.at text_1 1) (str.at delims_2 1))))
(assert (not (= (str.at text_1 1) (str.at delims_2 0))))
(assert (< 1 (str.len text_1)))
(assert (>= 8 (str.len delims_2)))
(assert (not (= (str.at text_1 0) (str.at delims_2 7))))
(assert (< 7 (str.len delims_2)))
(assert (not (= (str.at text_1 0) (str.at delims_2 6))))
(assert (< 6 (str.len delims_2)))
(assert (not (= (str.at text_1 0) (str.at delims_2 5))))
(assert (< 5 (str.len delims_2)))
(assert (not (= (str.at text_1 0) (str.at delims_2 4))))
(assert (< 4 (str.len delims_2)))
(assert (not (= (str.at text_1 0) (str.at delims_2 3))))
(assert (< 3 (str.len delims_2)))
(assert (not (= (str.at text_1 0) (str.at delims_2 2))))
(assert (< 2 (str.len delims_2)))
(assert (not (= (str.at text_1 0) (str.at delims_2 1))))
(assert (< 1 (str.len delims_2)))
(assert (not (= (str.at text_1 0) (str.at delims_2 0))))
(assert (< 0 (str.len delims_2)))
(assert (< 0 (str.len text_1)))



======================
(define-fun text_1 () String
  "AB")
(define-fun delims_2 () String
  "CDEFGHIJ")
Returned solutions: 
(define-fun text_1 () String  "AB")
(define-fun delims_2 () String  "CDEFGHIJ")
*************************************
Satisfiable: true
text_1 => "AB"
delims_2 => "CDEFGHIJ"
*************************************

numeric PC: constraint # = 22
CONST_2 >= Length_1_ &&
CharAt(CONST_1)_13_ != CharAt(CONST_1)_4_ &&
CharAt(CONST_1)_13_ != CharAt(CONST_0)_3_ &&
CONST_1 < Length_0_ &&
CONST_8 >= Length_1_ &&
CharAt(CONST_0)_2_ != CharAt(CONST_7)_10_ &&
CONST_7 < Length_1_ &&
CharAt(CONST_0)_2_ != CharAt(CONST_6)_9_ &&
CONST_6 < Length_1_ &&
CharAt(CONST_0)_2_ != CharAt(CONST_5)_8_ &&
CONST_5 < Length_1_ &&
CharAt(CONST_0)_2_ != CharAt(CONST_4)_7_ &&
CONST_4 < Length_1_ &&
CharAt(CONST_0)_2_ != CharAt(CONST_3)_6_ &&
CONST_3 < Length_1_ &&
CharAt(CONST_0)_2_ != CharAt(CONST_2)_5_ &&
CONST_2 < Length_1_ &&
CharAt(CONST_0)_2_ != CharAt(CONST_1)_4_ &&
CONST_1 < Length_1_ &&
CharAt(CONST_0)_2_ != CharAt(CONST_0)_3_ &&
CONST_0 < Length_1_ &&
CONST_0 < Length_0_ -> false

### PCs: total:63 sat:58 unsat:5

numeric PC: constraint # = 21
CharAt(CONST_1)_13_ != CharAt(CONST_1)_4_ &&
CharAt(CONST_1)_13_ != CharAt(CONST_0)_3_ &&
CONST_1 < Length_0_ &&
CONST_8 >= Length_1_ &&
CharAt(CONST_0)_2_ != CharAt(CONST_7)_10_ &&
CONST_7 < Length_1_ &&
CharAt(CONST_0)_2_ != CharAt(CONST_6)_9_ &&
CONST_6 < Length_1_ &&
CharAt(CONST_0)_2_ != CharAt(CONST_5)_8_ &&
CONST_5 < Length_1_ &&
CharAt(CONST_0)_2_ != CharAt(CONST_4)_7_ &&
CONST_4 < Length_1_ &&
CharAt(CONST_0)_2_ != CharAt(CONST_3)_6_ &&
CONST_3 < Length_1_ &&
CharAt(CONST_0)_2_ != CharAt(CONST_2)_5_ &&
CONST_2 < Length_1_ &&
CharAt(CONST_0)_2_ != CharAt(CONST_1)_4_ &&
CONST_1 < Length_1_ &&
CharAt(CONST_0)_2_ != CharAt(CONST_0)_3_ &&
CONST_0 < Length_1_ &&
CONST_0 < Length_0_ -> true

### PCs: total:64 sat:59 unsat:5

string analysis: SPC # = 0
NPC constraint # = 21
CharAt(CONST_1)_13_ != CharAt(CONST_1)_4_ &&
CharAt(CONST_1)_13_ != CharAt(CONST_0)_3_ &&
CONST_1 < Length_0_ &&
CONST_8 >= Length_1_ &&
CharAt(CONST_0)_2_ != CharAt(CONST_7)_10_ &&
CONST_7 < Length_1_ &&
CharAt(CONST_0)_2_ != CharAt(CONST_6)_9_ &&
CONST_6 < Length_1_ &&
CharAt(CONST_0)_2_ != CharAt(CONST_5)_8_ &&
CONST_5 < Length_1_ &&
CharAt(CONST_0)_2_ != CharAt(CONST_4)_7_ &&
CONST_4 < Length_1_ &&
CharAt(CONST_0)_2_ != CharAt(CONST_3)_6_ &&
CONST_3 < Length_1_ &&
CharAt(CONST_0)_2_ != CharAt(CONST_2)_5_ &&
CONST_2 < Length_1_ &&
CharAt(CONST_0)_2_ != CharAt(CONST_1)_4_ &&
CONST_1 < Length_1_ &&
CharAt(CONST_0)_2_ != CharAt(CONST_0)_3_ &&
CONST_0 < Length_1_ &&
CONST_0 < Length_0_
$$$$$$$$$$$$$$$$$$$$$$$$$$$$$$$$
Calling Z3str3

current query... 
(declare-const text_1 String)
(declare-const delims_2 String)


(assert (not (= (str.at text_1 1) (str.at delims_2 1))))
(assert (not (= (str.at text_1 1) (str.at delims_2 0))))
(assert (< 1 (str.len text_1)))
(assert (>= 8 (str.len delims_2)))
(assert (not (= (str.at text_1 0) (str.at delims_2 7))))
(assert (< 7 (str.len delims_2)))
(assert (not (= (str.at text_1 0) (str.at delims_2 6))))
(assert (< 6 (str.len delims_2)))
(assert (not (= (str.at text_1 0) (str.at delims_2 5))))
(assert (< 5 (str.len delims_2)))
(assert (not (= (str.at text_1 0) (str.at delims_2 4))))
(assert (< 4 (str.len delims_2)))
(assert (not (= (str.at text_1 0) (str.at delims_2 3))))
(assert (< 3 (str.len delims_2)))
(assert (not (= (str.at text_1 0) (str.at delims_2 2))))
(assert (< 2 (str.len delims_2)))
(assert (not (= (str.at text_1 0) (str.at delims_2 1))))
(assert (< 1 (str.len delims_2)))
(assert (not (= (str.at text_1 0) (str.at delims_2 0))))
(assert (< 0 (str.len delims_2)))
(assert (< 0 (str.len text_1)))



======================
(define-fun text_1 () String
  "AB")
(define-fun delims_2 () String
  "CDEFGHIJ")
Returned solutions: 
(define-fun text_1 () String  "AB")
(define-fun delims_2 () String  "CDEFGHIJ")
*************************************
Satisfiable: true
text_1 => "AB"
delims_2 => "CDEFGHIJ"
*************************************

numeric PC: constraint # = 22
CharAt(CONST_1)_13_ == CharAt(CONST_2)_5_ &&
CharAt(CONST_1)_13_ != CharAt(CONST_1)_4_ &&
CharAt(CONST_1)_13_ != CharAt(CONST_0)_3_ &&
CONST_1 < Length_0_ &&
CONST_8 >= Length_1_ &&
CharAt(CONST_0)_2_ != CharAt(CONST_7)_10_ &&
CONST_7 < Length_1_ &&
CharAt(CONST_0)_2_ != CharAt(CONST_6)_9_ &&
CONST_6 < Length_1_ &&
CharAt(CONST_0)_2_ != CharAt(CONST_5)_8_ &&
CONST_5 < Length_1_ &&
CharAt(CONST_0)_2_ != CharAt(CONST_4)_7_ &&
CONST_4 < Length_1_ &&
CharAt(CONST_0)_2_ != CharAt(CONST_3)_6_ &&
CONST_3 < Length_1_ &&
CharAt(CONST_0)_2_ != CharAt(CONST_2)_5_ &&
CONST_2 < Length_1_ &&
CharAt(CONST_0)_2_ != CharAt(CONST_1)_4_ &&
CONST_1 < Length_1_ &&
CharAt(CONST_0)_2_ != CharAt(CONST_0)_3_ &&
CONST_0 < Length_1_ &&
CONST_0 < Length_0_ -> true

### PCs: total:65 sat:60 unsat:5

string analysis: SPC # = 0
NPC constraint # = 22
CharAt(CONST_1)_13_ == CharAt(CONST_2)_5_ &&
CharAt(CONST_1)_13_ != CharAt(CONST_1)_4_ &&
CharAt(CONST_1)_13_ != CharAt(CONST_0)_3_ &&
CONST_1 < Length_0_ &&
CONST_8 >= Length_1_ &&
CharAt(CONST_0)_2_ != CharAt(CONST_7)_10_ &&
CONST_7 < Length_1_ &&
CharAt(CONST_0)_2_ != CharAt(CONST_6)_9_ &&
CONST_6 < Length_1_ &&
CharAt(CONST_0)_2_ != CharAt(CONST_5)_8_ &&
CONST_5 < Length_1_ &&
CharAt(CONST_0)_2_ != CharAt(CONST_4)_7_ &&
CONST_4 < Length_1_ &&
CharAt(CONST_0)_2_ != CharAt(CONST_3)_6_ &&
CONST_3 < Length_1_ &&
CharAt(CONST_0)_2_ != CharAt(CONST_2)_5_ &&
CONST_2 < Length_1_ &&
CharAt(CONST_0)_2_ != CharAt(CONST_1)_4_ &&
CONST_1 < Length_1_ &&
CharAt(CONST_0)_2_ != CharAt(CONST_0)_3_ &&
CONST_0 < Length_1_ &&
CONST_0 < Length_0_
$$$$$$$$$$$$$$$$$$$$$$$$$$$$$$$$
Calling Z3str3

current query... 
(declare-const text_1 String)
(declare-const delims_2 String)


(assert (= (str.at text_1 1) (str.at delims_2 2)))
(assert (not (= (str.at text_1 1) (str.at delims_2 1))))
(assert (not (= (str.at text_1 1) (str.at delims_2 0))))
(assert (< 1 (str.len text_1)))
(assert (>= 8 (str.len delims_2)))
(assert (not (= (str.at text_1 0) (str.at delims_2 7))))
(assert (< 7 (str.len delims_2)))
(assert (not (= (str.at text_1 0) (str.at delims_2 6))))
(assert (< 6 (str.len delims_2)))
(assert (not (= (str.at text_1 0) (str.at delims_2 5))))
(assert (< 5 (str.len delims_2)))
(assert (not (= (str.at text_1 0) (str.at delims_2 4))))
(assert (< 4 (str.len delims_2)))
(assert (not (= (str.at text_1 0) (str.at delims_2 3))))
(assert (< 3 (str.len delims_2)))
(assert (not (= (str.at text_1 0) (str.at delims_2 2))))
(assert (< 2 (str.len delims_2)))
(assert (not (= (str.at text_1 0) (str.at delims_2 1))))
(assert (< 1 (str.len delims_2)))
(assert (not (= (str.at text_1 0) (str.at delims_2 0))))
(assert (< 0 (str.len delims_2)))
(assert (< 0 (str.len text_1)))



======================
(define-fun text_1 () String
  "AB")
(define-fun delims_2 () String
  "CDBEFGHI")
Returned solutions: 
(define-fun text_1 () String  "AB")
(define-fun delims_2 () String  "CDBEFGHI")
*************************************
Satisfiable: true
text_1 => "AB"
delims_2 => "CDBEFGHI"
*************************************

numeric PC: constraint # = 22
CharAt(CONST_1)_13_ != CharAt(CONST_2)_5_ &&
CharAt(CONST_1)_13_ != CharAt(CONST_1)_4_ &&
CharAt(CONST_1)_13_ != CharAt(CONST_0)_3_ &&
CONST_1 < Length_0_ &&
CONST_8 >= Length_1_ &&
CharAt(CONST_0)_2_ != CharAt(CONST_7)_10_ &&
CONST_7 < Length_1_ &&
CharAt(CONST_0)_2_ != CharAt(CONST_6)_9_ &&
CONST_6 < Length_1_ &&
CharAt(CONST_0)_2_ != CharAt(CONST_5)_8_ &&
CONST_5 < Length_1_ &&
CharAt(CONST_0)_2_ != CharAt(CONST_4)_7_ &&
CONST_4 < Length_1_ &&
CharAt(CONST_0)_2_ != CharAt(CONST_3)_6_ &&
CONST_3 < Length_1_ &&
CharAt(CONST_0)_2_ != CharAt(CONST_2)_5_ &&
CONST_2 < Length_1_ &&
CharAt(CONST_0)_2_ != CharAt(CONST_1)_4_ &&
CONST_1 < Length_1_ &&
CharAt(CONST_0)_2_ != CharAt(CONST_0)_3_ &&
CONST_0 < Length_1_ &&
CONST_0 < Length_0_ -> true

### PCs: total:66 sat:61 unsat:5

string analysis: SPC # = 0
NPC constraint # = 22
CharAt(CONST_1)_13_ != CharAt(CONST_2)_5_ &&
CharAt(CONST_1)_13_ != CharAt(CONST_1)_4_ &&
CharAt(CONST_1)_13_ != CharAt(CONST_0)_3_ &&
CONST_1 < Length_0_ &&
CONST_8 >= Length_1_ &&
CharAt(CONST_0)_2_ != CharAt(CONST_7)_10_ &&
CONST_7 < Length_1_ &&
CharAt(CONST_0)_2_ != CharAt(CONST_6)_9_ &&
CONST_6 < Length_1_ &&
CharAt(CONST_0)_2_ != CharAt(CONST_5)_8_ &&
CONST_5 < Length_1_ &&
CharAt(CONST_0)_2_ != CharAt(CONST_4)_7_ &&
CONST_4 < Length_1_ &&
CharAt(CONST_0)_2_ != CharAt(CONST_3)_6_ &&
CONST_3 < Length_1_ &&
CharAt(CONST_0)_2_ != CharAt(CONST_2)_5_ &&
CONST_2 < Length_1_ &&
CharAt(CONST_0)_2_ != CharAt(CONST_1)_4_ &&
CONST_1 < Length_1_ &&
CharAt(CONST_0)_2_ != CharAt(CONST_0)_3_ &&
CONST_0 < Length_1_ &&
CONST_0 < Length_0_
$$$$$$$$$$$$$$$$$$$$$$$$$$$$$$$$
Calling Z3str3

current query... 
(declare-const text_1 String)
(declare-const delims_2 String)


(assert (not (= (str.at text_1 1) (str.at delims_2 2))))
(assert (not (= (str.at text_1 1) (str.at delims_2 1))))
(assert (not (= (str.at text_1 1) (str.at delims_2 0))))
(assert (< 1 (str.len text_1)))
(assert (>= 8 (str.len delims_2)))
(assert (not (= (str.at text_1 0) (str.at delims_2 7))))
(assert (< 7 (str.len delims_2)))
(assert (not (= (str.at text_1 0) (str.at delims_2 6))))
(assert (< 6 (str.len delims_2)))
(assert (not (= (str.at text_1 0) (str.at delims_2 5))))
(assert (< 5 (str.len delims_2)))
(assert (not (= (str.at text_1 0) (str.at delims_2 4))))
(assert (< 4 (str.len delims_2)))
(assert (not (= (str.at text_1 0) (str.at delims_2 3))))
(assert (< 3 (str.len delims_2)))
(assert (not (= (str.at text_1 0) (str.at delims_2 2))))
(assert (< 2 (str.len delims_2)))
(assert (not (= (str.at text_1 0) (str.at delims_2 1))))
(assert (< 1 (str.len delims_2)))
(assert (not (= (str.at text_1 0) (str.at delims_2 0))))
(assert (< 0 (str.len delims_2)))
(assert (< 0 (str.len text_1)))



======================
(define-fun text_1 () String
  "AB")
(define-fun delims_2 () String
  "CDEFGHIJ")
Returned solutions: 
(define-fun text_1 () String  "AB")
(define-fun delims_2 () String  "CDEFGHIJ")
*************************************
Satisfiable: true
text_1 => "AB"
delims_2 => "CDEFGHIJ"
*************************************


====================================================== search constraint
depth limit reached: 23

====================================================== snapshot 
thread java.lang.Thread:{id:0,name:main,status:RUNNING,priority:5,isDaemon:false,lockCount:0,suspendCount:0}
  call stack:
	at strings.DelimSearch.search(DelimSearch.java:7)
	at strings.DelimSearch.main(DelimSearch.java:18)

numeric PC: constraint # = 21
CharAt(CONST_1)_13_ != CharAt(CONST_1)_4_ &&
CharAt(CONST_1)_13_ != CharAt(CONST_0)_3_ &&
CONST_1 < Length_0_ &&
CONST_8 >= Length_1_ &&
CharAt(CONST_0)_2_ != CharAt(CONST_7)_10_ &&
CONST_7 < Length_1_ &&
CharAt(CONST_0)_2_ != CharAt(CONST_6)_9_ &&
CONST_6 < Length_1_ &&
CharAt(CONST_0)_2_ != CharAt(CONST_5)_8_ &&
CONST_5 < Length_1_ &&
CharAt(CONST_0)_2_ != CharAt(CONST_4)_7_ &&
CONST_4 < Length_1_ &&
CharAt(CONST_0)_2_ != CharAt(CONST_3)_6_ &&
CONST_3 < Length_1_ &&
CharAt(CONST_0)_2_ != CharAt(CONST_2)_5_ &&
CONST_2 < Length_1_ &&
CharAt(CONST_0)_2_ != CharAt(CONST_1)_4_ &&
CONST_1 < Length_1_ &&
CharAt(CONST_0)_2_ != CharAt(CONST_0)_3_ &&
CONST_0 < Length_1_ &&
CONST_0 < Length_0_ -> true

string analysis: SPC # = 0
NPC constraint # = 21
CharAt(CONST_1)_13_[0] != CharAt(CONST_1)_4_[1] &&
CharAt(CONST_1)_13_[0] != CharAt(CONST_0)_3_[1] &&
CONST_1 < Length_0_[2] &&
CONST_8 >= Length_1_[8] &&
CharAt(CONST_0)_2_[0] != CharAt(CONST_7)_10_[1] &&
CONST_7 < Length_1_[8] &&
CharAt(CONST_0)_2_[0] != CharAt(CONST_6)_9_[1] &&
CONST_6 < Length_1_[8] &&
CharAt(CONST_0)_2_[0] != CharAt(CONST_5)_8_[1] &&
CONST_5 < Length_1_[8] &&
CharAt(CONST_0)_2_[0] != CharAt(CONST_4)_7_[1] &&
CONST_4 < Length_1_[8] &&
CharAt(CONST_0)_2_[0] != CharAt(CONST_3)_6_[1] &&
CONST_3 < Length_1_[8] &&
CharAt(CONST_0)_2_[0] != CharAt(CONST_2)_5_[1] &&
CONST_2 < Length_1_[8] &&
CharAt(CONST_0)_2_[0] != CharAt(CONST_1)_4_[1] &&
CONST_1 < Length_1_[8] &&
CharAt(CONST_0)_2_[0] != CharAt(CONST_0)_3_[1] &&
CONST_0 < Length_1_[8] &&
CONST_0 < Length_0_[2]
$$$$$$$$$$$$$$$$$$$$$$$$$$$$$$$$
Calling Z3str3

current query... 
(declare-const text_1 String)
(declare-const delims_2 String)


(assert (not (= (str.at text_1 1) (str.at delims_2 1))))
(assert (not (= (str.at text_1 1) (str.at delims_2 0))))
(assert (< 1 (str.len text_1)))
(assert (>= 8 (str.len delims_2)))
(assert (not (= (str.at text_1 0) (str.at delims_2 7))))
(assert (< 7 (str.len delims_2)))
(assert (not (= (str.at text_1 0) (str.at delims_2 6))))
(assert (< 6 (str.len delims_2)))
(assert (not (= (str.at text_1 0) (str.at delims_2 5))))
(assert (< 5 (str.len delims_2)))
(assert (not (= (str.at text_1 0) (str.at delims_2 4))))
(assert (< 4 (str.len delims_2)))
(assert (not (= (str.at text_1 0) (str.at delims_2 3))))
(assert (< 3 (str.len delims_2)))
(assert (not (= (str.at text_1 0) (str.at delims_2 2))))
(assert (< 2 (str.len delims_2)))
(assert (not (= (str.at text_1 0) (str.at delims_2 1))))
(assert (< 1 (str.len delims_2)))
(assert (not (= (str.at text_1 0) (str.at delims_2 0))))
(assert (< 0 (str.len delims_2)))
(assert (< 0 (str.len text_1)))



======================
(define-fun text_1 () String
  "AB")
(define-fun delims_2 () String
  "CDEFGHIJ")
Returned solutions: 
(define-fun text_1 () String  "AB")
(define-fun delims_2 () String  "CDEFGHIJ")
*************************************
Satisfiable: true
text_1 => "AB"
delims_2 => "CDEFGHIJ"
*************************************

Delimiter [e] found at 1

====================================================== search constraint
depth limit reached: 23

====================================================== snapshot 
no live threads
numeric PC: constraint # = 21
CharAt(CONST_1)_13_ == CharAt(CONST_1)_4_ &&
CharAt(CONST_1)_13_ != CharAt(CONST_0)_3_ &&
CONST_1 < Length_0_ &&
CONST_8 >= Length_1_ &&
CharAt(CONST_0)_2_ != CharAt(CONST_7)_10_ &&
CONST_7 < Length_1_ &&
CharAt(CONST_0)_2_ != CharAt(CONST_6)_9_ &&
CONST_6 < Length_1_ &&
CharAt(CONST_0)_2_ != CharAt(CONST_5)_8_ &&
CONST_5 < Length_1_ &&
CharAt(CONST_0)_2_ != CharAt(CONST_4)_7_ &&
CONST_4 < Length_1_ &&
CharAt(CONST_0)_2_ != CharAt(CONST_3)_6_ &&
CONST_3 < Length_1_ &&
CharAt(CONST_0)_2_ != CharAt(CONST_2)_5_ &&
CONST_2 < Length_1_ &&
CharAt(CONST_0)_2_ != CharAt(CONST_1)_4_ &&
CONST_1 < Length_1_ &&
CharAt(CONST_0)_2_ != CharAt(CONST_0)_3_ &&
CONST_0 < Length_1_ &&
CONST_0 < Length_0_ -> true

string analysis: SPC # = 0
NPC constraint # = 21
CharAt(CONST_1)_13_[0] == CharAt(CONST_1)_4_[0] &&
CharAt(CONST_1)_13_[0] != CharAt(CONST_0)_3_[1] &&
CONST_1 < Length_0_[2] &&
CONST_8 >= Length_1_[8] &&
CharAt(CONST_0)_2_[2] != CharAt(CONST_7)_10_[0] &&
CONST_7 < Length_1_[8] &&
CharAt(CONST_0)_2_[2] != CharAt(CONST_6)_9_[0] &&
CONST_6 < Length_1_[8] &&
CharAt(CONST_0)_2_[2] != CharAt(CONST_5)_8_[0] &&
CONST_5 < Length_1_[8] &&
CharAt(CONST_0)_2_[2] != CharAt(CONST_4)_7_[0] &&
CONST_4 < Length_1_[8] &&
CharAt(CONST_0)_2_[2] != CharAt(CONST_3)_6_[0] &&
CONST_3 < Length_1_[8] &&
CharAt(CONST_0)_2_[2] != CharAt(CONST_2)_5_[0] &&
CONST_2 < Length_1_[8] &&
CharAt(CONST_0)_2_[2] != CharAt(CONST_1)_4_[0] &&
CONST_1 < Length_1_[8] &&
CharAt(CONST_0)_2_[2] != CharAt(CONST_0)_3_[1] &&
CONST_0 < Length_1_[8] &&
CONST_0 < Length_0_[2]
$$$$$$$$$$$$$$$$$$$$$$$$$$$$$$$$
Calling Z3str3

current query... 
(declare-const text_1 String)
(declare-const delims_2 String)


(assert (= (str.at text_1 1) (str.at delims_2 1)))
(assert (not (= (str.at text_1 1) (str.at delims_2 0))))
(assert (< 1 (str.len text_1)))
(assert (>= 8 (str.len delims_2)))
(assert (not (= (str.at text_1 0) (str.at delims_2 7))))
(assert (< 7 (str.len delims_2)))
(assert (not (= (str.at text_1 0) (str.at delims_2 6))))
(assert (< 6 (str.len delims_2)))
(assert (not (= (str.at text_1 0) (str.at delims_2 5))))
(assert (< 5 (str.len delims_2)))
(assert (not (= (str.at text_1 0) (str.at delims_2 4))))
(assert (< 4 (str.len delims_2)))
(assert (not (= (str.at text_1 0) (str.at delims_2 3))))
(assert (< 3 (str.len delims_2)))
(assert (not (= (str.at text_1 0) (str.at delims_2 2))))
(assert (< 2 (str.len delims_2)))
(assert (not (= (str.at text_1 0) (str.at delims_2 1))))
(assert (< 1 (str.len delims_2)))
(assert (not (= (str.at text_1 0) (str.at delims_2 0))))
(assert (< 0 (str.len delims_2)))
(assert (< 0 (str.len text_1)))



======================
(define-fun text_1 () String
  "AB")
(define-fun delims_2 () String
  "CBDEFGHI")
Returned solutions: 
(define-fun text_1 () String  "AB")
(define-fun delims_2 () String  "CBDEFGHI")
*************************************
Satisfiable: true
text_1 => "AB"
delims_2 => "CBDEFGHI"
*************************************

numeric PC: constraint # = 20
CharAt(CONST_1)_13_[0] != CharAt(CONST_0)_3_[1] &&
CONST_1 < Length_0_[2] &&
CONST_8 >= Length_1_[8] &&
CharAt(CONST_0)_2_[2] != CharAt(CONST_7)_10_[0] &&
CONST_7 < Length_1_[8] &&
CharAt(CONST_0)_2_[2] != CharAt(CONST_6)_9_[0] &&
CONST_6 < Length_1_[8] &&
CharAt(CONST_0)_2_[2] != CharAt(CONST_5)_8_[0] &&
CONST_5 < Length_1_[8] &&
CharAt(CONST_0)_2_[2] != CharAt(CONST_4)_7_[0] &&
CONST_4 < Length_1_[8] &&
CharAt(CONST_0)_2_[2] != CharAt(CONST_3)_6_[0] &&
CONST_3 < Length_1_[8] &&
CharAt(CONST_0)_2_[2] != CharAt(CONST_2)_5_[0] &&
CONST_2 < Length_1_[8] &&
CharAt(CONST_0)_2_[2] != CharAt(CONST_1)_4_[0] &&
CONST_1 < Length_1_[8] &&
CharAt(CONST_0)_2_[2] != CharAt(CONST_0)_3_[1] &&
CONST_0 < Length_1_[8] &&
CONST_0 < Length_0_[2] -> true

string analysis: SPC # = 0
NPC constraint # = 20
CharAt(CONST_1)_13_[0] != CharAt(CONST_0)_3_[1] &&
CONST_1 < Length_0_[2] &&
CONST_8 >= Length_1_[8] &&
CharAt(CONST_0)_2_[0] != CharAt(CONST_7)_10_[1] &&
CONST_7 < Length_1_[8] &&
CharAt(CONST_0)_2_[0] != CharAt(CONST_6)_9_[1] &&
CONST_6 < Length_1_[8] &&
CharAt(CONST_0)_2_[0] != CharAt(CONST_5)_8_[1] &&
CONST_5 < Length_1_[8] &&
CharAt(CONST_0)_2_[0] != CharAt(CONST_4)_7_[1] &&
CONST_4 < Length_1_[8] &&
CharAt(CONST_0)_2_[0] != CharAt(CONST_3)_6_[1] &&
CONST_3 < Length_1_[8] &&
CharAt(CONST_0)_2_[0] != CharAt(CONST_2)_5_[1] &&
CONST_2 < Length_1_[8] &&
CharAt(CONST_0)_2_[0] != CharAt(CONST_1)_4_[1] &&
CONST_1 < Length_1_[8] &&
CharAt(CONST_0)_2_[0] != CharAt(CONST_0)_3_[1] &&
CONST_0 < Length_1_[8] &&
CONST_0 < Length_0_[2]
$$$$$$$$$$$$$$$$$$$$$$$$$$$$$$$$
Calling Z3str3

current query... 
(declare-const text_1 String)
(declare-const delims_2 String)


(assert (not (= (str.at text_1 1) (str.at delims_2 0))))
(assert (< 1 (str.len text_1)))
(assert (>= 8 (str.len delims_2)))
(assert (not (= (str.at text_1 0) (str.at delims_2 7))))
(assert (< 7 (str.len delims_2)))
(assert (not (= (str.at text_1 0) (str.at delims_2 6))))
(assert (< 6 (str.len delims_2)))
(assert (not (= (str.at text_1 0) (str.at delims_2 5))))
(assert (< 5 (str.len delims_2)))
(assert (not (= (str.at text_1 0) (str.at delims_2 4))))
(assert (< 4 (str.len delims_2)))
(assert (not (= (str.at text_1 0) (str.at delims_2 3))))
(assert (< 3 (str.len delims_2)))
(assert (not (= (str.at text_1 0) (str.at delims_2 2))))
(assert (< 2 (str.len delims_2)))
(assert (not (= (str.at text_1 0) (str.at delims_2 1))))
(assert (< 1 (str.len delims_2)))
(assert (not (= (str.at text_1 0) (str.at delims_2 0))))
(assert (< 0 (str.len delims_2)))
(assert (< 0 (str.len text_1)))



======================
(define-fun text_1 () String
  "AB")
(define-fun delims_2 () String
  "CDEFGHIJ")
Returned solutions: 
(define-fun text_1 () String  "AB")
(define-fun delims_2 () String  "CDEFGHIJ")
*************************************
Satisfiable: true
text_1 => "AB"
delims_2 => "CDEFGHIJ"
*************************************

Delimiter [e] found at 1
numeric PC: constraint # = 20
CharAt(CONST_1)_13_ == CharAt(CONST_0)_3_ &&
CONST_1 < Length_0_ &&
CONST_8 >= Length_1_ &&
CharAt(CONST_0)_2_ != CharAt(CONST_7)_10_ &&
CONST_7 < Length_1_ &&
CharAt(CONST_0)_2_ != CharAt(CONST_6)_9_ &&
CONST_6 < Length_1_ &&
CharAt(CONST_0)_2_ != CharAt(CONST_5)_8_ &&
CONST_5 < Length_1_ &&
CharAt(CONST_0)_2_ != CharAt(CONST_4)_7_ &&
CONST_4 < Length_1_ &&
CharAt(CONST_0)_2_ != CharAt(CONST_3)_6_ &&
CONST_3 < Length_1_ &&
CharAt(CONST_0)_2_ != CharAt(CONST_2)_5_ &&
CONST_2 < Length_1_ &&
CharAt(CONST_0)_2_ != CharAt(CONST_1)_4_ &&
CONST_1 < Length_1_ &&
CharAt(CONST_0)_2_ != CharAt(CONST_0)_3_ &&
CONST_0 < Length_1_ &&
CONST_0 < Length_0_ -> true

string analysis: SPC # = 0
NPC constraint # = 20
CharAt(CONST_1)_13_[0] == CharAt(CONST_0)_3_[0] &&
CONST_1 < Length_0_[2] &&
CONST_8 >= Length_1_[8] &&
CharAt(CONST_0)_2_[1] != CharAt(CONST_7)_10_[0] &&
CONST_7 < Length_1_[8] &&
CharAt(CONST_0)_2_[1] != CharAt(CONST_6)_9_[0] &&
CONST_6 < Length_1_[8] &&
CharAt(CONST_0)_2_[1] != CharAt(CONST_5)_8_[0] &&
CONST_5 < Length_1_[8] &&
CharAt(CONST_0)_2_[1] != CharAt(CONST_4)_7_[0] &&
CONST_4 < Length_1_[8] &&
CharAt(CONST_0)_2_[1] != CharAt(CONST_3)_6_[0] &&
CONST_3 < Length_1_[8] &&
CharAt(CONST_0)_2_[1] != CharAt(CONST_2)_5_[0] &&
CONST_2 < Length_1_[8] &&
CharAt(CONST_0)_2_[1] != CharAt(CONST_1)_4_[0] &&
CONST_1 < Length_1_[8] &&
CharAt(CONST_0)_2_[1] != CharAt(CONST_0)_3_[0] &&
CONST_0 < Length_1_[8] &&
CONST_0 < Length_0_[2]
$$$$$$$$$$$$$$$$$$$$$$$$$$$$$$$$
Calling Z3str3

current query... 
(declare-const text_1 String)
(declare-const delims_2 String)


(assert (= (str.at text_1 1) (str.at delims_2 0)))
(assert (< 1 (str.len text_1)))
(assert (>= 8 (str.len delims_2)))
(assert (not (= (str.at text_1 0) (str.at delims_2 7))))
(assert (< 7 (str.len delims_2)))
(assert (not (= (str.at text_1 0) (str.at delims_2 6))))
(assert (< 6 (str.len delims_2)))
(assert (not (= (str.at text_1 0) (str.at delims_2 5))))
(assert (< 5 (str.len delims_2)))
(assert (not (= (str.at text_1 0) (str.at delims_2 4))))
(assert (< 4 (str.len delims_2)))
(assert (not (= (str.at text_1 0) (str.at delims_2 3))))
(assert (< 3 (str.len delims_2)))
(assert (not (= (str.at text_1 0) (str.at delims_2 2))))
(assert (< 2 (str.len delims_2)))
(assert (not (= (str.at text_1 0) (str.at delims_2 1))))
(assert (< 1 (str.len delims_2)))
(assert (not (= (str.at text_1 0) (str.at delims_2 0))))
(assert (< 0 (str.len delims_2)))
(assert (< 0 (str.len text_1)))



======================
(define-fun text_1 () String
  "AB")
(define-fun delims_2 () String
  "BCDEFGHI")
Returned solutions: 
(define-fun text_1 () String  "AB")
(define-fun delims_2 () String  "BCDEFGHI")
*************************************
Satisfiable: true
text_1 => "AB"
delims_2 => "BCDEFGHI"
*************************************

numeric PC: constraint # = 19
CONST_1 < Length_0_[2] &&
CONST_8 >= Length_1_[8] &&
CharAt(CONST_0)_2_[1] != CharAt(CONST_7)_10_[0] &&
CONST_7 < Length_1_[8] &&
CharAt(CONST_0)_2_[1] != CharAt(CONST_6)_9_[0] &&
CONST_6 < Length_1_[8] &&
CharAt(CONST_0)_2_[1] != CharAt(CONST_5)_8_[0] &&
CONST_5 < Length_1_[8] &&
CharAt(CONST_0)_2_[1] != CharAt(CONST_4)_7_[0] &&
CONST_4 < Length_1_[8] &&
CharAt(CONST_0)_2_[1] != CharAt(CONST_3)_6_[0] &&
CONST_3 < Length_1_[8] &&
CharAt(CONST_0)_2_[1] != CharAt(CONST_2)_5_[0] &&
CONST_2 < Length_1_[8] &&
CharAt(CONST_0)_2_[1] != CharAt(CONST_1)_4_[0] &&
CONST_1 < Length_1_[8] &&
CharAt(CONST_0)_2_[1] != CharAt(CONST_0)_3_[0] &&
CONST_0 < Length_1_[8] &&
CONST_0 < Length_0_[2] -> true

string analysis: SPC # = 0
NPC constraint # = 19
CONST_1 < Length_0_[2] &&
CONST_8 >= Length_1_[8] &&
CharAt(CONST_0)_2_[0] != CharAt(CONST_7)_10_[1] &&
CONST_7 < Length_1_[8] &&
CharAt(CONST_0)_2_[0] != CharAt(CONST_6)_9_[1] &&
CONST_6 < Length_1_[8] &&
CharAt(CONST_0)_2_[0] != CharAt(CONST_5)_8_[1] &&
CONST_5 < Length_1_[8] &&
CharAt(CONST_0)_2_[0] != CharAt(CONST_4)_7_[1] &&
CONST_4 < Length_1_[8] &&
CharAt(CONST_0)_2_[0] != CharAt(CONST_3)_6_[1] &&
CONST_3 < Length_1_[8] &&
CharAt(CONST_0)_2_[0] != CharAt(CONST_2)_5_[1] &&
CONST_2 < Length_1_[8] &&
CharAt(CONST_0)_2_[0] != CharAt(CONST_1)_4_[1] &&
CONST_1 < Length_1_[8] &&
CharAt(CONST_0)_2_[0] != CharAt(CONST_0)_3_[1] &&
CONST_0 < Length_1_[8] &&
CONST_0 < Length_0_[2]
$$$$$$$$$$$$$$$$$$$$$$$$$$$$$$$$
Calling Z3str3

current query... 
(declare-const text_1 String)
(declare-const delims_2 String)


(assert (< 1 (str.len text_1)))
(assert (>= 8 (str.len delims_2)))
(assert (not (= (str.at text_1 0) (str.at delims_2 7))))
(assert (< 7 (str.len delims_2)))
(assert (not (= (str.at text_1 0) (str.at delims_2 6))))
(assert (< 6 (str.len delims_2)))
(assert (not (= (str.at text_1 0) (str.at delims_2 5))))
(assert (< 5 (str.len delims_2)))
(assert (not (= (str.at text_1 0) (str.at delims_2 4))))
(assert (< 4 (str.len delims_2)))
(assert (not (= (str.at text_1 0) (str.at delims_2 3))))
(assert (< 3 (str.len delims_2)))
(assert (not (= (str.at text_1 0) (str.at delims_2 2))))
(assert (< 2 (str.len delims_2)))
(assert (not (= (str.at text_1 0) (str.at delims_2 1))))
(assert (< 1 (str.len delims_2)))
(assert (not (= (str.at text_1 0) (str.at delims_2 0))))
(assert (< 0 (str.len delims_2)))
(assert (< 0 (str.len text_1)))



======================
(define-fun text_1 () String
  "AJ")
(define-fun delims_2 () String
  "BCDEFGHI")
Returned solutions: 
(define-fun text_1 () String  "AJ")
(define-fun delims_2 () String  "BCDEFGHI")
*************************************
Satisfiable: true
text_1 => "AJ"
delims_2 => "BCDEFGHI"
*************************************

numeric PC: constraint # = 20
Length_0_ >= CONST_12 &&
CONST_1 >= Length_0_ &&
CONST_8 >= Length_1_ &&
CharAt(CONST_0)_2_ != CharAt(CONST_7)_10_ &&
CONST_7 < Length_1_ &&
CharAt(CONST_0)_2_ != CharAt(CONST_6)_9_ &&
CONST_6 < Length_1_ &&
CharAt(CONST_0)_2_ != CharAt(CONST_5)_8_ &&
CONST_5 < Length_1_ &&
CharAt(CONST_0)_2_ != CharAt(CONST_4)_7_ &&
CONST_4 < Length_1_ &&
CharAt(CONST_0)_2_ != CharAt(CONST_3)_6_ &&
CONST_3 < Length_1_ &&
CharAt(CONST_0)_2_ != CharAt(CONST_2)_5_ &&
CONST_2 < Length_1_ &&
CharAt(CONST_0)_2_ != CharAt(CONST_1)_4_ &&
CONST_1 < Length_1_ &&
CharAt(CONST_0)_2_ != CharAt(CONST_0)_3_ &&
CONST_0 < Length_1_ &&
CONST_0 < Length_0_ -> false

### PCs: total:67 sat:61 unsat:6

numeric PC: constraint # = 20
Length_0_ < CONST_12 &&
CONST_1 >= Length_0_ &&
CONST_8 >= Length_1_ &&
CharAt(CONST_0)_2_ != CharAt(CONST_7)_10_ &&
CONST_7 < Length_1_ &&
CharAt(CONST_0)_2_ != CharAt(CONST_6)_9_ &&
CONST_6 < Length_1_ &&
CharAt(CONST_0)_2_ != CharAt(CONST_5)_8_ &&
CONST_5 < Length_1_ &&
CharAt(CONST_0)_2_ != CharAt(CONST_4)_7_ &&
CONST_4 < Length_1_ &&
CharAt(CONST_0)_2_ != CharAt(CONST_3)_6_ &&
CONST_3 < Length_1_ &&
CharAt(CONST_0)_2_ != CharAt(CONST_2)_5_ &&
CONST_2 < Length_1_ &&
CharAt(CONST_0)_2_ != CharAt(CONST_1)_4_ &&
CONST_1 < Length_1_ &&
CharAt(CONST_0)_2_ != CharAt(CONST_0)_3_ &&
CONST_0 < Length_1_ &&
CONST_0 < Length_0_ -> true

### PCs: total:68 sat:62 unsat:6

string analysis: SPC # = 0
NPC constraint # = 20
Length_0_ < CONST_12 &&
CONST_1 >= Length_0_ &&
CONST_8 >= Length_1_ &&
CharAt(CONST_0)_2_ != CharAt(CONST_7)_10_ &&
CONST_7 < Length_1_ &&
CharAt(CONST_0)_2_ != CharAt(CONST_6)_9_ &&
CONST_6 < Length_1_ &&
CharAt(CONST_0)_2_ != CharAt(CONST_5)_8_ &&
CONST_5 < Length_1_ &&
CharAt(CONST_0)_2_ != CharAt(CONST_4)_7_ &&
CONST_4 < Length_1_ &&
CharAt(CONST_0)_2_ != CharAt(CONST_3)_6_ &&
CONST_3 < Length_1_ &&
CharAt(CONST_0)_2_ != CharAt(CONST_2)_5_ &&
CONST_2 < Length_1_ &&
CharAt(CONST_0)_2_ != CharAt(CONST_1)_4_ &&
CONST_1 < Length_1_ &&
CharAt(CONST_0)_2_ != CharAt(CONST_0)_3_ &&
CONST_0 < Length_1_ &&
CONST_0 < Length_0_
$$$$$$$$$$$$$$$$$$$$$$$$$$$$$$$$
Calling Z3str3

current query... 
(declare-const text_1 String)
(declare-const delims_2 String)


(assert (< (str.len text_1) 12))
(assert (>= 1 (str.len text_1)))
(assert (>= 8 (str.len delims_2)))
(assert (not (= (str.at text_1 0) (str.at delims_2 7))))
(assert (< 7 (str.len delims_2)))
(assert (not (= (str.at text_1 0) (str.at delims_2 6))))
(assert (< 6 (str.len delims_2)))
(assert (not (= (str.at text_1 0) (str.at delims_2 5))))
(assert (< 5 (str.len delims_2)))
(assert (not (= (str.at text_1 0) (str.at delims_2 4))))
(assert (< 4 (str.len delims_2)))
(assert (not (= (str.at text_1 0) (str.at delims_2 3))))
(assert (< 3 (str.len delims_2)))
(assert (not (= (str.at text_1 0) (str.at delims_2 2))))
(assert (< 2 (str.len delims_2)))
(assert (not (= (str.at text_1 0) (str.at delims_2 1))))
(assert (< 1 (str.len delims_2)))
(assert (not (= (str.at text_1 0) (str.at delims_2 0))))
(assert (< 0 (str.len delims_2)))
(assert (< 0 (str.len text_1)))



======================
(define-fun text_1 () String
  "A")
(define-fun delims_2 () String
  "BCDEFGHI")
Returned solutions: 
(define-fun text_1 () String  "A")
(define-fun delims_2 () String  "BCDEFGHI")
*************************************
Satisfiable: true
text_1 => "A"
delims_2 => "BCDEFGHI"
*************************************

New sym int CharAt(Length_0_)_15_ min=0, max=65535
Symbolic Exp [ CONST_Delimiter [.concat(.valueof[(CharAt(Length_0_)_15_)]).concat(CONST_] found at ).concat(.valueof[(Length_0_)])]
numeric PC: constraint # = 19
CONST_1 >= Length_0_ &&
CONST_8 >= Length_1_ &&
CharAt(CONST_0)_2_ != CharAt(CONST_7)_10_ &&
CONST_7 < Length_1_ &&
CharAt(CONST_0)_2_ != CharAt(CONST_6)_9_ &&
CONST_6 < Length_1_ &&
CharAt(CONST_0)_2_ != CharAt(CONST_5)_8_ &&
CONST_5 < Length_1_ &&
CharAt(CONST_0)_2_ != CharAt(CONST_4)_7_ &&
CONST_4 < Length_1_ &&
CharAt(CONST_0)_2_ != CharAt(CONST_3)_6_ &&
CONST_3 < Length_1_ &&
CharAt(CONST_0)_2_ != CharAt(CONST_2)_5_ &&
CONST_2 < Length_1_ &&
CharAt(CONST_0)_2_ != CharAt(CONST_1)_4_ &&
CONST_1 < Length_1_ &&
CharAt(CONST_0)_2_ != CharAt(CONST_0)_3_ &&
CONST_0 < Length_1_ &&
CONST_0 < Length_0_ -> true

string analysis: SPC # = 0
NPC constraint # = 19
CONST_1 >= Length_0_[1] &&
CONST_8 >= Length_1_[8] &&
CharAt(CONST_0)_2_[0] != CharAt(CONST_7)_10_[1] &&
CONST_7 < Length_1_[8] &&
CharAt(CONST_0)_2_[0] != CharAt(CONST_6)_9_[1] &&
CONST_6 < Length_1_[8] &&
CharAt(CONST_0)_2_[0] != CharAt(CONST_5)_8_[1] &&
CONST_5 < Length_1_[8] &&
CharAt(CONST_0)_2_[0] != CharAt(CONST_4)_7_[1] &&
CONST_4 < Length_1_[8] &&
CharAt(CONST_0)_2_[0] != CharAt(CONST_3)_6_[1] &&
CONST_3 < Length_1_[8] &&
CharAt(CONST_0)_2_[0] != CharAt(CONST_2)_5_[1] &&
CONST_2 < Length_1_[8] &&
CharAt(CONST_0)_2_[0] != CharAt(CONST_1)_4_[1] &&
CONST_1 < Length_1_[8] &&
CharAt(CONST_0)_2_[0] != CharAt(CONST_0)_3_[1] &&
CONST_0 < Length_1_[8] &&
CONST_0 < Length_0_[1]
$$$$$$$$$$$$$$$$$$$$$$$$$$$$$$$$
Calling Z3str3

current query... 
(declare-const text_1 String)
(declare-const delims_2 String)


(assert (>= 1 (str.len text_1)))
(assert (>= 8 (str.len delims_2)))
(assert (not (= (str.at text_1 0) (str.at delims_2 7))))
(assert (< 7 (str.len delims_2)))
(assert (not (= (str.at text_1 0) (str.at delims_2 6))))
(assert (< 6 (str.len delims_2)))
(assert (not (= (str.at text_1 0) (str.at delims_2 5))))
(assert (< 5 (str.len delims_2)))
(assert (not (= (str.at text_1 0) (str.at delims_2 4))))
(assert (< 4 (str.len delims_2)))
(assert (not (= (str.at text_1 0) (str.at delims_2 3))))
(assert (< 3 (str.len delims_2)))
(assert (not (= (str.at text_1 0) (str.at delims_2 2))))
(assert (< 2 (str.len delims_2)))
(assert (not (= (str.at text_1 0) (str.at delims_2 1))))
(assert (< 1 (str.len delims_2)))
(assert (not (= (str.at text_1 0) (str.at delims_2 0))))
(assert (< 0 (str.len delims_2)))
(assert (< 0 (str.len text_1)))



======================
(define-fun text_1 () String
  "A")
(define-fun delims_2 () String
  "BCDEFGHI")
Returned solutions: 
(define-fun text_1 () String  "A")
(define-fun delims_2 () String  "BCDEFGHI")
*************************************
Satisfiable: true
text_1 => "A"
delims_2 => "BCDEFGHI"
*************************************

numeric PC: constraint # = 18
CONST_8 >= Length_1_[8] &&
CharAt(CONST_0)_2_[0] != CharAt(CONST_7)_10_[1] &&
CONST_7 < Length_1_[8] &&
CharAt(CONST_0)_2_[0] != CharAt(CONST_6)_9_[1] &&
CONST_6 < Length_1_[8] &&
CharAt(CONST_0)_2_[0] != CharAt(CONST_5)_8_[1] &&
CONST_5 < Length_1_[8] &&
CharAt(CONST_0)_2_[0] != CharAt(CONST_4)_7_[1] &&
CONST_4 < Length_1_[8] &&
CharAt(CONST_0)_2_[0] != CharAt(CONST_3)_6_[1] &&
CONST_3 < Length_1_[8] &&
CharAt(CONST_0)_2_[0] != CharAt(CONST_2)_5_[1] &&
CONST_2 < Length_1_[8] &&
CharAt(CONST_0)_2_[0] != CharAt(CONST_1)_4_[1] &&
CONST_1 < Length_1_[8] &&
CharAt(CONST_0)_2_[0] != CharAt(CONST_0)_3_[1] &&
CONST_0 < Length_1_[8] &&
CONST_0 < Length_0_[1] -> true

string analysis: SPC # = 0
NPC constraint # = 18
CONST_8 >= Length_1_[8] &&
CharAt(CONST_0)_2_[0] != CharAt(CONST_7)_10_[1] &&
CONST_7 < Length_1_[8] &&
CharAt(CONST_0)_2_[0] != CharAt(CONST_6)_9_[1] &&
CONST_6 < Length_1_[8] &&
CharAt(CONST_0)_2_[0] != CharAt(CONST_5)_8_[1] &&
CONST_5 < Length_1_[8] &&
CharAt(CONST_0)_2_[0] != CharAt(CONST_4)_7_[1] &&
CONST_4 < Length_1_[8] &&
CharAt(CONST_0)_2_[0] != CharAt(CONST_3)_6_[1] &&
CONST_3 < Length_1_[8] &&
CharAt(CONST_0)_2_[0] != CharAt(CONST_2)_5_[1] &&
CONST_2 < Length_1_[8] &&
CharAt(CONST_0)_2_[0] != CharAt(CONST_1)_4_[1] &&
CONST_1 < Length_1_[8] &&
CharAt(CONST_0)_2_[0] != CharAt(CONST_0)_3_[1] &&
CONST_0 < Length_1_[8] &&
CONST_0 < Length_0_[1]
$$$$$$$$$$$$$$$$$$$$$$$$$$$$$$$$
Calling Z3str3

current query... 
(declare-const delims_2 String)
(declare-const text_1 String)


(assert (>= 8 (str.len delims_2)))
(assert (not (= (str.at text_1 0) (str.at delims_2 7))))
(assert (< 7 (str.len delims_2)))
(assert (not (= (str.at text_1 0) (str.at delims_2 6))))
(assert (< 6 (str.len delims_2)))
(assert (not (= (str.at text_1 0) (str.at delims_2 5))))
(assert (< 5 (str.len delims_2)))
(assert (not (= (str.at text_1 0) (str.at delims_2 4))))
(assert (< 4 (str.len delims_2)))
(assert (not (= (str.at text_1 0) (str.at delims_2 3))))
(assert (< 3 (str.len delims_2)))
(assert (not (= (str.at text_1 0) (str.at delims_2 2))))
(assert (< 2 (str.len delims_2)))
(assert (not (= (str.at text_1 0) (str.at delims_2 1))))
(assert (< 1 (str.len delims_2)))
(assert (not (= (str.at text_1 0) (str.at delims_2 0))))
(assert (< 0 (str.len delims_2)))
(assert (< 0 (str.len text_1)))



======================
(define-fun text_1 () String
  "A")
(define-fun delims_2 () String
  "BCDEFGHI")
Returned solutions: 
(define-fun text_1 () String  "A")
(define-fun delims_2 () String  "BCDEFGHI")
*************************************
Satisfiable: true
text_1 => "A"
delims_2 => "BCDEFGHI"
*************************************

numeric PC: constraint # = 17
CharAt(CONST_0)_2_[0] != CharAt(CONST_7)_10_[1] &&
CONST_7 < Length_1_[8] &&
CharAt(CONST_0)_2_[0] != CharAt(CONST_6)_9_[1] &&
CONST_6 < Length_1_[8] &&
CharAt(CONST_0)_2_[0] != CharAt(CONST_5)_8_[1] &&
CONST_5 < Length_1_[8] &&
CharAt(CONST_0)_2_[0] != CharAt(CONST_4)_7_[1] &&
CONST_4 < Length_1_[8] &&
CharAt(CONST_0)_2_[0] != CharAt(CONST_3)_6_[1] &&
CONST_3 < Length_1_[8] &&
CharAt(CONST_0)_2_[0] != CharAt(CONST_2)_5_[1] &&
CONST_2 < Length_1_[8] &&
CharAt(CONST_0)_2_[0] != CharAt(CONST_1)_4_[1] &&
CONST_1 < Length_1_[8] &&
CharAt(CONST_0)_2_[0] != CharAt(CONST_0)_3_[1] &&
CONST_0 < Length_1_[8] &&
CONST_0 < Length_0_[1] -> true

string analysis: SPC # = 0
NPC constraint # = 17
CharAt(CONST_0)_2_[0] != CharAt(CONST_7)_10_[1] &&
CONST_7 < Length_1_[8] &&
CharAt(CONST_0)_2_[0] != CharAt(CONST_6)_9_[1] &&
CONST_6 < Length_1_[8] &&
CharAt(CONST_0)_2_[0] != CharAt(CONST_5)_8_[1] &&
CONST_5 < Length_1_[8] &&
CharAt(CONST_0)_2_[0] != CharAt(CONST_4)_7_[1] &&
CONST_4 < Length_1_[8] &&
CharAt(CONST_0)_2_[0] != CharAt(CONST_3)_6_[1] &&
CONST_3 < Length_1_[8] &&
CharAt(CONST_0)_2_[0] != CharAt(CONST_2)_5_[1] &&
CONST_2 < Length_1_[8] &&
CharAt(CONST_0)_2_[0] != CharAt(CONST_1)_4_[1] &&
CONST_1 < Length_1_[8] &&
CharAt(CONST_0)_2_[0] != CharAt(CONST_0)_3_[1] &&
CONST_0 < Length_1_[8] &&
CONST_0 < Length_0_[1]
$$$$$$$$$$$$$$$$$$$$$$$$$$$$$$$$
Calling Z3str3

current query... 
(declare-const text_1 String)
(declare-const delims_2 String)


(assert (not (= (str.at text_1 0) (str.at delims_2 7))))
(assert (< 7 (str.len delims_2)))
(assert (not (= (str.at text_1 0) (str.at delims_2 6))))
(assert (< 6 (str.len delims_2)))
(assert (not (= (str.at text_1 0) (str.at delims_2 5))))
(assert (< 5 (str.len delims_2)))
(assert (not (= (str.at text_1 0) (str.at delims_2 4))))
(assert (< 4 (str.len delims_2)))
(assert (not (= (str.at text_1 0) (str.at delims_2 3))))
(assert (< 3 (str.len delims_2)))
(assert (not (= (str.at text_1 0) (str.at delims_2 2))))
(assert (< 2 (str.len delims_2)))
(assert (not (= (str.at text_1 0) (str.at delims_2 1))))
(assert (< 1 (str.len delims_2)))
(assert (not (= (str.at text_1 0) (str.at delims_2 0))))
(assert (< 0 (str.len delims_2)))
(assert (< 0 (str.len text_1)))



======================
(define-fun text_1 () String
  "A")
(define-fun delims_2 () String
  "BCDEFGHI")
Returned solutions: 
(define-fun text_1 () String  "A")
(define-fun delims_2 () String  "BCDEFGHI")
*************************************
Satisfiable: true
text_1 => "A"
delims_2 => "BCDEFGHI"
*************************************

Delimiter [H] found at 0
numeric PC: constraint # = 17
CharAt(CONST_0)_2_ == CharAt(CONST_7)_10_ &&
CONST_7 < Length_1_ &&
CharAt(CONST_0)_2_ != CharAt(CONST_6)_9_ &&
CONST_6 < Length_1_ &&
CharAt(CONST_0)_2_ != CharAt(CONST_5)_8_ &&
CONST_5 < Length_1_ &&
CharAt(CONST_0)_2_ != CharAt(CONST_4)_7_ &&
CONST_4 < Length_1_ &&
CharAt(CONST_0)_2_ != CharAt(CONST_3)_6_ &&
CONST_3 < Length_1_ &&
CharAt(CONST_0)_2_ != CharAt(CONST_2)_5_ &&
CONST_2 < Length_1_ &&
CharAt(CONST_0)_2_ != CharAt(CONST_1)_4_ &&
CONST_1 < Length_1_ &&
CharAt(CONST_0)_2_ != CharAt(CONST_0)_3_ &&
CONST_0 < Length_1_ &&
CONST_0 < Length_0_ -> true

string analysis: SPC # = 0
NPC constraint # = 17
CharAt(CONST_0)_2_[0] == CharAt(CONST_7)_10_[0] &&
CONST_7 < Length_1_[8] &&
CharAt(CONST_0)_2_[0] != CharAt(CONST_6)_9_[1] &&
CONST_6 < Length_1_[8] &&
CharAt(CONST_0)_2_[0] != CharAt(CONST_5)_8_[1] &&
CONST_5 < Length_1_[8] &&
CharAt(CONST_0)_2_[0] != CharAt(CONST_4)_7_[1] &&
CONST_4 < Length_1_[8] &&
CharAt(CONST_0)_2_[0] != CharAt(CONST_3)_6_[1] &&
CONST_3 < Length_1_[8] &&
CharAt(CONST_0)_2_[0] != CharAt(CONST_2)_5_[1] &&
CONST_2 < Length_1_[8] &&
CharAt(CONST_0)_2_[0] != CharAt(CONST_1)_4_[1] &&
CONST_1 < Length_1_[8] &&
CharAt(CONST_0)_2_[0] != CharAt(CONST_0)_3_[1] &&
CONST_0 < Length_1_[8] &&
CONST_0 < Length_0_[1]
$$$$$$$$$$$$$$$$$$$$$$$$$$$$$$$$
Calling Z3str3

current query... 
(declare-const text_1 String)
(declare-const delims_2 String)


(assert (= (str.at text_1 0) (str.at delims_2 7)))
(assert (< 7 (str.len delims_2)))
(assert (not (= (str.at text_1 0) (str.at delims_2 6))))
(assert (< 6 (str.len delims_2)))
(assert (not (= (str.at text_1 0) (str.at delims_2 5))))
(assert (< 5 (str.len delims_2)))
(assert (not (= (str.at text_1 0) (str.at delims_2 4))))
(assert (< 4 (str.len delims_2)))
(assert (not (= (str.at text_1 0) (str.at delims_2 3))))
(assert (< 3 (str.len delims_2)))
(assert (not (= (str.at text_1 0) (str.at delims_2 2))))
(assert (< 2 (str.len delims_2)))
(assert (not (= (str.at text_1 0) (str.at delims_2 1))))
(assert (< 1 (str.len delims_2)))
(assert (not (= (str.at text_1 0) (str.at delims_2 0))))
(assert (< 0 (str.len delims_2)))
(assert (< 0 (str.len text_1)))



======================
(define-fun text_1 () String
  "A")
(define-fun delims_2 () String
  "BCDEFGHA")
Returned solutions: 
(define-fun text_1 () String  "A")
(define-fun delims_2 () String  "BCDEFGHA")
*************************************
Satisfiable: true
text_1 => "A"
delims_2 => "BCDEFGHA"
*************************************

numeric PC: constraint # = 16
CONST_7 < Length_1_[8] &&
CharAt(CONST_0)_2_[0] != CharAt(CONST_6)_9_[1] &&
CONST_6 < Length_1_[8] &&
CharAt(CONST_0)_2_[0] != CharAt(CONST_5)_8_[1] &&
CONST_5 < Length_1_[8] &&
CharAt(CONST_0)_2_[0] != CharAt(CONST_4)_7_[1] &&
CONST_4 < Length_1_[8] &&
CharAt(CONST_0)_2_[0] != CharAt(CONST_3)_6_[1] &&
CONST_3 < Length_1_[8] &&
CharAt(CONST_0)_2_[0] != CharAt(CONST_2)_5_[1] &&
CONST_2 < Length_1_[8] &&
CharAt(CONST_0)_2_[0] != CharAt(CONST_1)_4_[1] &&
CONST_1 < Length_1_[8] &&
CharAt(CONST_0)_2_[0] != CharAt(CONST_0)_3_[1] &&
CONST_0 < Length_1_[8] &&
CONST_0 < Length_0_[1] -> true

string analysis: SPC # = 0
NPC constraint # = 16
CONST_7 < Length_1_[8] &&
CharAt(CONST_0)_2_[0] != CharAt(CONST_6)_9_[1] &&
CONST_6 < Length_1_[8] &&
CharAt(CONST_0)_2_[0] != CharAt(CONST_5)_8_[1] &&
CONST_5 < Length_1_[8] &&
CharAt(CONST_0)_2_[0] != CharAt(CONST_4)_7_[1] &&
CONST_4 < Length_1_[8] &&
CharAt(CONST_0)_2_[0] != CharAt(CONST_3)_6_[1] &&
CONST_3 < Length_1_[8] &&
CharAt(CONST_0)_2_[0] != CharAt(CONST_2)_5_[1] &&
CONST_2 < Length_1_[8] &&
CharAt(CONST_0)_2_[0] != CharAt(CONST_1)_4_[1] &&
CONST_1 < Length_1_[8] &&
CharAt(CONST_0)_2_[0] != CharAt(CONST_0)_3_[1] &&
CONST_0 < Length_1_[8] &&
CONST_0 < Length_0_[1]
$$$$$$$$$$$$$$$$$$$$$$$$$$$$$$$$
Calling Z3str3

current query... 
(declare-const delims_2 String)
(declare-const text_1 String)


(assert (< 7 (str.len delims_2)))
(assert (not (= (str.at text_1 0) (str.at delims_2 6))))
(assert (< 6 (str.len delims_2)))
(assert (not (= (str.at text_1 0) (str.at delims_2 5))))
(assert (< 5 (str.len delims_2)))
(assert (not (= (str.at text_1 0) (str.at delims_2 4))))
(assert (< 4 (str.len delims_2)))
(assert (not (= (str.at text_1 0) (str.at delims_2 3))))
(assert (< 3 (str.len delims_2)))
(assert (not (= (str.at text_1 0) (str.at delims_2 2))))
(assert (< 2 (str.len delims_2)))
(assert (not (= (str.at text_1 0) (str.at delims_2 1))))
(assert (< 1 (str.len delims_2)))
(assert (not (= (str.at text_1 0) (str.at delims_2 0))))
(assert (< 0 (str.len delims_2)))
(assert (< 0 (str.len text_1)))



======================
(define-fun text_1 () String
  "A")
(define-fun delims_2 () String
  "BCDEFGHI")
Returned solutions: 
(define-fun text_1 () String  "A")
(define-fun delims_2 () String  "BCDEFGHI")
*************************************
Satisfiable: true
text_1 => "A"
delims_2 => "BCDEFGHI"
*************************************

numeric PC: constraint # = 17
CONST_1 >= Length_0_ &&
CONST_7 >= Length_1_ &&
CharAt(CONST_0)_2_ != CharAt(CONST_6)_9_ &&
CONST_6 < Length_1_ &&
CharAt(CONST_0)_2_ != CharAt(CONST_5)_8_ &&
CONST_5 < Length_1_ &&
CharAt(CONST_0)_2_ != CharAt(CONST_4)_7_ &&
CONST_4 < Length_1_ &&
CharAt(CONST_0)_2_ != CharAt(CONST_3)_6_ &&
CONST_3 < Length_1_ &&
CharAt(CONST_0)_2_ != CharAt(CONST_2)_5_ &&
CONST_2 < Length_1_ &&
CharAt(CONST_0)_2_ != CharAt(CONST_1)_4_ &&
CONST_1 < Length_1_ &&
CharAt(CONST_0)_2_ != CharAt(CONST_0)_3_ &&
CONST_0 < Length_1_ &&
CONST_0 < Length_0_ -> true

### PCs: total:69 sat:63 unsat:6

string analysis: SPC # = 0
NPC constraint # = 17
CONST_1 >= Length_0_ &&
CONST_7 >= Length_1_ &&
CharAt(CONST_0)_2_ != CharAt(CONST_6)_9_ &&
CONST_6 < Length_1_ &&
CharAt(CONST_0)_2_ != CharAt(CONST_5)_8_ &&
CONST_5 < Length_1_ &&
CharAt(CONST_0)_2_ != CharAt(CONST_4)_7_ &&
CONST_4 < Length_1_ &&
CharAt(CONST_0)_2_ != CharAt(CONST_3)_6_ &&
CONST_3 < Length_1_ &&
CharAt(CONST_0)_2_ != CharAt(CONST_2)_5_ &&
CONST_2 < Length_1_ &&
CharAt(CONST_0)_2_ != CharAt(CONST_1)_4_ &&
CONST_1 < Length_1_ &&
CharAt(CONST_0)_2_ != CharAt(CONST_0)_3_ &&
CONST_0 < Length_1_ &&
CONST_0 < Length_0_
$$$$$$$$$$$$$$$$$$$$$$$$$$$$$$$$
Calling Z3str3

current query... 
(declare-const text_1 String)
(declare-const delims_2 String)


(assert (>= 1 (str.len text_1)))
(assert (>= 7 (str.len delims_2)))
(assert (not (= (str.at text_1 0) (str.at delims_2 6))))
(assert (< 6 (str.len delims_2)))
(assert (not (= (str.at text_1 0) (str.at delims_2 5))))
(assert (< 5 (str.len delims_2)))
(assert (not (= (str.at text_1 0) (str.at delims_2 4))))
(assert (< 4 (str.len delims_2)))
(assert (not (= (str.at text_1 0) (str.at delims_2 3))))
(assert (< 3 (str.len delims_2)))
(assert (not (= (str.at text_1 0) (str.at delims_2 2))))
(assert (< 2 (str.len delims_2)))
(assert (not (= (str.at text_1 0) (str.at delims_2 1))))
(assert (< 1 (str.len delims_2)))
(assert (not (= (str.at text_1 0) (str.at delims_2 0))))
(assert (< 0 (str.len delims_2)))
(assert (< 0 (str.len text_1)))



======================
(define-fun text_1 () String
  "A")
(define-fun delims_2 () String
  "BCDEFGH")
Returned solutions: 
(define-fun text_1 () String  "A")
(define-fun delims_2 () String  "BCDEFGH")
*************************************
Satisfiable: true
text_1 => "A"
delims_2 => "BCDEFGH"
*************************************

numeric PC: constraint # = 17
CONST_1 < Length_0_ &&
CONST_7 >= Length_1_ &&
CharAt(CONST_0)_2_ != CharAt(CONST_6)_9_ &&
CONST_6 < Length_1_ &&
CharAt(CONST_0)_2_ != CharAt(CONST_5)_8_ &&
CONST_5 < Length_1_ &&
CharAt(CONST_0)_2_ != CharAt(CONST_4)_7_ &&
CONST_4 < Length_1_ &&
CharAt(CONST_0)_2_ != CharAt(CONST_3)_6_ &&
CONST_3 < Length_1_ &&
CharAt(CONST_0)_2_ != CharAt(CONST_2)_5_ &&
CONST_2 < Length_1_ &&
CharAt(CONST_0)_2_ != CharAt(CONST_1)_4_ &&
CONST_1 < Length_1_ &&
CharAt(CONST_0)_2_ != CharAt(CONST_0)_3_ &&
CONST_0 < Length_1_ &&
CONST_0 < Length_0_ -> true

### PCs: total:70 sat:64 unsat:6

string analysis: SPC # = 0
NPC constraint # = 17
CONST_1 < Length_0_ &&
CONST_7 >= Length_1_ &&
CharAt(CONST_0)_2_ != CharAt(CONST_6)_9_ &&
CONST_6 < Length_1_ &&
CharAt(CONST_0)_2_ != CharAt(CONST_5)_8_ &&
CONST_5 < Length_1_ &&
CharAt(CONST_0)_2_ != CharAt(CONST_4)_7_ &&
CONST_4 < Length_1_ &&
CharAt(CONST_0)_2_ != CharAt(CONST_3)_6_ &&
CONST_3 < Length_1_ &&
CharAt(CONST_0)_2_ != CharAt(CONST_2)_5_ &&
CONST_2 < Length_1_ &&
CharAt(CONST_0)_2_ != CharAt(CONST_1)_4_ &&
CONST_1 < Length_1_ &&
CharAt(CONST_0)_2_ != CharAt(CONST_0)_3_ &&
CONST_0 < Length_1_ &&
CONST_0 < Length_0_
$$$$$$$$$$$$$$$$$$$$$$$$$$$$$$$$
Calling Z3str3

current query... 
(declare-const text_1 String)
(declare-const delims_2 String)


(assert (< 1 (str.len text_1)))
(assert (>= 7 (str.len delims_2)))
(assert (not (= (str.at text_1 0) (str.at delims_2 6))))
(assert (< 6 (str.len delims_2)))
(assert (not (= (str.at text_1 0) (str.at delims_2 5))))
(assert (< 5 (str.len delims_2)))
(assert (not (= (str.at text_1 0) (str.at delims_2 4))))
(assert (< 4 (str.len delims_2)))
(assert (not (= (str.at text_1 0) (str.at delims_2 3))))
(assert (< 3 (str.len delims_2)))
(assert (not (= (str.at text_1 0) (str.at delims_2 2))))
(assert (< 2 (str.len delims_2)))
(assert (not (= (str.at text_1 0) (str.at delims_2 1))))
(assert (< 1 (str.len delims_2)))
(assert (not (= (str.at text_1 0) (str.at delims_2 0))))
(assert (< 0 (str.len delims_2)))
(assert (< 0 (str.len text_1)))



======================
(define-fun text_1 () String
  "AI")
(define-fun delims_2 () String
  "BCDEFGH")
Returned solutions: 
(define-fun text_1 () String  "AI")
(define-fun delims_2 () String  "BCDEFGH")
*************************************
Satisfiable: true
text_1 => "AI"
delims_2 => "BCDEFGH"
*************************************

numeric PC: constraint # = 18
CONST_0 >= Length_1_ &&
CONST_1 < Length_0_ &&
CONST_7 >= Length_1_ &&
CharAt(CONST_0)_2_ != CharAt(CONST_6)_9_ &&
CONST_6 < Length_1_ &&
CharAt(CONST_0)_2_ != CharAt(CONST_5)_8_ &&
CONST_5 < Length_1_ &&
CharAt(CONST_0)_2_ != CharAt(CONST_4)_7_ &&
CONST_4 < Length_1_ &&
CharAt(CONST_0)_2_ != CharAt(CONST_3)_6_ &&
CONST_3 < Length_1_ &&
CharAt(CONST_0)_2_ != CharAt(CONST_2)_5_ &&
CONST_2 < Length_1_ &&
CharAt(CONST_0)_2_ != CharAt(CONST_1)_4_ &&
CONST_1 < Length_1_ &&
CharAt(CONST_0)_2_ != CharAt(CONST_0)_3_ &&
CONST_0 < Length_1_ &&
CONST_0 < Length_0_ -> false

### PCs: total:71 sat:64 unsat:7

numeric PC: constraint # = 17
CONST_1 < Length_0_ &&
CONST_7 >= Length_1_ &&
CharAt(CONST_0)_2_ != CharAt(CONST_6)_9_ &&
CONST_6 < Length_1_ &&
CharAt(CONST_0)_2_ != CharAt(CONST_5)_8_ &&
CONST_5 < Length_1_ &&
CharAt(CONST_0)_2_ != CharAt(CONST_4)_7_ &&
CONST_4 < Length_1_ &&
CharAt(CONST_0)_2_ != CharAt(CONST_3)_6_ &&
CONST_3 < Length_1_ &&
CharAt(CONST_0)_2_ != CharAt(CONST_2)_5_ &&
CONST_2 < Length_1_ &&
CharAt(CONST_0)_2_ != CharAt(CONST_1)_4_ &&
CONST_1 < Length_1_ &&
CharAt(CONST_0)_2_ != CharAt(CONST_0)_3_ &&
CONST_0 < Length_1_ &&
CONST_0 < Length_0_ -> true

### PCs: total:72 sat:65 unsat:7

string analysis: SPC # = 0
NPC constraint # = 17
CONST_1 < Length_0_ &&
CONST_7 >= Length_1_ &&
CharAt(CONST_0)_2_ != CharAt(CONST_6)_9_ &&
CONST_6 < Length_1_ &&
CharAt(CONST_0)_2_ != CharAt(CONST_5)_8_ &&
CONST_5 < Length_1_ &&
CharAt(CONST_0)_2_ != CharAt(CONST_4)_7_ &&
CONST_4 < Length_1_ &&
CharAt(CONST_0)_2_ != CharAt(CONST_3)_6_ &&
CONST_3 < Length_1_ &&
CharAt(CONST_0)_2_ != CharAt(CONST_2)_5_ &&
CONST_2 < Length_1_ &&
CharAt(CONST_0)_2_ != CharAt(CONST_1)_4_ &&
CONST_1 < Length_1_ &&
CharAt(CONST_0)_2_ != CharAt(CONST_0)_3_ &&
CONST_0 < Length_1_ &&
CONST_0 < Length_0_
$$$$$$$$$$$$$$$$$$$$$$$$$$$$$$$$
Calling Z3str3

current query... 
(declare-const text_1 String)
(declare-const delims_2 String)


(assert (< 1 (str.len text_1)))
(assert (>= 7 (str.len delims_2)))
(assert (not (= (str.at text_1 0) (str.at delims_2 6))))
(assert (< 6 (str.len delims_2)))
(assert (not (= (str.at text_1 0) (str.at delims_2 5))))
(assert (< 5 (str.len delims_2)))
(assert (not (= (str.at text_1 0) (str.at delims_2 4))))
(assert (< 4 (str.len delims_2)))
(assert (not (= (str.at text_1 0) (str.at delims_2 3))))
(assert (< 3 (str.len delims_2)))
(assert (not (= (str.at text_1 0) (str.at delims_2 2))))
(assert (< 2 (str.len delims_2)))
(assert (not (= (str.at text_1 0) (str.at delims_2 1))))
(assert (< 1 (str.len delims_2)))
(assert (not (= (str.at text_1 0) (str.at delims_2 0))))
(assert (< 0 (str.len delims_2)))
(assert (< 0 (str.len text_1)))



======================
(define-fun text_1 () String
  "AI")
(define-fun delims_2 () String
  "BCDEFGH")
Returned solutions: 
(define-fun text_1 () String  "AI")
(define-fun delims_2 () String  "BCDEFGH")
*************************************
Satisfiable: true
text_1 => "AI"
delims_2 => "BCDEFGH"
*************************************

numeric PC: constraint # = 18
CharAt(CONST_1)_13_ == CharAt(CONST_0)_3_ &&
CONST_1 < Length_0_ &&
CONST_7 >= Length_1_ &&
CharAt(CONST_0)_2_ != CharAt(CONST_6)_9_ &&
CONST_6 < Length_1_ &&
CharAt(CONST_0)_2_ != CharAt(CONST_5)_8_ &&
CONST_5 < Length_1_ &&
CharAt(CONST_0)_2_ != CharAt(CONST_4)_7_ &&
CONST_4 < Length_1_ &&
CharAt(CONST_0)_2_ != CharAt(CONST_3)_6_ &&
CONST_3 < Length_1_ &&
CharAt(CONST_0)_2_ != CharAt(CONST_2)_5_ &&
CONST_2 < Length_1_ &&
CharAt(CONST_0)_2_ != CharAt(CONST_1)_4_ &&
CONST_1 < Length_1_ &&
CharAt(CONST_0)_2_ != CharAt(CONST_0)_3_ &&
CONST_0 < Length_1_ &&
CONST_0 < Length_0_ -> true

### PCs: total:73 sat:66 unsat:7

string analysis: SPC # = 0
NPC constraint # = 18
CharAt(CONST_1)_13_ == CharAt(CONST_0)_3_ &&
CONST_1 < Length_0_ &&
CONST_7 >= Length_1_ &&
CharAt(CONST_0)_2_ != CharAt(CONST_6)_9_ &&
CONST_6 < Length_1_ &&
CharAt(CONST_0)_2_ != CharAt(CONST_5)_8_ &&
CONST_5 < Length_1_ &&
CharAt(CONST_0)_2_ != CharAt(CONST_4)_7_ &&
CONST_4 < Length_1_ &&
CharAt(CONST_0)_2_ != CharAt(CONST_3)_6_ &&
CONST_3 < Length_1_ &&
CharAt(CONST_0)_2_ != CharAt(CONST_2)_5_ &&
CONST_2 < Length_1_ &&
CharAt(CONST_0)_2_ != CharAt(CONST_1)_4_ &&
CONST_1 < Length_1_ &&
CharAt(CONST_0)_2_ != CharAt(CONST_0)_3_ &&
CONST_0 < Length_1_ &&
CONST_0 < Length_0_
$$$$$$$$$$$$$$$$$$$$$$$$$$$$$$$$
Calling Z3str3

current query... 
(declare-const text_1 String)
(declare-const delims_2 String)


(assert (= (str.at text_1 1) (str.at delims_2 0)))
(assert (< 1 (str.len text_1)))
(assert (>= 7 (str.len delims_2)))
(assert (not (= (str.at text_1 0) (str.at delims_2 6))))
(assert (< 6 (str.len delims_2)))
(assert (not (= (str.at text_1 0) (str.at delims_2 5))))
(assert (< 5 (str.len delims_2)))
(assert (not (= (str.at text_1 0) (str.at delims_2 4))))
(assert (< 4 (str.len delims_2)))
(assert (not (= (str.at text_1 0) (str.at delims_2 3))))
(assert (< 3 (str.len delims_2)))
(assert (not (= (str.at text_1 0) (str.at delims_2 2))))
(assert (< 2 (str.len delims_2)))
(assert (not (= (str.at text_1 0) (str.at delims_2 1))))
(assert (< 1 (str.len delims_2)))
(assert (not (= (str.at text_1 0) (str.at delims_2 0))))
(assert (< 0 (str.len delims_2)))
(assert (< 0 (str.len text_1)))



======================
(define-fun text_1 () String
  "AB")
(define-fun delims_2 () String
  "BCDEFGH")
Returned solutions: 
(define-fun text_1 () String  "AB")
(define-fun delims_2 () String  "BCDEFGH")
*************************************
Satisfiable: true
text_1 => "AB"
delims_2 => "BCDEFGH"
*************************************

numeric PC: constraint # = 18
CharAt(CONST_1)_13_ != CharAt(CONST_0)_3_ &&
CONST_1 < Length_0_ &&
CONST_7 >= Length_1_ &&
CharAt(CONST_0)_2_ != CharAt(CONST_6)_9_ &&
CONST_6 < Length_1_ &&
CharAt(CONST_0)_2_ != CharAt(CONST_5)_8_ &&
CONST_5 < Length_1_ &&
CharAt(CONST_0)_2_ != CharAt(CONST_4)_7_ &&
CONST_4 < Length_1_ &&
CharAt(CONST_0)_2_ != CharAt(CONST_3)_6_ &&
CONST_3 < Length_1_ &&
CharAt(CONST_0)_2_ != CharAt(CONST_2)_5_ &&
CONST_2 < Length_1_ &&
CharAt(CONST_0)_2_ != CharAt(CONST_1)_4_ &&
CONST_1 < Length_1_ &&
CharAt(CONST_0)_2_ != CharAt(CONST_0)_3_ &&
CONST_0 < Length_1_ &&
CONST_0 < Length_0_ -> true

### PCs: total:74 sat:67 unsat:7

string analysis: SPC # = 0
NPC constraint # = 18
CharAt(CONST_1)_13_ != CharAt(CONST_0)_3_ &&
CONST_1 < Length_0_ &&
CONST_7 >= Length_1_ &&
CharAt(CONST_0)_2_ != CharAt(CONST_6)_9_ &&
CONST_6 < Length_1_ &&
CharAt(CONST_0)_2_ != CharAt(CONST_5)_8_ &&
CONST_5 < Length_1_ &&
CharAt(CONST_0)_2_ != CharAt(CONST_4)_7_ &&
CONST_4 < Length_1_ &&
CharAt(CONST_0)_2_ != CharAt(CONST_3)_6_ &&
CONST_3 < Length_1_ &&
CharAt(CONST_0)_2_ != CharAt(CONST_2)_5_ &&
CONST_2 < Length_1_ &&
CharAt(CONST_0)_2_ != CharAt(CONST_1)_4_ &&
CONST_1 < Length_1_ &&
CharAt(CONST_0)_2_ != CharAt(CONST_0)_3_ &&
CONST_0 < Length_1_ &&
CONST_0 < Length_0_
$$$$$$$$$$$$$$$$$$$$$$$$$$$$$$$$
Calling Z3str3

current query... 
(declare-const text_1 String)
(declare-const delims_2 String)


(assert (not (= (str.at text_1 1) (str.at delims_2 0))))
(assert (< 1 (str.len text_1)))
(assert (>= 7 (str.len delims_2)))
(assert (not (= (str.at text_1 0) (str.at delims_2 6))))
(assert (< 6 (str.len delims_2)))
(assert (not (= (str.at text_1 0) (str.at delims_2 5))))
(assert (< 5 (str.len delims_2)))
(assert (not (= (str.at text_1 0) (str.at delims_2 4))))
(assert (< 4 (str.len delims_2)))
(assert (not (= (str.at text_1 0) (str.at delims_2 3))))
(assert (< 3 (str.len delims_2)))
(assert (not (= (str.at text_1 0) (str.at delims_2 2))))
(assert (< 2 (str.len delims_2)))
(assert (not (= (str.at text_1 0) (str.at delims_2 1))))
(assert (< 1 (str.len delims_2)))
(assert (not (= (str.at text_1 0) (str.at delims_2 0))))
(assert (< 0 (str.len delims_2)))
(assert (< 0 (str.len text_1)))



======================
(define-fun text_1 () String
  "AB")
(define-fun delims_2 () String
  "CDEFGHI")
Returned solutions: 
(define-fun text_1 () String  "AB")
(define-fun delims_2 () String  "CDEFGHI")
*************************************
Satisfiable: true
text_1 => "AB"
delims_2 => "CDEFGHI"
*************************************

numeric PC: constraint # = 19
CONST_1 >= Length_1_ &&
CharAt(CONST_1)_13_ != CharAt(CONST_0)_3_ &&
CONST_1 < Length_0_ &&
CONST_7 >= Length_1_ &&
CharAt(CONST_0)_2_ != CharAt(CONST_6)_9_ &&
CONST_6 < Length_1_ &&
CharAt(CONST_0)_2_ != CharAt(CONST_5)_8_ &&
CONST_5 < Length_1_ &&
CharAt(CONST_0)_2_ != CharAt(CONST_4)_7_ &&
CONST_4 < Length_1_ &&
CharAt(CONST_0)_2_ != CharAt(CONST_3)_6_ &&
CONST_3 < Length_1_ &&
CharAt(CONST_0)_2_ != CharAt(CONST_2)_5_ &&
CONST_2 < Length_1_ &&
CharAt(CONST_0)_2_ != CharAt(CONST_1)_4_ &&
CONST_1 < Length_1_ &&
CharAt(CONST_0)_2_ != CharAt(CONST_0)_3_ &&
CONST_0 < Length_1_ &&
CONST_0 < Length_0_ -> false

### PCs: total:75 sat:67 unsat:8

numeric PC: constraint # = 18
CharAt(CONST_1)_13_ != CharAt(CONST_0)_3_ &&
CONST_1 < Length_0_ &&
CONST_7 >= Length_1_ &&
CharAt(CONST_0)_2_ != CharAt(CONST_6)_9_ &&
CONST_6 < Length_1_ &&
CharAt(CONST_0)_2_ != CharAt(CONST_5)_8_ &&
CONST_5 < Length_1_ &&
CharAt(CONST_0)_2_ != CharAt(CONST_4)_7_ &&
CONST_4 < Length_1_ &&
CharAt(CONST_0)_2_ != CharAt(CONST_3)_6_ &&
CONST_3 < Length_1_ &&
CharAt(CONST_0)_2_ != CharAt(CONST_2)_5_ &&
CONST_2 < Length_1_ &&
CharAt(CONST_0)_2_ != CharAt(CONST_1)_4_ &&
CONST_1 < Length_1_ &&
CharAt(CONST_0)_2_ != CharAt(CONST_0)_3_ &&
CONST_0 < Length_1_ &&
CONST_0 < Length_0_ -> true

### PCs: total:76 sat:68 unsat:8

string analysis: SPC # = 0
NPC constraint # = 18
CharAt(CONST_1)_13_ != CharAt(CONST_0)_3_ &&
CONST_1 < Length_0_ &&
CONST_7 >= Length_1_ &&
CharAt(CONST_0)_2_ != CharAt(CONST_6)_9_ &&
CONST_6 < Length_1_ &&
CharAt(CONST_0)_2_ != CharAt(CONST_5)_8_ &&
CONST_5 < Length_1_ &&
CharAt(CONST_0)_2_ != CharAt(CONST_4)_7_ &&
CONST_4 < Length_1_ &&
CharAt(CONST_0)_2_ != CharAt(CONST_3)_6_ &&
CONST_3 < Length_1_ &&
CharAt(CONST_0)_2_ != CharAt(CONST_2)_5_ &&
CONST_2 < Length_1_ &&
CharAt(CONST_0)_2_ != CharAt(CONST_1)_4_ &&
CONST_1 < Length_1_ &&
CharAt(CONST_0)_2_ != CharAt(CONST_0)_3_ &&
CONST_0 < Length_1_ &&
CONST_0 < Length_0_
$$$$$$$$$$$$$$$$$$$$$$$$$$$$$$$$
Calling Z3str3

current query... 
(declare-const text_1 String)
(declare-const delims_2 String)


(assert (not (= (str.at text_1 1) (str.at delims_2 0))))
(assert (< 1 (str.len text_1)))
(assert (>= 7 (str.len delims_2)))
(assert (not (= (str.at text_1 0) (str.at delims_2 6))))
(assert (< 6 (str.len delims_2)))
(assert (not (= (str.at text_1 0) (str.at delims_2 5))))
(assert (< 5 (str.len delims_2)))
(assert (not (= (str.at text_1 0) (str.at delims_2 4))))
(assert (< 4 (str.len delims_2)))
(assert (not (= (str.at text_1 0) (str.at delims_2 3))))
(assert (< 3 (str.len delims_2)))
(assert (not (= (str.at text_1 0) (str.at delims_2 2))))
(assert (< 2 (str.len delims_2)))
(assert (not (= (str.at text_1 0) (str.at delims_2 1))))
(assert (< 1 (str.len delims_2)))
(assert (not (= (str.at text_1 0) (str.at delims_2 0))))
(assert (< 0 (str.len delims_2)))
(assert (< 0 (str.len text_1)))



======================
(define-fun text_1 () String
  "AB")
(define-fun delims_2 () String
  "CDEFGHI")
Returned solutions: 
(define-fun text_1 () String  "AB")
(define-fun delims_2 () String  "CDEFGHI")
*************************************
Satisfiable: true
text_1 => "AB"
delims_2 => "CDEFGHI"
*************************************

numeric PC: constraint # = 19
CharAt(CONST_1)_13_ == CharAt(CONST_1)_4_ &&
CharAt(CONST_1)_13_ != CharAt(CONST_0)_3_ &&
CONST_1 < Length_0_ &&
CONST_7 >= Length_1_ &&
CharAt(CONST_0)_2_ != CharAt(CONST_6)_9_ &&
CONST_6 < Length_1_ &&
CharAt(CONST_0)_2_ != CharAt(CONST_5)_8_ &&
CONST_5 < Length_1_ &&
CharAt(CONST_0)_2_ != CharAt(CONST_4)_7_ &&
CONST_4 < Length_1_ &&
CharAt(CONST_0)_2_ != CharAt(CONST_3)_6_ &&
CONST_3 < Length_1_ &&
CharAt(CONST_0)_2_ != CharAt(CONST_2)_5_ &&
CONST_2 < Length_1_ &&
CharAt(CONST_0)_2_ != CharAt(CONST_1)_4_ &&
CONST_1 < Length_1_ &&
CharAt(CONST_0)_2_ != CharAt(CONST_0)_3_ &&
CONST_0 < Length_1_ &&
CONST_0 < Length_0_ -> true

### PCs: total:77 sat:69 unsat:8

string analysis: SPC # = 0
NPC constraint # = 19
CharAt(CONST_1)_13_ == CharAt(CONST_1)_4_ &&
CharAt(CONST_1)_13_ != CharAt(CONST_0)_3_ &&
CONST_1 < Length_0_ &&
CONST_7 >= Length_1_ &&
CharAt(CONST_0)_2_ != CharAt(CONST_6)_9_ &&
CONST_6 < Length_1_ &&
CharAt(CONST_0)_2_ != CharAt(CONST_5)_8_ &&
CONST_5 < Length_1_ &&
CharAt(CONST_0)_2_ != CharAt(CONST_4)_7_ &&
CONST_4 < Length_1_ &&
CharAt(CONST_0)_2_ != CharAt(CONST_3)_6_ &&
CONST_3 < Length_1_ &&
CharAt(CONST_0)_2_ != CharAt(CONST_2)_5_ &&
CONST_2 < Length_1_ &&
CharAt(CONST_0)_2_ != CharAt(CONST_1)_4_ &&
CONST_1 < Length_1_ &&
CharAt(CONST_0)_2_ != CharAt(CONST_0)_3_ &&
CONST_0 < Length_1_ &&
CONST_0 < Length_0_
$$$$$$$$$$$$$$$$$$$$$$$$$$$$$$$$
Calling Z3str3

current query... 
(declare-const text_1 String)
(declare-const delims_2 String)


(assert (= (str.at text_1 1) (str.at delims_2 1)))
(assert (not (= (str.at text_1 1) (str.at delims_2 0))))
(assert (< 1 (str.len text_1)))
(assert (>= 7 (str.len delims_2)))
(assert (not (= (str.at text_1 0) (str.at delims_2 6))))
(assert (< 6 (str.len delims_2)))
(assert (not (= (str.at text_1 0) (str.at delims_2 5))))
(assert (< 5 (str.len delims_2)))
(assert (not (= (str.at text_1 0) (str.at delims_2 4))))
(assert (< 4 (str.len delims_2)))
(assert (not (= (str.at text_1 0) (str.at delims_2 3))))
(assert (< 3 (str.len delims_2)))
(assert (not (= (str.at text_1 0) (str.at delims_2 2))))
(assert (< 2 (str.len delims_2)))
(assert (not (= (str.at text_1 0) (str.at delims_2 1))))
(assert (< 1 (str.len delims_2)))
(assert (not (= (str.at text_1 0) (str.at delims_2 0))))
(assert (< 0 (str.len delims_2)))
(assert (< 0 (str.len text_1)))



======================
(define-fun text_1 () String
  "AB")
(define-fun delims_2 () String
  "CBDEFGH")
Returned solutions: 
(define-fun text_1 () String  "AB")
(define-fun delims_2 () String  "CBDEFGH")
*************************************
Satisfiable: true
text_1 => "AB"
delims_2 => "CBDEFGH"
*************************************

numeric PC: constraint # = 19
CharAt(CONST_1)_13_ != CharAt(CONST_1)_4_ &&
CharAt(CONST_1)_13_ != CharAt(CONST_0)_3_ &&
CONST_1 < Length_0_ &&
CONST_7 >= Length_1_ &&
CharAt(CONST_0)_2_ != CharAt(CONST_6)_9_ &&
CONST_6 < Length_1_ &&
CharAt(CONST_0)_2_ != CharAt(CONST_5)_8_ &&
CONST_5 < Length_1_ &&
CharAt(CONST_0)_2_ != CharAt(CONST_4)_7_ &&
CONST_4 < Length_1_ &&
CharAt(CONST_0)_2_ != CharAt(CONST_3)_6_ &&
CONST_3 < Length_1_ &&
CharAt(CONST_0)_2_ != CharAt(CONST_2)_5_ &&
CONST_2 < Length_1_ &&
CharAt(CONST_0)_2_ != CharAt(CONST_1)_4_ &&
CONST_1 < Length_1_ &&
CharAt(CONST_0)_2_ != CharAt(CONST_0)_3_ &&
CONST_0 < Length_1_ &&
CONST_0 < Length_0_ -> true

### PCs: total:78 sat:70 unsat:8

string analysis: SPC # = 0
NPC constraint # = 19
CharAt(CONST_1)_13_ != CharAt(CONST_1)_4_ &&
CharAt(CONST_1)_13_ != CharAt(CONST_0)_3_ &&
CONST_1 < Length_0_ &&
CONST_7 >= Length_1_ &&
CharAt(CONST_0)_2_ != CharAt(CONST_6)_9_ &&
CONST_6 < Length_1_ &&
CharAt(CONST_0)_2_ != CharAt(CONST_5)_8_ &&
CONST_5 < Length_1_ &&
CharAt(CONST_0)_2_ != CharAt(CONST_4)_7_ &&
CONST_4 < Length_1_ &&
CharAt(CONST_0)_2_ != CharAt(CONST_3)_6_ &&
CONST_3 < Length_1_ &&
CharAt(CONST_0)_2_ != CharAt(CONST_2)_5_ &&
CONST_2 < Length_1_ &&
CharAt(CONST_0)_2_ != CharAt(CONST_1)_4_ &&
CONST_1 < Length_1_ &&
CharAt(CONST_0)_2_ != CharAt(CONST_0)_3_ &&
CONST_0 < Length_1_ &&
CONST_0 < Length_0_
$$$$$$$$$$$$$$$$$$$$$$$$$$$$$$$$
Calling Z3str3

current query... 
(declare-const text_1 String)
(declare-const delims_2 String)


(assert (not (= (str.at text_1 1) (str.at delims_2 1))))
(assert (not (= (str.at text_1 1) (str.at delims_2 0))))
(assert (< 1 (str.len text_1)))
(assert (>= 7 (str.len delims_2)))
(assert (not (= (str.at text_1 0) (str.at delims_2 6))))
(assert (< 6 (str.len delims_2)))
(assert (not (= (str.at text_1 0) (str.at delims_2 5))))
(assert (< 5 (str.len delims_2)))
(assert (not (= (str.at text_1 0) (str.at delims_2 4))))
(assert (< 4 (str.len delims_2)))
(assert (not (= (str.at text_1 0) (str.at delims_2 3))))
(assert (< 3 (str.len delims_2)))
(assert (not (= (str.at text_1 0) (str.at delims_2 2))))
(assert (< 2 (str.len delims_2)))
(assert (not (= (str.at text_1 0) (str.at delims_2 1))))
(assert (< 1 (str.len delims_2)))
(assert (not (= (str.at text_1 0) (str.at delims_2 0))))
(assert (< 0 (str.len delims_2)))
(assert (< 0 (str.len text_1)))



======================
(define-fun text_1 () String
  "AB")
(define-fun delims_2 () String
  "CDEFGHI")
Returned solutions: 
(define-fun text_1 () String  "AB")
(define-fun delims_2 () String  "CDEFGHI")
*************************************
Satisfiable: true
text_1 => "AB"
delims_2 => "CDEFGHI"
*************************************

numeric PC: constraint # = 20
CONST_2 >= Length_1_ &&
CharAt(CONST_1)_13_ != CharAt(CONST_1)_4_ &&
CharAt(CONST_1)_13_ != CharAt(CONST_0)_3_ &&
CONST_1 < Length_0_ &&
CONST_7 >= Length_1_ &&
CharAt(CONST_0)_2_ != CharAt(CONST_6)_9_ &&
CONST_6 < Length_1_ &&
CharAt(CONST_0)_2_ != CharAt(CONST_5)_8_ &&
CONST_5 < Length_1_ &&
CharAt(CONST_0)_2_ != CharAt(CONST_4)_7_ &&
CONST_4 < Length_1_ &&
CharAt(CONST_0)_2_ != CharAt(CONST_3)_6_ &&
CONST_3 < Length_1_ &&
CharAt(CONST_0)_2_ != CharAt(CONST_2)_5_ &&
CONST_2 < Length_1_ &&
CharAt(CONST_0)_2_ != CharAt(CONST_1)_4_ &&
CONST_1 < Length_1_ &&
CharAt(CONST_0)_2_ != CharAt(CONST_0)_3_ &&
CONST_0 < Length_1_ &&
CONST_0 < Length_0_ -> false

### PCs: total:79 sat:70 unsat:9

numeric PC: constraint # = 19
CharAt(CONST_1)_13_ != CharAt(CONST_1)_4_ &&
CharAt(CONST_1)_13_ != CharAt(CONST_0)_3_ &&
CONST_1 < Length_0_ &&
CONST_7 >= Length_1_ &&
CharAt(CONST_0)_2_ != CharAt(CONST_6)_9_ &&
CONST_6 < Length_1_ &&
CharAt(CONST_0)_2_ != CharAt(CONST_5)_8_ &&
CONST_5 < Length_1_ &&
CharAt(CONST_0)_2_ != CharAt(CONST_4)_7_ &&
CONST_4 < Length_1_ &&
CharAt(CONST_0)_2_ != CharAt(CONST_3)_6_ &&
CONST_3 < Length_1_ &&
CharAt(CONST_0)_2_ != CharAt(CONST_2)_5_ &&
CONST_2 < Length_1_ &&
CharAt(CONST_0)_2_ != CharAt(CONST_1)_4_ &&
CONST_1 < Length_1_ &&
CharAt(CONST_0)_2_ != CharAt(CONST_0)_3_ &&
CONST_0 < Length_1_ &&
CONST_0 < Length_0_ -> true

### PCs: total:80 sat:71 unsat:9

string analysis: SPC # = 0
NPC constraint # = 19
CharAt(CONST_1)_13_ != CharAt(CONST_1)_4_ &&
CharAt(CONST_1)_13_ != CharAt(CONST_0)_3_ &&
CONST_1 < Length_0_ &&
CONST_7 >= Length_1_ &&
CharAt(CONST_0)_2_ != CharAt(CONST_6)_9_ &&
CONST_6 < Length_1_ &&
CharAt(CONST_0)_2_ != CharAt(CONST_5)_8_ &&
CONST_5 < Length_1_ &&
CharAt(CONST_0)_2_ != CharAt(CONST_4)_7_ &&
CONST_4 < Length_1_ &&
CharAt(CONST_0)_2_ != CharAt(CONST_3)_6_ &&
CONST_3 < Length_1_ &&
CharAt(CONST_0)_2_ != CharAt(CONST_2)_5_ &&
CONST_2 < Length_1_ &&
CharAt(CONST_0)_2_ != CharAt(CONST_1)_4_ &&
CONST_1 < Length_1_ &&
CharAt(CONST_0)_2_ != CharAt(CONST_0)_3_ &&
CONST_0 < Length_1_ &&
CONST_0 < Length_0_
$$$$$$$$$$$$$$$$$$$$$$$$$$$$$$$$
Calling Z3str3

current query... 
(declare-const text_1 String)
(declare-const delims_2 String)


(assert (not (= (str.at text_1 1) (str.at delims_2 1))))
(assert (not (= (str.at text_1 1) (str.at delims_2 0))))
(assert (< 1 (str.len text_1)))
(assert (>= 7 (str.len delims_2)))
(assert (not (= (str.at text_1 0) (str.at delims_2 6))))
(assert (< 6 (str.len delims_2)))
(assert (not (= (str.at text_1 0) (str.at delims_2 5))))
(assert (< 5 (str.len delims_2)))
(assert (not (= (str.at text_1 0) (str.at delims_2 4))))
(assert (< 4 (str.len delims_2)))
(assert (not (= (str.at text_1 0) (str.at delims_2 3))))
(assert (< 3 (str.len delims_2)))
(assert (not (= (str.at text_1 0) (str.at delims_2 2))))
(assert (< 2 (str.len delims_2)))
(assert (not (= (str.at text_1 0) (str.at delims_2 1))))
(assert (< 1 (str.len delims_2)))
(assert (not (= (str.at text_1 0) (str.at delims_2 0))))
(assert (< 0 (str.len delims_2)))
(assert (< 0 (str.len text_1)))



======================
(define-fun text_1 () String
  "AB")
(define-fun delims_2 () String
  "CDEFGHI")
Returned solutions: 
(define-fun text_1 () String  "AB")
(define-fun delims_2 () String  "CDEFGHI")
*************************************
Satisfiable: true
text_1 => "AB"
delims_2 => "CDEFGHI"
*************************************

numeric PC: constraint # = 20
CharAt(CONST_1)_13_ == CharAt(CONST_2)_5_ &&
CharAt(CONST_1)_13_ != CharAt(CONST_1)_4_ &&
CharAt(CONST_1)_13_ != CharAt(CONST_0)_3_ &&
CONST_1 < Length_0_ &&
CONST_7 >= Length_1_ &&
CharAt(CONST_0)_2_ != CharAt(CONST_6)_9_ &&
CONST_6 < Length_1_ &&
CharAt(CONST_0)_2_ != CharAt(CONST_5)_8_ &&
CONST_5 < Length_1_ &&
CharAt(CONST_0)_2_ != CharAt(CONST_4)_7_ &&
CONST_4 < Length_1_ &&
CharAt(CONST_0)_2_ != CharAt(CONST_3)_6_ &&
CONST_3 < Length_1_ &&
CharAt(CONST_0)_2_ != CharAt(CONST_2)_5_ &&
CONST_2 < Length_1_ &&
CharAt(CONST_0)_2_ != CharAt(CONST_1)_4_ &&
CONST_1 < Length_1_ &&
CharAt(CONST_0)_2_ != CharAt(CONST_0)_3_ &&
CONST_0 < Length_1_ &&
CONST_0 < Length_0_ -> true

### PCs: total:81 sat:72 unsat:9

string analysis: SPC # = 0
NPC constraint # = 20
CharAt(CONST_1)_13_ == CharAt(CONST_2)_5_ &&
CharAt(CONST_1)_13_ != CharAt(CONST_1)_4_ &&
CharAt(CONST_1)_13_ != CharAt(CONST_0)_3_ &&
CONST_1 < Length_0_ &&
CONST_7 >= Length_1_ &&
CharAt(CONST_0)_2_ != CharAt(CONST_6)_9_ &&
CONST_6 < Length_1_ &&
CharAt(CONST_0)_2_ != CharAt(CONST_5)_8_ &&
CONST_5 < Length_1_ &&
CharAt(CONST_0)_2_ != CharAt(CONST_4)_7_ &&
CONST_4 < Length_1_ &&
CharAt(CONST_0)_2_ != CharAt(CONST_3)_6_ &&
CONST_3 < Length_1_ &&
CharAt(CONST_0)_2_ != CharAt(CONST_2)_5_ &&
CONST_2 < Length_1_ &&
CharAt(CONST_0)_2_ != CharAt(CONST_1)_4_ &&
CONST_1 < Length_1_ &&
CharAt(CONST_0)_2_ != CharAt(CONST_0)_3_ &&
CONST_0 < Length_1_ &&
CONST_0 < Length_0_
$$$$$$$$$$$$$$$$$$$$$$$$$$$$$$$$
Calling Z3str3

current query... 
(declare-const text_1 String)
(declare-const delims_2 String)


(assert (= (str.at text_1 1) (str.at delims_2 2)))
(assert (not (= (str.at text_1 1) (str.at delims_2 1))))
(assert (not (= (str.at text_1 1) (str.at delims_2 0))))
(assert (< 1 (str.len text_1)))
(assert (>= 7 (str.len delims_2)))
(assert (not (= (str.at text_1 0) (str.at delims_2 6))))
(assert (< 6 (str.len delims_2)))
(assert (not (= (str.at text_1 0) (str.at delims_2 5))))
(assert (< 5 (str.len delims_2)))
(assert (not (= (str.at text_1 0) (str.at delims_2 4))))
(assert (< 4 (str.len delims_2)))
(assert (not (= (str.at text_1 0) (str.at delims_2 3))))
(assert (< 3 (str.len delims_2)))
(assert (not (= (str.at text_1 0) (str.at delims_2 2))))
(assert (< 2 (str.len delims_2)))
(assert (not (= (str.at text_1 0) (str.at delims_2 1))))
(assert (< 1 (str.len delims_2)))
(assert (not (= (str.at text_1 0) (str.at delims_2 0))))
(assert (< 0 (str.len delims_2)))
(assert (< 0 (str.len text_1)))



======================
(define-fun text_1 () String
  "AB")
(define-fun delims_2 () String
  "CDBEFGH")
Returned solutions: 
(define-fun text_1 () String  "AB")
(define-fun delims_2 () String  "CDBEFGH")
*************************************
Satisfiable: true
text_1 => "AB"
delims_2 => "CDBEFGH"
*************************************

numeric PC: constraint # = 20
CharAt(CONST_1)_13_ != CharAt(CONST_2)_5_ &&
CharAt(CONST_1)_13_ != CharAt(CONST_1)_4_ &&
CharAt(CONST_1)_13_ != CharAt(CONST_0)_3_ &&
CONST_1 < Length_0_ &&
CONST_7 >= Length_1_ &&
CharAt(CONST_0)_2_ != CharAt(CONST_6)_9_ &&
CONST_6 < Length_1_ &&
CharAt(CONST_0)_2_ != CharAt(CONST_5)_8_ &&
CONST_5 < Length_1_ &&
CharAt(CONST_0)_2_ != CharAt(CONST_4)_7_ &&
CONST_4 < Length_1_ &&
CharAt(CONST_0)_2_ != CharAt(CONST_3)_6_ &&
CONST_3 < Length_1_ &&
CharAt(CONST_0)_2_ != CharAt(CONST_2)_5_ &&
CONST_2 < Length_1_ &&
CharAt(CONST_0)_2_ != CharAt(CONST_1)_4_ &&
CONST_1 < Length_1_ &&
CharAt(CONST_0)_2_ != CharAt(CONST_0)_3_ &&
CONST_0 < Length_1_ &&
CONST_0 < Length_0_ -> true

### PCs: total:82 sat:73 unsat:9

string analysis: SPC # = 0
NPC constraint # = 20
CharAt(CONST_1)_13_ != CharAt(CONST_2)_5_ &&
CharAt(CONST_1)_13_ != CharAt(CONST_1)_4_ &&
CharAt(CONST_1)_13_ != CharAt(CONST_0)_3_ &&
CONST_1 < Length_0_ &&
CONST_7 >= Length_1_ &&
CharAt(CONST_0)_2_ != CharAt(CONST_6)_9_ &&
CONST_6 < Length_1_ &&
CharAt(CONST_0)_2_ != CharAt(CONST_5)_8_ &&
CONST_5 < Length_1_ &&
CharAt(CONST_0)_2_ != CharAt(CONST_4)_7_ &&
CONST_4 < Length_1_ &&
CharAt(CONST_0)_2_ != CharAt(CONST_3)_6_ &&
CONST_3 < Length_1_ &&
CharAt(CONST_0)_2_ != CharAt(CONST_2)_5_ &&
CONST_2 < Length_1_ &&
CharAt(CONST_0)_2_ != CharAt(CONST_1)_4_ &&
CONST_1 < Length_1_ &&
CharAt(CONST_0)_2_ != CharAt(CONST_0)_3_ &&
CONST_0 < Length_1_ &&
CONST_0 < Length_0_
$$$$$$$$$$$$$$$$$$$$$$$$$$$$$$$$
Calling Z3str3

current query... 
(declare-const text_1 String)
(declare-const delims_2 String)


(assert (not (= (str.at text_1 1) (str.at delims_2 2))))
(assert (not (= (str.at text_1 1) (str.at delims_2 1))))
(assert (not (= (str.at text_1 1) (str.at delims_2 0))))
(assert (< 1 (str.len text_1)))
(assert (>= 7 (str.len delims_2)))
(assert (not (= (str.at text_1 0) (str.at delims_2 6))))
(assert (< 6 (str.len delims_2)))
(assert (not (= (str.at text_1 0) (str.at delims_2 5))))
(assert (< 5 (str.len delims_2)))
(assert (not (= (str.at text_1 0) (str.at delims_2 4))))
(assert (< 4 (str.len delims_2)))
(assert (not (= (str.at text_1 0) (str.at delims_2 3))))
(assert (< 3 (str.len delims_2)))
(assert (not (= (str.at text_1 0) (str.at delims_2 2))))
(assert (< 2 (str.len delims_2)))
(assert (not (= (str.at text_1 0) (str.at delims_2 1))))
(assert (< 1 (str.len delims_2)))
(assert (not (= (str.at text_1 0) (str.at delims_2 0))))
(assert (< 0 (str.len delims_2)))
(assert (< 0 (str.len text_1)))



======================
(define-fun text_1 () String
  "AB")
(define-fun delims_2 () String
  "CDEFGHI")
Returned solutions: 
(define-fun text_1 () String  "AB")
(define-fun delims_2 () String  "CDEFGHI")
*************************************
Satisfiable: true
text_1 => "AB"
delims_2 => "CDEFGHI"
*************************************

numeric PC: constraint # = 21
CONST_3 >= Length_1_ &&
CharAt(CONST_1)_13_ != CharAt(CONST_2)_5_ &&
CharAt(CONST_1)_13_ != CharAt(CONST_1)_4_ &&
CharAt(CONST_1)_13_ != CharAt(CONST_0)_3_ &&
CONST_1 < Length_0_ &&
CONST_7 >= Length_1_ &&
CharAt(CONST_0)_2_ != CharAt(CONST_6)_9_ &&
CONST_6 < Length_1_ &&
CharAt(CONST_0)_2_ != CharAt(CONST_5)_8_ &&
CONST_5 < Length_1_ &&
CharAt(CONST_0)_2_ != CharAt(CONST_4)_7_ &&
CONST_4 < Length_1_ &&
CharAt(CONST_0)_2_ != CharAt(CONST_3)_6_ &&
CONST_3 < Length_1_ &&
CharAt(CONST_0)_2_ != CharAt(CONST_2)_5_ &&
CONST_2 < Length_1_ &&
CharAt(CONST_0)_2_ != CharAt(CONST_1)_4_ &&
CONST_1 < Length_1_ &&
CharAt(CONST_0)_2_ != CharAt(CONST_0)_3_ &&
CONST_0 < Length_1_ &&
CONST_0 < Length_0_ -> false

### PCs: total:83 sat:73 unsat:10

numeric PC: constraint # = 20
CharAt(CONST_1)_13_ != CharAt(CONST_2)_5_ &&
CharAt(CONST_1)_13_ != CharAt(CONST_1)_4_ &&
CharAt(CONST_1)_13_ != CharAt(CONST_0)_3_ &&
CONST_1 < Length_0_ &&
CONST_7 >= Length_1_ &&
CharAt(CONST_0)_2_ != CharAt(CONST_6)_9_ &&
CONST_6 < Length_1_ &&
CharAt(CONST_0)_2_ != CharAt(CONST_5)_8_ &&
CONST_5 < Length_1_ &&
CharAt(CONST_0)_2_ != CharAt(CONST_4)_7_ &&
CONST_4 < Length_1_ &&
CharAt(CONST_0)_2_ != CharAt(CONST_3)_6_ &&
CONST_3 < Length_1_ &&
CharAt(CONST_0)_2_ != CharAt(CONST_2)_5_ &&
CONST_2 < Length_1_ &&
CharAt(CONST_0)_2_ != CharAt(CONST_1)_4_ &&
CONST_1 < Length_1_ &&
CharAt(CONST_0)_2_ != CharAt(CONST_0)_3_ &&
CONST_0 < Length_1_ &&
CONST_0 < Length_0_ -> true

### PCs: total:84 sat:74 unsat:10

string analysis: SPC # = 0
NPC constraint # = 20
CharAt(CONST_1)_13_ != CharAt(CONST_2)_5_ &&
CharAt(CONST_1)_13_ != CharAt(CONST_1)_4_ &&
CharAt(CONST_1)_13_ != CharAt(CONST_0)_3_ &&
CONST_1 < Length_0_ &&
CONST_7 >= Length_1_ &&
CharAt(CONST_0)_2_ != CharAt(CONST_6)_9_ &&
CONST_6 < Length_1_ &&
CharAt(CONST_0)_2_ != CharAt(CONST_5)_8_ &&
CONST_5 < Length_1_ &&
CharAt(CONST_0)_2_ != CharAt(CONST_4)_7_ &&
CONST_4 < Length_1_ &&
CharAt(CONST_0)_2_ != CharAt(CONST_3)_6_ &&
CONST_3 < Length_1_ &&
CharAt(CONST_0)_2_ != CharAt(CONST_2)_5_ &&
CONST_2 < Length_1_ &&
CharAt(CONST_0)_2_ != CharAt(CONST_1)_4_ &&
CONST_1 < Length_1_ &&
CharAt(CONST_0)_2_ != CharAt(CONST_0)_3_ &&
CONST_0 < Length_1_ &&
CONST_0 < Length_0_
$$$$$$$$$$$$$$$$$$$$$$$$$$$$$$$$
Calling Z3str3

current query... 
(declare-const text_1 String)
(declare-const delims_2 String)


(assert (not (= (str.at text_1 1) (str.at delims_2 2))))
(assert (not (= (str.at text_1 1) (str.at delims_2 1))))
(assert (not (= (str.at text_1 1) (str.at delims_2 0))))
(assert (< 1 (str.len text_1)))
(assert (>= 7 (str.len delims_2)))
(assert (not (= (str.at text_1 0) (str.at delims_2 6))))
(assert (< 6 (str.len delims_2)))
(assert (not (= (str.at text_1 0) (str.at delims_2 5))))
(assert (< 5 (str.len delims_2)))
(assert (not (= (str.at text_1 0) (str.at delims_2 4))))
(assert (< 4 (str.len delims_2)))
(assert (not (= (str.at text_1 0) (str.at delims_2 3))))
(assert (< 3 (str.len delims_2)))
(assert (not (= (str.at text_1 0) (str.at delims_2 2))))
(assert (< 2 (str.len delims_2)))
(assert (not (= (str.at text_1 0) (str.at delims_2 1))))
(assert (< 1 (str.len delims_2)))
(assert (not (= (str.at text_1 0) (str.at delims_2 0))))
(assert (< 0 (str.len delims_2)))
(assert (< 0 (str.len text_1)))



======================
(define-fun text_1 () String
  "AB")
(define-fun delims_2 () String
  "CDEFGHI")
Returned solutions: 
(define-fun text_1 () String  "AB")
(define-fun delims_2 () String  "CDEFGHI")
*************************************
Satisfiable: true
text_1 => "AB"
delims_2 => "CDEFGHI"
*************************************

numeric PC: constraint # = 21
CharAt(CONST_1)_13_ == CharAt(CONST_3)_6_ &&
CharAt(CONST_1)_13_ != CharAt(CONST_2)_5_ &&
CharAt(CONST_1)_13_ != CharAt(CONST_1)_4_ &&
CharAt(CONST_1)_13_ != CharAt(CONST_0)_3_ &&
CONST_1 < Length_0_ &&
CONST_7 >= Length_1_ &&
CharAt(CONST_0)_2_ != CharAt(CONST_6)_9_ &&
CONST_6 < Length_1_ &&
CharAt(CONST_0)_2_ != CharAt(CONST_5)_8_ &&
CONST_5 < Length_1_ &&
CharAt(CONST_0)_2_ != CharAt(CONST_4)_7_ &&
CONST_4 < Length_1_ &&
CharAt(CONST_0)_2_ != CharAt(CONST_3)_6_ &&
CONST_3 < Length_1_ &&
CharAt(CONST_0)_2_ != CharAt(CONST_2)_5_ &&
CONST_2 < Length_1_ &&
CharAt(CONST_0)_2_ != CharAt(CONST_1)_4_ &&
CONST_1 < Length_1_ &&
CharAt(CONST_0)_2_ != CharAt(CONST_0)_3_ &&
CONST_0 < Length_1_ &&
CONST_0 < Length_0_ -> true

### PCs: total:85 sat:75 unsat:10

string analysis: SPC # = 0
NPC constraint # = 21
CharAt(CONST_1)_13_ == CharAt(CONST_3)_6_ &&
CharAt(CONST_1)_13_ != CharAt(CONST_2)_5_ &&
CharAt(CONST_1)_13_ != CharAt(CONST_1)_4_ &&
CharAt(CONST_1)_13_ != CharAt(CONST_0)_3_ &&
CONST_1 < Length_0_ &&
CONST_7 >= Length_1_ &&
CharAt(CONST_0)_2_ != CharAt(CONST_6)_9_ &&
CONST_6 < Length_1_ &&
CharAt(CONST_0)_2_ != CharAt(CONST_5)_8_ &&
CONST_5 < Length_1_ &&
CharAt(CONST_0)_2_ != CharAt(CONST_4)_7_ &&
CONST_4 < Length_1_ &&
CharAt(CONST_0)_2_ != CharAt(CONST_3)_6_ &&
CONST_3 < Length_1_ &&
CharAt(CONST_0)_2_ != CharAt(CONST_2)_5_ &&
CONST_2 < Length_1_ &&
CharAt(CONST_0)_2_ != CharAt(CONST_1)_4_ &&
CONST_1 < Length_1_ &&
CharAt(CONST_0)_2_ != CharAt(CONST_0)_3_ &&
CONST_0 < Length_1_ &&
CONST_0 < Length_0_
$$$$$$$$$$$$$$$$$$$$$$$$$$$$$$$$
Calling Z3str3

current query... 
(declare-const text_1 String)
(declare-const delims_2 String)


(assert (= (str.at text_1 1) (str.at delims_2 3)))
(assert (not (= (str.at text_1 1) (str.at delims_2 2))))
(assert (not (= (str.at text_1 1) (str.at delims_2 1))))
(assert (not (= (str.at text_1 1) (str.at delims_2 0))))
(assert (< 1 (str.len text_1)))
(assert (>= 7 (str.len delims_2)))
(assert (not (= (str.at text_1 0) (str.at delims_2 6))))
(assert (< 6 (str.len delims_2)))
(assert (not (= (str.at text_1 0) (str.at delims_2 5))))
(assert (< 5 (str.len delims_2)))
(assert (not (= (str.at text_1 0) (str.at delims_2 4))))
(assert (< 4 (str.len delims_2)))
(assert (not (= (str.at text_1 0) (str.at delims_2 3))))
(assert (< 3 (str.len delims_2)))
(assert (not (= (str.at text_1 0) (str.at delims_2 2))))
(assert (< 2 (str.len delims_2)))
(assert (not (= (str.at text_1 0) (str.at delims_2 1))))
(assert (< 1 (str.len delims_2)))
(assert (not (= (str.at text_1 0) (str.at delims_2 0))))
(assert (< 0 (str.len delims_2)))
(assert (< 0 (str.len text_1)))



======================
(define-fun text_1 () String
  "AB")
(define-fun delims_2 () String
  "CDEBFGH")
Returned solutions: 
(define-fun text_1 () String  "AB")
(define-fun delims_2 () String  "CDEBFGH")
*************************************
Satisfiable: true
text_1 => "AB"
delims_2 => "CDEBFGH"
*************************************

numeric PC: constraint # = 21
CharAt(CONST_1)_13_ != CharAt(CONST_3)_6_ &&
CharAt(CONST_1)_13_ != CharAt(CONST_2)_5_ &&
CharAt(CONST_1)_13_ != CharAt(CONST_1)_4_ &&
CharAt(CONST_1)_13_ != CharAt(CONST_0)_3_ &&
CONST_1 < Length_0_ &&
CONST_7 >= Length_1_ &&
CharAt(CONST_0)_2_ != CharAt(CONST_6)_9_ &&
CONST_6 < Length_1_ &&
CharAt(CONST_0)_2_ != CharAt(CONST_5)_8_ &&
CONST_5 < Length_1_ &&
CharAt(CONST_0)_2_ != CharAt(CONST_4)_7_ &&
CONST_4 < Length_1_ &&
CharAt(CONST_0)_2_ != CharAt(CONST_3)_6_ &&
CONST_3 < Length_1_ &&
CharAt(CONST_0)_2_ != CharAt(CONST_2)_5_ &&
CONST_2 < Length_1_ &&
CharAt(CONST_0)_2_ != CharAt(CONST_1)_4_ &&
CONST_1 < Length_1_ &&
CharAt(CONST_0)_2_ != CharAt(CONST_0)_3_ &&
CONST_0 < Length_1_ &&
CONST_0 < Length_0_ -> true

### PCs: total:86 sat:76 unsat:10

string analysis: SPC # = 0
NPC constraint # = 21
CharAt(CONST_1)_13_ != CharAt(CONST_3)_6_ &&
CharAt(CONST_1)_13_ != CharAt(CONST_2)_5_ &&
CharAt(CONST_1)_13_ != CharAt(CONST_1)_4_ &&
CharAt(CONST_1)_13_ != CharAt(CONST_0)_3_ &&
CONST_1 < Length_0_ &&
CONST_7 >= Length_1_ &&
CharAt(CONST_0)_2_ != CharAt(CONST_6)_9_ &&
CONST_6 < Length_1_ &&
CharAt(CONST_0)_2_ != CharAt(CONST_5)_8_ &&
CONST_5 < Length_1_ &&
CharAt(CONST_0)_2_ != CharAt(CONST_4)_7_ &&
CONST_4 < Length_1_ &&
CharAt(CONST_0)_2_ != CharAt(CONST_3)_6_ &&
CONST_3 < Length_1_ &&
CharAt(CONST_0)_2_ != CharAt(CONST_2)_5_ &&
CONST_2 < Length_1_ &&
CharAt(CONST_0)_2_ != CharAt(CONST_1)_4_ &&
CONST_1 < Length_1_ &&
CharAt(CONST_0)_2_ != CharAt(CONST_0)_3_ &&
CONST_0 < Length_1_ &&
CONST_0 < Length_0_
$$$$$$$$$$$$$$$$$$$$$$$$$$$$$$$$
Calling Z3str3

current query... 
(declare-const text_1 String)
(declare-const delims_2 String)


(assert (not (= (str.at text_1 1) (str.at delims_2 3))))
(assert (not (= (str.at text_1 1) (str.at delims_2 2))))
(assert (not (= (str.at text_1 1) (str.at delims_2 1))))
(assert (not (= (str.at text_1 1) (str.at delims_2 0))))
(assert (< 1 (str.len text_1)))
(assert (>= 7 (str.len delims_2)))
(assert (not (= (str.at text_1 0) (str.at delims_2 6))))
(assert (< 6 (str.len delims_2)))
(assert (not (= (str.at text_1 0) (str.at delims_2 5))))
(assert (< 5 (str.len delims_2)))
(assert (not (= (str.at text_1 0) (str.at delims_2 4))))
(assert (< 4 (str.len delims_2)))
(assert (not (= (str.at text_1 0) (str.at delims_2 3))))
(assert (< 3 (str.len delims_2)))
(assert (not (= (str.at text_1 0) (str.at delims_2 2))))
(assert (< 2 (str.len delims_2)))
(assert (not (= (str.at text_1 0) (str.at delims_2 1))))
(assert (< 1 (str.len delims_2)))
(assert (not (= (str.at text_1 0) (str.at delims_2 0))))
(assert (< 0 (str.len delims_2)))
(assert (< 0 (str.len text_1)))



======================
(define-fun text_1 () String
  "AB")
(define-fun delims_2 () String
  "CDEFGHI")
Returned solutions: 
(define-fun text_1 () String  "AB")
(define-fun delims_2 () String  "CDEFGHI")
*************************************
Satisfiable: true
text_1 => "AB"
delims_2 => "CDEFGHI"
*************************************

numeric PC: constraint # = 22
CONST_4 >= Length_1_ &&
CharAt(CONST_1)_13_ != CharAt(CONST_3)_6_ &&
CharAt(CONST_1)_13_ != CharAt(CONST_2)_5_ &&
CharAt(CONST_1)_13_ != CharAt(CONST_1)_4_ &&
CharAt(CONST_1)_13_ != CharAt(CONST_0)_3_ &&
CONST_1 < Length_0_ &&
CONST_7 >= Length_1_ &&
CharAt(CONST_0)_2_ != CharAt(CONST_6)_9_ &&
CONST_6 < Length_1_ &&
CharAt(CONST_0)_2_ != CharAt(CONST_5)_8_ &&
CONST_5 < Length_1_ &&
CharAt(CONST_0)_2_ != CharAt(CONST_4)_7_ &&
CONST_4 < Length_1_ &&
CharAt(CONST_0)_2_ != CharAt(CONST_3)_6_ &&
CONST_3 < Length_1_ &&
CharAt(CONST_0)_2_ != CharAt(CONST_2)_5_ &&
CONST_2 < Length_1_ &&
CharAt(CONST_0)_2_ != CharAt(CONST_1)_4_ &&
CONST_1 < Length_1_ &&
CharAt(CONST_0)_2_ != CharAt(CONST_0)_3_ &&
CONST_0 < Length_1_ &&
CONST_0 < Length_0_ -> false

### PCs: total:87 sat:76 unsat:11

numeric PC: constraint # = 21
CharAt(CONST_1)_13_ != CharAt(CONST_3)_6_ &&
CharAt(CONST_1)_13_ != CharAt(CONST_2)_5_ &&
CharAt(CONST_1)_13_ != CharAt(CONST_1)_4_ &&
CharAt(CONST_1)_13_ != CharAt(CONST_0)_3_ &&
CONST_1 < Length_0_ &&
CONST_7 >= Length_1_ &&
CharAt(CONST_0)_2_ != CharAt(CONST_6)_9_ &&
CONST_6 < Length_1_ &&
CharAt(CONST_0)_2_ != CharAt(CONST_5)_8_ &&
CONST_5 < Length_1_ &&
CharAt(CONST_0)_2_ != CharAt(CONST_4)_7_ &&
CONST_4 < Length_1_ &&
CharAt(CONST_0)_2_ != CharAt(CONST_3)_6_ &&
CONST_3 < Length_1_ &&
CharAt(CONST_0)_2_ != CharAt(CONST_2)_5_ &&
CONST_2 < Length_1_ &&
CharAt(CONST_0)_2_ != CharAt(CONST_1)_4_ &&
CONST_1 < Length_1_ &&
CharAt(CONST_0)_2_ != CharAt(CONST_0)_3_ &&
CONST_0 < Length_1_ &&
CONST_0 < Length_0_ -> true

### PCs: total:88 sat:77 unsat:11

string analysis: SPC # = 0
NPC constraint # = 21
CharAt(CONST_1)_13_ != CharAt(CONST_3)_6_ &&
CharAt(CONST_1)_13_ != CharAt(CONST_2)_5_ &&
CharAt(CONST_1)_13_ != CharAt(CONST_1)_4_ &&
CharAt(CONST_1)_13_ != CharAt(CONST_0)_3_ &&
CONST_1 < Length_0_ &&
CONST_7 >= Length_1_ &&
CharAt(CONST_0)_2_ != CharAt(CONST_6)_9_ &&
CONST_6 < Length_1_ &&
CharAt(CONST_0)_2_ != CharAt(CONST_5)_8_ &&
CONST_5 < Length_1_ &&
CharAt(CONST_0)_2_ != CharAt(CONST_4)_7_ &&
CONST_4 < Length_1_ &&
CharAt(CONST_0)_2_ != CharAt(CONST_3)_6_ &&
CONST_3 < Length_1_ &&
CharAt(CONST_0)_2_ != CharAt(CONST_2)_5_ &&
CONST_2 < Length_1_ &&
CharAt(CONST_0)_2_ != CharAt(CONST_1)_4_ &&
CONST_1 < Length_1_ &&
CharAt(CONST_0)_2_ != CharAt(CONST_0)_3_ &&
CONST_0 < Length_1_ &&
CONST_0 < Length_0_
$$$$$$$$$$$$$$$$$$$$$$$$$$$$$$$$
Calling Z3str3

current query... 
(declare-const text_1 String)
(declare-const delims_2 String)


(assert (not (= (str.at text_1 1) (str.at delims_2 3))))
(assert (not (= (str.at text_1 1) (str.at delims_2 2))))
(assert (not (= (str.at text_1 1) (str.at delims_2 1))))
(assert (not (= (str.at text_1 1) (str.at delims_2 0))))
(assert (< 1 (str.len text_1)))
(assert (>= 7 (str.len delims_2)))
(assert (not (= (str.at text_1 0) (str.at delims_2 6))))
(assert (< 6 (str.len delims_2)))
(assert (not (= (str.at text_1 0) (str.at delims_2 5))))
(assert (< 5 (str.len delims_2)))
(assert (not (= (str.at text_1 0) (str.at delims_2 4))))
(assert (< 4 (str.len delims_2)))
(assert (not (= (str.at text_1 0) (str.at delims_2 3))))
(assert (< 3 (str.len delims_2)))
(assert (not (= (str.at text_1 0) (str.at delims_2 2))))
(assert (< 2 (str.len delims_2)))
(assert (not (= (str.at text_1 0) (str.at delims_2 1))))
(assert (< 1 (str.len delims_2)))
(assert (not (= (str.at text_1 0) (str.at delims_2 0))))
(assert (< 0 (str.len delims_2)))
(assert (< 0 (str.len text_1)))



======================
(define-fun text_1 () String
  "AB")
(define-fun delims_2 () String
  "CDEFGHI")
Returned solutions: 
(define-fun text_1 () String  "AB")
(define-fun delims_2 () String  "CDEFGHI")
*************************************
Satisfiable: true
text_1 => "AB"
delims_2 => "CDEFGHI"
*************************************

numeric PC: constraint # = 22
CharAt(CONST_1)_13_ == CharAt(CONST_4)_7_ &&
CharAt(CONST_1)_13_ != CharAt(CONST_3)_6_ &&
CharAt(CONST_1)_13_ != CharAt(CONST_2)_5_ &&
CharAt(CONST_1)_13_ != CharAt(CONST_1)_4_ &&
CharAt(CONST_1)_13_ != CharAt(CONST_0)_3_ &&
CONST_1 < Length_0_ &&
CONST_7 >= Length_1_ &&
CharAt(CONST_0)_2_ != CharAt(CONST_6)_9_ &&
CONST_6 < Length_1_ &&
CharAt(CONST_0)_2_ != CharAt(CONST_5)_8_ &&
CONST_5 < Length_1_ &&
CharAt(CONST_0)_2_ != CharAt(CONST_4)_7_ &&
CONST_4 < Length_1_ &&
CharAt(CONST_0)_2_ != CharAt(CONST_3)_6_ &&
CONST_3 < Length_1_ &&
CharAt(CONST_0)_2_ != CharAt(CONST_2)_5_ &&
CONST_2 < Length_1_ &&
CharAt(CONST_0)_2_ != CharAt(CONST_1)_4_ &&
CONST_1 < Length_1_ &&
CharAt(CONST_0)_2_ != CharAt(CONST_0)_3_ &&
CONST_0 < Length_1_ &&
CONST_0 < Length_0_ -> true

### PCs: total:89 sat:78 unsat:11

string analysis: SPC # = 0
NPC constraint # = 22
CharAt(CONST_1)_13_ == CharAt(CONST_4)_7_ &&
CharAt(CONST_1)_13_ != CharAt(CONST_3)_6_ &&
CharAt(CONST_1)_13_ != CharAt(CONST_2)_5_ &&
CharAt(CONST_1)_13_ != CharAt(CONST_1)_4_ &&
CharAt(CONST_1)_13_ != CharAt(CONST_0)_3_ &&
CONST_1 < Length_0_ &&
CONST_7 >= Length_1_ &&
CharAt(CONST_0)_2_ != CharAt(CONST_6)_9_ &&
CONST_6 < Length_1_ &&
CharAt(CONST_0)_2_ != CharAt(CONST_5)_8_ &&
CONST_5 < Length_1_ &&
CharAt(CONST_0)_2_ != CharAt(CONST_4)_7_ &&
CONST_4 < Length_1_ &&
CharAt(CONST_0)_2_ != CharAt(CONST_3)_6_ &&
CONST_3 < Length_1_ &&
CharAt(CONST_0)_2_ != CharAt(CONST_2)_5_ &&
CONST_2 < Length_1_ &&
CharAt(CONST_0)_2_ != CharAt(CONST_1)_4_ &&
CONST_1 < Length_1_ &&
CharAt(CONST_0)_2_ != CharAt(CONST_0)_3_ &&
CONST_0 < Length_1_ &&
CONST_0 < Length_0_
$$$$$$$$$$$$$$$$$$$$$$$$$$$$$$$$
Calling Z3str3

current query... 
(declare-const text_1 String)
(declare-const delims_2 String)


(assert (= (str.at text_1 1) (str.at delims_2 4)))
(assert (not (= (str.at text_1 1) (str.at delims_2 3))))
(assert (not (= (str.at text_1 1) (str.at delims_2 2))))
(assert (not (= (str.at text_1 1) (str.at delims_2 1))))
(assert (not (= (str.at text_1 1) (str.at delims_2 0))))
(assert (< 1 (str.len text_1)))
(assert (>= 7 (str.len delims_2)))
(assert (not (= (str.at text_1 0) (str.at delims_2 6))))
(assert (< 6 (str.len delims_2)))
(assert (not (= (str.at text_1 0) (str.at delims_2 5))))
(assert (< 5 (str.len delims_2)))
(assert (not (= (str.at text_1 0) (str.at delims_2 4))))
(assert (< 4 (str.len delims_2)))
(assert (not (= (str.at text_1 0) (str.at delims_2 3))))
(assert (< 3 (str.len delims_2)))
(assert (not (= (str.at text_1 0) (str.at delims_2 2))))
(assert (< 2 (str.len delims_2)))
(assert (not (= (str.at text_1 0) (str.at delims_2 1))))
(assert (< 1 (str.len delims_2)))
(assert (not (= (str.at text_1 0) (str.at delims_2 0))))
(assert (< 0 (str.len delims_2)))
(assert (< 0 (str.len text_1)))



======================
(define-fun text_1 () String
  "AB")
(define-fun delims_2 () String
  "CDEFBGH")
Returned solutions: 
(define-fun text_1 () String  "AB")
(define-fun delims_2 () String  "CDEFBGH")
*************************************
Satisfiable: true
text_1 => "AB"
delims_2 => "CDEFBGH"
*************************************

numeric PC: constraint # = 22
CharAt(CONST_1)_13_ != CharAt(CONST_4)_7_ &&
CharAt(CONST_1)_13_ != CharAt(CONST_3)_6_ &&
CharAt(CONST_1)_13_ != CharAt(CONST_2)_5_ &&
CharAt(CONST_1)_13_ != CharAt(CONST_1)_4_ &&
CharAt(CONST_1)_13_ != CharAt(CONST_0)_3_ &&
CONST_1 < Length_0_ &&
CONST_7 >= Length_1_ &&
CharAt(CONST_0)_2_ != CharAt(CONST_6)_9_ &&
CONST_6 < Length_1_ &&
CharAt(CONST_0)_2_ != CharAt(CONST_5)_8_ &&
CONST_5 < Length_1_ &&
CharAt(CONST_0)_2_ != CharAt(CONST_4)_7_ &&
CONST_4 < Length_1_ &&
CharAt(CONST_0)_2_ != CharAt(CONST_3)_6_ &&
CONST_3 < Length_1_ &&
CharAt(CONST_0)_2_ != CharAt(CONST_2)_5_ &&
CONST_2 < Length_1_ &&
CharAt(CONST_0)_2_ != CharAt(CONST_1)_4_ &&
CONST_1 < Length_1_ &&
CharAt(CONST_0)_2_ != CharAt(CONST_0)_3_ &&
CONST_0 < Length_1_ &&
CONST_0 < Length_0_ -> true

### PCs: total:90 sat:79 unsat:11

string analysis: SPC # = 0
NPC constraint # = 22
CharAt(CONST_1)_13_ != CharAt(CONST_4)_7_ &&
CharAt(CONST_1)_13_ != CharAt(CONST_3)_6_ &&
CharAt(CONST_1)_13_ != CharAt(CONST_2)_5_ &&
CharAt(CONST_1)_13_ != CharAt(CONST_1)_4_ &&
CharAt(CONST_1)_13_ != CharAt(CONST_0)_3_ &&
CONST_1 < Length_0_ &&
CONST_7 >= Length_1_ &&
CharAt(CONST_0)_2_ != CharAt(CONST_6)_9_ &&
CONST_6 < Length_1_ &&
CharAt(CONST_0)_2_ != CharAt(CONST_5)_8_ &&
CONST_5 < Length_1_ &&
CharAt(CONST_0)_2_ != CharAt(CONST_4)_7_ &&
CONST_4 < Length_1_ &&
CharAt(CONST_0)_2_ != CharAt(CONST_3)_6_ &&
CONST_3 < Length_1_ &&
CharAt(CONST_0)_2_ != CharAt(CONST_2)_5_ &&
CONST_2 < Length_1_ &&
CharAt(CONST_0)_2_ != CharAt(CONST_1)_4_ &&
CONST_1 < Length_1_ &&
CharAt(CONST_0)_2_ != CharAt(CONST_0)_3_ &&
CONST_0 < Length_1_ &&
CONST_0 < Length_0_
$$$$$$$$$$$$$$$$$$$$$$$$$$$$$$$$
Calling Z3str3

current query... 
(declare-const text_1 String)
(declare-const delims_2 String)


(assert (not (= (str.at text_1 1) (str.at delims_2 4))))
(assert (not (= (str.at text_1 1) (str.at delims_2 3))))
(assert (not (= (str.at text_1 1) (str.at delims_2 2))))
(assert (not (= (str.at text_1 1) (str.at delims_2 1))))
(assert (not (= (str.at text_1 1) (str.at delims_2 0))))
(assert (< 1 (str.len text_1)))
(assert (>= 7 (str.len delims_2)))
(assert (not (= (str.at text_1 0) (str.at delims_2 6))))
(assert (< 6 (str.len delims_2)))
(assert (not (= (str.at text_1 0) (str.at delims_2 5))))
(assert (< 5 (str.len delims_2)))
(assert (not (= (str.at text_1 0) (str.at delims_2 4))))
(assert (< 4 (str.len delims_2)))
(assert (not (= (str.at text_1 0) (str.at delims_2 3))))
(assert (< 3 (str.len delims_2)))
(assert (not (= (str.at text_1 0) (str.at delims_2 2))))
(assert (< 2 (str.len delims_2)))
(assert (not (= (str.at text_1 0) (str.at delims_2 1))))
(assert (< 1 (str.len delims_2)))
(assert (not (= (str.at text_1 0) (str.at delims_2 0))))
(assert (< 0 (str.len delims_2)))
(assert (< 0 (str.len text_1)))



======================
(define-fun text_1 () String
  "AB")
(define-fun delims_2 () String
  "CDEFGHI")
Returned solutions: 
(define-fun text_1 () String  "AB")
(define-fun delims_2 () String  "CDEFGHI")
*************************************
Satisfiable: true
text_1 => "AB"
delims_2 => "CDEFGHI"
*************************************


====================================================== search constraint
depth limit reached: 23

====================================================== snapshot 
thread java.lang.Thread:{id:0,name:main,status:RUNNING,priority:5,isDaemon:false,lockCount:0,suspendCount:0}
  call stack:
	at strings.DelimSearch.search(DelimSearch.java:7)
	at strings.DelimSearch.main(DelimSearch.java:18)

numeric PC: constraint # = 21
CharAt(CONST_1)_13_ != CharAt(CONST_3)_6_ &&
CharAt(CONST_1)_13_ != CharAt(CONST_2)_5_ &&
CharAt(CONST_1)_13_ != CharAt(CONST_1)_4_ &&
CharAt(CONST_1)_13_ != CharAt(CONST_0)_3_ &&
CONST_1 < Length_0_ &&
CONST_7 >= Length_1_ &&
CharAt(CONST_0)_2_ != CharAt(CONST_6)_9_ &&
CONST_6 < Length_1_ &&
CharAt(CONST_0)_2_ != CharAt(CONST_5)_8_ &&
CONST_5 < Length_1_ &&
CharAt(CONST_0)_2_ != CharAt(CONST_4)_7_ &&
CONST_4 < Length_1_ &&
CharAt(CONST_0)_2_ != CharAt(CONST_3)_6_ &&
CONST_3 < Length_1_ &&
CharAt(CONST_0)_2_ != CharAt(CONST_2)_5_ &&
CONST_2 < Length_1_ &&
CharAt(CONST_0)_2_ != CharAt(CONST_1)_4_ &&
CONST_1 < Length_1_ &&
CharAt(CONST_0)_2_ != CharAt(CONST_0)_3_ &&
CONST_0 < Length_1_ &&
CONST_0 < Length_0_ -> true

string analysis: SPC # = 0
NPC constraint # = 21
CharAt(CONST_1)_13_[0] != CharAt(CONST_3)_6_[1] &&
CharAt(CONST_1)_13_[0] != CharAt(CONST_2)_5_[1] &&
CharAt(CONST_1)_13_[0] != CharAt(CONST_1)_4_[1] &&
CharAt(CONST_1)_13_[0] != CharAt(CONST_0)_3_[1] &&
CONST_1 < Length_0_[2] &&
CONST_7 >= Length_1_[7] &&
CharAt(CONST_0)_2_[0] != CharAt(CONST_6)_9_[1] &&
CONST_6 < Length_1_[7] &&
CharAt(CONST_0)_2_[0] != CharAt(CONST_5)_8_[1] &&
CONST_5 < Length_1_[7] &&
CharAt(CONST_0)_2_[0] != CharAt(CONST_4)_7_[1] &&
CONST_4 < Length_1_[7] &&
CharAt(CONST_0)_2_[0] != CharAt(CONST_3)_6_[1] &&
CONST_3 < Length_1_[7] &&
CharAt(CONST_0)_2_[0] != CharAt(CONST_2)_5_[1] &&
CONST_2 < Length_1_[7] &&
CharAt(CONST_0)_2_[0] != CharAt(CONST_1)_4_[1] &&
CONST_1 < Length_1_[7] &&
CharAt(CONST_0)_2_[0] != CharAt(CONST_0)_3_[1] &&
CONST_0 < Length_1_[7] &&
CONST_0 < Length_0_[2]
$$$$$$$$$$$$$$$$$$$$$$$$$$$$$$$$
Calling Z3str3

current query... 
(declare-const text_1 String)
(declare-const delims_2 String)


(assert (not (= (str.at text_1 1) (str.at delims_2 3))))
(assert (not (= (str.at text_1 1) (str.at delims_2 2))))
(assert (not (= (str.at text_1 1) (str.at delims_2 1))))
(assert (not (= (str.at text_1 1) (str.at delims_2 0))))
(assert (< 1 (str.len text_1)))
(assert (>= 7 (str.len delims_2)))
(assert (not (= (str.at text_1 0) (str.at delims_2 6))))
(assert (< 6 (str.len delims_2)))
(assert (not (= (str.at text_1 0) (str.at delims_2 5))))
(assert (< 5 (str.len delims_2)))
(assert (not (= (str.at text_1 0) (str.at delims_2 4))))
(assert (< 4 (str.len delims_2)))
(assert (not (= (str.at text_1 0) (str.at delims_2 3))))
(assert (< 3 (str.len delims_2)))
(assert (not (= (str.at text_1 0) (str.at delims_2 2))))
(assert (< 2 (str.len delims_2)))
(assert (not (= (str.at text_1 0) (str.at delims_2 1))))
(assert (< 1 (str.len delims_2)))
(assert (not (= (str.at text_1 0) (str.at delims_2 0))))
(assert (< 0 (str.len delims_2)))
(assert (< 0 (str.len text_1)))



======================
(define-fun text_1 () String
  "AB")
(define-fun delims_2 () String
  "CDEFGHI")
Returned solutions: 
(define-fun text_1 () String  "AB")
(define-fun delims_2 () String  "CDEFGHI")
*************************************
Satisfiable: true
text_1 => "AB"
delims_2 => "CDEFGHI"
*************************************

Delimiter [e] found at 1

====================================================== search constraint
depth limit reached: 23

====================================================== snapshot 
no live threads
numeric PC: constraint # = 21
CharAt(CONST_1)_13_ == CharAt(CONST_3)_6_ &&
CharAt(CONST_1)_13_ != CharAt(CONST_2)_5_ &&
CharAt(CONST_1)_13_ != CharAt(CONST_1)_4_ &&
CharAt(CONST_1)_13_ != CharAt(CONST_0)_3_ &&
CONST_1 < Length_0_ &&
CONST_7 >= Length_1_ &&
CharAt(CONST_0)_2_ != CharAt(CONST_6)_9_ &&
CONST_6 < Length_1_ &&
CharAt(CONST_0)_2_ != CharAt(CONST_5)_8_ &&
CONST_5 < Length_1_ &&
CharAt(CONST_0)_2_ != CharAt(CONST_4)_7_ &&
CONST_4 < Length_1_ &&
CharAt(CONST_0)_2_ != CharAt(CONST_3)_6_ &&
CONST_3 < Length_1_ &&
CharAt(CONST_0)_2_ != CharAt(CONST_2)_5_ &&
CONST_2 < Length_1_ &&
CharAt(CONST_0)_2_ != CharAt(CONST_1)_4_ &&
CONST_1 < Length_1_ &&
CharAt(CONST_0)_2_ != CharAt(CONST_0)_3_ &&
CONST_0 < Length_1_ &&
CONST_0 < Length_0_ -> true

string analysis: SPC # = 0
NPC constraint # = 21
CharAt(CONST_1)_13_[0] == CharAt(CONST_3)_6_[0] &&
CharAt(CONST_1)_13_[0] != CharAt(CONST_2)_5_[1] &&
CharAt(CONST_1)_13_[0] != CharAt(CONST_1)_4_[1] &&
CharAt(CONST_1)_13_[0] != CharAt(CONST_0)_3_[1] &&
CONST_1 < Length_0_[2] &&
CONST_7 >= Length_1_[7] &&
CharAt(CONST_0)_2_[2] != CharAt(CONST_6)_9_[0] &&
CONST_6 < Length_1_[7] &&
CharAt(CONST_0)_2_[2] != CharAt(CONST_5)_8_[0] &&
CONST_5 < Length_1_[7] &&
CharAt(CONST_0)_2_[2] != CharAt(CONST_4)_7_[0] &&
CONST_4 < Length_1_[7] &&
CharAt(CONST_0)_2_[2] != CharAt(CONST_3)_6_[0] &&
CONST_3 < Length_1_[7] &&
CharAt(CONST_0)_2_[2] != CharAt(CONST_2)_5_[1] &&
CONST_2 < Length_1_[7] &&
CharAt(CONST_0)_2_[2] != CharAt(CONST_1)_4_[1] &&
CONST_1 < Length_1_[7] &&
CharAt(CONST_0)_2_[2] != CharAt(CONST_0)_3_[1] &&
CONST_0 < Length_1_[7] &&
CONST_0 < Length_0_[2]
$$$$$$$$$$$$$$$$$$$$$$$$$$$$$$$$
Calling Z3str3

current query... 
(declare-const text_1 String)
(declare-const delims_2 String)


(assert (= (str.at text_1 1) (str.at delims_2 3)))
(assert (not (= (str.at text_1 1) (str.at delims_2 2))))
(assert (not (= (str.at text_1 1) (str.at delims_2 1))))
(assert (not (= (str.at text_1 1) (str.at delims_2 0))))
(assert (< 1 (str.len text_1)))
(assert (>= 7 (str.len delims_2)))
(assert (not (= (str.at text_1 0) (str.at delims_2 6))))
(assert (< 6 (str.len delims_2)))
(assert (not (= (str.at text_1 0) (str.at delims_2 5))))
(assert (< 5 (str.len delims_2)))
(assert (not (= (str.at text_1 0) (str.at delims_2 4))))
(assert (< 4 (str.len delims_2)))
(assert (not (= (str.at text_1 0) (str.at delims_2 3))))
(assert (< 3 (str.len delims_2)))
(assert (not (= (str.at text_1 0) (str.at delims_2 2))))
(assert (< 2 (str.len delims_2)))
(assert (not (= (str.at text_1 0) (str.at delims_2 1))))
(assert (< 1 (str.len delims_2)))
(assert (not (= (str.at text_1 0) (str.at delims_2 0))))
(assert (< 0 (str.len delims_2)))
(assert (< 0 (str.len text_1)))



======================
(define-fun text_1 () String
  "AB")
(define-fun delims_2 () String
  "CDEBFGH")
Returned solutions: 
(define-fun text_1 () String  "AB")
(define-fun delims_2 () String  "CDEBFGH")
*************************************
Satisfiable: true
text_1 => "AB"
delims_2 => "CDEBFGH"
*************************************

numeric PC: constraint # = 20
CharAt(CONST_1)_13_[0] != CharAt(CONST_2)_5_[1] &&
CharAt(CONST_1)_13_[0] != CharAt(CONST_1)_4_[1] &&
CharAt(CONST_1)_13_[0] != CharAt(CONST_0)_3_[1] &&
CONST_1 < Length_0_[2] &&
CONST_7 >= Length_1_[7] &&
CharAt(CONST_0)_2_[2] != CharAt(CONST_6)_9_[0] &&
CONST_6 < Length_1_[7] &&
CharAt(CONST_0)_2_[2] != CharAt(CONST_5)_8_[0] &&
CONST_5 < Length_1_[7] &&
CharAt(CONST_0)_2_[2] != CharAt(CONST_4)_7_[0] &&
CONST_4 < Length_1_[7] &&
CharAt(CONST_0)_2_[2] != CharAt(CONST_3)_6_[0] &&
CONST_3 < Length_1_[7] &&
CharAt(CONST_0)_2_[2] != CharAt(CONST_2)_5_[1] &&
CONST_2 < Length_1_[7] &&
CharAt(CONST_0)_2_[2] != CharAt(CONST_1)_4_[1] &&
CONST_1 < Length_1_[7] &&
CharAt(CONST_0)_2_[2] != CharAt(CONST_0)_3_[1] &&
CONST_0 < Length_1_[7] &&
CONST_0 < Length_0_[2] -> true

string analysis: SPC # = 0
NPC constraint # = 20
CharAt(CONST_1)_13_[0] != CharAt(CONST_2)_5_[1] &&
CharAt(CONST_1)_13_[0] != CharAt(CONST_1)_4_[1] &&
CharAt(CONST_1)_13_[0] != CharAt(CONST_0)_3_[1] &&
CONST_1 < Length_0_[2] &&
CONST_7 >= Length_1_[7] &&
CharAt(CONST_0)_2_[0] != CharAt(CONST_6)_9_[1] &&
CONST_6 < Length_1_[7] &&
CharAt(CONST_0)_2_[0] != CharAt(CONST_5)_8_[1] &&
CONST_5 < Length_1_[7] &&
CharAt(CONST_0)_2_[0] != CharAt(CONST_4)_7_[1] &&
CONST_4 < Length_1_[7] &&
CharAt(CONST_0)_2_[0] != CharAt(CONST_3)_6_[1] &&
CONST_3 < Length_1_[7] &&
CharAt(CONST_0)_2_[0] != CharAt(CONST_2)_5_[1] &&
CONST_2 < Length_1_[7] &&
CharAt(CONST_0)_2_[0] != CharAt(CONST_1)_4_[1] &&
CONST_1 < Length_1_[7] &&
CharAt(CONST_0)_2_[0] != CharAt(CONST_0)_3_[1] &&
CONST_0 < Length_1_[7] &&
CONST_0 < Length_0_[2]
$$$$$$$$$$$$$$$$$$$$$$$$$$$$$$$$
Calling Z3str3

current query... 
(declare-const text_1 String)
(declare-const delims_2 String)


(assert (not (= (str.at text_1 1) (str.at delims_2 2))))
(assert (not (= (str.at text_1 1) (str.at delims_2 1))))
(assert (not (= (str.at text_1 1) (str.at delims_2 0))))
(assert (< 1 (str.len text_1)))
(assert (>= 7 (str.len delims_2)))
(assert (not (= (str.at text_1 0) (str.at delims_2 6))))
(assert (< 6 (str.len delims_2)))
(assert (not (= (str.at text_1 0) (str.at delims_2 5))))
(assert (< 5 (str.len delims_2)))
(assert (not (= (str.at text_1 0) (str.at delims_2 4))))
(assert (< 4 (str.len delims_2)))
(assert (not (= (str.at text_1 0) (str.at delims_2 3))))
(assert (< 3 (str.len delims_2)))
(assert (not (= (str.at text_1 0) (str.at delims_2 2))))
(assert (< 2 (str.len delims_2)))
(assert (not (= (str.at text_1 0) (str.at delims_2 1))))
(assert (< 1 (str.len delims_2)))
(assert (not (= (str.at text_1 0) (str.at delims_2 0))))
(assert (< 0 (str.len delims_2)))
(assert (< 0 (str.len text_1)))



======================
(define-fun text_1 () String
  "AB")
(define-fun delims_2 () String
  "CDEFGHI")
Returned solutions: 
(define-fun text_1 () String  "AB")
(define-fun delims_2 () String  "CDEFGHI")
*************************************
Satisfiable: true
text_1 => "AB"
delims_2 => "CDEFGHI"
*************************************

Delimiter [e] found at 1
numeric PC: constraint # = 20
CharAt(CONST_1)_13_ == CharAt(CONST_2)_5_ &&
CharAt(CONST_1)_13_ != CharAt(CONST_1)_4_ &&
CharAt(CONST_1)_13_ != CharAt(CONST_0)_3_ &&
CONST_1 < Length_0_ &&
CONST_7 >= Length_1_ &&
CharAt(CONST_0)_2_ != CharAt(CONST_6)_9_ &&
CONST_6 < Length_1_ &&
CharAt(CONST_0)_2_ != CharAt(CONST_5)_8_ &&
CONST_5 < Length_1_ &&
CharAt(CONST_0)_2_ != CharAt(CONST_4)_7_ &&
CONST_4 < Length_1_ &&
CharAt(CONST_0)_2_ != CharAt(CONST_3)_6_ &&
CONST_3 < Length_1_ &&
CharAt(CONST_0)_2_ != CharAt(CONST_2)_5_ &&
CONST_2 < Length_1_ &&
CharAt(CONST_0)_2_ != CharAt(CONST_1)_4_ &&
CONST_1 < Length_1_ &&
CharAt(CONST_0)_2_ != CharAt(CONST_0)_3_ &&
CONST_0 < Length_1_ &&
CONST_0 < Length_0_ -> true

string analysis: SPC # = 0
NPC constraint # = 20
CharAt(CONST_1)_13_[0] == CharAt(CONST_2)_5_[0] &&
CharAt(CONST_1)_13_[0] != CharAt(CONST_1)_4_[1] &&
CharAt(CONST_1)_13_[0] != CharAt(CONST_0)_3_[1] &&
CONST_1 < Length_0_[2] &&
CONST_7 >= Length_1_[7] &&
CharAt(CONST_0)_2_[2] != CharAt(CONST_6)_9_[0] &&
CONST_6 < Length_1_[7] &&
CharAt(CONST_0)_2_[2] != CharAt(CONST_5)_8_[0] &&
CONST_5 < Length_1_[7] &&
CharAt(CONST_0)_2_[2] != CharAt(CONST_4)_7_[0] &&
CONST_4 < Length_1_[7] &&
CharAt(CONST_0)_2_[2] != CharAt(CONST_3)_6_[0] &&
CONST_3 < Length_1_[7] &&
CharAt(CONST_0)_2_[2] != CharAt(CONST_2)_5_[0] &&
CONST_2 < Length_1_[7] &&
CharAt(CONST_0)_2_[2] != CharAt(CONST_1)_4_[1] &&
CONST_1 < Length_1_[7] &&
CharAt(CONST_0)_2_[2] != CharAt(CONST_0)_3_[1] &&
CONST_0 < Length_1_[7] &&
CONST_0 < Length_0_[2]
$$$$$$$$$$$$$$$$$$$$$$$$$$$$$$$$
Calling Z3str3

current query... 
(declare-const text_1 String)
(declare-const delims_2 String)


(assert (= (str.at text_1 1) (str.at delims_2 2)))
(assert (not (= (str.at text_1 1) (str.at delims_2 1))))
(assert (not (= (str.at text_1 1) (str.at delims_2 0))))
(assert (< 1 (str.len text_1)))
(assert (>= 7 (str.len delims_2)))
(assert (not (= (str.at text_1 0) (str.at delims_2 6))))
(assert (< 6 (str.len delims_2)))
(assert (not (= (str.at text_1 0) (str.at delims_2 5))))
(assert (< 5 (str.len delims_2)))
(assert (not (= (str.at text_1 0) (str.at delims_2 4))))
(assert (< 4 (str.len delims_2)))
(assert (not (= (str.at text_1 0) (str.at delims_2 3))))
(assert (< 3 (str.len delims_2)))
(assert (not (= (str.at text_1 0) (str.at delims_2 2))))
(assert (< 2 (str.len delims_2)))
(assert (not (= (str.at text_1 0) (str.at delims_2 1))))
(assert (< 1 (str.len delims_2)))
(assert (not (= (str.at text_1 0) (str.at delims_2 0))))
(assert (< 0 (str.len delims_2)))
(assert (< 0 (str.len text_1)))



======================
(define-fun text_1 () String
  "AB")
(define-fun delims_2 () String
  "CDBEFGH")
Returned solutions: 
(define-fun text_1 () String  "AB")
(define-fun delims_2 () String  "CDBEFGH")
*************************************
Satisfiable: true
text_1 => "AB"
delims_2 => "CDBEFGH"
*************************************

numeric PC: constraint # = 19
CharAt(CONST_1)_13_[0] != CharAt(CONST_1)_4_[1] &&
CharAt(CONST_1)_13_[0] != CharAt(CONST_0)_3_[1] &&
CONST_1 < Length_0_[2] &&
CONST_7 >= Length_1_[7] &&
CharAt(CONST_0)_2_[2] != CharAt(CONST_6)_9_[0] &&
CONST_6 < Length_1_[7] &&
CharAt(CONST_0)_2_[2] != CharAt(CONST_5)_8_[0] &&
CONST_5 < Length_1_[7] &&
CharAt(CONST_0)_2_[2] != CharAt(CONST_4)_7_[0] &&
CONST_4 < Length_1_[7] &&
CharAt(CONST_0)_2_[2] != CharAt(CONST_3)_6_[0] &&
CONST_3 < Length_1_[7] &&
CharAt(CONST_0)_2_[2] != CharAt(CONST_2)_5_[0] &&
CONST_2 < Length_1_[7] &&
CharAt(CONST_0)_2_[2] != CharAt(CONST_1)_4_[1] &&
CONST_1 < Length_1_[7] &&
CharAt(CONST_0)_2_[2] != CharAt(CONST_0)_3_[1] &&
CONST_0 < Length_1_[7] &&
CONST_0 < Length_0_[2] -> true

string analysis: SPC # = 0
NPC constraint # = 19
CharAt(CONST_1)_13_[0] != CharAt(CONST_1)_4_[1] &&
CharAt(CONST_1)_13_[0] != CharAt(CONST_0)_3_[1] &&
CONST_1 < Length_0_[2] &&
CONST_7 >= Length_1_[7] &&
CharAt(CONST_0)_2_[0] != CharAt(CONST_6)_9_[1] &&
CONST_6 < Length_1_[7] &&
CharAt(CONST_0)_2_[0] != CharAt(CONST_5)_8_[1] &&
CONST_5 < Length_1_[7] &&
CharAt(CONST_0)_2_[0] != CharAt(CONST_4)_7_[1] &&
CONST_4 < Length_1_[7] &&
CharAt(CONST_0)_2_[0] != CharAt(CONST_3)_6_[1] &&
CONST_3 < Length_1_[7] &&
CharAt(CONST_0)_2_[0] != CharAt(CONST_2)_5_[1] &&
CONST_2 < Length_1_[7] &&
CharAt(CONST_0)_2_[0] != CharAt(CONST_1)_4_[1] &&
CONST_1 < Length_1_[7] &&
CharAt(CONST_0)_2_[0] != CharAt(CONST_0)_3_[1] &&
CONST_0 < Length_1_[7] &&
CONST_0 < Length_0_[2]
$$$$$$$$$$$$$$$$$$$$$$$$$$$$$$$$
Calling Z3str3

current query... 
(declare-const text_1 String)
(declare-const delims_2 String)


(assert (not (= (str.at text_1 1) (str.at delims_2 1))))
(assert (not (= (str.at text_1 1) (str.at delims_2 0))))
(assert (< 1 (str.len text_1)))
(assert (>= 7 (str.len delims_2)))
(assert (not (= (str.at text_1 0) (str.at delims_2 6))))
(assert (< 6 (str.len delims_2)))
(assert (not (= (str.at text_1 0) (str.at delims_2 5))))
(assert (< 5 (str.len delims_2)))
(assert (not (= (str.at text_1 0) (str.at delims_2 4))))
(assert (< 4 (str.len delims_2)))
(assert (not (= (str.at text_1 0) (str.at delims_2 3))))
(assert (< 3 (str.len delims_2)))
(assert (not (= (str.at text_1 0) (str.at delims_2 2))))
(assert (< 2 (str.len delims_2)))
(assert (not (= (str.at text_1 0) (str.at delims_2 1))))
(assert (< 1 (str.len delims_2)))
(assert (not (= (str.at text_1 0) (str.at delims_2 0))))
(assert (< 0 (str.len delims_2)))
(assert (< 0 (str.len text_1)))



======================
(define-fun text_1 () String
  "AB")
(define-fun delims_2 () String
  "CDEFGHI")
Returned solutions: 
(define-fun text_1 () String  "AB")
(define-fun delims_2 () String  "CDEFGHI")
*************************************
Satisfiable: true
text_1 => "AB"
delims_2 => "CDEFGHI"
*************************************

Delimiter [e] found at 1
numeric PC: constraint # = 19
CharAt(CONST_1)_13_ == CharAt(CONST_1)_4_ &&
CharAt(CONST_1)_13_ != CharAt(CONST_0)_3_ &&
CONST_1 < Length_0_ &&
CONST_7 >= Length_1_ &&
CharAt(CONST_0)_2_ != CharAt(CONST_6)_9_ &&
CONST_6 < Length_1_ &&
CharAt(CONST_0)_2_ != CharAt(CONST_5)_8_ &&
CONST_5 < Length_1_ &&
CharAt(CONST_0)_2_ != CharAt(CONST_4)_7_ &&
CONST_4 < Length_1_ &&
CharAt(CONST_0)_2_ != CharAt(CONST_3)_6_ &&
CONST_3 < Length_1_ &&
CharAt(CONST_0)_2_ != CharAt(CONST_2)_5_ &&
CONST_2 < Length_1_ &&
CharAt(CONST_0)_2_ != CharAt(CONST_1)_4_ &&
CONST_1 < Length_1_ &&
CharAt(CONST_0)_2_ != CharAt(CONST_0)_3_ &&
CONST_0 < Length_1_ &&
CONST_0 < Length_0_ -> true

string analysis: SPC # = 0
NPC constraint # = 19
CharAt(CONST_1)_13_[0] == CharAt(CONST_1)_4_[0] &&
CharAt(CONST_1)_13_[0] != CharAt(CONST_0)_3_[1] &&
CONST_1 < Length_0_[2] &&
CONST_7 >= Length_1_[7] &&
CharAt(CONST_0)_2_[2] != CharAt(CONST_6)_9_[0] &&
CONST_6 < Length_1_[7] &&
CharAt(CONST_0)_2_[2] != CharAt(CONST_5)_8_[0] &&
CONST_5 < Length_1_[7] &&
CharAt(CONST_0)_2_[2] != CharAt(CONST_4)_7_[0] &&
CONST_4 < Length_1_[7] &&
CharAt(CONST_0)_2_[2] != CharAt(CONST_3)_6_[0] &&
CONST_3 < Length_1_[7] &&
CharAt(CONST_0)_2_[2] != CharAt(CONST_2)_5_[0] &&
CONST_2 < Length_1_[7] &&
CharAt(CONST_0)_2_[2] != CharAt(CONST_1)_4_[0] &&
CONST_1 < Length_1_[7] &&
CharAt(CONST_0)_2_[2] != CharAt(CONST_0)_3_[1] &&
CONST_0 < Length_1_[7] &&
CONST_0 < Length_0_[2]
$$$$$$$$$$$$$$$$$$$$$$$$$$$$$$$$
Calling Z3str3

current query... 
(declare-const text_1 String)
(declare-const delims_2 String)


(assert (= (str.at text_1 1) (str.at delims_2 1)))
(assert (not (= (str.at text_1 1) (str.at delims_2 0))))
(assert (< 1 (str.len text_1)))
(assert (>= 7 (str.len delims_2)))
(assert (not (= (str.at text_1 0) (str.at delims_2 6))))
(assert (< 6 (str.len delims_2)))
(assert (not (= (str.at text_1 0) (str.at delims_2 5))))
(assert (< 5 (str.len delims_2)))
(assert (not (= (str.at text_1 0) (str.at delims_2 4))))
(assert (< 4 (str.len delims_2)))
(assert (not (= (str.at text_1 0) (str.at delims_2 3))))
(assert (< 3 (str.len delims_2)))
(assert (not (= (str.at text_1 0) (str.at delims_2 2))))
(assert (< 2 (str.len delims_2)))
(assert (not (= (str.at text_1 0) (str.at delims_2 1))))
(assert (< 1 (str.len delims_2)))
(assert (not (= (str.at text_1 0) (str.at delims_2 0))))
(assert (< 0 (str.len delims_2)))
(assert (< 0 (str.len text_1)))



======================
(define-fun text_1 () String
  "AB")
(define-fun delims_2 () String
  "CBDEFGH")
Returned solutions: 
(define-fun text_1 () String  "AB")
(define-fun delims_2 () String  "CBDEFGH")
*************************************
Satisfiable: true
text_1 => "AB"
delims_2 => "CBDEFGH"
*************************************

numeric PC: constraint # = 18
CharAt(CONST_1)_13_[0] != CharAt(CONST_0)_3_[1] &&
CONST_1 < Length_0_[2] &&
CONST_7 >= Length_1_[7] &&
CharAt(CONST_0)_2_[2] != CharAt(CONST_6)_9_[0] &&
CONST_6 < Length_1_[7] &&
CharAt(CONST_0)_2_[2] != CharAt(CONST_5)_8_[0] &&
CONST_5 < Length_1_[7] &&
CharAt(CONST_0)_2_[2] != CharAt(CONST_4)_7_[0] &&
CONST_4 < Length_1_[7] &&
CharAt(CONST_0)_2_[2] != CharAt(CONST_3)_6_[0] &&
CONST_3 < Length_1_[7] &&
CharAt(CONST_0)_2_[2] != CharAt(CONST_2)_5_[0] &&
CONST_2 < Length_1_[7] &&
CharAt(CONST_0)_2_[2] != CharAt(CONST_1)_4_[0] &&
CONST_1 < Length_1_[7] &&
CharAt(CONST_0)_2_[2] != CharAt(CONST_0)_3_[1] &&
CONST_0 < Length_1_[7] &&
CONST_0 < Length_0_[2] -> true

string analysis: SPC # = 0
NPC constraint # = 18
CharAt(CONST_1)_13_[0] != CharAt(CONST_0)_3_[1] &&
CONST_1 < Length_0_[2] &&
CONST_7 >= Length_1_[7] &&
CharAt(CONST_0)_2_[0] != CharAt(CONST_6)_9_[1] &&
CONST_6 < Length_1_[7] &&
CharAt(CONST_0)_2_[0] != CharAt(CONST_5)_8_[1] &&
CONST_5 < Length_1_[7] &&
CharAt(CONST_0)_2_[0] != CharAt(CONST_4)_7_[1] &&
CONST_4 < Length_1_[7] &&
CharAt(CONST_0)_2_[0] != CharAt(CONST_3)_6_[1] &&
CONST_3 < Length_1_[7] &&
CharAt(CONST_0)_2_[0] != CharAt(CONST_2)_5_[1] &&
CONST_2 < Length_1_[7] &&
CharAt(CONST_0)_2_[0] != CharAt(CONST_1)_4_[1] &&
CONST_1 < Length_1_[7] &&
CharAt(CONST_0)_2_[0] != CharAt(CONST_0)_3_[1] &&
CONST_0 < Length_1_[7] &&
CONST_0 < Length_0_[2]
$$$$$$$$$$$$$$$$$$$$$$$$$$$$$$$$
Calling Z3str3

current query... 
(declare-const text_1 String)
(declare-const delims_2 String)


(assert (not (= (str.at text_1 1) (str.at delims_2 0))))
(assert (< 1 (str.len text_1)))
(assert (>= 7 (str.len delims_2)))
(assert (not (= (str.at text_1 0) (str.at delims_2 6))))
(assert (< 6 (str.len delims_2)))
(assert (not (= (str.at text_1 0) (str.at delims_2 5))))
(assert (< 5 (str.len delims_2)))
(assert (not (= (str.at text_1 0) (str.at delims_2 4))))
(assert (< 4 (str.len delims_2)))
(assert (not (= (str.at text_1 0) (str.at delims_2 3))))
(assert (< 3 (str.len delims_2)))
(assert (not (= (str.at text_1 0) (str.at delims_2 2))))
(assert (< 2 (str.len delims_2)))
(assert (not (= (str.at text_1 0) (str.at delims_2 1))))
(assert (< 1 (str.len delims_2)))
(assert (not (= (str.at text_1 0) (str.at delims_2 0))))
(assert (< 0 (str.len delims_2)))
(assert (< 0 (str.len text_1)))



======================
(define-fun text_1 () String
  "AB")
(define-fun delims_2 () String
  "CDEFGHI")
Returned solutions: 
(define-fun text_1 () String  "AB")
(define-fun delims_2 () String  "CDEFGHI")
*************************************
Satisfiable: true
text_1 => "AB"
delims_2 => "CDEFGHI"
*************************************

Delimiter [e] found at 1
numeric PC: constraint # = 18
CharAt(CONST_1)_13_ == CharAt(CONST_0)_3_ &&
CONST_1 < Length_0_ &&
CONST_7 >= Length_1_ &&
CharAt(CONST_0)_2_ != CharAt(CONST_6)_9_ &&
CONST_6 < Length_1_ &&
CharAt(CONST_0)_2_ != CharAt(CONST_5)_8_ &&
CONST_5 < Length_1_ &&
CharAt(CONST_0)_2_ != CharAt(CONST_4)_7_ &&
CONST_4 < Length_1_ &&
CharAt(CONST_0)_2_ != CharAt(CONST_3)_6_ &&
CONST_3 < Length_1_ &&
CharAt(CONST_0)_2_ != CharAt(CONST_2)_5_ &&
CONST_2 < Length_1_ &&
CharAt(CONST_0)_2_ != CharAt(CONST_1)_4_ &&
CONST_1 < Length_1_ &&
CharAt(CONST_0)_2_ != CharAt(CONST_0)_3_ &&
CONST_0 < Length_1_ &&
CONST_0 < Length_0_ -> true

string analysis: SPC # = 0
NPC constraint # = 18
CharAt(CONST_1)_13_[0] == CharAt(CONST_0)_3_[0] &&
CONST_1 < Length_0_[2] &&
CONST_7 >= Length_1_[7] &&
CharAt(CONST_0)_2_[1] != CharAt(CONST_6)_9_[0] &&
CONST_6 < Length_1_[7] &&
CharAt(CONST_0)_2_[1] != CharAt(CONST_5)_8_[0] &&
CONST_5 < Length_1_[7] &&
CharAt(CONST_0)_2_[1] != CharAt(CONST_4)_7_[0] &&
CONST_4 < Length_1_[7] &&
CharAt(CONST_0)_2_[1] != CharAt(CONST_3)_6_[0] &&
CONST_3 < Length_1_[7] &&
CharAt(CONST_0)_2_[1] != CharAt(CONST_2)_5_[0] &&
CONST_2 < Length_1_[7] &&
CharAt(CONST_0)_2_[1] != CharAt(CONST_1)_4_[0] &&
CONST_1 < Length_1_[7] &&
CharAt(CONST_0)_2_[1] != CharAt(CONST_0)_3_[0] &&
CONST_0 < Length_1_[7] &&
CONST_0 < Length_0_[2]
$$$$$$$$$$$$$$$$$$$$$$$$$$$$$$$$
Calling Z3str3

current query... 
(declare-const text_1 String)
(declare-const delims_2 String)


(assert (= (str.at text_1 1) (str.at delims_2 0)))
(assert (< 1 (str.len text_1)))
(assert (>= 7 (str.len delims_2)))
(assert (not (= (str.at text_1 0) (str.at delims_2 6))))
(assert (< 6 (str.len delims_2)))
(assert (not (= (str.at text_1 0) (str.at delims_2 5))))
(assert (< 5 (str.len delims_2)))
(assert (not (= (str.at text_1 0) (str.at delims_2 4))))
(assert (< 4 (str.len delims_2)))
(assert (not (= (str.at text_1 0) (str.at delims_2 3))))
(assert (< 3 (str.len delims_2)))
(assert (not (= (str.at text_1 0) (str.at delims_2 2))))
(assert (< 2 (str.len delims_2)))
(assert (not (= (str.at text_1 0) (str.at delims_2 1))))
(assert (< 1 (str.len delims_2)))
(assert (not (= (str.at text_1 0) (str.at delims_2 0))))
(assert (< 0 (str.len delims_2)))
(assert (< 0 (str.len text_1)))



======================
(define-fun text_1 () String
  "AB")
(define-fun delims_2 () String
  "BCDEFGH")
Returned solutions: 
(define-fun text_1 () String  "AB")
(define-fun delims_2 () String  "BCDEFGH")
*************************************
Satisfiable: true
text_1 => "AB"
delims_2 => "BCDEFGH"
*************************************

numeric PC: constraint # = 17
CONST_1 < Length_0_[2] &&
CONST_7 >= Length_1_[7] &&
CharAt(CONST_0)_2_[1] != CharAt(CONST_6)_9_[0] &&
CONST_6 < Length_1_[7] &&
CharAt(CONST_0)_2_[1] != CharAt(CONST_5)_8_[0] &&
CONST_5 < Length_1_[7] &&
CharAt(CONST_0)_2_[1] != CharAt(CONST_4)_7_[0] &&
CONST_4 < Length_1_[7] &&
CharAt(CONST_0)_2_[1] != CharAt(CONST_3)_6_[0] &&
CONST_3 < Length_1_[7] &&
CharAt(CONST_0)_2_[1] != CharAt(CONST_2)_5_[0] &&
CONST_2 < Length_1_[7] &&
CharAt(CONST_0)_2_[1] != CharAt(CONST_1)_4_[0] &&
CONST_1 < Length_1_[7] &&
CharAt(CONST_0)_2_[1] != CharAt(CONST_0)_3_[0] &&
CONST_0 < Length_1_[7] &&
CONST_0 < Length_0_[2] -> true

string analysis: SPC # = 0
NPC constraint # = 17
CONST_1 < Length_0_[2] &&
CONST_7 >= Length_1_[7] &&
CharAt(CONST_0)_2_[0] != CharAt(CONST_6)_9_[1] &&
CONST_6 < Length_1_[7] &&
CharAt(CONST_0)_2_[0] != CharAt(CONST_5)_8_[1] &&
CONST_5 < Length_1_[7] &&
CharAt(CONST_0)_2_[0] != CharAt(CONST_4)_7_[1] &&
CONST_4 < Length_1_[7] &&
CharAt(CONST_0)_2_[0] != CharAt(CONST_3)_6_[1] &&
CONST_3 < Length_1_[7] &&
CharAt(CONST_0)_2_[0] != CharAt(CONST_2)_5_[1] &&
CONST_2 < Length_1_[7] &&
CharAt(CONST_0)_2_[0] != CharAt(CONST_1)_4_[1] &&
CONST_1 < Length_1_[7] &&
CharAt(CONST_0)_2_[0] != CharAt(CONST_0)_3_[1] &&
CONST_0 < Length_1_[7] &&
CONST_0 < Length_0_[2]
$$$$$$$$$$$$$$$$$$$$$$$$$$$$$$$$
Calling Z3str3

current query... 
(declare-const text_1 String)
(declare-const delims_2 String)


(assert (< 1 (str.len text_1)))
(assert (>= 7 (str.len delims_2)))
(assert (not (= (str.at text_1 0) (str.at delims_2 6))))
(assert (< 6 (str.len delims_2)))
(assert (not (= (str.at text_1 0) (str.at delims_2 5))))
(assert (< 5 (str.len delims_2)))
(assert (not (= (str.at text_1 0) (str.at delims_2 4))))
(assert (< 4 (str.len delims_2)))
(assert (not (= (str.at text_1 0) (str.at delims_2 3))))
(assert (< 3 (str.len delims_2)))
(assert (not (= (str.at text_1 0) (str.at delims_2 2))))
(assert (< 2 (str.len delims_2)))
(assert (not (= (str.at text_1 0) (str.at delims_2 1))))
(assert (< 1 (str.len delims_2)))
(assert (not (= (str.at text_1 0) (str.at delims_2 0))))
(assert (< 0 (str.len delims_2)))
(assert (< 0 (str.len text_1)))



======================
(define-fun text_1 () String
  "AI")
(define-fun delims_2 () String
  "BCDEFGH")
Returned solutions: 
(define-fun text_1 () String  "AI")
(define-fun delims_2 () String  "BCDEFGH")
*************************************
Satisfiable: true
text_1 => "AI"
delims_2 => "BCDEFGH"
*************************************

numeric PC: constraint # = 18
Length_0_ >= CONST_12 &&
CONST_1 >= Length_0_ &&
CONST_7 >= Length_1_ &&
CharAt(CONST_0)_2_ != CharAt(CONST_6)_9_ &&
CONST_6 < Length_1_ &&
CharAt(CONST_0)_2_ != CharAt(CONST_5)_8_ &&
CONST_5 < Length_1_ &&
CharAt(CONST_0)_2_ != CharAt(CONST_4)_7_ &&
CONST_4 < Length_1_ &&
CharAt(CONST_0)_2_ != CharAt(CONST_3)_6_ &&
CONST_3 < Length_1_ &&
CharAt(CONST_0)_2_ != CharAt(CONST_2)_5_ &&
CONST_2 < Length_1_ &&
CharAt(CONST_0)_2_ != CharAt(CONST_1)_4_ &&
CONST_1 < Length_1_ &&
CharAt(CONST_0)_2_ != CharAt(CONST_0)_3_ &&
CONST_0 < Length_1_ &&
CONST_0 < Length_0_ -> false

### PCs: total:91 sat:79 unsat:12

numeric PC: constraint # = 18
Length_0_ < CONST_12 &&
CONST_1 >= Length_0_ &&
CONST_7 >= Length_1_ &&
CharAt(CONST_0)_2_ != CharAt(CONST_6)_9_ &&
CONST_6 < Length_1_ &&
CharAt(CONST_0)_2_ != CharAt(CONST_5)_8_ &&
CONST_5 < Length_1_ &&
CharAt(CONST_0)_2_ != CharAt(CONST_4)_7_ &&
CONST_4 < Length_1_ &&
CharAt(CONST_0)_2_ != CharAt(CONST_3)_6_ &&
CONST_3 < Length_1_ &&
CharAt(CONST_0)_2_ != CharAt(CONST_2)_5_ &&
CONST_2 < Length_1_ &&
CharAt(CONST_0)_2_ != CharAt(CONST_1)_4_ &&
CONST_1 < Length_1_ &&
CharAt(CONST_0)_2_ != CharAt(CONST_0)_3_ &&
CONST_0 < Length_1_ &&
CONST_0 < Length_0_ -> true

### PCs: total:92 sat:80 unsat:12

string analysis: SPC # = 0
NPC constraint # = 18
Length_0_ < CONST_12 &&
CONST_1 >= Length_0_ &&
CONST_7 >= Length_1_ &&
CharAt(CONST_0)_2_ != CharAt(CONST_6)_9_ &&
CONST_6 < Length_1_ &&
CharAt(CONST_0)_2_ != CharAt(CONST_5)_8_ &&
CONST_5 < Length_1_ &&
CharAt(CONST_0)_2_ != CharAt(CONST_4)_7_ &&
CONST_4 < Length_1_ &&
CharAt(CONST_0)_2_ != CharAt(CONST_3)_6_ &&
CONST_3 < Length_1_ &&
CharAt(CONST_0)_2_ != CharAt(CONST_2)_5_ &&
CONST_2 < Length_1_ &&
CharAt(CONST_0)_2_ != CharAt(CONST_1)_4_ &&
CONST_1 < Length_1_ &&
CharAt(CONST_0)_2_ != CharAt(CONST_0)_3_ &&
CONST_0 < Length_1_ &&
CONST_0 < Length_0_
$$$$$$$$$$$$$$$$$$$$$$$$$$$$$$$$
Calling Z3str3

current query... 
(declare-const text_1 String)
(declare-const delims_2 String)


(assert (< (str.len text_1) 12))
(assert (>= 1 (str.len text_1)))
(assert (>= 7 (str.len delims_2)))
(assert (not (= (str.at text_1 0) (str.at delims_2 6))))
(assert (< 6 (str.len delims_2)))
(assert (not (= (str.at text_1 0) (str.at delims_2 5))))
(assert (< 5 (str.len delims_2)))
(assert (not (= (str.at text_1 0) (str.at delims_2 4))))
(assert (< 4 (str.len delims_2)))
(assert (not (= (str.at text_1 0) (str.at delims_2 3))))
(assert (< 3 (str.len delims_2)))
(assert (not (= (str.at text_1 0) (str.at delims_2 2))))
(assert (< 2 (str.len delims_2)))
(assert (not (= (str.at text_1 0) (str.at delims_2 1))))
(assert (< 1 (str.len delims_2)))
(assert (not (= (str.at text_1 0) (str.at delims_2 0))))
(assert (< 0 (str.len delims_2)))
(assert (< 0 (str.len text_1)))



======================
(define-fun text_1 () String
  "A")
(define-fun delims_2 () String
  "BCDEFGH")
Returned solutions: 
(define-fun text_1 () String  "A")
(define-fun delims_2 () String  "BCDEFGH")
*************************************
Satisfiable: true
text_1 => "A"
delims_2 => "BCDEFGH"
*************************************

New sym int CharAt(Length_0_)_16_ min=0, max=65535
Symbolic Exp [ CONST_Delimiter [.concat(.valueof[(CharAt(Length_0_)_16_)]).concat(CONST_] found at ).concat(.valueof[(Length_0_)])]
numeric PC: constraint # = 17
CONST_1 >= Length_0_ &&
CONST_7 >= Length_1_ &&
CharAt(CONST_0)_2_ != CharAt(CONST_6)_9_ &&
CONST_6 < Length_1_ &&
CharAt(CONST_0)_2_ != CharAt(CONST_5)_8_ &&
CONST_5 < Length_1_ &&
CharAt(CONST_0)_2_ != CharAt(CONST_4)_7_ &&
CONST_4 < Length_1_ &&
CharAt(CONST_0)_2_ != CharAt(CONST_3)_6_ &&
CONST_3 < Length_1_ &&
CharAt(CONST_0)_2_ != CharAt(CONST_2)_5_ &&
CONST_2 < Length_1_ &&
CharAt(CONST_0)_2_ != CharAt(CONST_1)_4_ &&
CONST_1 < Length_1_ &&
CharAt(CONST_0)_2_ != CharAt(CONST_0)_3_ &&
CONST_0 < Length_1_ &&
CONST_0 < Length_0_ -> true

string analysis: SPC # = 0
NPC constraint # = 17
CONST_1 >= Length_0_[1] &&
CONST_7 >= Length_1_[7] &&
CharAt(CONST_0)_2_[0] != CharAt(CONST_6)_9_[1] &&
CONST_6 < Length_1_[7] &&
CharAt(CONST_0)_2_[0] != CharAt(CONST_5)_8_[1] &&
CONST_5 < Length_1_[7] &&
CharAt(CONST_0)_2_[0] != CharAt(CONST_4)_7_[1] &&
CONST_4 < Length_1_[7] &&
CharAt(CONST_0)_2_[0] != CharAt(CONST_3)_6_[1] &&
CONST_3 < Length_1_[7] &&
CharAt(CONST_0)_2_[0] != CharAt(CONST_2)_5_[1] &&
CONST_2 < Length_1_[7] &&
CharAt(CONST_0)_2_[0] != CharAt(CONST_1)_4_[1] &&
CONST_1 < Length_1_[7] &&
CharAt(CONST_0)_2_[0] != CharAt(CONST_0)_3_[1] &&
CONST_0 < Length_1_[7] &&
CONST_0 < Length_0_[1]
$$$$$$$$$$$$$$$$$$$$$$$$$$$$$$$$
Calling Z3str3

current query... 
(declare-const text_1 String)
(declare-const delims_2 String)


(assert (>= 1 (str.len text_1)))
(assert (>= 7 (str.len delims_2)))
(assert (not (= (str.at text_1 0) (str.at delims_2 6))))
(assert (< 6 (str.len delims_2)))
(assert (not (= (str.at text_1 0) (str.at delims_2 5))))
(assert (< 5 (str.len delims_2)))
(assert (not (= (str.at text_1 0) (str.at delims_2 4))))
(assert (< 4 (str.len delims_2)))
(assert (not (= (str.at text_1 0) (str.at delims_2 3))))
(assert (< 3 (str.len delims_2)))
(assert (not (= (str.at text_1 0) (str.at delims_2 2))))
(assert (< 2 (str.len delims_2)))
(assert (not (= (str.at text_1 0) (str.at delims_2 1))))
(assert (< 1 (str.len delims_2)))
(assert (not (= (str.at text_1 0) (str.at delims_2 0))))
(assert (< 0 (str.len delims_2)))
(assert (< 0 (str.len text_1)))



======================
(define-fun text_1 () String
  "A")
(define-fun delims_2 () String
  "BCDEFGH")
Returned solutions: 
(define-fun text_1 () String  "A")
(define-fun delims_2 () String  "BCDEFGH")
*************************************
Satisfiable: true
text_1 => "A"
delims_2 => "BCDEFGH"
*************************************

numeric PC: constraint # = 16
CONST_7 >= Length_1_[7] &&
CharAt(CONST_0)_2_[0] != CharAt(CONST_6)_9_[1] &&
CONST_6 < Length_1_[7] &&
CharAt(CONST_0)_2_[0] != CharAt(CONST_5)_8_[1] &&
CONST_5 < Length_1_[7] &&
CharAt(CONST_0)_2_[0] != CharAt(CONST_4)_7_[1] &&
CONST_4 < Length_1_[7] &&
CharAt(CONST_0)_2_[0] != CharAt(CONST_3)_6_[1] &&
CONST_3 < Length_1_[7] &&
CharAt(CONST_0)_2_[0] != CharAt(CONST_2)_5_[1] &&
CONST_2 < Length_1_[7] &&
CharAt(CONST_0)_2_[0] != CharAt(CONST_1)_4_[1] &&
CONST_1 < Length_1_[7] &&
CharAt(CONST_0)_2_[0] != CharAt(CONST_0)_3_[1] &&
CONST_0 < Length_1_[7] &&
CONST_0 < Length_0_[1] -> true

string analysis: SPC # = 0
NPC constraint # = 16
CONST_7 >= Length_1_[7] &&
CharAt(CONST_0)_2_[0] != CharAt(CONST_6)_9_[1] &&
CONST_6 < Length_1_[7] &&
CharAt(CONST_0)_2_[0] != CharAt(CONST_5)_8_[1] &&
CONST_5 < Length_1_[7] &&
CharAt(CONST_0)_2_[0] != CharAt(CONST_4)_7_[1] &&
CONST_4 < Length_1_[7] &&
CharAt(CONST_0)_2_[0] != CharAt(CONST_3)_6_[1] &&
CONST_3 < Length_1_[7] &&
CharAt(CONST_0)_2_[0] != CharAt(CONST_2)_5_[1] &&
CONST_2 < Length_1_[7] &&
CharAt(CONST_0)_2_[0] != CharAt(CONST_1)_4_[1] &&
CONST_1 < Length_1_[7] &&
CharAt(CONST_0)_2_[0] != CharAt(CONST_0)_3_[1] &&
CONST_0 < Length_1_[7] &&
CONST_0 < Length_0_[1]
$$$$$$$$$$$$$$$$$$$$$$$$$$$$$$$$
Calling Z3str3

current query... 
(declare-const delims_2 String)
(declare-const text_1 String)


(assert (>= 7 (str.len delims_2)))
(assert (not (= (str.at text_1 0) (str.at delims_2 6))))
(assert (< 6 (str.len delims_2)))
(assert (not (= (str.at text_1 0) (str.at delims_2 5))))
(assert (< 5 (str.len delims_2)))
(assert (not (= (str.at text_1 0) (str.at delims_2 4))))
(assert (< 4 (str.len delims_2)))
(assert (not (= (str.at text_1 0) (str.at delims_2 3))))
(assert (< 3 (str.len delims_2)))
(assert (not (= (str.at text_1 0) (str.at delims_2 2))))
(assert (< 2 (str.len delims_2)))
(assert (not (= (str.at text_1 0) (str.at delims_2 1))))
(assert (< 1 (str.len delims_2)))
(assert (not (= (str.at text_1 0) (str.at delims_2 0))))
(assert (< 0 (str.len delims_2)))
(assert (< 0 (str.len text_1)))



======================
(define-fun text_1 () String
  "A")
(define-fun delims_2 () String
  "BCDEFGH")
Returned solutions: 
(define-fun text_1 () String  "A")
(define-fun delims_2 () String  "BCDEFGH")
*************************************
Satisfiable: true
text_1 => "A"
delims_2 => "BCDEFGH"
*************************************

numeric PC: constraint # = 15
CharAt(CONST_0)_2_[0] != CharAt(CONST_6)_9_[1] &&
CONST_6 < Length_1_[7] &&
CharAt(CONST_0)_2_[0] != CharAt(CONST_5)_8_[1] &&
CONST_5 < Length_1_[7] &&
CharAt(CONST_0)_2_[0] != CharAt(CONST_4)_7_[1] &&
CONST_4 < Length_1_[7] &&
CharAt(CONST_0)_2_[0] != CharAt(CONST_3)_6_[1] &&
CONST_3 < Length_1_[7] &&
CharAt(CONST_0)_2_[0] != CharAt(CONST_2)_5_[1] &&
CONST_2 < Length_1_[7] &&
CharAt(CONST_0)_2_[0] != CharAt(CONST_1)_4_[1] &&
CONST_1 < Length_1_[7] &&
CharAt(CONST_0)_2_[0] != CharAt(CONST_0)_3_[1] &&
CONST_0 < Length_1_[7] &&
CONST_0 < Length_0_[1] -> true

string analysis: SPC # = 0
NPC constraint # = 15
CharAt(CONST_0)_2_[0] != CharAt(CONST_6)_9_[1] &&
CONST_6 < Length_1_[7] &&
CharAt(CONST_0)_2_[0] != CharAt(CONST_5)_8_[1] &&
CONST_5 < Length_1_[7] &&
CharAt(CONST_0)_2_[0] != CharAt(CONST_4)_7_[1] &&
CONST_4 < Length_1_[7] &&
CharAt(CONST_0)_2_[0] != CharAt(CONST_3)_6_[1] &&
CONST_3 < Length_1_[7] &&
CharAt(CONST_0)_2_[0] != CharAt(CONST_2)_5_[1] &&
CONST_2 < Length_1_[7] &&
CharAt(CONST_0)_2_[0] != CharAt(CONST_1)_4_[1] &&
CONST_1 < Length_1_[7] &&
CharAt(CONST_0)_2_[0] != CharAt(CONST_0)_3_[1] &&
CONST_0 < Length_1_[7] &&
CONST_0 < Length_0_[1]
$$$$$$$$$$$$$$$$$$$$$$$$$$$$$$$$
Calling Z3str3

current query... 
(declare-const text_1 String)
(declare-const delims_2 String)


(assert (not (= (str.at text_1 0) (str.at delims_2 6))))
(assert (< 6 (str.len delims_2)))
(assert (not (= (str.at text_1 0) (str.at delims_2 5))))
(assert (< 5 (str.len delims_2)))
(assert (not (= (str.at text_1 0) (str.at delims_2 4))))
(assert (< 4 (str.len delims_2)))
(assert (not (= (str.at text_1 0) (str.at delims_2 3))))
(assert (< 3 (str.len delims_2)))
(assert (not (= (str.at text_1 0) (str.at delims_2 2))))
(assert (< 2 (str.len delims_2)))
(assert (not (= (str.at text_1 0) (str.at delims_2 1))))
(assert (< 1 (str.len delims_2)))
(assert (not (= (str.at text_1 0) (str.at delims_2 0))))
(assert (< 0 (str.len delims_2)))
(assert (< 0 (str.len text_1)))



======================
(define-fun text_1 () String
  "A")
(define-fun delims_2 () String
  "BCDEFGH")
Returned solutions: 
(define-fun text_1 () String  "A")
(define-fun delims_2 () String  "BCDEFGH")
*************************************
Satisfiable: true
text_1 => "A"
delims_2 => "BCDEFGH"
*************************************

Delimiter [H] found at 0
numeric PC: constraint # = 15
CharAt(CONST_0)_2_ == CharAt(CONST_6)_9_ &&
CONST_6 < Length_1_ &&
CharAt(CONST_0)_2_ != CharAt(CONST_5)_8_ &&
CONST_5 < Length_1_ &&
CharAt(CONST_0)_2_ != CharAt(CONST_4)_7_ &&
CONST_4 < Length_1_ &&
CharAt(CONST_0)_2_ != CharAt(CONST_3)_6_ &&
CONST_3 < Length_1_ &&
CharAt(CONST_0)_2_ != CharAt(CONST_2)_5_ &&
CONST_2 < Length_1_ &&
CharAt(CONST_0)_2_ != CharAt(CONST_1)_4_ &&
CONST_1 < Length_1_ &&
CharAt(CONST_0)_2_ != CharAt(CONST_0)_3_ &&
CONST_0 < Length_1_ &&
CONST_0 < Length_0_ -> true

string analysis: SPC # = 0
NPC constraint # = 15
CharAt(CONST_0)_2_[0] == CharAt(CONST_6)_9_[0] &&
CONST_6 < Length_1_[7] &&
CharAt(CONST_0)_2_[0] != CharAt(CONST_5)_8_[1] &&
CONST_5 < Length_1_[7] &&
CharAt(CONST_0)_2_[0] != CharAt(CONST_4)_7_[1] &&
CONST_4 < Length_1_[7] &&
CharAt(CONST_0)_2_[0] != CharAt(CONST_3)_6_[1] &&
CONST_3 < Length_1_[7] &&
CharAt(CONST_0)_2_[0] != CharAt(CONST_2)_5_[1] &&
CONST_2 < Length_1_[7] &&
CharAt(CONST_0)_2_[0] != CharAt(CONST_1)_4_[1] &&
CONST_1 < Length_1_[7] &&
CharAt(CONST_0)_2_[0] != CharAt(CONST_0)_3_[1] &&
CONST_0 < Length_1_[7] &&
CONST_0 < Length_0_[1]
$$$$$$$$$$$$$$$$$$$$$$$$$$$$$$$$
Calling Z3str3

current query... 
(declare-const text_1 String)
(declare-const delims_2 String)


(assert (= (str.at text_1 0) (str.at delims_2 6)))
(assert (< 6 (str.len delims_2)))
(assert (not (= (str.at text_1 0) (str.at delims_2 5))))
(assert (< 5 (str.len delims_2)))
(assert (not (= (str.at text_1 0) (str.at delims_2 4))))
(assert (< 4 (str.len delims_2)))
(assert (not (= (str.at text_1 0) (str.at delims_2 3))))
(assert (< 3 (str.len delims_2)))
(assert (not (= (str.at text_1 0) (str.at delims_2 2))))
(assert (< 2 (str.len delims_2)))
(assert (not (= (str.at text_1 0) (str.at delims_2 1))))
(assert (< 1 (str.len delims_2)))
(assert (not (= (str.at text_1 0) (str.at delims_2 0))))
(assert (< 0 (str.len delims_2)))
(assert (< 0 (str.len text_1)))



======================
(define-fun text_1 () String
  "A")
(define-fun delims_2 () String
  "BCDEFGA")
Returned solutions: 
(define-fun text_1 () String  "A")
(define-fun delims_2 () String  "BCDEFGA")
*************************************
Satisfiable: true
text_1 => "A"
delims_2 => "BCDEFGA"
*************************************

numeric PC: constraint # = 14
CONST_6 < Length_1_[7] &&
CharAt(CONST_0)_2_[0] != CharAt(CONST_5)_8_[1] &&
CONST_5 < Length_1_[7] &&
CharAt(CONST_0)_2_[0] != CharAt(CONST_4)_7_[1] &&
CONST_4 < Length_1_[7] &&
CharAt(CONST_0)_2_[0] != CharAt(CONST_3)_6_[1] &&
CONST_3 < Length_1_[7] &&
CharAt(CONST_0)_2_[0] != CharAt(CONST_2)_5_[1] &&
CONST_2 < Length_1_[7] &&
CharAt(CONST_0)_2_[0] != CharAt(CONST_1)_4_[1] &&
CONST_1 < Length_1_[7] &&
CharAt(CONST_0)_2_[0] != CharAt(CONST_0)_3_[1] &&
CONST_0 < Length_1_[7] &&
CONST_0 < Length_0_[1] -> true

string analysis: SPC # = 0
NPC constraint # = 14
CONST_6 < Length_1_[7] &&
CharAt(CONST_0)_2_[0] != CharAt(CONST_5)_8_[1] &&
CONST_5 < Length_1_[7] &&
CharAt(CONST_0)_2_[0] != CharAt(CONST_4)_7_[1] &&
CONST_4 < Length_1_[7] &&
CharAt(CONST_0)_2_[0] != CharAt(CONST_3)_6_[1] &&
CONST_3 < Length_1_[7] &&
CharAt(CONST_0)_2_[0] != CharAt(CONST_2)_5_[1] &&
CONST_2 < Length_1_[7] &&
CharAt(CONST_0)_2_[0] != CharAt(CONST_1)_4_[1] &&
CONST_1 < Length_1_[7] &&
CharAt(CONST_0)_2_[0] != CharAt(CONST_0)_3_[1] &&
CONST_0 < Length_1_[7] &&
CONST_0 < Length_0_[1]
$$$$$$$$$$$$$$$$$$$$$$$$$$$$$$$$
Calling Z3str3

current query... 
(declare-const delims_2 String)
(declare-const text_1 String)


(assert (< 6 (str.len delims_2)))
(assert (not (= (str.at text_1 0) (str.at delims_2 5))))
(assert (< 5 (str.len delims_2)))
(assert (not (= (str.at text_1 0) (str.at delims_2 4))))
(assert (< 4 (str.len delims_2)))
(assert (not (= (str.at text_1 0) (str.at delims_2 3))))
(assert (< 3 (str.len delims_2)))
(assert (not (= (str.at text_1 0) (str.at delims_2 2))))
(assert (< 2 (str.len delims_2)))
(assert (not (= (str.at text_1 0) (str.at delims_2 1))))
(assert (< 1 (str.len delims_2)))
(assert (not (= (str.at text_1 0) (str.at delims_2 0))))
(assert (< 0 (str.len delims_2)))
(assert (< 0 (str.len text_1)))



======================
(define-fun text_1 () String
  "A")
(define-fun delims_2 () String
  "BCDEFGH")
Returned solutions: 
(define-fun text_1 () String  "A")
(define-fun delims_2 () String  "BCDEFGH")
*************************************
Satisfiable: true
text_1 => "A"
delims_2 => "BCDEFGH"
*************************************

numeric PC: constraint # = 15
CONST_1 >= Length_0_ &&
CONST_6 >= Length_1_ &&
CharAt(CONST_0)_2_ != CharAt(CONST_5)_8_ &&
CONST_5 < Length_1_ &&
CharAt(CONST_0)_2_ != CharAt(CONST_4)_7_ &&
CONST_4 < Length_1_ &&
CharAt(CONST_0)_2_ != CharAt(CONST_3)_6_ &&
CONST_3 < Length_1_ &&
CharAt(CONST_0)_2_ != CharAt(CONST_2)_5_ &&
CONST_2 < Length_1_ &&
CharAt(CONST_0)_2_ != CharAt(CONST_1)_4_ &&
CONST_1 < Length_1_ &&
CharAt(CONST_0)_2_ != CharAt(CONST_0)_3_ &&
CONST_0 < Length_1_ &&
CONST_0 < Length_0_ -> true

### PCs: total:93 sat:81 unsat:12

string analysis: SPC # = 0
NPC constraint # = 15
CONST_1 >= Length_0_ &&
CONST_6 >= Length_1_ &&
CharAt(CONST_0)_2_ != CharAt(CONST_5)_8_ &&
CONST_5 < Length_1_ &&
CharAt(CONST_0)_2_ != CharAt(CONST_4)_7_ &&
CONST_4 < Length_1_ &&
CharAt(CONST_0)_2_ != CharAt(CONST_3)_6_ &&
CONST_3 < Length_1_ &&
CharAt(CONST_0)_2_ != CharAt(CONST_2)_5_ &&
CONST_2 < Length_1_ &&
CharAt(CONST_0)_2_ != CharAt(CONST_1)_4_ &&
CONST_1 < Length_1_ &&
CharAt(CONST_0)_2_ != CharAt(CONST_0)_3_ &&
CONST_0 < Length_1_ &&
CONST_0 < Length_0_
$$$$$$$$$$$$$$$$$$$$$$$$$$$$$$$$
Calling Z3str3

current query... 
(declare-const text_1 String)
(declare-const delims_2 String)


(assert (>= 1 (str.len text_1)))
(assert (>= 6 (str.len delims_2)))
(assert (not (= (str.at text_1 0) (str.at delims_2 5))))
(assert (< 5 (str.len delims_2)))
(assert (not (= (str.at text_1 0) (str.at delims_2 4))))
(assert (< 4 (str.len delims_2)))
(assert (not (= (str.at text_1 0) (str.at delims_2 3))))
(assert (< 3 (str.len delims_2)))
(assert (not (= (str.at text_1 0) (str.at delims_2 2))))
(assert (< 2 (str.len delims_2)))
(assert (not (= (str.at text_1 0) (str.at delims_2 1))))
(assert (< 1 (str.len delims_2)))
(assert (not (= (str.at text_1 0) (str.at delims_2 0))))
(assert (< 0 (str.len delims_2)))
(assert (< 0 (str.len text_1)))



======================
(define-fun text_1 () String
  "A")
(define-fun delims_2 () String
  "BCDEFG")
Returned solutions: 
(define-fun text_1 () String  "A")
(define-fun delims_2 () String  "BCDEFG")
*************************************
Satisfiable: true
text_1 => "A"
delims_2 => "BCDEFG"
*************************************

numeric PC: constraint # = 15
CONST_1 < Length_0_ &&
CONST_6 >= Length_1_ &&
CharAt(CONST_0)_2_ != CharAt(CONST_5)_8_ &&
CONST_5 < Length_1_ &&
CharAt(CONST_0)_2_ != CharAt(CONST_4)_7_ &&
CONST_4 < Length_1_ &&
CharAt(CONST_0)_2_ != CharAt(CONST_3)_6_ &&
CONST_3 < Length_1_ &&
CharAt(CONST_0)_2_ != CharAt(CONST_2)_5_ &&
CONST_2 < Length_1_ &&
CharAt(CONST_0)_2_ != CharAt(CONST_1)_4_ &&
CONST_1 < Length_1_ &&
CharAt(CONST_0)_2_ != CharAt(CONST_0)_3_ &&
CONST_0 < Length_1_ &&
CONST_0 < Length_0_ -> true

### PCs: total:94 sat:82 unsat:12

string analysis: SPC # = 0
NPC constraint # = 15
CONST_1 < Length_0_ &&
CONST_6 >= Length_1_ &&
CharAt(CONST_0)_2_ != CharAt(CONST_5)_8_ &&
CONST_5 < Length_1_ &&
CharAt(CONST_0)_2_ != CharAt(CONST_4)_7_ &&
CONST_4 < Length_1_ &&
CharAt(CONST_0)_2_ != CharAt(CONST_3)_6_ &&
CONST_3 < Length_1_ &&
CharAt(CONST_0)_2_ != CharAt(CONST_2)_5_ &&
CONST_2 < Length_1_ &&
CharAt(CONST_0)_2_ != CharAt(CONST_1)_4_ &&
CONST_1 < Length_1_ &&
CharAt(CONST_0)_2_ != CharAt(CONST_0)_3_ &&
CONST_0 < Length_1_ &&
CONST_0 < Length_0_
$$$$$$$$$$$$$$$$$$$$$$$$$$$$$$$$
Calling Z3str3

current query... 
(declare-const text_1 String)
(declare-const delims_2 String)


(assert (< 1 (str.len text_1)))
(assert (>= 6 (str.len delims_2)))
(assert (not (= (str.at text_1 0) (str.at delims_2 5))))
(assert (< 5 (str.len delims_2)))
(assert (not (= (str.at text_1 0) (str.at delims_2 4))))
(assert (< 4 (str.len delims_2)))
(assert (not (= (str.at text_1 0) (str.at delims_2 3))))
(assert (< 3 (str.len delims_2)))
(assert (not (= (str.at text_1 0) (str.at delims_2 2))))
(assert (< 2 (str.len delims_2)))
(assert (not (= (str.at text_1 0) (str.at delims_2 1))))
(assert (< 1 (str.len delims_2)))
(assert (not (= (str.at text_1 0) (str.at delims_2 0))))
(assert (< 0 (str.len delims_2)))
(assert (< 0 (str.len text_1)))



======================
(define-fun text_1 () String
  "AH")
(define-fun delims_2 () String
  "BCDEFG")
Returned solutions: 
(define-fun text_1 () String  "AH")
(define-fun delims_2 () String  "BCDEFG")
*************************************
Satisfiable: true
text_1 => "AH"
delims_2 => "BCDEFG"
*************************************

numeric PC: constraint # = 16
CONST_0 >= Length_1_ &&
CONST_1 < Length_0_ &&
CONST_6 >= Length_1_ &&
CharAt(CONST_0)_2_ != CharAt(CONST_5)_8_ &&
CONST_5 < Length_1_ &&
CharAt(CONST_0)_2_ != CharAt(CONST_4)_7_ &&
CONST_4 < Length_1_ &&
CharAt(CONST_0)_2_ != CharAt(CONST_3)_6_ &&
CONST_3 < Length_1_ &&
CharAt(CONST_0)_2_ != CharAt(CONST_2)_5_ &&
CONST_2 < Length_1_ &&
CharAt(CONST_0)_2_ != CharAt(CONST_1)_4_ &&
CONST_1 < Length_1_ &&
CharAt(CONST_0)_2_ != CharAt(CONST_0)_3_ &&
CONST_0 < Length_1_ &&
CONST_0 < Length_0_ -> false

### PCs: total:95 sat:82 unsat:13

numeric PC: constraint # = 15
CONST_1 < Length_0_ &&
CONST_6 >= Length_1_ &&
CharAt(CONST_0)_2_ != CharAt(CONST_5)_8_ &&
CONST_5 < Length_1_ &&
CharAt(CONST_0)_2_ != CharAt(CONST_4)_7_ &&
CONST_4 < Length_1_ &&
CharAt(CONST_0)_2_ != CharAt(CONST_3)_6_ &&
CONST_3 < Length_1_ &&
CharAt(CONST_0)_2_ != CharAt(CONST_2)_5_ &&
CONST_2 < Length_1_ &&
CharAt(CONST_0)_2_ != CharAt(CONST_1)_4_ &&
CONST_1 < Length_1_ &&
CharAt(CONST_0)_2_ != CharAt(CONST_0)_3_ &&
CONST_0 < Length_1_ &&
CONST_0 < Length_0_ -> true

### PCs: total:96 sat:83 unsat:13

string analysis: SPC # = 0
NPC constraint # = 15
CONST_1 < Length_0_ &&
CONST_6 >= Length_1_ &&
CharAt(CONST_0)_2_ != CharAt(CONST_5)_8_ &&
CONST_5 < Length_1_ &&
CharAt(CONST_0)_2_ != CharAt(CONST_4)_7_ &&
CONST_4 < Length_1_ &&
CharAt(CONST_0)_2_ != CharAt(CONST_3)_6_ &&
CONST_3 < Length_1_ &&
CharAt(CONST_0)_2_ != CharAt(CONST_2)_5_ &&
CONST_2 < Length_1_ &&
CharAt(CONST_0)_2_ != CharAt(CONST_1)_4_ &&
CONST_1 < Length_1_ &&
CharAt(CONST_0)_2_ != CharAt(CONST_0)_3_ &&
CONST_0 < Length_1_ &&
CONST_0 < Length_0_
$$$$$$$$$$$$$$$$$$$$$$$$$$$$$$$$
Calling Z3str3

current query... 
(declare-const text_1 String)
(declare-const delims_2 String)


(assert (< 1 (str.len text_1)))
(assert (>= 6 (str.len delims_2)))
(assert (not (= (str.at text_1 0) (str.at delims_2 5))))
(assert (< 5 (str.len delims_2)))
(assert (not (= (str.at text_1 0) (str.at delims_2 4))))
(assert (< 4 (str.len delims_2)))
(assert (not (= (str.at text_1 0) (str.at delims_2 3))))
(assert (< 3 (str.len delims_2)))
(assert (not (= (str.at text_1 0) (str.at delims_2 2))))
(assert (< 2 (str.len delims_2)))
(assert (not (= (str.at text_1 0) (str.at delims_2 1))))
(assert (< 1 (str.len delims_2)))
(assert (not (= (str.at text_1 0) (str.at delims_2 0))))
(assert (< 0 (str.len delims_2)))
(assert (< 0 (str.len text_1)))



======================
(define-fun text_1 () String
  "AH")
(define-fun delims_2 () String
  "BCDEFG")
Returned solutions: 
(define-fun text_1 () String  "AH")
(define-fun delims_2 () String  "BCDEFG")
*************************************
Satisfiable: true
text_1 => "AH"
delims_2 => "BCDEFG"
*************************************

numeric PC: constraint # = 16
CharAt(CONST_1)_13_ == CharAt(CONST_0)_3_ &&
CONST_1 < Length_0_ &&
CONST_6 >= Length_1_ &&
CharAt(CONST_0)_2_ != CharAt(CONST_5)_8_ &&
CONST_5 < Length_1_ &&
CharAt(CONST_0)_2_ != CharAt(CONST_4)_7_ &&
CONST_4 < Length_1_ &&
CharAt(CONST_0)_2_ != CharAt(CONST_3)_6_ &&
CONST_3 < Length_1_ &&
CharAt(CONST_0)_2_ != CharAt(CONST_2)_5_ &&
CONST_2 < Length_1_ &&
CharAt(CONST_0)_2_ != CharAt(CONST_1)_4_ &&
CONST_1 < Length_1_ &&
CharAt(CONST_0)_2_ != CharAt(CONST_0)_3_ &&
CONST_0 < Length_1_ &&
CONST_0 < Length_0_ -> true

### PCs: total:97 sat:84 unsat:13

string analysis: SPC # = 0
NPC constraint # = 16
CharAt(CONST_1)_13_ == CharAt(CONST_0)_3_ &&
CONST_1 < Length_0_ &&
CONST_6 >= Length_1_ &&
CharAt(CONST_0)_2_ != CharAt(CONST_5)_8_ &&
CONST_5 < Length_1_ &&
CharAt(CONST_0)_2_ != CharAt(CONST_4)_7_ &&
CONST_4 < Length_1_ &&
CharAt(CONST_0)_2_ != CharAt(CONST_3)_6_ &&
CONST_3 < Length_1_ &&
CharAt(CONST_0)_2_ != CharAt(CONST_2)_5_ &&
CONST_2 < Length_1_ &&
CharAt(CONST_0)_2_ != CharAt(CONST_1)_4_ &&
CONST_1 < Length_1_ &&
CharAt(CONST_0)_2_ != CharAt(CONST_0)_3_ &&
CONST_0 < Length_1_ &&
CONST_0 < Length_0_
$$$$$$$$$$$$$$$$$$$$$$$$$$$$$$$$
Calling Z3str3

current query... 
(declare-const text_1 String)
(declare-const delims_2 String)


(assert (= (str.at text_1 1) (str.at delims_2 0)))
(assert (< 1 (str.len text_1)))
(assert (>= 6 (str.len delims_2)))
(assert (not (= (str.at text_1 0) (str.at delims_2 5))))
(assert (< 5 (str.len delims_2)))
(assert (not (= (str.at text_1 0) (str.at delims_2 4))))
(assert (< 4 (str.len delims_2)))
(assert (not (= (str.at text_1 0) (str.at delims_2 3))))
(assert (< 3 (str.len delims_2)))
(assert (not (= (str.at text_1 0) (str.at delims_2 2))))
(assert (< 2 (str.len delims_2)))
(assert (not (= (str.at text_1 0) (str.at delims_2 1))))
(assert (< 1 (str.len delims_2)))
(assert (not (= (str.at text_1 0) (str.at delims_2 0))))
(assert (< 0 (str.len delims_2)))
(assert (< 0 (str.len text_1)))



======================
(define-fun text_1 () String
  "AB")
(define-fun delims_2 () String
  "BCDEFG")
Returned solutions: 
(define-fun text_1 () String  "AB")
(define-fun delims_2 () String  "BCDEFG")
*************************************
Satisfiable: true
text_1 => "AB"
delims_2 => "BCDEFG"
*************************************

numeric PC: constraint # = 16
CharAt(CONST_1)_13_ != CharAt(CONST_0)_3_ &&
CONST_1 < Length_0_ &&
CONST_6 >= Length_1_ &&
CharAt(CONST_0)_2_ != CharAt(CONST_5)_8_ &&
CONST_5 < Length_1_ &&
CharAt(CONST_0)_2_ != CharAt(CONST_4)_7_ &&
CONST_4 < Length_1_ &&
CharAt(CONST_0)_2_ != CharAt(CONST_3)_6_ &&
CONST_3 < Length_1_ &&
CharAt(CONST_0)_2_ != CharAt(CONST_2)_5_ &&
CONST_2 < Length_1_ &&
CharAt(CONST_0)_2_ != CharAt(CONST_1)_4_ &&
CONST_1 < Length_1_ &&
CharAt(CONST_0)_2_ != CharAt(CONST_0)_3_ &&
CONST_0 < Length_1_ &&
CONST_0 < Length_0_ -> true

### PCs: total:98 sat:85 unsat:13

string analysis: SPC # = 0
NPC constraint # = 16
CharAt(CONST_1)_13_ != CharAt(CONST_0)_3_ &&
CONST_1 < Length_0_ &&
CONST_6 >= Length_1_ &&
CharAt(CONST_0)_2_ != CharAt(CONST_5)_8_ &&
CONST_5 < Length_1_ &&
CharAt(CONST_0)_2_ != CharAt(CONST_4)_7_ &&
CONST_4 < Length_1_ &&
CharAt(CONST_0)_2_ != CharAt(CONST_3)_6_ &&
CONST_3 < Length_1_ &&
CharAt(CONST_0)_2_ != CharAt(CONST_2)_5_ &&
CONST_2 < Length_1_ &&
CharAt(CONST_0)_2_ != CharAt(CONST_1)_4_ &&
CONST_1 < Length_1_ &&
CharAt(CONST_0)_2_ != CharAt(CONST_0)_3_ &&
CONST_0 < Length_1_ &&
CONST_0 < Length_0_
$$$$$$$$$$$$$$$$$$$$$$$$$$$$$$$$
Calling Z3str3

current query... 
(declare-const text_1 String)
(declare-const delims_2 String)


(assert (not (= (str.at text_1 1) (str.at delims_2 0))))
(assert (< 1 (str.len text_1)))
(assert (>= 6 (str.len delims_2)))
(assert (not (= (str.at text_1 0) (str.at delims_2 5))))
(assert (< 5 (str.len delims_2)))
(assert (not (= (str.at text_1 0) (str.at delims_2 4))))
(assert (< 4 (str.len delims_2)))
(assert (not (= (str.at text_1 0) (str.at delims_2 3))))
(assert (< 3 (str.len delims_2)))
(assert (not (= (str.at text_1 0) (str.at delims_2 2))))
(assert (< 2 (str.len delims_2)))
(assert (not (= (str.at text_1 0) (str.at delims_2 1))))
(assert (< 1 (str.len delims_2)))
(assert (not (= (str.at text_1 0) (str.at delims_2 0))))
(assert (< 0 (str.len delims_2)))
(assert (< 0 (str.len text_1)))



======================
(define-fun text_1 () String
  "AB")
(define-fun delims_2 () String
  "CDEFGH")
Returned solutions: 
(define-fun text_1 () String  "AB")
(define-fun delims_2 () String  "CDEFGH")
*************************************
Satisfiable: true
text_1 => "AB"
delims_2 => "CDEFGH"
*************************************

numeric PC: constraint # = 17
CONST_1 >= Length_1_ &&
CharAt(CONST_1)_13_ != CharAt(CONST_0)_3_ &&
CONST_1 < Length_0_ &&
CONST_6 >= Length_1_ &&
CharAt(CONST_0)_2_ != CharAt(CONST_5)_8_ &&
CONST_5 < Length_1_ &&
CharAt(CONST_0)_2_ != CharAt(CONST_4)_7_ &&
CONST_4 < Length_1_ &&
CharAt(CONST_0)_2_ != CharAt(CONST_3)_6_ &&
CONST_3 < Length_1_ &&
CharAt(CONST_0)_2_ != CharAt(CONST_2)_5_ &&
CONST_2 < Length_1_ &&
CharAt(CONST_0)_2_ != CharAt(CONST_1)_4_ &&
CONST_1 < Length_1_ &&
CharAt(CONST_0)_2_ != CharAt(CONST_0)_3_ &&
CONST_0 < Length_1_ &&
CONST_0 < Length_0_ -> false

### PCs: total:99 sat:85 unsat:14

numeric PC: constraint # = 16
CharAt(CONST_1)_13_ != CharAt(CONST_0)_3_ &&
CONST_1 < Length_0_ &&
CONST_6 >= Length_1_ &&
CharAt(CONST_0)_2_ != CharAt(CONST_5)_8_ &&
CONST_5 < Length_1_ &&
CharAt(CONST_0)_2_ != CharAt(CONST_4)_7_ &&
CONST_4 < Length_1_ &&
CharAt(CONST_0)_2_ != CharAt(CONST_3)_6_ &&
CONST_3 < Length_1_ &&
CharAt(CONST_0)_2_ != CharAt(CONST_2)_5_ &&
CONST_2 < Length_1_ &&
CharAt(CONST_0)_2_ != CharAt(CONST_1)_4_ &&
CONST_1 < Length_1_ &&
CharAt(CONST_0)_2_ != CharAt(CONST_0)_3_ &&
CONST_0 < Length_1_ &&
CONST_0 < Length_0_ -> true

### PCs: total:100 sat:86 unsat:14

string analysis: SPC # = 0
NPC constraint # = 16
CharAt(CONST_1)_13_ != CharAt(CONST_0)_3_ &&
CONST_1 < Length_0_ &&
CONST_6 >= Length_1_ &&
CharAt(CONST_0)_2_ != CharAt(CONST_5)_8_ &&
CONST_5 < Length_1_ &&
CharAt(CONST_0)_2_ != CharAt(CONST_4)_7_ &&
CONST_4 < Length_1_ &&
CharAt(CONST_0)_2_ != CharAt(CONST_3)_6_ &&
CONST_3 < Length_1_ &&
CharAt(CONST_0)_2_ != CharAt(CONST_2)_5_ &&
CONST_2 < Length_1_ &&
CharAt(CONST_0)_2_ != CharAt(CONST_1)_4_ &&
CONST_1 < Length_1_ &&
CharAt(CONST_0)_2_ != CharAt(CONST_0)_3_ &&
CONST_0 < Length_1_ &&
CONST_0 < Length_0_
$$$$$$$$$$$$$$$$$$$$$$$$$$$$$$$$
Calling Z3str3

current query... 
(declare-const text_1 String)
(declare-const delims_2 String)


(assert (not (= (str.at text_1 1) (str.at delims_2 0))))
(assert (< 1 (str.len text_1)))
(assert (>= 6 (str.len delims_2)))
(assert (not (= (str.at text_1 0) (str.at delims_2 5))))
(assert (< 5 (str.len delims_2)))
(assert (not (= (str.at text_1 0) (str.at delims_2 4))))
(assert (< 4 (str.len delims_2)))
(assert (not (= (str.at text_1 0) (str.at delims_2 3))))
(assert (< 3 (str.len delims_2)))
(assert (not (= (str.at text_1 0) (str.at delims_2 2))))
(assert (< 2 (str.len delims_2)))
(assert (not (= (str.at text_1 0) (str.at delims_2 1))))
(assert (< 1 (str.len delims_2)))
(assert (not (= (str.at text_1 0) (str.at delims_2 0))))
(assert (< 0 (str.len delims_2)))
(assert (< 0 (str.len text_1)))



======================
(define-fun text_1 () String
  "AB")
(define-fun delims_2 () String
  "CDEFGH")
Returned solutions: 
(define-fun text_1 () String  "AB")
(define-fun delims_2 () String  "CDEFGH")
*************************************
Satisfiable: true
text_1 => "AB"
delims_2 => "CDEFGH"
*************************************

numeric PC: constraint # = 17
CharAt(CONST_1)_13_ == CharAt(CONST_1)_4_ &&
CharAt(CONST_1)_13_ != CharAt(CONST_0)_3_ &&
CONST_1 < Length_0_ &&
CONST_6 >= Length_1_ &&
CharAt(CONST_0)_2_ != CharAt(CONST_5)_8_ &&
CONST_5 < Length_1_ &&
CharAt(CONST_0)_2_ != CharAt(CONST_4)_7_ &&
CONST_4 < Length_1_ &&
CharAt(CONST_0)_2_ != CharAt(CONST_3)_6_ &&
CONST_3 < Length_1_ &&
CharAt(CONST_0)_2_ != CharAt(CONST_2)_5_ &&
CONST_2 < Length_1_ &&
CharAt(CONST_0)_2_ != CharAt(CONST_1)_4_ &&
CONST_1 < Length_1_ &&
CharAt(CONST_0)_2_ != CharAt(CONST_0)_3_ &&
CONST_0 < Length_1_ &&
CONST_0 < Length_0_ -> true

### PCs: total:101 sat:87 unsat:14

string analysis: SPC # = 0
NPC constraint # = 17
CharAt(CONST_1)_13_ == CharAt(CONST_1)_4_ &&
CharAt(CONST_1)_13_ != CharAt(CONST_0)_3_ &&
CONST_1 < Length_0_ &&
CONST_6 >= Length_1_ &&
CharAt(CONST_0)_2_ != CharAt(CONST_5)_8_ &&
CONST_5 < Length_1_ &&
CharAt(CONST_0)_2_ != CharAt(CONST_4)_7_ &&
CONST_4 < Length_1_ &&
CharAt(CONST_0)_2_ != CharAt(CONST_3)_6_ &&
CONST_3 < Length_1_ &&
CharAt(CONST_0)_2_ != CharAt(CONST_2)_5_ &&
CONST_2 < Length_1_ &&
CharAt(CONST_0)_2_ != CharAt(CONST_1)_4_ &&
CONST_1 < Length_1_ &&
CharAt(CONST_0)_2_ != CharAt(CONST_0)_3_ &&
CONST_0 < Length_1_ &&
CONST_0 < Length_0_
$$$$$$$$$$$$$$$$$$$$$$$$$$$$$$$$
Calling Z3str3

current query... 
(declare-const text_1 String)
(declare-const delims_2 String)


(assert (= (str.at text_1 1) (str.at delims_2 1)))
(assert (not (= (str.at text_1 1) (str.at delims_2 0))))
(assert (< 1 (str.len text_1)))
(assert (>= 6 (str.len delims_2)))
(assert (not (= (str.at text_1 0) (str.at delims_2 5))))
(assert (< 5 (str.len delims_2)))
(assert (not (= (str.at text_1 0) (str.at delims_2 4))))
(assert (< 4 (str.len delims_2)))
(assert (not (= (str.at text_1 0) (str.at delims_2 3))))
(assert (< 3 (str.len delims_2)))
(assert (not (= (str.at text_1 0) (str.at delims_2 2))))
(assert (< 2 (str.len delims_2)))
(assert (not (= (str.at text_1 0) (str.at delims_2 1))))
(assert (< 1 (str.len delims_2)))
(assert (not (= (str.at text_1 0) (str.at delims_2 0))))
(assert (< 0 (str.len delims_2)))
(assert (< 0 (str.len text_1)))



======================
(define-fun text_1 () String
  "AB")
(define-fun delims_2 () String
  "CBDEFG")
Returned solutions: 
(define-fun text_1 () String  "AB")
(define-fun delims_2 () String  "CBDEFG")
*************************************
Satisfiable: true
text_1 => "AB"
delims_2 => "CBDEFG"
*************************************

numeric PC: constraint # = 17
CharAt(CONST_1)_13_ != CharAt(CONST_1)_4_ &&
CharAt(CONST_1)_13_ != CharAt(CONST_0)_3_ &&
CONST_1 < Length_0_ &&
CONST_6 >= Length_1_ &&
CharAt(CONST_0)_2_ != CharAt(CONST_5)_8_ &&
CONST_5 < Length_1_ &&
CharAt(CONST_0)_2_ != CharAt(CONST_4)_7_ &&
CONST_4 < Length_1_ &&
CharAt(CONST_0)_2_ != CharAt(CONST_3)_6_ &&
CONST_3 < Length_1_ &&
CharAt(CONST_0)_2_ != CharAt(CONST_2)_5_ &&
CONST_2 < Length_1_ &&
CharAt(CONST_0)_2_ != CharAt(CONST_1)_4_ &&
CONST_1 < Length_1_ &&
CharAt(CONST_0)_2_ != CharAt(CONST_0)_3_ &&
CONST_0 < Length_1_ &&
CONST_0 < Length_0_ -> true

### PCs: total:102 sat:88 unsat:14

string analysis: SPC # = 0
NPC constraint # = 17
CharAt(CONST_1)_13_ != CharAt(CONST_1)_4_ &&
CharAt(CONST_1)_13_ != CharAt(CONST_0)_3_ &&
CONST_1 < Length_0_ &&
CONST_6 >= Length_1_ &&
CharAt(CONST_0)_2_ != CharAt(CONST_5)_8_ &&
CONST_5 < Length_1_ &&
CharAt(CONST_0)_2_ != CharAt(CONST_4)_7_ &&
CONST_4 < Length_1_ &&
CharAt(CONST_0)_2_ != CharAt(CONST_3)_6_ &&
CONST_3 < Length_1_ &&
CharAt(CONST_0)_2_ != CharAt(CONST_2)_5_ &&
CONST_2 < Length_1_ &&
CharAt(CONST_0)_2_ != CharAt(CONST_1)_4_ &&
CONST_1 < Length_1_ &&
CharAt(CONST_0)_2_ != CharAt(CONST_0)_3_ &&
CONST_0 < Length_1_ &&
CONST_0 < Length_0_
$$$$$$$$$$$$$$$$$$$$$$$$$$$$$$$$
Calling Z3str3

current query... 
(declare-const text_1 String)
(declare-const delims_2 String)


(assert (not (= (str.at text_1 1) (str.at delims_2 1))))
(assert (not (= (str.at text_1 1) (str.at delims_2 0))))
(assert (< 1 (str.len text_1)))
(assert (>= 6 (str.len delims_2)))
(assert (not (= (str.at text_1 0) (str.at delims_2 5))))
(assert (< 5 (str.len delims_2)))
(assert (not (= (str.at text_1 0) (str.at delims_2 4))))
(assert (< 4 (str.len delims_2)))
(assert (not (= (str.at text_1 0) (str.at delims_2 3))))
(assert (< 3 (str.len delims_2)))
(assert (not (= (str.at text_1 0) (str.at delims_2 2))))
(assert (< 2 (str.len delims_2)))
(assert (not (= (str.at text_1 0) (str.at delims_2 1))))
(assert (< 1 (str.len delims_2)))
(assert (not (= (str.at text_1 0) (str.at delims_2 0))))
(assert (< 0 (str.len delims_2)))
(assert (< 0 (str.len text_1)))



======================
(define-fun text_1 () String
  "AB")
(define-fun delims_2 () String
  "CDEFGH")
Returned solutions: 
(define-fun text_1 () String  "AB")
(define-fun delims_2 () String  "CDEFGH")
*************************************
Satisfiable: true
text_1 => "AB"
delims_2 => "CDEFGH"
*************************************

numeric PC: constraint # = 18
CONST_2 >= Length_1_ &&
CharAt(CONST_1)_13_ != CharAt(CONST_1)_4_ &&
CharAt(CONST_1)_13_ != CharAt(CONST_0)_3_ &&
CONST_1 < Length_0_ &&
CONST_6 >= Length_1_ &&
CharAt(CONST_0)_2_ != CharAt(CONST_5)_8_ &&
CONST_5 < Length_1_ &&
CharAt(CONST_0)_2_ != CharAt(CONST_4)_7_ &&
CONST_4 < Length_1_ &&
CharAt(CONST_0)_2_ != CharAt(CONST_3)_6_ &&
CONST_3 < Length_1_ &&
CharAt(CONST_0)_2_ != CharAt(CONST_2)_5_ &&
CONST_2 < Length_1_ &&
CharAt(CONST_0)_2_ != CharAt(CONST_1)_4_ &&
CONST_1 < Length_1_ &&
CharAt(CONST_0)_2_ != CharAt(CONST_0)_3_ &&
CONST_0 < Length_1_ &&
CONST_0 < Length_0_ -> false

### PCs: total:103 sat:88 unsat:15

numeric PC: constraint # = 17
CharAt(CONST_1)_13_ != CharAt(CONST_1)_4_ &&
CharAt(CONST_1)_13_ != CharAt(CONST_0)_3_ &&
CONST_1 < Length_0_ &&
CONST_6 >= Length_1_ &&
CharAt(CONST_0)_2_ != CharAt(CONST_5)_8_ &&
CONST_5 < Length_1_ &&
CharAt(CONST_0)_2_ != CharAt(CONST_4)_7_ &&
CONST_4 < Length_1_ &&
CharAt(CONST_0)_2_ != CharAt(CONST_3)_6_ &&
CONST_3 < Length_1_ &&
CharAt(CONST_0)_2_ != CharAt(CONST_2)_5_ &&
CONST_2 < Length_1_ &&
CharAt(CONST_0)_2_ != CharAt(CONST_1)_4_ &&
CONST_1 < Length_1_ &&
CharAt(CONST_0)_2_ != CharAt(CONST_0)_3_ &&
CONST_0 < Length_1_ &&
CONST_0 < Length_0_ -> true

### PCs: total:104 sat:89 unsat:15

string analysis: SPC # = 0
NPC constraint # = 17
CharAt(CONST_1)_13_ != CharAt(CONST_1)_4_ &&
CharAt(CONST_1)_13_ != CharAt(CONST_0)_3_ &&
CONST_1 < Length_0_ &&
CONST_6 >= Length_1_ &&
CharAt(CONST_0)_2_ != CharAt(CONST_5)_8_ &&
CONST_5 < Length_1_ &&
CharAt(CONST_0)_2_ != CharAt(CONST_4)_7_ &&
CONST_4 < Length_1_ &&
CharAt(CONST_0)_2_ != CharAt(CONST_3)_6_ &&
CONST_3 < Length_1_ &&
CharAt(CONST_0)_2_ != CharAt(CONST_2)_5_ &&
CONST_2 < Length_1_ &&
CharAt(CONST_0)_2_ != CharAt(CONST_1)_4_ &&
CONST_1 < Length_1_ &&
CharAt(CONST_0)_2_ != CharAt(CONST_0)_3_ &&
CONST_0 < Length_1_ &&
CONST_0 < Length_0_
$$$$$$$$$$$$$$$$$$$$$$$$$$$$$$$$
Calling Z3str3

current query... 
(declare-const text_1 String)
(declare-const delims_2 String)


(assert (not (= (str.at text_1 1) (str.at delims_2 1))))
(assert (not (= (str.at text_1 1) (str.at delims_2 0))))
(assert (< 1 (str.len text_1)))
(assert (>= 6 (str.len delims_2)))
(assert (not (= (str.at text_1 0) (str.at delims_2 5))))
(assert (< 5 (str.len delims_2)))
(assert (not (= (str.at text_1 0) (str.at delims_2 4))))
(assert (< 4 (str.len delims_2)))
(assert (not (= (str.at text_1 0) (str.at delims_2 3))))
(assert (< 3 (str.len delims_2)))
(assert (not (= (str.at text_1 0) (str.at delims_2 2))))
(assert (< 2 (str.len delims_2)))
(assert (not (= (str.at text_1 0) (str.at delims_2 1))))
(assert (< 1 (str.len delims_2)))
(assert (not (= (str.at text_1 0) (str.at delims_2 0))))
(assert (< 0 (str.len delims_2)))
(assert (< 0 (str.len text_1)))



======================
(define-fun text_1 () String
  "AB")
(define-fun delims_2 () String
  "CDEFGH")
Returned solutions: 
(define-fun text_1 () String  "AB")
(define-fun delims_2 () String  "CDEFGH")
*************************************
Satisfiable: true
text_1 => "AB"
delims_2 => "CDEFGH"
*************************************

numeric PC: constraint # = 18
CharAt(CONST_1)_13_ == CharAt(CONST_2)_5_ &&
CharAt(CONST_1)_13_ != CharAt(CONST_1)_4_ &&
CharAt(CONST_1)_13_ != CharAt(CONST_0)_3_ &&
CONST_1 < Length_0_ &&
CONST_6 >= Length_1_ &&
CharAt(CONST_0)_2_ != CharAt(CONST_5)_8_ &&
CONST_5 < Length_1_ &&
CharAt(CONST_0)_2_ != CharAt(CONST_4)_7_ &&
CONST_4 < Length_1_ &&
CharAt(CONST_0)_2_ != CharAt(CONST_3)_6_ &&
CONST_3 < Length_1_ &&
CharAt(CONST_0)_2_ != CharAt(CONST_2)_5_ &&
CONST_2 < Length_1_ &&
CharAt(CONST_0)_2_ != CharAt(CONST_1)_4_ &&
CONST_1 < Length_1_ &&
CharAt(CONST_0)_2_ != CharAt(CONST_0)_3_ &&
CONST_0 < Length_1_ &&
CONST_0 < Length_0_ -> true

### PCs: total:105 sat:90 unsat:15

string analysis: SPC # = 0
NPC constraint # = 18
CharAt(CONST_1)_13_ == CharAt(CONST_2)_5_ &&
CharAt(CONST_1)_13_ != CharAt(CONST_1)_4_ &&
CharAt(CONST_1)_13_ != CharAt(CONST_0)_3_ &&
CONST_1 < Length_0_ &&
CONST_6 >= Length_1_ &&
CharAt(CONST_0)_2_ != CharAt(CONST_5)_8_ &&
CONST_5 < Length_1_ &&
CharAt(CONST_0)_2_ != CharAt(CONST_4)_7_ &&
CONST_4 < Length_1_ &&
CharAt(CONST_0)_2_ != CharAt(CONST_3)_6_ &&
CONST_3 < Length_1_ &&
CharAt(CONST_0)_2_ != CharAt(CONST_2)_5_ &&
CONST_2 < Length_1_ &&
CharAt(CONST_0)_2_ != CharAt(CONST_1)_4_ &&
CONST_1 < Length_1_ &&
CharAt(CONST_0)_2_ != CharAt(CONST_0)_3_ &&
CONST_0 < Length_1_ &&
CONST_0 < Length_0_
$$$$$$$$$$$$$$$$$$$$$$$$$$$$$$$$
Calling Z3str3

current query... 
(declare-const text_1 String)
(declare-const delims_2 String)


(assert (= (str.at text_1 1) (str.at delims_2 2)))
(assert (not (= (str.at text_1 1) (str.at delims_2 1))))
(assert (not (= (str.at text_1 1) (str.at delims_2 0))))
(assert (< 1 (str.len text_1)))
(assert (>= 6 (str.len delims_2)))
(assert (not (= (str.at text_1 0) (str.at delims_2 5))))
(assert (< 5 (str.len delims_2)))
(assert (not (= (str.at text_1 0) (str.at delims_2 4))))
(assert (< 4 (str.len delims_2)))
(assert (not (= (str.at text_1 0) (str.at delims_2 3))))
(assert (< 3 (str.len delims_2)))
(assert (not (= (str.at text_1 0) (str.at delims_2 2))))
(assert (< 2 (str.len delims_2)))
(assert (not (= (str.at text_1 0) (str.at delims_2 1))))
(assert (< 1 (str.len delims_2)))
(assert (not (= (str.at text_1 0) (str.at delims_2 0))))
(assert (< 0 (str.len delims_2)))
(assert (< 0 (str.len text_1)))



======================
(define-fun text_1 () String
  "AB")
(define-fun delims_2 () String
  "CDBEFG")
Returned solutions: 
(define-fun text_1 () String  "AB")
(define-fun delims_2 () String  "CDBEFG")
*************************************
Satisfiable: true
text_1 => "AB"
delims_2 => "CDBEFG"
*************************************

numeric PC: constraint # = 18
CharAt(CONST_1)_13_ != CharAt(CONST_2)_5_ &&
CharAt(CONST_1)_13_ != CharAt(CONST_1)_4_ &&
CharAt(CONST_1)_13_ != CharAt(CONST_0)_3_ &&
CONST_1 < Length_0_ &&
CONST_6 >= Length_1_ &&
CharAt(CONST_0)_2_ != CharAt(CONST_5)_8_ &&
CONST_5 < Length_1_ &&
CharAt(CONST_0)_2_ != CharAt(CONST_4)_7_ &&
CONST_4 < Length_1_ &&
CharAt(CONST_0)_2_ != CharAt(CONST_3)_6_ &&
CONST_3 < Length_1_ &&
CharAt(CONST_0)_2_ != CharAt(CONST_2)_5_ &&
CONST_2 < Length_1_ &&
CharAt(CONST_0)_2_ != CharAt(CONST_1)_4_ &&
CONST_1 < Length_1_ &&
CharAt(CONST_0)_2_ != CharAt(CONST_0)_3_ &&
CONST_0 < Length_1_ &&
CONST_0 < Length_0_ -> true

### PCs: total:106 sat:91 unsat:15

string analysis: SPC # = 0
NPC constraint # = 18
CharAt(CONST_1)_13_ != CharAt(CONST_2)_5_ &&
CharAt(CONST_1)_13_ != CharAt(CONST_1)_4_ &&
CharAt(CONST_1)_13_ != CharAt(CONST_0)_3_ &&
CONST_1 < Length_0_ &&
CONST_6 >= Length_1_ &&
CharAt(CONST_0)_2_ != CharAt(CONST_5)_8_ &&
CONST_5 < Length_1_ &&
CharAt(CONST_0)_2_ != CharAt(CONST_4)_7_ &&
CONST_4 < Length_1_ &&
CharAt(CONST_0)_2_ != CharAt(CONST_3)_6_ &&
CONST_3 < Length_1_ &&
CharAt(CONST_0)_2_ != CharAt(CONST_2)_5_ &&
CONST_2 < Length_1_ &&
CharAt(CONST_0)_2_ != CharAt(CONST_1)_4_ &&
CONST_1 < Length_1_ &&
CharAt(CONST_0)_2_ != CharAt(CONST_0)_3_ &&
CONST_0 < Length_1_ &&
CONST_0 < Length_0_
$$$$$$$$$$$$$$$$$$$$$$$$$$$$$$$$
Calling Z3str3

current query... 
(declare-const text_1 String)
(declare-const delims_2 String)


(assert (not (= (str.at text_1 1) (str.at delims_2 2))))
(assert (not (= (str.at text_1 1) (str.at delims_2 1))))
(assert (not (= (str.at text_1 1) (str.at delims_2 0))))
(assert (< 1 (str.len text_1)))
(assert (>= 6 (str.len delims_2)))
(assert (not (= (str.at text_1 0) (str.at delims_2 5))))
(assert (< 5 (str.len delims_2)))
(assert (not (= (str.at text_1 0) (str.at delims_2 4))))
(assert (< 4 (str.len delims_2)))
(assert (not (= (str.at text_1 0) (str.at delims_2 3))))
(assert (< 3 (str.len delims_2)))
(assert (not (= (str.at text_1 0) (str.at delims_2 2))))
(assert (< 2 (str.len delims_2)))
(assert (not (= (str.at text_1 0) (str.at delims_2 1))))
(assert (< 1 (str.len delims_2)))
(assert (not (= (str.at text_1 0) (str.at delims_2 0))))
(assert (< 0 (str.len delims_2)))
(assert (< 0 (str.len text_1)))



======================
(define-fun text_1 () String
  "AB")
(define-fun delims_2 () String
  "CDEFGH")
Returned solutions: 
(define-fun text_1 () String  "AB")
(define-fun delims_2 () String  "CDEFGH")
*************************************
Satisfiable: true
text_1 => "AB"
delims_2 => "CDEFGH"
*************************************

numeric PC: constraint # = 19
CONST_3 >= Length_1_ &&
CharAt(CONST_1)_13_ != CharAt(CONST_2)_5_ &&
CharAt(CONST_1)_13_ != CharAt(CONST_1)_4_ &&
CharAt(CONST_1)_13_ != CharAt(CONST_0)_3_ &&
CONST_1 < Length_0_ &&
CONST_6 >= Length_1_ &&
CharAt(CONST_0)_2_ != CharAt(CONST_5)_8_ &&
CONST_5 < Length_1_ &&
CharAt(CONST_0)_2_ != CharAt(CONST_4)_7_ &&
CONST_4 < Length_1_ &&
CharAt(CONST_0)_2_ != CharAt(CONST_3)_6_ &&
CONST_3 < Length_1_ &&
CharAt(CONST_0)_2_ != CharAt(CONST_2)_5_ &&
CONST_2 < Length_1_ &&
CharAt(CONST_0)_2_ != CharAt(CONST_1)_4_ &&
CONST_1 < Length_1_ &&
CharAt(CONST_0)_2_ != CharAt(CONST_0)_3_ &&
CONST_0 < Length_1_ &&
CONST_0 < Length_0_ -> false

### PCs: total:107 sat:91 unsat:16

numeric PC: constraint # = 18
CharAt(CONST_1)_13_ != CharAt(CONST_2)_5_ &&
CharAt(CONST_1)_13_ != CharAt(CONST_1)_4_ &&
CharAt(CONST_1)_13_ != CharAt(CONST_0)_3_ &&
CONST_1 < Length_0_ &&
CONST_6 >= Length_1_ &&
CharAt(CONST_0)_2_ != CharAt(CONST_5)_8_ &&
CONST_5 < Length_1_ &&
CharAt(CONST_0)_2_ != CharAt(CONST_4)_7_ &&
CONST_4 < Length_1_ &&
CharAt(CONST_0)_2_ != CharAt(CONST_3)_6_ &&
CONST_3 < Length_1_ &&
CharAt(CONST_0)_2_ != CharAt(CONST_2)_5_ &&
CONST_2 < Length_1_ &&
CharAt(CONST_0)_2_ != CharAt(CONST_1)_4_ &&
CONST_1 < Length_1_ &&
CharAt(CONST_0)_2_ != CharAt(CONST_0)_3_ &&
CONST_0 < Length_1_ &&
CONST_0 < Length_0_ -> true

### PCs: total:108 sat:92 unsat:16

string analysis: SPC # = 0
NPC constraint # = 18
CharAt(CONST_1)_13_ != CharAt(CONST_2)_5_ &&
CharAt(CONST_1)_13_ != CharAt(CONST_1)_4_ &&
CharAt(CONST_1)_13_ != CharAt(CONST_0)_3_ &&
CONST_1 < Length_0_ &&
CONST_6 >= Length_1_ &&
CharAt(CONST_0)_2_ != CharAt(CONST_5)_8_ &&
CONST_5 < Length_1_ &&
CharAt(CONST_0)_2_ != CharAt(CONST_4)_7_ &&
CONST_4 < Length_1_ &&
CharAt(CONST_0)_2_ != CharAt(CONST_3)_6_ &&
CONST_3 < Length_1_ &&
CharAt(CONST_0)_2_ != CharAt(CONST_2)_5_ &&
CONST_2 < Length_1_ &&
CharAt(CONST_0)_2_ != CharAt(CONST_1)_4_ &&
CONST_1 < Length_1_ &&
CharAt(CONST_0)_2_ != CharAt(CONST_0)_3_ &&
CONST_0 < Length_1_ &&
CONST_0 < Length_0_
$$$$$$$$$$$$$$$$$$$$$$$$$$$$$$$$
Calling Z3str3

current query... 
(declare-const text_1 String)
(declare-const delims_2 String)


(assert (not (= (str.at text_1 1) (str.at delims_2 2))))
(assert (not (= (str.at text_1 1) (str.at delims_2 1))))
(assert (not (= (str.at text_1 1) (str.at delims_2 0))))
(assert (< 1 (str.len text_1)))
(assert (>= 6 (str.len delims_2)))
(assert (not (= (str.at text_1 0) (str.at delims_2 5))))
(assert (< 5 (str.len delims_2)))
(assert (not (= (str.at text_1 0) (str.at delims_2 4))))
(assert (< 4 (str.len delims_2)))
(assert (not (= (str.at text_1 0) (str.at delims_2 3))))
(assert (< 3 (str.len delims_2)))
(assert (not (= (str.at text_1 0) (str.at delims_2 2))))
(assert (< 2 (str.len delims_2)))
(assert (not (= (str.at text_1 0) (str.at delims_2 1))))
(assert (< 1 (str.len delims_2)))
(assert (not (= (str.at text_1 0) (str.at delims_2 0))))
(assert (< 0 (str.len delims_2)))
(assert (< 0 (str.len text_1)))



======================
(define-fun text_1 () String
  "AB")
(define-fun delims_2 () String
  "CDEFGH")
Returned solutions: 
(define-fun text_1 () String  "AB")
(define-fun delims_2 () String  "CDEFGH")
*************************************
Satisfiable: true
text_1 => "AB"
delims_2 => "CDEFGH"
*************************************

numeric PC: constraint # = 19
CharAt(CONST_1)_13_ == CharAt(CONST_3)_6_ &&
CharAt(CONST_1)_13_ != CharAt(CONST_2)_5_ &&
CharAt(CONST_1)_13_ != CharAt(CONST_1)_4_ &&
CharAt(CONST_1)_13_ != CharAt(CONST_0)_3_ &&
CONST_1 < Length_0_ &&
CONST_6 >= Length_1_ &&
CharAt(CONST_0)_2_ != CharAt(CONST_5)_8_ &&
CONST_5 < Length_1_ &&
CharAt(CONST_0)_2_ != CharAt(CONST_4)_7_ &&
CONST_4 < Length_1_ &&
CharAt(CONST_0)_2_ != CharAt(CONST_3)_6_ &&
CONST_3 < Length_1_ &&
CharAt(CONST_0)_2_ != CharAt(CONST_2)_5_ &&
CONST_2 < Length_1_ &&
CharAt(CONST_0)_2_ != CharAt(CONST_1)_4_ &&
CONST_1 < Length_1_ &&
CharAt(CONST_0)_2_ != CharAt(CONST_0)_3_ &&
CONST_0 < Length_1_ &&
CONST_0 < Length_0_ -> true

### PCs: total:109 sat:93 unsat:16

string analysis: SPC # = 0
NPC constraint # = 19
CharAt(CONST_1)_13_ == CharAt(CONST_3)_6_ &&
CharAt(CONST_1)_13_ != CharAt(CONST_2)_5_ &&
CharAt(CONST_1)_13_ != CharAt(CONST_1)_4_ &&
CharAt(CONST_1)_13_ != CharAt(CONST_0)_3_ &&
CONST_1 < Length_0_ &&
CONST_6 >= Length_1_ &&
CharAt(CONST_0)_2_ != CharAt(CONST_5)_8_ &&
CONST_5 < Length_1_ &&
CharAt(CONST_0)_2_ != CharAt(CONST_4)_7_ &&
CONST_4 < Length_1_ &&
CharAt(CONST_0)_2_ != CharAt(CONST_3)_6_ &&
CONST_3 < Length_1_ &&
CharAt(CONST_0)_2_ != CharAt(CONST_2)_5_ &&
CONST_2 < Length_1_ &&
CharAt(CONST_0)_2_ != CharAt(CONST_1)_4_ &&
CONST_1 < Length_1_ &&
CharAt(CONST_0)_2_ != CharAt(CONST_0)_3_ &&
CONST_0 < Length_1_ &&
CONST_0 < Length_0_
$$$$$$$$$$$$$$$$$$$$$$$$$$$$$$$$
Calling Z3str3

current query... 
(declare-const text_1 String)
(declare-const delims_2 String)


(assert (= (str.at text_1 1) (str.at delims_2 3)))
(assert (not (= (str.at text_1 1) (str.at delims_2 2))))
(assert (not (= (str.at text_1 1) (str.at delims_2 1))))
(assert (not (= (str.at text_1 1) (str.at delims_2 0))))
(assert (< 1 (str.len text_1)))
(assert (>= 6 (str.len delims_2)))
(assert (not (= (str.at text_1 0) (str.at delims_2 5))))
(assert (< 5 (str.len delims_2)))
(assert (not (= (str.at text_1 0) (str.at delims_2 4))))
(assert (< 4 (str.len delims_2)))
(assert (not (= (str.at text_1 0) (str.at delims_2 3))))
(assert (< 3 (str.len delims_2)))
(assert (not (= (str.at text_1 0) (str.at delims_2 2))))
(assert (< 2 (str.len delims_2)))
(assert (not (= (str.at text_1 0) (str.at delims_2 1))))
(assert (< 1 (str.len delims_2)))
(assert (not (= (str.at text_1 0) (str.at delims_2 0))))
(assert (< 0 (str.len delims_2)))
(assert (< 0 (str.len text_1)))



======================
(define-fun text_1 () String
  "AB")
(define-fun delims_2 () String
  "CDEBFG")
Returned solutions: 
(define-fun text_1 () String  "AB")
(define-fun delims_2 () String  "CDEBFG")
*************************************
Satisfiable: true
text_1 => "AB"
delims_2 => "CDEBFG"
*************************************

numeric PC: constraint # = 19
CharAt(CONST_1)_13_ != CharAt(CONST_3)_6_ &&
CharAt(CONST_1)_13_ != CharAt(CONST_2)_5_ &&
CharAt(CONST_1)_13_ != CharAt(CONST_1)_4_ &&
CharAt(CONST_1)_13_ != CharAt(CONST_0)_3_ &&
CONST_1 < Length_0_ &&
CONST_6 >= Length_1_ &&
CharAt(CONST_0)_2_ != CharAt(CONST_5)_8_ &&
CONST_5 < Length_1_ &&
CharAt(CONST_0)_2_ != CharAt(CONST_4)_7_ &&
CONST_4 < Length_1_ &&
CharAt(CONST_0)_2_ != CharAt(CONST_3)_6_ &&
CONST_3 < Length_1_ &&
CharAt(CONST_0)_2_ != CharAt(CONST_2)_5_ &&
CONST_2 < Length_1_ &&
CharAt(CONST_0)_2_ != CharAt(CONST_1)_4_ &&
CONST_1 < Length_1_ &&
CharAt(CONST_0)_2_ != CharAt(CONST_0)_3_ &&
CONST_0 < Length_1_ &&
CONST_0 < Length_0_ -> true

### PCs: total:110 sat:94 unsat:16

string analysis: SPC # = 0
NPC constraint # = 19
CharAt(CONST_1)_13_ != CharAt(CONST_3)_6_ &&
CharAt(CONST_1)_13_ != CharAt(CONST_2)_5_ &&
CharAt(CONST_1)_13_ != CharAt(CONST_1)_4_ &&
CharAt(CONST_1)_13_ != CharAt(CONST_0)_3_ &&
CONST_1 < Length_0_ &&
CONST_6 >= Length_1_ &&
CharAt(CONST_0)_2_ != CharAt(CONST_5)_8_ &&
CONST_5 < Length_1_ &&
CharAt(CONST_0)_2_ != CharAt(CONST_4)_7_ &&
CONST_4 < Length_1_ &&
CharAt(CONST_0)_2_ != CharAt(CONST_3)_6_ &&
CONST_3 < Length_1_ &&
CharAt(CONST_0)_2_ != CharAt(CONST_2)_5_ &&
CONST_2 < Length_1_ &&
CharAt(CONST_0)_2_ != CharAt(CONST_1)_4_ &&
CONST_1 < Length_1_ &&
CharAt(CONST_0)_2_ != CharAt(CONST_0)_3_ &&
CONST_0 < Length_1_ &&
CONST_0 < Length_0_
$$$$$$$$$$$$$$$$$$$$$$$$$$$$$$$$
Calling Z3str3

current query... 
(declare-const text_1 String)
(declare-const delims_2 String)


(assert (not (= (str.at text_1 1) (str.at delims_2 3))))
(assert (not (= (str.at text_1 1) (str.at delims_2 2))))
(assert (not (= (str.at text_1 1) (str.at delims_2 1))))
(assert (not (= (str.at text_1 1) (str.at delims_2 0))))
(assert (< 1 (str.len text_1)))
(assert (>= 6 (str.len delims_2)))
(assert (not (= (str.at text_1 0) (str.at delims_2 5))))
(assert (< 5 (str.len delims_2)))
(assert (not (= (str.at text_1 0) (str.at delims_2 4))))
(assert (< 4 (str.len delims_2)))
(assert (not (= (str.at text_1 0) (str.at delims_2 3))))
(assert (< 3 (str.len delims_2)))
(assert (not (= (str.at text_1 0) (str.at delims_2 2))))
(assert (< 2 (str.len delims_2)))
(assert (not (= (str.at text_1 0) (str.at delims_2 1))))
(assert (< 1 (str.len delims_2)))
(assert (not (= (str.at text_1 0) (str.at delims_2 0))))
(assert (< 0 (str.len delims_2)))
(assert (< 0 (str.len text_1)))



======================
(define-fun text_1 () String
  "AB")
(define-fun delims_2 () String
  "CDEFGH")
Returned solutions: 
(define-fun text_1 () String  "AB")
(define-fun delims_2 () String  "CDEFGH")
*************************************
Satisfiable: true
text_1 => "AB"
delims_2 => "CDEFGH"
*************************************

numeric PC: constraint # = 20
CONST_4 >= Length_1_ &&
CharAt(CONST_1)_13_ != CharAt(CONST_3)_6_ &&
CharAt(CONST_1)_13_ != CharAt(CONST_2)_5_ &&
CharAt(CONST_1)_13_ != CharAt(CONST_1)_4_ &&
CharAt(CONST_1)_13_ != CharAt(CONST_0)_3_ &&
CONST_1 < Length_0_ &&
CONST_6 >= Length_1_ &&
CharAt(CONST_0)_2_ != CharAt(CONST_5)_8_ &&
CONST_5 < Length_1_ &&
CharAt(CONST_0)_2_ != CharAt(CONST_4)_7_ &&
CONST_4 < Length_1_ &&
CharAt(CONST_0)_2_ != CharAt(CONST_3)_6_ &&
CONST_3 < Length_1_ &&
CharAt(CONST_0)_2_ != CharAt(CONST_2)_5_ &&
CONST_2 < Length_1_ &&
CharAt(CONST_0)_2_ != CharAt(CONST_1)_4_ &&
CONST_1 < Length_1_ &&
CharAt(CONST_0)_2_ != CharAt(CONST_0)_3_ &&
CONST_0 < Length_1_ &&
CONST_0 < Length_0_ -> false

### PCs: total:111 sat:94 unsat:17

numeric PC: constraint # = 19
CharAt(CONST_1)_13_ != CharAt(CONST_3)_6_ &&
CharAt(CONST_1)_13_ != CharAt(CONST_2)_5_ &&
CharAt(CONST_1)_13_ != CharAt(CONST_1)_4_ &&
CharAt(CONST_1)_13_ != CharAt(CONST_0)_3_ &&
CONST_1 < Length_0_ &&
CONST_6 >= Length_1_ &&
CharAt(CONST_0)_2_ != CharAt(CONST_5)_8_ &&
CONST_5 < Length_1_ &&
CharAt(CONST_0)_2_ != CharAt(CONST_4)_7_ &&
CONST_4 < Length_1_ &&
CharAt(CONST_0)_2_ != CharAt(CONST_3)_6_ &&
CONST_3 < Length_1_ &&
CharAt(CONST_0)_2_ != CharAt(CONST_2)_5_ &&
CONST_2 < Length_1_ &&
CharAt(CONST_0)_2_ != CharAt(CONST_1)_4_ &&
CONST_1 < Length_1_ &&
CharAt(CONST_0)_2_ != CharAt(CONST_0)_3_ &&
CONST_0 < Length_1_ &&
CONST_0 < Length_0_ -> true

### PCs: total:112 sat:95 unsat:17

string analysis: SPC # = 0
NPC constraint # = 19
CharAt(CONST_1)_13_ != CharAt(CONST_3)_6_ &&
CharAt(CONST_1)_13_ != CharAt(CONST_2)_5_ &&
CharAt(CONST_1)_13_ != CharAt(CONST_1)_4_ &&
CharAt(CONST_1)_13_ != CharAt(CONST_0)_3_ &&
CONST_1 < Length_0_ &&
CONST_6 >= Length_1_ &&
CharAt(CONST_0)_2_ != CharAt(CONST_5)_8_ &&
CONST_5 < Length_1_ &&
CharAt(CONST_0)_2_ != CharAt(CONST_4)_7_ &&
CONST_4 < Length_1_ &&
CharAt(CONST_0)_2_ != CharAt(CONST_3)_6_ &&
CONST_3 < Length_1_ &&
CharAt(CONST_0)_2_ != CharAt(CONST_2)_5_ &&
CONST_2 < Length_1_ &&
CharAt(CONST_0)_2_ != CharAt(CONST_1)_4_ &&
CONST_1 < Length_1_ &&
CharAt(CONST_0)_2_ != CharAt(CONST_0)_3_ &&
CONST_0 < Length_1_ &&
CONST_0 < Length_0_
$$$$$$$$$$$$$$$$$$$$$$$$$$$$$$$$
Calling Z3str3

current query... 
(declare-const text_1 String)
(declare-const delims_2 String)


(assert (not (= (str.at text_1 1) (str.at delims_2 3))))
(assert (not (= (str.at text_1 1) (str.at delims_2 2))))
(assert (not (= (str.at text_1 1) (str.at delims_2 1))))
(assert (not (= (str.at text_1 1) (str.at delims_2 0))))
(assert (< 1 (str.len text_1)))
(assert (>= 6 (str.len delims_2)))
(assert (not (= (str.at text_1 0) (str.at delims_2 5))))
(assert (< 5 (str.len delims_2)))
(assert (not (= (str.at text_1 0) (str.at delims_2 4))))
(assert (< 4 (str.len delims_2)))
(assert (not (= (str.at text_1 0) (str.at delims_2 3))))
(assert (< 3 (str.len delims_2)))
(assert (not (= (str.at text_1 0) (str.at delims_2 2))))
(assert (< 2 (str.len delims_2)))
(assert (not (= (str.at text_1 0) (str.at delims_2 1))))
(assert (< 1 (str.len delims_2)))
(assert (not (= (str.at text_1 0) (str.at delims_2 0))))
(assert (< 0 (str.len delims_2)))
(assert (< 0 (str.len text_1)))



======================
(define-fun text_1 () String
  "AB")
(define-fun delims_2 () String
  "CDEFGH")
Returned solutions: 
(define-fun text_1 () String  "AB")
(define-fun delims_2 () String  "CDEFGH")
*************************************
Satisfiable: true
text_1 => "AB"
delims_2 => "CDEFGH"
*************************************

numeric PC: constraint # = 20
CharAt(CONST_1)_13_ == CharAt(CONST_4)_7_ &&
CharAt(CONST_1)_13_ != CharAt(CONST_3)_6_ &&
CharAt(CONST_1)_13_ != CharAt(CONST_2)_5_ &&
CharAt(CONST_1)_13_ != CharAt(CONST_1)_4_ &&
CharAt(CONST_1)_13_ != CharAt(CONST_0)_3_ &&
CONST_1 < Length_0_ &&
CONST_6 >= Length_1_ &&
CharAt(CONST_0)_2_ != CharAt(CONST_5)_8_ &&
CONST_5 < Length_1_ &&
CharAt(CONST_0)_2_ != CharAt(CONST_4)_7_ &&
CONST_4 < Length_1_ &&
CharAt(CONST_0)_2_ != CharAt(CONST_3)_6_ &&
CONST_3 < Length_1_ &&
CharAt(CONST_0)_2_ != CharAt(CONST_2)_5_ &&
CONST_2 < Length_1_ &&
CharAt(CONST_0)_2_ != CharAt(CONST_1)_4_ &&
CONST_1 < Length_1_ &&
CharAt(CONST_0)_2_ != CharAt(CONST_0)_3_ &&
CONST_0 < Length_1_ &&
CONST_0 < Length_0_ -> true

### PCs: total:113 sat:96 unsat:17

string analysis: SPC # = 0
NPC constraint # = 20
CharAt(CONST_1)_13_ == CharAt(CONST_4)_7_ &&
CharAt(CONST_1)_13_ != CharAt(CONST_3)_6_ &&
CharAt(CONST_1)_13_ != CharAt(CONST_2)_5_ &&
CharAt(CONST_1)_13_ != CharAt(CONST_1)_4_ &&
CharAt(CONST_1)_13_ != CharAt(CONST_0)_3_ &&
CONST_1 < Length_0_ &&
CONST_6 >= Length_1_ &&
CharAt(CONST_0)_2_ != CharAt(CONST_5)_8_ &&
CONST_5 < Length_1_ &&
CharAt(CONST_0)_2_ != CharAt(CONST_4)_7_ &&
CONST_4 < Length_1_ &&
CharAt(CONST_0)_2_ != CharAt(CONST_3)_6_ &&
CONST_3 < Length_1_ &&
CharAt(CONST_0)_2_ != CharAt(CONST_2)_5_ &&
CONST_2 < Length_1_ &&
CharAt(CONST_0)_2_ != CharAt(CONST_1)_4_ &&
CONST_1 < Length_1_ &&
CharAt(CONST_0)_2_ != CharAt(CONST_0)_3_ &&
CONST_0 < Length_1_ &&
CONST_0 < Length_0_
$$$$$$$$$$$$$$$$$$$$$$$$$$$$$$$$
Calling Z3str3

current query... 
(declare-const text_1 String)
(declare-const delims_2 String)


(assert (= (str.at text_1 1) (str.at delims_2 4)))
(assert (not (= (str.at text_1 1) (str.at delims_2 3))))
(assert (not (= (str.at text_1 1) (str.at delims_2 2))))
(assert (not (= (str.at text_1 1) (str.at delims_2 1))))
(assert (not (= (str.at text_1 1) (str.at delims_2 0))))
(assert (< 1 (str.len text_1)))
(assert (>= 6 (str.len delims_2)))
(assert (not (= (str.at text_1 0) (str.at delims_2 5))))
(assert (< 5 (str.len delims_2)))
(assert (not (= (str.at text_1 0) (str.at delims_2 4))))
(assert (< 4 (str.len delims_2)))
(assert (not (= (str.at text_1 0) (str.at delims_2 3))))
(assert (< 3 (str.len delims_2)))
(assert (not (= (str.at text_1 0) (str.at delims_2 2))))
(assert (< 2 (str.len delims_2)))
(assert (not (= (str.at text_1 0) (str.at delims_2 1))))
(assert (< 1 (str.len delims_2)))
(assert (not (= (str.at text_1 0) (str.at delims_2 0))))
(assert (< 0 (str.len delims_2)))
(assert (< 0 (str.len text_1)))



======================
(define-fun text_1 () String
  "AB")
(define-fun delims_2 () String
  "CDEFBG")
Returned solutions: 
(define-fun text_1 () String  "AB")
(define-fun delims_2 () String  "CDEFBG")
*************************************
Satisfiable: true
text_1 => "AB"
delims_2 => "CDEFBG"
*************************************

numeric PC: constraint # = 20
CharAt(CONST_1)_13_ != CharAt(CONST_4)_7_ &&
CharAt(CONST_1)_13_ != CharAt(CONST_3)_6_ &&
CharAt(CONST_1)_13_ != CharAt(CONST_2)_5_ &&
CharAt(CONST_1)_13_ != CharAt(CONST_1)_4_ &&
CharAt(CONST_1)_13_ != CharAt(CONST_0)_3_ &&
CONST_1 < Length_0_ &&
CONST_6 >= Length_1_ &&
CharAt(CONST_0)_2_ != CharAt(CONST_5)_8_ &&
CONST_5 < Length_1_ &&
CharAt(CONST_0)_2_ != CharAt(CONST_4)_7_ &&
CONST_4 < Length_1_ &&
CharAt(CONST_0)_2_ != CharAt(CONST_3)_6_ &&
CONST_3 < Length_1_ &&
CharAt(CONST_0)_2_ != CharAt(CONST_2)_5_ &&
CONST_2 < Length_1_ &&
CharAt(CONST_0)_2_ != CharAt(CONST_1)_4_ &&
CONST_1 < Length_1_ &&
CharAt(CONST_0)_2_ != CharAt(CONST_0)_3_ &&
CONST_0 < Length_1_ &&
CONST_0 < Length_0_ -> true

### PCs: total:114 sat:97 unsat:17

string analysis: SPC # = 0
NPC constraint # = 20
CharAt(CONST_1)_13_ != CharAt(CONST_4)_7_ &&
CharAt(CONST_1)_13_ != CharAt(CONST_3)_6_ &&
CharAt(CONST_1)_13_ != CharAt(CONST_2)_5_ &&
CharAt(CONST_1)_13_ != CharAt(CONST_1)_4_ &&
CharAt(CONST_1)_13_ != CharAt(CONST_0)_3_ &&
CONST_1 < Length_0_ &&
CONST_6 >= Length_1_ &&
CharAt(CONST_0)_2_ != CharAt(CONST_5)_8_ &&
CONST_5 < Length_1_ &&
CharAt(CONST_0)_2_ != CharAt(CONST_4)_7_ &&
CONST_4 < Length_1_ &&
CharAt(CONST_0)_2_ != CharAt(CONST_3)_6_ &&
CONST_3 < Length_1_ &&
CharAt(CONST_0)_2_ != CharAt(CONST_2)_5_ &&
CONST_2 < Length_1_ &&
CharAt(CONST_0)_2_ != CharAt(CONST_1)_4_ &&
CONST_1 < Length_1_ &&
CharAt(CONST_0)_2_ != CharAt(CONST_0)_3_ &&
CONST_0 < Length_1_ &&
CONST_0 < Length_0_
$$$$$$$$$$$$$$$$$$$$$$$$$$$$$$$$
Calling Z3str3

current query... 
(declare-const text_1 String)
(declare-const delims_2 String)


(assert (not (= (str.at text_1 1) (str.at delims_2 4))))
(assert (not (= (str.at text_1 1) (str.at delims_2 3))))
(assert (not (= (str.at text_1 1) (str.at delims_2 2))))
(assert (not (= (str.at text_1 1) (str.at delims_2 1))))
(assert (not (= (str.at text_1 1) (str.at delims_2 0))))
(assert (< 1 (str.len text_1)))
(assert (>= 6 (str.len delims_2)))
(assert (not (= (str.at text_1 0) (str.at delims_2 5))))
(assert (< 5 (str.len delims_2)))
(assert (not (= (str.at text_1 0) (str.at delims_2 4))))
(assert (< 4 (str.len delims_2)))
(assert (not (= (str.at text_1 0) (str.at delims_2 3))))
(assert (< 3 (str.len delims_2)))
(assert (not (= (str.at text_1 0) (str.at delims_2 2))))
(assert (< 2 (str.len delims_2)))
(assert (not (= (str.at text_1 0) (str.at delims_2 1))))
(assert (< 1 (str.len delims_2)))
(assert (not (= (str.at text_1 0) (str.at delims_2 0))))
(assert (< 0 (str.len delims_2)))
(assert (< 0 (str.len text_1)))



======================
(define-fun text_1 () String
  "AB")
(define-fun delims_2 () String
  "CDEFGH")
Returned solutions: 
(define-fun text_1 () String  "AB")
(define-fun delims_2 () String  "CDEFGH")
*************************************
Satisfiable: true
text_1 => "AB"
delims_2 => "CDEFGH"
*************************************

numeric PC: constraint # = 21
CONST_5 >= Length_1_ &&
CharAt(CONST_1)_13_ != CharAt(CONST_4)_7_ &&
CharAt(CONST_1)_13_ != CharAt(CONST_3)_6_ &&
CharAt(CONST_1)_13_ != CharAt(CONST_2)_5_ &&
CharAt(CONST_1)_13_ != CharAt(CONST_1)_4_ &&
CharAt(CONST_1)_13_ != CharAt(CONST_0)_3_ &&
CONST_1 < Length_0_ &&
CONST_6 >= Length_1_ &&
CharAt(CONST_0)_2_ != CharAt(CONST_5)_8_ &&
CONST_5 < Length_1_ &&
CharAt(CONST_0)_2_ != CharAt(CONST_4)_7_ &&
CONST_4 < Length_1_ &&
CharAt(CONST_0)_2_ != CharAt(CONST_3)_6_ &&
CONST_3 < Length_1_ &&
CharAt(CONST_0)_2_ != CharAt(CONST_2)_5_ &&
CONST_2 < Length_1_ &&
CharAt(CONST_0)_2_ != CharAt(CONST_1)_4_ &&
CONST_1 < Length_1_ &&
CharAt(CONST_0)_2_ != CharAt(CONST_0)_3_ &&
CONST_0 < Length_1_ &&
CONST_0 < Length_0_ -> false

### PCs: total:115 sat:97 unsat:18

numeric PC: constraint # = 20
CharAt(CONST_1)_13_ != CharAt(CONST_4)_7_ &&
CharAt(CONST_1)_13_ != CharAt(CONST_3)_6_ &&
CharAt(CONST_1)_13_ != CharAt(CONST_2)_5_ &&
CharAt(CONST_1)_13_ != CharAt(CONST_1)_4_ &&
CharAt(CONST_1)_13_ != CharAt(CONST_0)_3_ &&
CONST_1 < Length_0_ &&
CONST_6 >= Length_1_ &&
CharAt(CONST_0)_2_ != CharAt(CONST_5)_8_ &&
CONST_5 < Length_1_ &&
CharAt(CONST_0)_2_ != CharAt(CONST_4)_7_ &&
CONST_4 < Length_1_ &&
CharAt(CONST_0)_2_ != CharAt(CONST_3)_6_ &&
CONST_3 < Length_1_ &&
CharAt(CONST_0)_2_ != CharAt(CONST_2)_5_ &&
CONST_2 < Length_1_ &&
CharAt(CONST_0)_2_ != CharAt(CONST_1)_4_ &&
CONST_1 < Length_1_ &&
CharAt(CONST_0)_2_ != CharAt(CONST_0)_3_ &&
CONST_0 < Length_1_ &&
CONST_0 < Length_0_ -> true

### PCs: total:116 sat:98 unsat:18

string analysis: SPC # = 0
NPC constraint # = 20
CharAt(CONST_1)_13_ != CharAt(CONST_4)_7_ &&
CharAt(CONST_1)_13_ != CharAt(CONST_3)_6_ &&
CharAt(CONST_1)_13_ != CharAt(CONST_2)_5_ &&
CharAt(CONST_1)_13_ != CharAt(CONST_1)_4_ &&
CharAt(CONST_1)_13_ != CharAt(CONST_0)_3_ &&
CONST_1 < Length_0_ &&
CONST_6 >= Length_1_ &&
CharAt(CONST_0)_2_ != CharAt(CONST_5)_8_ &&
CONST_5 < Length_1_ &&
CharAt(CONST_0)_2_ != CharAt(CONST_4)_7_ &&
CONST_4 < Length_1_ &&
CharAt(CONST_0)_2_ != CharAt(CONST_3)_6_ &&
CONST_3 < Length_1_ &&
CharAt(CONST_0)_2_ != CharAt(CONST_2)_5_ &&
CONST_2 < Length_1_ &&
CharAt(CONST_0)_2_ != CharAt(CONST_1)_4_ &&
CONST_1 < Length_1_ &&
CharAt(CONST_0)_2_ != CharAt(CONST_0)_3_ &&
CONST_0 < Length_1_ &&
CONST_0 < Length_0_
$$$$$$$$$$$$$$$$$$$$$$$$$$$$$$$$
Calling Z3str3

current query... 
(declare-const text_1 String)
(declare-const delims_2 String)


(assert (not (= (str.at text_1 1) (str.at delims_2 4))))
(assert (not (= (str.at text_1 1) (str.at delims_2 3))))
(assert (not (= (str.at text_1 1) (str.at delims_2 2))))
(assert (not (= (str.at text_1 1) (str.at delims_2 1))))
(assert (not (= (str.at text_1 1) (str.at delims_2 0))))
(assert (< 1 (str.len text_1)))
(assert (>= 6 (str.len delims_2)))
(assert (not (= (str.at text_1 0) (str.at delims_2 5))))
(assert (< 5 (str.len delims_2)))
(assert (not (= (str.at text_1 0) (str.at delims_2 4))))
(assert (< 4 (str.len delims_2)))
(assert (not (= (str.at text_1 0) (str.at delims_2 3))))
(assert (< 3 (str.len delims_2)))
(assert (not (= (str.at text_1 0) (str.at delims_2 2))))
(assert (< 2 (str.len delims_2)))
(assert (not (= (str.at text_1 0) (str.at delims_2 1))))
(assert (< 1 (str.len delims_2)))
(assert (not (= (str.at text_1 0) (str.at delims_2 0))))
(assert (< 0 (str.len delims_2)))
(assert (< 0 (str.len text_1)))



======================
(define-fun text_1 () String
  "AB")
(define-fun delims_2 () String
  "CDEFGH")
Returned solutions: 
(define-fun text_1 () String  "AB")
(define-fun delims_2 () String  "CDEFGH")
*************************************
Satisfiable: true
text_1 => "AB"
delims_2 => "CDEFGH"
*************************************

numeric PC: constraint # = 21
CharAt(CONST_1)_13_ == CharAt(CONST_5)_8_ &&
CharAt(CONST_1)_13_ != CharAt(CONST_4)_7_ &&
CharAt(CONST_1)_13_ != CharAt(CONST_3)_6_ &&
CharAt(CONST_1)_13_ != CharAt(CONST_2)_5_ &&
CharAt(CONST_1)_13_ != CharAt(CONST_1)_4_ &&
CharAt(CONST_1)_13_ != CharAt(CONST_0)_3_ &&
CONST_1 < Length_0_ &&
CONST_6 >= Length_1_ &&
CharAt(CONST_0)_2_ != CharAt(CONST_5)_8_ &&
CONST_5 < Length_1_ &&
CharAt(CONST_0)_2_ != CharAt(CONST_4)_7_ &&
CONST_4 < Length_1_ &&
CharAt(CONST_0)_2_ != CharAt(CONST_3)_6_ &&
CONST_3 < Length_1_ &&
CharAt(CONST_0)_2_ != CharAt(CONST_2)_5_ &&
CONST_2 < Length_1_ &&
CharAt(CONST_0)_2_ != CharAt(CONST_1)_4_ &&
CONST_1 < Length_1_ &&
CharAt(CONST_0)_2_ != CharAt(CONST_0)_3_ &&
CONST_0 < Length_1_ &&
CONST_0 < Length_0_ -> true

### PCs: total:117 sat:99 unsat:18

string analysis: SPC # = 0
NPC constraint # = 21
CharAt(CONST_1)_13_ == CharAt(CONST_5)_8_ &&
CharAt(CONST_1)_13_ != CharAt(CONST_4)_7_ &&
CharAt(CONST_1)_13_ != CharAt(CONST_3)_6_ &&
CharAt(CONST_1)_13_ != CharAt(CONST_2)_5_ &&
CharAt(CONST_1)_13_ != CharAt(CONST_1)_4_ &&
CharAt(CONST_1)_13_ != CharAt(CONST_0)_3_ &&
CONST_1 < Length_0_ &&
CONST_6 >= Length_1_ &&
CharAt(CONST_0)_2_ != CharAt(CONST_5)_8_ &&
CONST_5 < Length_1_ &&
CharAt(CONST_0)_2_ != CharAt(CONST_4)_7_ &&
CONST_4 < Length_1_ &&
CharAt(CONST_0)_2_ != CharAt(CONST_3)_6_ &&
CONST_3 < Length_1_ &&
CharAt(CONST_0)_2_ != CharAt(CONST_2)_5_ &&
CONST_2 < Length_1_ &&
CharAt(CONST_0)_2_ != CharAt(CONST_1)_4_ &&
CONST_1 < Length_1_ &&
CharAt(CONST_0)_2_ != CharAt(CONST_0)_3_ &&
CONST_0 < Length_1_ &&
CONST_0 < Length_0_
$$$$$$$$$$$$$$$$$$$$$$$$$$$$$$$$
Calling Z3str3

current query... 
(declare-const text_1 String)
(declare-const delims_2 String)


(assert (= (str.at text_1 1) (str.at delims_2 5)))
(assert (not (= (str.at text_1 1) (str.at delims_2 4))))
(assert (not (= (str.at text_1 1) (str.at delims_2 3))))
(assert (not (= (str.at text_1 1) (str.at delims_2 2))))
(assert (not (= (str.at text_1 1) (str.at delims_2 1))))
(assert (not (= (str.at text_1 1) (str.at delims_2 0))))
(assert (< 1 (str.len text_1)))
(assert (>= 6 (str.len delims_2)))
(assert (not (= (str.at text_1 0) (str.at delims_2 5))))
(assert (< 5 (str.len delims_2)))
(assert (not (= (str.at text_1 0) (str.at delims_2 4))))
(assert (< 4 (str.len delims_2)))
(assert (not (= (str.at text_1 0) (str.at delims_2 3))))
(assert (< 3 (str.len delims_2)))
(assert (not (= (str.at text_1 0) (str.at delims_2 2))))
(assert (< 2 (str.len delims_2)))
(assert (not (= (str.at text_1 0) (str.at delims_2 1))))
(assert (< 1 (str.len delims_2)))
(assert (not (= (str.at text_1 0) (str.at delims_2 0))))
(assert (< 0 (str.len delims_2)))
(assert (< 0 (str.len text_1)))



======================
(define-fun text_1 () String
  "AB")
(define-fun delims_2 () String
  "CDEFGB")
Returned solutions: 
(define-fun text_1 () String  "AB")
(define-fun delims_2 () String  "CDEFGB")
*************************************
Satisfiable: true
text_1 => "AB"
delims_2 => "CDEFGB"
*************************************

numeric PC: constraint # = 21
CharAt(CONST_1)_13_ != CharAt(CONST_5)_8_ &&
CharAt(CONST_1)_13_ != CharAt(CONST_4)_7_ &&
CharAt(CONST_1)_13_ != CharAt(CONST_3)_6_ &&
CharAt(CONST_1)_13_ != CharAt(CONST_2)_5_ &&
CharAt(CONST_1)_13_ != CharAt(CONST_1)_4_ &&
CharAt(CONST_1)_13_ != CharAt(CONST_0)_3_ &&
CONST_1 < Length_0_ &&
CONST_6 >= Length_1_ &&
CharAt(CONST_0)_2_ != CharAt(CONST_5)_8_ &&
CONST_5 < Length_1_ &&
CharAt(CONST_0)_2_ != CharAt(CONST_4)_7_ &&
CONST_4 < Length_1_ &&
CharAt(CONST_0)_2_ != CharAt(CONST_3)_6_ &&
CONST_3 < Length_1_ &&
CharAt(CONST_0)_2_ != CharAt(CONST_2)_5_ &&
CONST_2 < Length_1_ &&
CharAt(CONST_0)_2_ != CharAt(CONST_1)_4_ &&
CONST_1 < Length_1_ &&
CharAt(CONST_0)_2_ != CharAt(CONST_0)_3_ &&
CONST_0 < Length_1_ &&
CONST_0 < Length_0_ -> true

### PCs: total:118 sat:100 unsat:18

string analysis: SPC # = 0
NPC constraint # = 21
CharAt(CONST_1)_13_ != CharAt(CONST_5)_8_ &&
CharAt(CONST_1)_13_ != CharAt(CONST_4)_7_ &&
CharAt(CONST_1)_13_ != CharAt(CONST_3)_6_ &&
CharAt(CONST_1)_13_ != CharAt(CONST_2)_5_ &&
CharAt(CONST_1)_13_ != CharAt(CONST_1)_4_ &&
CharAt(CONST_1)_13_ != CharAt(CONST_0)_3_ &&
CONST_1 < Length_0_ &&
CONST_6 >= Length_1_ &&
CharAt(CONST_0)_2_ != CharAt(CONST_5)_8_ &&
CONST_5 < Length_1_ &&
CharAt(CONST_0)_2_ != CharAt(CONST_4)_7_ &&
CONST_4 < Length_1_ &&
CharAt(CONST_0)_2_ != CharAt(CONST_3)_6_ &&
CONST_3 < Length_1_ &&
CharAt(CONST_0)_2_ != CharAt(CONST_2)_5_ &&
CONST_2 < Length_1_ &&
CharAt(CONST_0)_2_ != CharAt(CONST_1)_4_ &&
CONST_1 < Length_1_ &&
CharAt(CONST_0)_2_ != CharAt(CONST_0)_3_ &&
CONST_0 < Length_1_ &&
CONST_0 < Length_0_
$$$$$$$$$$$$$$$$$$$$$$$$$$$$$$$$
Calling Z3str3

current query... 
(declare-const text_1 String)
(declare-const delims_2 String)


(assert (not (= (str.at text_1 1) (str.at delims_2 5))))
(assert (not (= (str.at text_1 1) (str.at delims_2 4))))
(assert (not (= (str.at text_1 1) (str.at delims_2 3))))
(assert (not (= (str.at text_1 1) (str.at delims_2 2))))
(assert (not (= (str.at text_1 1) (str.at delims_2 1))))
(assert (not (= (str.at text_1 1) (str.at delims_2 0))))
(assert (< 1 (str.len text_1)))
(assert (>= 6 (str.len delims_2)))
(assert (not (= (str.at text_1 0) (str.at delims_2 5))))
(assert (< 5 (str.len delims_2)))
(assert (not (= (str.at text_1 0) (str.at delims_2 4))))
(assert (< 4 (str.len delims_2)))
(assert (not (= (str.at text_1 0) (str.at delims_2 3))))
(assert (< 3 (str.len delims_2)))
(assert (not (= (str.at text_1 0) (str.at delims_2 2))))
(assert (< 2 (str.len delims_2)))
(assert (not (= (str.at text_1 0) (str.at delims_2 1))))
(assert (< 1 (str.len delims_2)))
(assert (not (= (str.at text_1 0) (str.at delims_2 0))))
(assert (< 0 (str.len delims_2)))
(assert (< 0 (str.len text_1)))



======================
(define-fun text_1 () String
  "AB")
(define-fun delims_2 () String
  "CDEFGH")
Returned solutions: 
(define-fun text_1 () String  "AB")
(define-fun delims_2 () String  "CDEFGH")
*************************************
Satisfiable: true
text_1 => "AB"
delims_2 => "CDEFGH"
*************************************

numeric PC: constraint # = 21
CharAt(CONST_1)_13_ != CharAt(CONST_5)_8_ &&
CharAt(CONST_1)_13_ != CharAt(CONST_4)_7_ &&
CharAt(CONST_1)_13_ != CharAt(CONST_3)_6_ &&
CharAt(CONST_1)_13_ != CharAt(CONST_2)_5_ &&
CharAt(CONST_1)_13_ != CharAt(CONST_1)_4_ &&
CharAt(CONST_1)_13_ != CharAt(CONST_0)_3_ &&
CONST_1 < Length_0_ &&
CONST_6 >= Length_1_ &&
CharAt(CONST_0)_2_ != CharAt(CONST_5)_8_ &&
CONST_5 < Length_1_ &&
CharAt(CONST_0)_2_ != CharAt(CONST_4)_7_ &&
CONST_4 < Length_1_ &&
CharAt(CONST_0)_2_ != CharAt(CONST_3)_6_ &&
CONST_3 < Length_1_ &&
CharAt(CONST_0)_2_ != CharAt(CONST_2)_5_ &&
CONST_2 < Length_1_ &&
CharAt(CONST_0)_2_ != CharAt(CONST_1)_4_ &&
CONST_1 < Length_1_ &&
CharAt(CONST_0)_2_ != CharAt(CONST_0)_3_ &&
CONST_0 < Length_1_ &&
CONST_0 < Length_0_ -> true

### PCs: total:119 sat:101 unsat:18

string analysis: SPC # = 0
NPC constraint # = 21
CharAt(CONST_1)_13_ != CharAt(CONST_5)_8_ &&
CharAt(CONST_1)_13_ != CharAt(CONST_4)_7_ &&
CharAt(CONST_1)_13_ != CharAt(CONST_3)_6_ &&
CharAt(CONST_1)_13_ != CharAt(CONST_2)_5_ &&
CharAt(CONST_1)_13_ != CharAt(CONST_1)_4_ &&
CharAt(CONST_1)_13_ != CharAt(CONST_0)_3_ &&
CONST_1 < Length_0_ &&
CONST_6 >= Length_1_ &&
CharAt(CONST_0)_2_ != CharAt(CONST_5)_8_ &&
CONST_5 < Length_1_ &&
CharAt(CONST_0)_2_ != CharAt(CONST_4)_7_ &&
CONST_4 < Length_1_ &&
CharAt(CONST_0)_2_ != CharAt(CONST_3)_6_ &&
CONST_3 < Length_1_ &&
CharAt(CONST_0)_2_ != CharAt(CONST_2)_5_ &&
CONST_2 < Length_1_ &&
CharAt(CONST_0)_2_ != CharAt(CONST_1)_4_ &&
CONST_1 < Length_1_ &&
CharAt(CONST_0)_2_ != CharAt(CONST_0)_3_ &&
CONST_0 < Length_1_ &&
CONST_0 < Length_0_
$$$$$$$$$$$$$$$$$$$$$$$$$$$$$$$$
Calling Z3str3

current query... 
(declare-const text_1 String)
(declare-const delims_2 String)


(assert (not (= (str.at text_1 1) (str.at delims_2 5))))
(assert (not (= (str.at text_1 1) (str.at delims_2 4))))
(assert (not (= (str.at text_1 1) (str.at delims_2 3))))
(assert (not (= (str.at text_1 1) (str.at delims_2 2))))
(assert (not (= (str.at text_1 1) (str.at delims_2 1))))
(assert (not (= (str.at text_1 1) (str.at delims_2 0))))
(assert (< 1 (str.len text_1)))
(assert (>= 6 (str.len delims_2)))
(assert (not (= (str.at text_1 0) (str.at delims_2 5))))
(assert (< 5 (str.len delims_2)))
(assert (not (= (str.at text_1 0) (str.at delims_2 4))))
(assert (< 4 (str.len delims_2)))
(assert (not (= (str.at text_1 0) (str.at delims_2 3))))
(assert (< 3 (str.len delims_2)))
(assert (not (= (str.at text_1 0) (str.at delims_2 2))))
(assert (< 2 (str.len delims_2)))
(assert (not (= (str.at text_1 0) (str.at delims_2 1))))
(assert (< 1 (str.len delims_2)))
(assert (not (= (str.at text_1 0) (str.at delims_2 0))))
(assert (< 0 (str.len delims_2)))
(assert (< 0 (str.len text_1)))



======================
(define-fun text_1 () String
  "AB")
(define-fun delims_2 () String
  "CDEFGH")
Returned solutions: 
(define-fun text_1 () String  "AB")
(define-fun delims_2 () String  "CDEFGH")
*************************************
Satisfiable: true
text_1 => "AB"
delims_2 => "CDEFGH"
*************************************

numeric PC: constraint # = 22
CONST_6 < Length_1_ &&
CharAt(CONST_1)_13_ != CharAt(CONST_5)_8_ &&
CharAt(CONST_1)_13_ != CharAt(CONST_4)_7_ &&
CharAt(CONST_1)_13_ != CharAt(CONST_3)_6_ &&
CharAt(CONST_1)_13_ != CharAt(CONST_2)_5_ &&
CharAt(CONST_1)_13_ != CharAt(CONST_1)_4_ &&
CharAt(CONST_1)_13_ != CharAt(CONST_0)_3_ &&
CONST_1 < Length_0_ &&
CONST_6 >= Length_1_ &&
CharAt(CONST_0)_2_ != CharAt(CONST_5)_8_ &&
CONST_5 < Length_1_ &&
CharAt(CONST_0)_2_ != CharAt(CONST_4)_7_ &&
CONST_4 < Length_1_ &&
CharAt(CONST_0)_2_ != CharAt(CONST_3)_6_ &&
CONST_3 < Length_1_ &&
CharAt(CONST_0)_2_ != CharAt(CONST_2)_5_ &&
CONST_2 < Length_1_ &&
CharAt(CONST_0)_2_ != CharAt(CONST_1)_4_ &&
CONST_1 < Length_1_ &&
CharAt(CONST_0)_2_ != CharAt(CONST_0)_3_ &&
CONST_0 < Length_1_ &&
CONST_0 < Length_0_ -> false

### PCs: total:120 sat:101 unsat:19

numeric PC: constraint # = 22
CONST_2 >= Length_0_ &&
CharAt(CONST_1)_13_ != CharAt(CONST_5)_8_ &&
CharAt(CONST_1)_13_ != CharAt(CONST_4)_7_ &&
CharAt(CONST_1)_13_ != CharAt(CONST_3)_6_ &&
CharAt(CONST_1)_13_ != CharAt(CONST_2)_5_ &&
CharAt(CONST_1)_13_ != CharAt(CONST_1)_4_ &&
CharAt(CONST_1)_13_ != CharAt(CONST_0)_3_ &&
CONST_1 < Length_0_ &&
CONST_6 >= Length_1_ &&
CharAt(CONST_0)_2_ != CharAt(CONST_5)_8_ &&
CONST_5 < Length_1_ &&
CharAt(CONST_0)_2_ != CharAt(CONST_4)_7_ &&
CONST_4 < Length_1_ &&
CharAt(CONST_0)_2_ != CharAt(CONST_3)_6_ &&
CONST_3 < Length_1_ &&
CharAt(CONST_0)_2_ != CharAt(CONST_2)_5_ &&
CONST_2 < Length_1_ &&
CharAt(CONST_0)_2_ != CharAt(CONST_1)_4_ &&
CONST_1 < Length_1_ &&
CharAt(CONST_0)_2_ != CharAt(CONST_0)_3_ &&
CONST_0 < Length_1_ &&
CONST_0 < Length_0_ -> true

### PCs: total:121 sat:102 unsat:19

string analysis: SPC # = 0
NPC constraint # = 22
CONST_2 >= Length_0_ &&
CharAt(CONST_1)_13_ != CharAt(CONST_5)_8_ &&
CharAt(CONST_1)_13_ != CharAt(CONST_4)_7_ &&
CharAt(CONST_1)_13_ != CharAt(CONST_3)_6_ &&
CharAt(CONST_1)_13_ != CharAt(CONST_2)_5_ &&
CharAt(CONST_1)_13_ != CharAt(CONST_1)_4_ &&
CharAt(CONST_1)_13_ != CharAt(CONST_0)_3_ &&
CONST_1 < Length_0_ &&
CONST_6 >= Length_1_ &&
CharAt(CONST_0)_2_ != CharAt(CONST_5)_8_ &&
CONST_5 < Length_1_ &&
CharAt(CONST_0)_2_ != CharAt(CONST_4)_7_ &&
CONST_4 < Length_1_ &&
CharAt(CONST_0)_2_ != CharAt(CONST_3)_6_ &&
CONST_3 < Length_1_ &&
CharAt(CONST_0)_2_ != CharAt(CONST_2)_5_ &&
CONST_2 < Length_1_ &&
CharAt(CONST_0)_2_ != CharAt(CONST_1)_4_ &&
CONST_1 < Length_1_ &&
CharAt(CONST_0)_2_ != CharAt(CONST_0)_3_ &&
CONST_0 < Length_1_ &&
CONST_0 < Length_0_
$$$$$$$$$$$$$$$$$$$$$$$$$$$$$$$$
Calling Z3str3

current query... 
(declare-const text_1 String)
(declare-const delims_2 String)


(assert (>= 2 (str.len text_1)))
(assert (not (= (str.at text_1 1) (str.at delims_2 5))))
(assert (not (= (str.at text_1 1) (str.at delims_2 4))))
(assert (not (= (str.at text_1 1) (str.at delims_2 3))))
(assert (not (= (str.at text_1 1) (str.at delims_2 2))))
(assert (not (= (str.at text_1 1) (str.at delims_2 1))))
(assert (not (= (str.at text_1 1) (str.at delims_2 0))))
(assert (< 1 (str.len text_1)))
(assert (>= 6 (str.len delims_2)))
(assert (not (= (str.at text_1 0) (str.at delims_2 5))))
(assert (< 5 (str.len delims_2)))
(assert (not (= (str.at text_1 0) (str.at delims_2 4))))
(assert (< 4 (str.len delims_2)))
(assert (not (= (str.at text_1 0) (str.at delims_2 3))))
(assert (< 3 (str.len delims_2)))
(assert (not (= (str.at text_1 0) (str.at delims_2 2))))
(assert (< 2 (str.len delims_2)))
(assert (not (= (str.at text_1 0) (str.at delims_2 1))))
(assert (< 1 (str.len delims_2)))
(assert (not (= (str.at text_1 0) (str.at delims_2 0))))
(assert (< 0 (str.len delims_2)))
(assert (< 0 (str.len text_1)))



======================
(define-fun text_1 () String
  "AB")
(define-fun delims_2 () String
  "CDEFGH")
Returned solutions: 
(define-fun text_1 () String  "AB")
(define-fun delims_2 () String  "CDEFGH")
*************************************
Satisfiable: true
text_1 => "AB"
delims_2 => "CDEFGH"
*************************************

numeric PC: constraint # = 22
CONST_2 < Length_0_ &&
CharAt(CONST_1)_13_ != CharAt(CONST_5)_8_ &&
CharAt(CONST_1)_13_ != CharAt(CONST_4)_7_ &&
CharAt(CONST_1)_13_ != CharAt(CONST_3)_6_ &&
CharAt(CONST_1)_13_ != CharAt(CONST_2)_5_ &&
CharAt(CONST_1)_13_ != CharAt(CONST_1)_4_ &&
CharAt(CONST_1)_13_ != CharAt(CONST_0)_3_ &&
CONST_1 < Length_0_ &&
CONST_6 >= Length_1_ &&
CharAt(CONST_0)_2_ != CharAt(CONST_5)_8_ &&
CONST_5 < Length_1_ &&
CharAt(CONST_0)_2_ != CharAt(CONST_4)_7_ &&
CONST_4 < Length_1_ &&
CharAt(CONST_0)_2_ != CharAt(CONST_3)_6_ &&
CONST_3 < Length_1_ &&
CharAt(CONST_0)_2_ != CharAt(CONST_2)_5_ &&
CONST_2 < Length_1_ &&
CharAt(CONST_0)_2_ != CharAt(CONST_1)_4_ &&
CONST_1 < Length_1_ &&
CharAt(CONST_0)_2_ != CharAt(CONST_0)_3_ &&
CONST_0 < Length_1_ &&
CONST_0 < Length_0_ -> true

### PCs: total:122 sat:103 unsat:19

string analysis: SPC # = 0
NPC constraint # = 22
CONST_2 < Length_0_ &&
CharAt(CONST_1)_13_ != CharAt(CONST_5)_8_ &&
CharAt(CONST_1)_13_ != CharAt(CONST_4)_7_ &&
CharAt(CONST_1)_13_ != CharAt(CONST_3)_6_ &&
CharAt(CONST_1)_13_ != CharAt(CONST_2)_5_ &&
CharAt(CONST_1)_13_ != CharAt(CONST_1)_4_ &&
CharAt(CONST_1)_13_ != CharAt(CONST_0)_3_ &&
CONST_1 < Length_0_ &&
CONST_6 >= Length_1_ &&
CharAt(CONST_0)_2_ != CharAt(CONST_5)_8_ &&
CONST_5 < Length_1_ &&
CharAt(CONST_0)_2_ != CharAt(CONST_4)_7_ &&
CONST_4 < Length_1_ &&
CharAt(CONST_0)_2_ != CharAt(CONST_3)_6_ &&
CONST_3 < Length_1_ &&
CharAt(CONST_0)_2_ != CharAt(CONST_2)_5_ &&
CONST_2 < Length_1_ &&
CharAt(CONST_0)_2_ != CharAt(CONST_1)_4_ &&
CONST_1 < Length_1_ &&
CharAt(CONST_0)_2_ != CharAt(CONST_0)_3_ &&
CONST_0 < Length_1_ &&
CONST_0 < Length_0_
$$$$$$$$$$$$$$$$$$$$$$$$$$$$$$$$
Calling Z3str3

current query... 
(declare-const text_1 String)
(declare-const delims_2 String)


(assert (< 2 (str.len text_1)))
(assert (not (= (str.at text_1 1) (str.at delims_2 5))))
(assert (not (= (str.at text_1 1) (str.at delims_2 4))))
(assert (not (= (str.at text_1 1) (str.at delims_2 3))))
(assert (not (= (str.at text_1 1) (str.at delims_2 2))))
(assert (not (= (str.at text_1 1) (str.at delims_2 1))))
(assert (not (= (str.at text_1 1) (str.at delims_2 0))))
(assert (< 1 (str.len text_1)))
(assert (>= 6 (str.len delims_2)))
(assert (not (= (str.at text_1 0) (str.at delims_2 5))))
(assert (< 5 (str.len delims_2)))
(assert (not (= (str.at text_1 0) (str.at delims_2 4))))
(assert (< 4 (str.len delims_2)))
(assert (not (= (str.at text_1 0) (str.at delims_2 3))))
(assert (< 3 (str.len delims_2)))
(assert (not (= (str.at text_1 0) (str.at delims_2 2))))
(assert (< 2 (str.len delims_2)))
(assert (not (= (str.at text_1 0) (str.at delims_2 1))))
(assert (< 1 (str.len delims_2)))
(assert (not (= (str.at text_1 0) (str.at delims_2 0))))
(assert (< 0 (str.len delims_2)))
(assert (< 0 (str.len text_1)))



======================
(define-fun text_1 () String
  "ABI")
(define-fun delims_2 () String
  "CDEFGH")
Returned solutions: 
(define-fun text_1 () String  "ABI")
(define-fun delims_2 () String  "CDEFGH")
*************************************
Satisfiable: true
text_1 => "ABI"
delims_2 => "CDEFGH"
*************************************


====================================================== search constraint
depth limit reached: 23

====================================================== snapshot 
thread java.lang.Thread:{id:0,name:main,status:RUNNING,priority:5,isDaemon:false,lockCount:0,suspendCount:0}
  call stack:
	at strings.DelimSearch.search(DelimSearch.java:5)
	at strings.DelimSearch.main(DelimSearch.java:18)

numeric PC: constraint # = 21
CharAt(CONST_1)_13_ != CharAt(CONST_5)_8_ &&
CharAt(CONST_1)_13_ != CharAt(CONST_4)_7_ &&
CharAt(CONST_1)_13_ != CharAt(CONST_3)_6_ &&
CharAt(CONST_1)_13_ != CharAt(CONST_2)_5_ &&
CharAt(CONST_1)_13_ != CharAt(CONST_1)_4_ &&
CharAt(CONST_1)_13_ != CharAt(CONST_0)_3_ &&
CONST_1 < Length_0_ &&
CONST_6 >= Length_1_ &&
CharAt(CONST_0)_2_ != CharAt(CONST_5)_8_ &&
CONST_5 < Length_1_ &&
CharAt(CONST_0)_2_ != CharAt(CONST_4)_7_ &&
CONST_4 < Length_1_ &&
CharAt(CONST_0)_2_ != CharAt(CONST_3)_6_ &&
CONST_3 < Length_1_ &&
CharAt(CONST_0)_2_ != CharAt(CONST_2)_5_ &&
CONST_2 < Length_1_ &&
CharAt(CONST_0)_2_ != CharAt(CONST_1)_4_ &&
CONST_1 < Length_1_ &&
CharAt(CONST_0)_2_ != CharAt(CONST_0)_3_ &&
CONST_0 < Length_1_ &&
CONST_0 < Length_0_ -> true

string analysis: SPC # = 0
NPC constraint # = 21
CharAt(CONST_1)_13_[0] != CharAt(CONST_5)_8_[1] &&
CharAt(CONST_1)_13_[0] != CharAt(CONST_4)_7_[1] &&
CharAt(CONST_1)_13_[0] != CharAt(CONST_3)_6_[1] &&
CharAt(CONST_1)_13_[0] != CharAt(CONST_2)_5_[1] &&
CharAt(CONST_1)_13_[0] != CharAt(CONST_1)_4_[1] &&
CharAt(CONST_1)_13_[0] != CharAt(CONST_0)_3_[1] &&
CONST_1 < Length_0_[2] &&
CONST_6 >= Length_1_[6] &&
CharAt(CONST_0)_2_[0] != CharAt(CONST_5)_8_[1] &&
CONST_5 < Length_1_[6] &&
CharAt(CONST_0)_2_[0] != CharAt(CONST_4)_7_[1] &&
CONST_4 < Length_1_[6] &&
CharAt(CONST_0)_2_[0] != CharAt(CONST_3)_6_[1] &&
CONST_3 < Length_1_[6] &&
CharAt(CONST_0)_2_[0] != CharAt(CONST_2)_5_[1] &&
CONST_2 < Length_1_[6] &&
CharAt(CONST_0)_2_[0] != CharAt(CONST_1)_4_[1] &&
CONST_1 < Length_1_[6] &&
CharAt(CONST_0)_2_[0] != CharAt(CONST_0)_3_[1] &&
CONST_0 < Length_1_[6] &&
CONST_0 < Length_0_[2]
$$$$$$$$$$$$$$$$$$$$$$$$$$$$$$$$
Calling Z3str3

current query... 
(declare-const text_1 String)
(declare-const delims_2 String)


(assert (not (= (str.at text_1 1) (str.at delims_2 5))))
(assert (not (= (str.at text_1 1) (str.at delims_2 4))))
(assert (not (= (str.at text_1 1) (str.at delims_2 3))))
(assert (not (= (str.at text_1 1) (str.at delims_2 2))))
(assert (not (= (str.at text_1 1) (str.at delims_2 1))))
(assert (not (= (str.at text_1 1) (str.at delims_2 0))))
(assert (< 1 (str.len text_1)))
(assert (>= 6 (str.len delims_2)))
(assert (not (= (str.at text_1 0) (str.at delims_2 5))))
(assert (< 5 (str.len delims_2)))
(assert (not (= (str.at text_1 0) (str.at delims_2 4))))
(assert (< 4 (str.len delims_2)))
(assert (not (= (str.at text_1 0) (str.at delims_2 3))))
(assert (< 3 (str.len delims_2)))
(assert (not (= (str.at text_1 0) (str.at delims_2 2))))
(assert (< 2 (str.len delims_2)))
(assert (not (= (str.at text_1 0) (str.at delims_2 1))))
(assert (< 1 (str.len delims_2)))
(assert (not (= (str.at text_1 0) (str.at delims_2 0))))
(assert (< 0 (str.len delims_2)))
(assert (< 0 (str.len text_1)))



======================
(define-fun text_1 () String
  "AB")
(define-fun delims_2 () String
  "CDEFGH")
Returned solutions: 
(define-fun text_1 () String  "AB")
(define-fun delims_2 () String  "CDEFGH")
*************************************
Satisfiable: true
text_1 => "AB"
delims_2 => "CDEFGH"
*************************************

Delimiter [e] found at 1

====================================================== search constraint
depth limit reached: 23

====================================================== snapshot 
no live threads
numeric PC: constraint # = 21
CharAt(CONST_1)_13_ == CharAt(CONST_5)_8_ &&
CharAt(CONST_1)_13_ != CharAt(CONST_4)_7_ &&
CharAt(CONST_1)_13_ != CharAt(CONST_3)_6_ &&
CharAt(CONST_1)_13_ != CharAt(CONST_2)_5_ &&
CharAt(CONST_1)_13_ != CharAt(CONST_1)_4_ &&
CharAt(CONST_1)_13_ != CharAt(CONST_0)_3_ &&
CONST_1 < Length_0_ &&
CONST_6 >= Length_1_ &&
CharAt(CONST_0)_2_ != CharAt(CONST_5)_8_ &&
CONST_5 < Length_1_ &&
CharAt(CONST_0)_2_ != CharAt(CONST_4)_7_ &&
CONST_4 < Length_1_ &&
CharAt(CONST_0)_2_ != CharAt(CONST_3)_6_ &&
CONST_3 < Length_1_ &&
CharAt(CONST_0)_2_ != CharAt(CONST_2)_5_ &&
CONST_2 < Length_1_ &&
CharAt(CONST_0)_2_ != CharAt(CONST_1)_4_ &&
CONST_1 < Length_1_ &&
CharAt(CONST_0)_2_ != CharAt(CONST_0)_3_ &&
CONST_0 < Length_1_ &&
CONST_0 < Length_0_ -> true

string analysis: SPC # = 0
NPC constraint # = 21
CharAt(CONST_1)_13_[0] == CharAt(CONST_5)_8_[0] &&
CharAt(CONST_1)_13_[0] != CharAt(CONST_4)_7_[1] &&
CharAt(CONST_1)_13_[0] != CharAt(CONST_3)_6_[1] &&
CharAt(CONST_1)_13_[0] != CharAt(CONST_2)_5_[1] &&
CharAt(CONST_1)_13_[0] != CharAt(CONST_1)_4_[1] &&
CharAt(CONST_1)_13_[0] != CharAt(CONST_0)_3_[1] &&
CONST_1 < Length_0_[2] &&
CONST_6 >= Length_1_[6] &&
CharAt(CONST_0)_2_[2] != CharAt(CONST_5)_8_[0] &&
CONST_5 < Length_1_[6] &&
CharAt(CONST_0)_2_[2] != CharAt(CONST_4)_7_[1] &&
CONST_4 < Length_1_[6] &&
CharAt(CONST_0)_2_[2] != CharAt(CONST_3)_6_[1] &&
CONST_3 < Length_1_[6] &&
CharAt(CONST_0)_2_[2] != CharAt(CONST_2)_5_[1] &&
CONST_2 < Length_1_[6] &&
CharAt(CONST_0)_2_[2] != CharAt(CONST_1)_4_[1] &&
CONST_1 < Length_1_[6] &&
CharAt(CONST_0)_2_[2] != CharAt(CONST_0)_3_[1] &&
CONST_0 < Length_1_[6] &&
CONST_0 < Length_0_[2]
$$$$$$$$$$$$$$$$$$$$$$$$$$$$$$$$
Calling Z3str3

current query... 
(declare-const text_1 String)
(declare-const delims_2 String)


(assert (= (str.at text_1 1) (str.at delims_2 5)))
(assert (not (= (str.at text_1 1) (str.at delims_2 4))))
(assert (not (= (str.at text_1 1) (str.at delims_2 3))))
(assert (not (= (str.at text_1 1) (str.at delims_2 2))))
(assert (not (= (str.at text_1 1) (str.at delims_2 1))))
(assert (not (= (str.at text_1 1) (str.at delims_2 0))))
(assert (< 1 (str.len text_1)))
(assert (>= 6 (str.len delims_2)))
(assert (not (= (str.at text_1 0) (str.at delims_2 5))))
(assert (< 5 (str.len delims_2)))
(assert (not (= (str.at text_1 0) (str.at delims_2 4))))
(assert (< 4 (str.len delims_2)))
(assert (not (= (str.at text_1 0) (str.at delims_2 3))))
(assert (< 3 (str.len delims_2)))
(assert (not (= (str.at text_1 0) (str.at delims_2 2))))
(assert (< 2 (str.len delims_2)))
(assert (not (= (str.at text_1 0) (str.at delims_2 1))))
(assert (< 1 (str.len delims_2)))
(assert (not (= (str.at text_1 0) (str.at delims_2 0))))
(assert (< 0 (str.len delims_2)))
(assert (< 0 (str.len text_1)))



======================
(define-fun text_1 () String
  "AB")
(define-fun delims_2 () String
  "CDEFGB")
Returned solutions: 
(define-fun text_1 () String  "AB")
(define-fun delims_2 () String  "CDEFGB")
*************************************
Satisfiable: true
text_1 => "AB"
delims_2 => "CDEFGB"
*************************************

numeric PC: constraint # = 20
CharAt(CONST_1)_13_[0] != CharAt(CONST_4)_7_[1] &&
CharAt(CONST_1)_13_[0] != CharAt(CONST_3)_6_[1] &&
CharAt(CONST_1)_13_[0] != CharAt(CONST_2)_5_[1] &&
CharAt(CONST_1)_13_[0] != CharAt(CONST_1)_4_[1] &&
CharAt(CONST_1)_13_[0] != CharAt(CONST_0)_3_[1] &&
CONST_1 < Length_0_[2] &&
CONST_6 >= Length_1_[6] &&
CharAt(CONST_0)_2_[2] != CharAt(CONST_5)_8_[0] &&
CONST_5 < Length_1_[6] &&
CharAt(CONST_0)_2_[2] != CharAt(CONST_4)_7_[1] &&
CONST_4 < Length_1_[6] &&
CharAt(CONST_0)_2_[2] != CharAt(CONST_3)_6_[1] &&
CONST_3 < Length_1_[6] &&
CharAt(CONST_0)_2_[2] != CharAt(CONST_2)_5_[1] &&
CONST_2 < Length_1_[6] &&
CharAt(CONST_0)_2_[2] != CharAt(CONST_1)_4_[1] &&
CONST_1 < Length_1_[6] &&
CharAt(CONST_0)_2_[2] != CharAt(CONST_0)_3_[1] &&
CONST_0 < Length_1_[6] &&
CONST_0 < Length_0_[2] -> true

string analysis: SPC # = 0
NPC constraint # = 20
CharAt(CONST_1)_13_[0] != CharAt(CONST_4)_7_[1] &&
CharAt(CONST_1)_13_[0] != CharAt(CONST_3)_6_[1] &&
CharAt(CONST_1)_13_[0] != CharAt(CONST_2)_5_[1] &&
CharAt(CONST_1)_13_[0] != CharAt(CONST_1)_4_[1] &&
CharAt(CONST_1)_13_[0] != CharAt(CONST_0)_3_[1] &&
CONST_1 < Length_0_[2] &&
CONST_6 >= Length_1_[6] &&
CharAt(CONST_0)_2_[0] != CharAt(CONST_5)_8_[1] &&
CONST_5 < Length_1_[6] &&
CharAt(CONST_0)_2_[0] != CharAt(CONST_4)_7_[1] &&
CONST_4 < Length_1_[6] &&
CharAt(CONST_0)_2_[0] != CharAt(CONST_3)_6_[1] &&
CONST_3 < Length_1_[6] &&
CharAt(CONST_0)_2_[0] != CharAt(CONST_2)_5_[1] &&
CONST_2 < Length_1_[6] &&
CharAt(CONST_0)_2_[0] != CharAt(CONST_1)_4_[1] &&
CONST_1 < Length_1_[6] &&
CharAt(CONST_0)_2_[0] != CharAt(CONST_0)_3_[1] &&
CONST_0 < Length_1_[6] &&
CONST_0 < Length_0_[2]
$$$$$$$$$$$$$$$$$$$$$$$$$$$$$$$$
Calling Z3str3

current query... 
(declare-const text_1 String)
(declare-const delims_2 String)


(assert (not (= (str.at text_1 1) (str.at delims_2 4))))
(assert (not (= (str.at text_1 1) (str.at delims_2 3))))
(assert (not (= (str.at text_1 1) (str.at delims_2 2))))
(assert (not (= (str.at text_1 1) (str.at delims_2 1))))
(assert (not (= (str.at text_1 1) (str.at delims_2 0))))
(assert (< 1 (str.len text_1)))
(assert (>= 6 (str.len delims_2)))
(assert (not (= (str.at text_1 0) (str.at delims_2 5))))
(assert (< 5 (str.len delims_2)))
(assert (not (= (str.at text_1 0) (str.at delims_2 4))))
(assert (< 4 (str.len delims_2)))
(assert (not (= (str.at text_1 0) (str.at delims_2 3))))
(assert (< 3 (str.len delims_2)))
(assert (not (= (str.at text_1 0) (str.at delims_2 2))))
(assert (< 2 (str.len delims_2)))
(assert (not (= (str.at text_1 0) (str.at delims_2 1))))
(assert (< 1 (str.len delims_2)))
(assert (not (= (str.at text_1 0) (str.at delims_2 0))))
(assert (< 0 (str.len delims_2)))
(assert (< 0 (str.len text_1)))



======================
(define-fun text_1 () String
  "AB")
(define-fun delims_2 () String
  "CDEFGH")
Returned solutions: 
(define-fun text_1 () String  "AB")
(define-fun delims_2 () String  "CDEFGH")
*************************************
Satisfiable: true
text_1 => "AB"
delims_2 => "CDEFGH"
*************************************

Delimiter [e] found at 1
numeric PC: constraint # = 20
CharAt(CONST_1)_13_ == CharAt(CONST_4)_7_ &&
CharAt(CONST_1)_13_ != CharAt(CONST_3)_6_ &&
CharAt(CONST_1)_13_ != CharAt(CONST_2)_5_ &&
CharAt(CONST_1)_13_ != CharAt(CONST_1)_4_ &&
CharAt(CONST_1)_13_ != CharAt(CONST_0)_3_ &&
CONST_1 < Length_0_ &&
CONST_6 >= Length_1_ &&
CharAt(CONST_0)_2_ != CharAt(CONST_5)_8_ &&
CONST_5 < Length_1_ &&
CharAt(CONST_0)_2_ != CharAt(CONST_4)_7_ &&
CONST_4 < Length_1_ &&
CharAt(CONST_0)_2_ != CharAt(CONST_3)_6_ &&
CONST_3 < Length_1_ &&
CharAt(CONST_0)_2_ != CharAt(CONST_2)_5_ &&
CONST_2 < Length_1_ &&
CharAt(CONST_0)_2_ != CharAt(CONST_1)_4_ &&
CONST_1 < Length_1_ &&
CharAt(CONST_0)_2_ != CharAt(CONST_0)_3_ &&
CONST_0 < Length_1_ &&
CONST_0 < Length_0_ -> true

string analysis: SPC # = 0
NPC constraint # = 20
CharAt(CONST_1)_13_[0] == CharAt(CONST_4)_7_[0] &&
CharAt(CONST_1)_13_[0] != CharAt(CONST_3)_6_[1] &&
CharAt(CONST_1)_13_[0] != CharAt(CONST_2)_5_[1] &&
CharAt(CONST_1)_13_[0] != CharAt(CONST_1)_4_[1] &&
CharAt(CONST_1)_13_[0] != CharAt(CONST_0)_3_[1] &&
CONST_1 < Length_0_[2] &&
CONST_6 >= Length_1_[6] &&
CharAt(CONST_0)_2_[2] != CharAt(CONST_5)_8_[0] &&
CONST_5 < Length_1_[6] &&
CharAt(CONST_0)_2_[2] != CharAt(CONST_4)_7_[0] &&
CONST_4 < Length_1_[6] &&
CharAt(CONST_0)_2_[2] != CharAt(CONST_3)_6_[1] &&
CONST_3 < Length_1_[6] &&
CharAt(CONST_0)_2_[2] != CharAt(CONST_2)_5_[1] &&
CONST_2 < Length_1_[6] &&
CharAt(CONST_0)_2_[2] != CharAt(CONST_1)_4_[1] &&
CONST_1 < Length_1_[6] &&
CharAt(CONST_0)_2_[2] != CharAt(CONST_0)_3_[1] &&
CONST_0 < Length_1_[6] &&
CONST_0 < Length_0_[2]
$$$$$$$$$$$$$$$$$$$$$$$$$$$$$$$$
Calling Z3str3

current query... 
(declare-const text_1 String)
(declare-const delims_2 String)


(assert (= (str.at text_1 1) (str.at delims_2 4)))
(assert (not (= (str.at text_1 1) (str.at delims_2 3))))
(assert (not (= (str.at text_1 1) (str.at delims_2 2))))
(assert (not (= (str.at text_1 1) (str.at delims_2 1))))
(assert (not (= (str.at text_1 1) (str.at delims_2 0))))
(assert (< 1 (str.len text_1)))
(assert (>= 6 (str.len delims_2)))
(assert (not (= (str.at text_1 0) (str.at delims_2 5))))
(assert (< 5 (str.len delims_2)))
(assert (not (= (str.at text_1 0) (str.at delims_2 4))))
(assert (< 4 (str.len delims_2)))
(assert (not (= (str.at text_1 0) (str.at delims_2 3))))
(assert (< 3 (str.len delims_2)))
(assert (not (= (str.at text_1 0) (str.at delims_2 2))))
(assert (< 2 (str.len delims_2)))
(assert (not (= (str.at text_1 0) (str.at delims_2 1))))
(assert (< 1 (str.len delims_2)))
(assert (not (= (str.at text_1 0) (str.at delims_2 0))))
(assert (< 0 (str.len delims_2)))
(assert (< 0 (str.len text_1)))



======================
(define-fun text_1 () String
  "AB")
(define-fun delims_2 () String
  "CDEFBG")
Returned solutions: 
(define-fun text_1 () String  "AB")
(define-fun delims_2 () String  "CDEFBG")
*************************************
Satisfiable: true
text_1 => "AB"
delims_2 => "CDEFBG"
*************************************

numeric PC: constraint # = 19
CharAt(CONST_1)_13_[0] != CharAt(CONST_3)_6_[1] &&
CharAt(CONST_1)_13_[0] != CharAt(CONST_2)_5_[1] &&
CharAt(CONST_1)_13_[0] != CharAt(CONST_1)_4_[1] &&
CharAt(CONST_1)_13_[0] != CharAt(CONST_0)_3_[1] &&
CONST_1 < Length_0_[2] &&
CONST_6 >= Length_1_[6] &&
CharAt(CONST_0)_2_[2] != CharAt(CONST_5)_8_[0] &&
CONST_5 < Length_1_[6] &&
CharAt(CONST_0)_2_[2] != CharAt(CONST_4)_7_[0] &&
CONST_4 < Length_1_[6] &&
CharAt(CONST_0)_2_[2] != CharAt(CONST_3)_6_[1] &&
CONST_3 < Length_1_[6] &&
CharAt(CONST_0)_2_[2] != CharAt(CONST_2)_5_[1] &&
CONST_2 < Length_1_[6] &&
CharAt(CONST_0)_2_[2] != CharAt(CONST_1)_4_[1] &&
CONST_1 < Length_1_[6] &&
CharAt(CONST_0)_2_[2] != CharAt(CONST_0)_3_[1] &&
CONST_0 < Length_1_[6] &&
CONST_0 < Length_0_[2] -> true

string analysis: SPC # = 0
NPC constraint # = 19
CharAt(CONST_1)_13_[0] != CharAt(CONST_3)_6_[1] &&
CharAt(CONST_1)_13_[0] != CharAt(CONST_2)_5_[1] &&
CharAt(CONST_1)_13_[0] != CharAt(CONST_1)_4_[1] &&
CharAt(CONST_1)_13_[0] != CharAt(CONST_0)_3_[1] &&
CONST_1 < Length_0_[2] &&
CONST_6 >= Length_1_[6] &&
CharAt(CONST_0)_2_[0] != CharAt(CONST_5)_8_[1] &&
CONST_5 < Length_1_[6] &&
CharAt(CONST_0)_2_[0] != CharAt(CONST_4)_7_[1] &&
CONST_4 < Length_1_[6] &&
CharAt(CONST_0)_2_[0] != CharAt(CONST_3)_6_[1] &&
CONST_3 < Length_1_[6] &&
CharAt(CONST_0)_2_[0] != CharAt(CONST_2)_5_[1] &&
CONST_2 < Length_1_[6] &&
CharAt(CONST_0)_2_[0] != CharAt(CONST_1)_4_[1] &&
CONST_1 < Length_1_[6] &&
CharAt(CONST_0)_2_[0] != CharAt(CONST_0)_3_[1] &&
CONST_0 < Length_1_[6] &&
CONST_0 < Length_0_[2]
$$$$$$$$$$$$$$$$$$$$$$$$$$$$$$$$
Calling Z3str3

current query... 
(declare-const text_1 String)
(declare-const delims_2 String)


(assert (not (= (str.at text_1 1) (str.at delims_2 3))))
(assert (not (= (str.at text_1 1) (str.at delims_2 2))))
(assert (not (= (str.at text_1 1) (str.at delims_2 1))))
(assert (not (= (str.at text_1 1) (str.at delims_2 0))))
(assert (< 1 (str.len text_1)))
(assert (>= 6 (str.len delims_2)))
(assert (not (= (str.at text_1 0) (str.at delims_2 5))))
(assert (< 5 (str.len delims_2)))
(assert (not (= (str.at text_1 0) (str.at delims_2 4))))
(assert (< 4 (str.len delims_2)))
(assert (not (= (str.at text_1 0) (str.at delims_2 3))))
(assert (< 3 (str.len delims_2)))
(assert (not (= (str.at text_1 0) (str.at delims_2 2))))
(assert (< 2 (str.len delims_2)))
(assert (not (= (str.at text_1 0) (str.at delims_2 1))))
(assert (< 1 (str.len delims_2)))
(assert (not (= (str.at text_1 0) (str.at delims_2 0))))
(assert (< 0 (str.len delims_2)))
(assert (< 0 (str.len text_1)))



======================
(define-fun text_1 () String
  "AB")
(define-fun delims_2 () String
  "CDEFGH")
Returned solutions: 
(define-fun text_1 () String  "AB")
(define-fun delims_2 () String  "CDEFGH")
*************************************
Satisfiable: true
text_1 => "AB"
delims_2 => "CDEFGH"
*************************************

Delimiter [e] found at 1
numeric PC: constraint # = 19
CharAt(CONST_1)_13_ == CharAt(CONST_3)_6_ &&
CharAt(CONST_1)_13_ != CharAt(CONST_2)_5_ &&
CharAt(CONST_1)_13_ != CharAt(CONST_1)_4_ &&
CharAt(CONST_1)_13_ != CharAt(CONST_0)_3_ &&
CONST_1 < Length_0_ &&
CONST_6 >= Length_1_ &&
CharAt(CONST_0)_2_ != CharAt(CONST_5)_8_ &&
CONST_5 < Length_1_ &&
CharAt(CONST_0)_2_ != CharAt(CONST_4)_7_ &&
CONST_4 < Length_1_ &&
CharAt(CONST_0)_2_ != CharAt(CONST_3)_6_ &&
CONST_3 < Length_1_ &&
CharAt(CONST_0)_2_ != CharAt(CONST_2)_5_ &&
CONST_2 < Length_1_ &&
CharAt(CONST_0)_2_ != CharAt(CONST_1)_4_ &&
CONST_1 < Length_1_ &&
CharAt(CONST_0)_2_ != CharAt(CONST_0)_3_ &&
CONST_0 < Length_1_ &&
CONST_0 < Length_0_ -> true

string analysis: SPC # = 0
NPC constraint # = 19
CharAt(CONST_1)_13_[0] == CharAt(CONST_3)_6_[0] &&
CharAt(CONST_1)_13_[0] != CharAt(CONST_2)_5_[1] &&
CharAt(CONST_1)_13_[0] != CharAt(CONST_1)_4_[1] &&
CharAt(CONST_1)_13_[0] != CharAt(CONST_0)_3_[1] &&
CONST_1 < Length_0_[2] &&
CONST_6 >= Length_1_[6] &&
CharAt(CONST_0)_2_[2] != CharAt(CONST_5)_8_[0] &&
CONST_5 < Length_1_[6] &&
CharAt(CONST_0)_2_[2] != CharAt(CONST_4)_7_[0] &&
CONST_4 < Length_1_[6] &&
CharAt(CONST_0)_2_[2] != CharAt(CONST_3)_6_[0] &&
CONST_3 < Length_1_[6] &&
CharAt(CONST_0)_2_[2] != CharAt(CONST_2)_5_[1] &&
CONST_2 < Length_1_[6] &&
CharAt(CONST_0)_2_[2] != CharAt(CONST_1)_4_[1] &&
CONST_1 < Length_1_[6] &&
CharAt(CONST_0)_2_[2] != CharAt(CONST_0)_3_[1] &&
CONST_0 < Length_1_[6] &&
CONST_0 < Length_0_[2]
$$$$$$$$$$$$$$$$$$$$$$$$$$$$$$$$
Calling Z3str3

current query... 
(declare-const text_1 String)
(declare-const delims_2 String)


(assert (= (str.at text_1 1) (str.at delims_2 3)))
(assert (not (= (str.at text_1 1) (str.at delims_2 2))))
(assert (not (= (str.at text_1 1) (str.at delims_2 1))))
(assert (not (= (str.at text_1 1) (str.at delims_2 0))))
(assert (< 1 (str.len text_1)))
(assert (>= 6 (str.len delims_2)))
(assert (not (= (str.at text_1 0) (str.at delims_2 5))))
(assert (< 5 (str.len delims_2)))
(assert (not (= (str.at text_1 0) (str.at delims_2 4))))
(assert (< 4 (str.len delims_2)))
(assert (not (= (str.at text_1 0) (str.at delims_2 3))))
(assert (< 3 (str.len delims_2)))
(assert (not (= (str.at text_1 0) (str.at delims_2 2))))
(assert (< 2 (str.len delims_2)))
(assert (not (= (str.at text_1 0) (str.at delims_2 1))))
(assert (< 1 (str.len delims_2)))
(assert (not (= (str.at text_1 0) (str.at delims_2 0))))
(assert (< 0 (str.len delims_2)))
(assert (< 0 (str.len text_1)))



======================
(define-fun text_1 () String
  "AB")
(define-fun delims_2 () String
  "CDEBFG")
Returned solutions: 
(define-fun text_1 () String  "AB")
(define-fun delims_2 () String  "CDEBFG")
*************************************
Satisfiable: true
text_1 => "AB"
delims_2 => "CDEBFG"
*************************************

numeric PC: constraint # = 18
CharAt(CONST_1)_13_[0] != CharAt(CONST_2)_5_[1] &&
CharAt(CONST_1)_13_[0] != CharAt(CONST_1)_4_[1] &&
CharAt(CONST_1)_13_[0] != CharAt(CONST_0)_3_[1] &&
CONST_1 < Length_0_[2] &&
CONST_6 >= Length_1_[6] &&
CharAt(CONST_0)_2_[2] != CharAt(CONST_5)_8_[0] &&
CONST_5 < Length_1_[6] &&
CharAt(CONST_0)_2_[2] != CharAt(CONST_4)_7_[0] &&
CONST_4 < Length_1_[6] &&
CharAt(CONST_0)_2_[2] != CharAt(CONST_3)_6_[0] &&
CONST_3 < Length_1_[6] &&
CharAt(CONST_0)_2_[2] != CharAt(CONST_2)_5_[1] &&
CONST_2 < Length_1_[6] &&
CharAt(CONST_0)_2_[2] != CharAt(CONST_1)_4_[1] &&
CONST_1 < Length_1_[6] &&
CharAt(CONST_0)_2_[2] != CharAt(CONST_0)_3_[1] &&
CONST_0 < Length_1_[6] &&
CONST_0 < Length_0_[2] -> true

string analysis: SPC # = 0
NPC constraint # = 18
CharAt(CONST_1)_13_[0] != CharAt(CONST_2)_5_[1] &&
CharAt(CONST_1)_13_[0] != CharAt(CONST_1)_4_[1] &&
CharAt(CONST_1)_13_[0] != CharAt(CONST_0)_3_[1] &&
CONST_1 < Length_0_[2] &&
CONST_6 >= Length_1_[6] &&
CharAt(CONST_0)_2_[0] != CharAt(CONST_5)_8_[1] &&
CONST_5 < Length_1_[6] &&
CharAt(CONST_0)_2_[0] != CharAt(CONST_4)_7_[1] &&
CONST_4 < Length_1_[6] &&
CharAt(CONST_0)_2_[0] != CharAt(CONST_3)_6_[1] &&
CONST_3 < Length_1_[6] &&
CharAt(CONST_0)_2_[0] != CharAt(CONST_2)_5_[1] &&
CONST_2 < Length_1_[6] &&
CharAt(CONST_0)_2_[0] != CharAt(CONST_1)_4_[1] &&
CONST_1 < Length_1_[6] &&
CharAt(CONST_0)_2_[0] != CharAt(CONST_0)_3_[1] &&
CONST_0 < Length_1_[6] &&
CONST_0 < Length_0_[2]
$$$$$$$$$$$$$$$$$$$$$$$$$$$$$$$$
Calling Z3str3

current query... 
(declare-const text_1 String)
(declare-const delims_2 String)


(assert (not (= (str.at text_1 1) (str.at delims_2 2))))
(assert (not (= (str.at text_1 1) (str.at delims_2 1))))
(assert (not (= (str.at text_1 1) (str.at delims_2 0))))
(assert (< 1 (str.len text_1)))
(assert (>= 6 (str.len delims_2)))
(assert (not (= (str.at text_1 0) (str.at delims_2 5))))
(assert (< 5 (str.len delims_2)))
(assert (not (= (str.at text_1 0) (str.at delims_2 4))))
(assert (< 4 (str.len delims_2)))
(assert (not (= (str.at text_1 0) (str.at delims_2 3))))
(assert (< 3 (str.len delims_2)))
(assert (not (= (str.at text_1 0) (str.at delims_2 2))))
(assert (< 2 (str.len delims_2)))
(assert (not (= (str.at text_1 0) (str.at delims_2 1))))
(assert (< 1 (str.len delims_2)))
(assert (not (= (str.at text_1 0) (str.at delims_2 0))))
(assert (< 0 (str.len delims_2)))
(assert (< 0 (str.len text_1)))



======================
(define-fun text_1 () String
  "AB")
(define-fun delims_2 () String
  "CDEFGH")
Returned solutions: 
(define-fun text_1 () String  "AB")
(define-fun delims_2 () String  "CDEFGH")
*************************************
Satisfiable: true
text_1 => "AB"
delims_2 => "CDEFGH"
*************************************

Delimiter [e] found at 1
numeric PC: constraint # = 18
CharAt(CONST_1)_13_ == CharAt(CONST_2)_5_ &&
CharAt(CONST_1)_13_ != CharAt(CONST_1)_4_ &&
CharAt(CONST_1)_13_ != CharAt(CONST_0)_3_ &&
CONST_1 < Length_0_ &&
CONST_6 >= Length_1_ &&
CharAt(CONST_0)_2_ != CharAt(CONST_5)_8_ &&
CONST_5 < Length_1_ &&
CharAt(CONST_0)_2_ != CharAt(CONST_4)_7_ &&
CONST_4 < Length_1_ &&
CharAt(CONST_0)_2_ != CharAt(CONST_3)_6_ &&
CONST_3 < Length_1_ &&
CharAt(CONST_0)_2_ != CharAt(CONST_2)_5_ &&
CONST_2 < Length_1_ &&
CharAt(CONST_0)_2_ != CharAt(CONST_1)_4_ &&
CONST_1 < Length_1_ &&
CharAt(CONST_0)_2_ != CharAt(CONST_0)_3_ &&
CONST_0 < Length_1_ &&
CONST_0 < Length_0_ -> true

string analysis: SPC # = 0
NPC constraint # = 18
CharAt(CONST_1)_13_[0] == CharAt(CONST_2)_5_[0] &&
CharAt(CONST_1)_13_[0] != CharAt(CONST_1)_4_[1] &&
CharAt(CONST_1)_13_[0] != CharAt(CONST_0)_3_[1] &&
CONST_1 < Length_0_[2] &&
CONST_6 >= Length_1_[6] &&
CharAt(CONST_0)_2_[2] != CharAt(CONST_5)_8_[0] &&
CONST_5 < Length_1_[6] &&
CharAt(CONST_0)_2_[2] != CharAt(CONST_4)_7_[0] &&
CONST_4 < Length_1_[6] &&
CharAt(CONST_0)_2_[2] != CharAt(CONST_3)_6_[0] &&
CONST_3 < Length_1_[6] &&
CharAt(CONST_0)_2_[2] != CharAt(CONST_2)_5_[0] &&
CONST_2 < Length_1_[6] &&
CharAt(CONST_0)_2_[2] != CharAt(CONST_1)_4_[1] &&
CONST_1 < Length_1_[6] &&
CharAt(CONST_0)_2_[2] != CharAt(CONST_0)_3_[1] &&
CONST_0 < Length_1_[6] &&
CONST_0 < Length_0_[2]
$$$$$$$$$$$$$$$$$$$$$$$$$$$$$$$$
Calling Z3str3

current query... 
(declare-const text_1 String)
(declare-const delims_2 String)


(assert (= (str.at text_1 1) (str.at delims_2 2)))
(assert (not (= (str.at text_1 1) (str.at delims_2 1))))
(assert (not (= (str.at text_1 1) (str.at delims_2 0))))
(assert (< 1 (str.len text_1)))
(assert (>= 6 (str.len delims_2)))
(assert (not (= (str.at text_1 0) (str.at delims_2 5))))
(assert (< 5 (str.len delims_2)))
(assert (not (= (str.at text_1 0) (str.at delims_2 4))))
(assert (< 4 (str.len delims_2)))
(assert (not (= (str.at text_1 0) (str.at delims_2 3))))
(assert (< 3 (str.len delims_2)))
(assert (not (= (str.at text_1 0) (str.at delims_2 2))))
(assert (< 2 (str.len delims_2)))
(assert (not (= (str.at text_1 0) (str.at delims_2 1))))
(assert (< 1 (str.len delims_2)))
(assert (not (= (str.at text_1 0) (str.at delims_2 0))))
(assert (< 0 (str.len delims_2)))
(assert (< 0 (str.len text_1)))



======================
(define-fun text_1 () String
  "AB")
(define-fun delims_2 () String
  "CDBEFG")
Returned solutions: 
(define-fun text_1 () String  "AB")
(define-fun delims_2 () String  "CDBEFG")
*************************************
Satisfiable: true
text_1 => "AB"
delims_2 => "CDBEFG"
*************************************

numeric PC: constraint # = 17
CharAt(CONST_1)_13_[0] != CharAt(CONST_1)_4_[1] &&
CharAt(CONST_1)_13_[0] != CharAt(CONST_0)_3_[1] &&
CONST_1 < Length_0_[2] &&
CONST_6 >= Length_1_[6] &&
CharAt(CONST_0)_2_[2] != CharAt(CONST_5)_8_[0] &&
CONST_5 < Length_1_[6] &&
CharAt(CONST_0)_2_[2] != CharAt(CONST_4)_7_[0] &&
CONST_4 < Length_1_[6] &&
CharAt(CONST_0)_2_[2] != CharAt(CONST_3)_6_[0] &&
CONST_3 < Length_1_[6] &&
CharAt(CONST_0)_2_[2] != CharAt(CONST_2)_5_[0] &&
CONST_2 < Length_1_[6] &&
CharAt(CONST_0)_2_[2] != CharAt(CONST_1)_4_[1] &&
CONST_1 < Length_1_[6] &&
CharAt(CONST_0)_2_[2] != CharAt(CONST_0)_3_[1] &&
CONST_0 < Length_1_[6] &&
CONST_0 < Length_0_[2] -> true

string analysis: SPC # = 0
NPC constraint # = 17
CharAt(CONST_1)_13_[0] != CharAt(CONST_1)_4_[1] &&
CharAt(CONST_1)_13_[0] != CharAt(CONST_0)_3_[1] &&
CONST_1 < Length_0_[2] &&
CONST_6 >= Length_1_[6] &&
CharAt(CONST_0)_2_[0] != CharAt(CONST_5)_8_[1] &&
CONST_5 < Length_1_[6] &&
CharAt(CONST_0)_2_[0] != CharAt(CONST_4)_7_[1] &&
CONST_4 < Length_1_[6] &&
CharAt(CONST_0)_2_[0] != CharAt(CONST_3)_6_[1] &&
CONST_3 < Length_1_[6] &&
CharAt(CONST_0)_2_[0] != CharAt(CONST_2)_5_[1] &&
CONST_2 < Length_1_[6] &&
CharAt(CONST_0)_2_[0] != CharAt(CONST_1)_4_[1] &&
CONST_1 < Length_1_[6] &&
CharAt(CONST_0)_2_[0] != CharAt(CONST_0)_3_[1] &&
CONST_0 < Length_1_[6] &&
CONST_0 < Length_0_[2]
$$$$$$$$$$$$$$$$$$$$$$$$$$$$$$$$
Calling Z3str3

current query... 
(declare-const text_1 String)
(declare-const delims_2 String)


(assert (not (= (str.at text_1 1) (str.at delims_2 1))))
(assert (not (= (str.at text_1 1) (str.at delims_2 0))))
(assert (< 1 (str.len text_1)))
(assert (>= 6 (str.len delims_2)))
(assert (not (= (str.at text_1 0) (str.at delims_2 5))))
(assert (< 5 (str.len delims_2)))
(assert (not (= (str.at text_1 0) (str.at delims_2 4))))
(assert (< 4 (str.len delims_2)))
(assert (not (= (str.at text_1 0) (str.at delims_2 3))))
(assert (< 3 (str.len delims_2)))
(assert (not (= (str.at text_1 0) (str.at delims_2 2))))
(assert (< 2 (str.len delims_2)))
(assert (not (= (str.at text_1 0) (str.at delims_2 1))))
(assert (< 1 (str.len delims_2)))
(assert (not (= (str.at text_1 0) (str.at delims_2 0))))
(assert (< 0 (str.len delims_2)))
(assert (< 0 (str.len text_1)))



======================
(define-fun text_1 () String
  "AB")
(define-fun delims_2 () String
  "CDEFGH")
Returned solutions: 
(define-fun text_1 () String  "AB")
(define-fun delims_2 () String  "CDEFGH")
*************************************
Satisfiable: true
text_1 => "AB"
delims_2 => "CDEFGH"
*************************************

Delimiter [e] found at 1
numeric PC: constraint # = 17
CharAt(CONST_1)_13_ == CharAt(CONST_1)_4_ &&
CharAt(CONST_1)_13_ != CharAt(CONST_0)_3_ &&
CONST_1 < Length_0_ &&
CONST_6 >= Length_1_ &&
CharAt(CONST_0)_2_ != CharAt(CONST_5)_8_ &&
CONST_5 < Length_1_ &&
CharAt(CONST_0)_2_ != CharAt(CONST_4)_7_ &&
CONST_4 < Length_1_ &&
CharAt(CONST_0)_2_ != CharAt(CONST_3)_6_ &&
CONST_3 < Length_1_ &&
CharAt(CONST_0)_2_ != CharAt(CONST_2)_5_ &&
CONST_2 < Length_1_ &&
CharAt(CONST_0)_2_ != CharAt(CONST_1)_4_ &&
CONST_1 < Length_1_ &&
CharAt(CONST_0)_2_ != CharAt(CONST_0)_3_ &&
CONST_0 < Length_1_ &&
CONST_0 < Length_0_ -> true

string analysis: SPC # = 0
NPC constraint # = 17
CharAt(CONST_1)_13_[0] == CharAt(CONST_1)_4_[0] &&
CharAt(CONST_1)_13_[0] != CharAt(CONST_0)_3_[1] &&
CONST_1 < Length_0_[2] &&
CONST_6 >= Length_1_[6] &&
CharAt(CONST_0)_2_[2] != CharAt(CONST_5)_8_[0] &&
CONST_5 < Length_1_[6] &&
CharAt(CONST_0)_2_[2] != CharAt(CONST_4)_7_[0] &&
CONST_4 < Length_1_[6] &&
CharAt(CONST_0)_2_[2] != CharAt(CONST_3)_6_[0] &&
CONST_3 < Length_1_[6] &&
CharAt(CONST_0)_2_[2] != CharAt(CONST_2)_5_[0] &&
CONST_2 < Length_1_[6] &&
CharAt(CONST_0)_2_[2] != CharAt(CONST_1)_4_[0] &&
CONST_1 < Length_1_[6] &&
CharAt(CONST_0)_2_[2] != CharAt(CONST_0)_3_[1] &&
CONST_0 < Length_1_[6] &&
CONST_0 < Length_0_[2]
$$$$$$$$$$$$$$$$$$$$$$$$$$$$$$$$
Calling Z3str3

current query... 
(declare-const text_1 String)
(declare-const delims_2 String)


(assert (= (str.at text_1 1) (str.at delims_2 1)))
(assert (not (= (str.at text_1 1) (str.at delims_2 0))))
(assert (< 1 (str.len text_1)))
(assert (>= 6 (str.len delims_2)))
(assert (not (= (str.at text_1 0) (str.at delims_2 5))))
(assert (< 5 (str.len delims_2)))
(assert (not (= (str.at text_1 0) (str.at delims_2 4))))
(assert (< 4 (str.len delims_2)))
(assert (not (= (str.at text_1 0) (str.at delims_2 3))))
(assert (< 3 (str.len delims_2)))
(assert (not (= (str.at text_1 0) (str.at delims_2 2))))
(assert (< 2 (str.len delims_2)))
(assert (not (= (str.at text_1 0) (str.at delims_2 1))))
(assert (< 1 (str.len delims_2)))
(assert (not (= (str.at text_1 0) (str.at delims_2 0))))
(assert (< 0 (str.len delims_2)))
(assert (< 0 (str.len text_1)))



======================
(define-fun text_1 () String
  "AB")
(define-fun delims_2 () String
  "CBDEFG")
Returned solutions: 
(define-fun text_1 () String  "AB")
(define-fun delims_2 () String  "CBDEFG")
*************************************
Satisfiable: true
text_1 => "AB"
delims_2 => "CBDEFG"
*************************************

numeric PC: constraint # = 16
CharAt(CONST_1)_13_[0] != CharAt(CONST_0)_3_[1] &&
CONST_1 < Length_0_[2] &&
CONST_6 >= Length_1_[6] &&
CharAt(CONST_0)_2_[2] != CharAt(CONST_5)_8_[0] &&
CONST_5 < Length_1_[6] &&
CharAt(CONST_0)_2_[2] != CharAt(CONST_4)_7_[0] &&
CONST_4 < Length_1_[6] &&
CharAt(CONST_0)_2_[2] != CharAt(CONST_3)_6_[0] &&
CONST_3 < Length_1_[6] &&
CharAt(CONST_0)_2_[2] != CharAt(CONST_2)_5_[0] &&
CONST_2 < Length_1_[6] &&
CharAt(CONST_0)_2_[2] != CharAt(CONST_1)_4_[0] &&
CONST_1 < Length_1_[6] &&
CharAt(CONST_0)_2_[2] != CharAt(CONST_0)_3_[1] &&
CONST_0 < Length_1_[6] &&
CONST_0 < Length_0_[2] -> true

string analysis: SPC # = 0
NPC constraint # = 16
CharAt(CONST_1)_13_[0] != CharAt(CONST_0)_3_[1] &&
CONST_1 < Length_0_[2] &&
CONST_6 >= Length_1_[6] &&
CharAt(CONST_0)_2_[0] != CharAt(CONST_5)_8_[1] &&
CONST_5 < Length_1_[6] &&
CharAt(CONST_0)_2_[0] != CharAt(CONST_4)_7_[1] &&
CONST_4 < Length_1_[6] &&
CharAt(CONST_0)_2_[0] != CharAt(CONST_3)_6_[1] &&
CONST_3 < Length_1_[6] &&
CharAt(CONST_0)_2_[0] != CharAt(CONST_2)_5_[1] &&
CONST_2 < Length_1_[6] &&
CharAt(CONST_0)_2_[0] != CharAt(CONST_1)_4_[1] &&
CONST_1 < Length_1_[6] &&
CharAt(CONST_0)_2_[0] != CharAt(CONST_0)_3_[1] &&
CONST_0 < Length_1_[6] &&
CONST_0 < Length_0_[2]
$$$$$$$$$$$$$$$$$$$$$$$$$$$$$$$$
Calling Z3str3

current query... 
(declare-const text_1 String)
(declare-const delims_2 String)


(assert (not (= (str.at text_1 1) (str.at delims_2 0))))
(assert (< 1 (str.len text_1)))
(assert (>= 6 (str.len delims_2)))
(assert (not (= (str.at text_1 0) (str.at delims_2 5))))
(assert (< 5 (str.len delims_2)))
(assert (not (= (str.at text_1 0) (str.at delims_2 4))))
(assert (< 4 (str.len delims_2)))
(assert (not (= (str.at text_1 0) (str.at delims_2 3))))
(assert (< 3 (str.len delims_2)))
(assert (not (= (str.at text_1 0) (str.at delims_2 2))))
(assert (< 2 (str.len delims_2)))
(assert (not (= (str.at text_1 0) (str.at delims_2 1))))
(assert (< 1 (str.len delims_2)))
(assert (not (= (str.at text_1 0) (str.at delims_2 0))))
(assert (< 0 (str.len delims_2)))
(assert (< 0 (str.len text_1)))



======================
(define-fun text_1 () String
  "AB")
(define-fun delims_2 () String
  "CDEFGH")
Returned solutions: 
(define-fun text_1 () String  "AB")
(define-fun delims_2 () String  "CDEFGH")
*************************************
Satisfiable: true
text_1 => "AB"
delims_2 => "CDEFGH"
*************************************

Delimiter [e] found at 1
numeric PC: constraint # = 16
CharAt(CONST_1)_13_ == CharAt(CONST_0)_3_ &&
CONST_1 < Length_0_ &&
CONST_6 >= Length_1_ &&
CharAt(CONST_0)_2_ != CharAt(CONST_5)_8_ &&
CONST_5 < Length_1_ &&
CharAt(CONST_0)_2_ != CharAt(CONST_4)_7_ &&
CONST_4 < Length_1_ &&
CharAt(CONST_0)_2_ != CharAt(CONST_3)_6_ &&
CONST_3 < Length_1_ &&
CharAt(CONST_0)_2_ != CharAt(CONST_2)_5_ &&
CONST_2 < Length_1_ &&
CharAt(CONST_0)_2_ != CharAt(CONST_1)_4_ &&
CONST_1 < Length_1_ &&
CharAt(CONST_0)_2_ != CharAt(CONST_0)_3_ &&
CONST_0 < Length_1_ &&
CONST_0 < Length_0_ -> true

string analysis: SPC # = 0
NPC constraint # = 16
CharAt(CONST_1)_13_[0] == CharAt(CONST_0)_3_[0] &&
CONST_1 < Length_0_[2] &&
CONST_6 >= Length_1_[6] &&
CharAt(CONST_0)_2_[1] != CharAt(CONST_5)_8_[0] &&
CONST_5 < Length_1_[6] &&
CharAt(CONST_0)_2_[1] != CharAt(CONST_4)_7_[0] &&
CONST_4 < Length_1_[6] &&
CharAt(CONST_0)_2_[1] != CharAt(CONST_3)_6_[0] &&
CONST_3 < Length_1_[6] &&
CharAt(CONST_0)_2_[1] != CharAt(CONST_2)_5_[0] &&
CONST_2 < Length_1_[6] &&
CharAt(CONST_0)_2_[1] != CharAt(CONST_1)_4_[0] &&
CONST_1 < Length_1_[6] &&
CharAt(CONST_0)_2_[1] != CharAt(CONST_0)_3_[0] &&
CONST_0 < Length_1_[6] &&
CONST_0 < Length_0_[2]
$$$$$$$$$$$$$$$$$$$$$$$$$$$$$$$$
Calling Z3str3

current query... 
(declare-const text_1 String)
(declare-const delims_2 String)


(assert (= (str.at text_1 1) (str.at delims_2 0)))
(assert (< 1 (str.len text_1)))
(assert (>= 6 (str.len delims_2)))
(assert (not (= (str.at text_1 0) (str.at delims_2 5))))
(assert (< 5 (str.len delims_2)))
(assert (not (= (str.at text_1 0) (str.at delims_2 4))))
(assert (< 4 (str.len delims_2)))
(assert (not (= (str.at text_1 0) (str.at delims_2 3))))
(assert (< 3 (str.len delims_2)))
(assert (not (= (str.at text_1 0) (str.at delims_2 2))))
(assert (< 2 (str.len delims_2)))
(assert (not (= (str.at text_1 0) (str.at delims_2 1))))
(assert (< 1 (str.len delims_2)))
(assert (not (= (str.at text_1 0) (str.at delims_2 0))))
(assert (< 0 (str.len delims_2)))
(assert (< 0 (str.len text_1)))



======================
(define-fun text_1 () String
  "AB")
(define-fun delims_2 () String
  "BCDEFG")
Returned solutions: 
(define-fun text_1 () String  "AB")
(define-fun delims_2 () String  "BCDEFG")
*************************************
Satisfiable: true
text_1 => "AB"
delims_2 => "BCDEFG"
*************************************

numeric PC: constraint # = 15
CONST_1 < Length_0_[2] &&
CONST_6 >= Length_1_[6] &&
CharAt(CONST_0)_2_[1] != CharAt(CONST_5)_8_[0] &&
CONST_5 < Length_1_[6] &&
CharAt(CONST_0)_2_[1] != CharAt(CONST_4)_7_[0] &&
CONST_4 < Length_1_[6] &&
CharAt(CONST_0)_2_[1] != CharAt(CONST_3)_6_[0] &&
CONST_3 < Length_1_[6] &&
CharAt(CONST_0)_2_[1] != CharAt(CONST_2)_5_[0] &&
CONST_2 < Length_1_[6] &&
CharAt(CONST_0)_2_[1] != CharAt(CONST_1)_4_[0] &&
CONST_1 < Length_1_[6] &&
CharAt(CONST_0)_2_[1] != CharAt(CONST_0)_3_[0] &&
CONST_0 < Length_1_[6] &&
CONST_0 < Length_0_[2] -> true

string analysis: SPC # = 0
NPC constraint # = 15
CONST_1 < Length_0_[2] &&
CONST_6 >= Length_1_[6] &&
CharAt(CONST_0)_2_[0] != CharAt(CONST_5)_8_[1] &&
CONST_5 < Length_1_[6] &&
CharAt(CONST_0)_2_[0] != CharAt(CONST_4)_7_[1] &&
CONST_4 < Length_1_[6] &&
CharAt(CONST_0)_2_[0] != CharAt(CONST_3)_6_[1] &&
CONST_3 < Length_1_[6] &&
CharAt(CONST_0)_2_[0] != CharAt(CONST_2)_5_[1] &&
CONST_2 < Length_1_[6] &&
CharAt(CONST_0)_2_[0] != CharAt(CONST_1)_4_[1] &&
CONST_1 < Length_1_[6] &&
CharAt(CONST_0)_2_[0] != CharAt(CONST_0)_3_[1] &&
CONST_0 < Length_1_[6] &&
CONST_0 < Length_0_[2]
$$$$$$$$$$$$$$$$$$$$$$$$$$$$$$$$
Calling Z3str3

current query... 
(declare-const text_1 String)
(declare-const delims_2 String)


(assert (< 1 (str.len text_1)))
(assert (>= 6 (str.len delims_2)))
(assert (not (= (str.at text_1 0) (str.at delims_2 5))))
(assert (< 5 (str.len delims_2)))
(assert (not (= (str.at text_1 0) (str.at delims_2 4))))
(assert (< 4 (str.len delims_2)))
(assert (not (= (str.at text_1 0) (str.at delims_2 3))))
(assert (< 3 (str.len delims_2)))
(assert (not (= (str.at text_1 0) (str.at delims_2 2))))
(assert (< 2 (str.len delims_2)))
(assert (not (= (str.at text_1 0) (str.at delims_2 1))))
(assert (< 1 (str.len delims_2)))
(assert (not (= (str.at text_1 0) (str.at delims_2 0))))
(assert (< 0 (str.len delims_2)))
(assert (< 0 (str.len text_1)))



======================
(define-fun text_1 () String
  "AH")
(define-fun delims_2 () String
  "BCDEFG")
Returned solutions: 
(define-fun text_1 () String  "AH")
(define-fun delims_2 () String  "BCDEFG")
*************************************
Satisfiable: true
text_1 => "AH"
delims_2 => "BCDEFG"
*************************************

numeric PC: constraint # = 16
Length_0_ >= CONST_12 &&
CONST_1 >= Length_0_ &&
CONST_6 >= Length_1_ &&
CharAt(CONST_0)_2_ != CharAt(CONST_5)_8_ &&
CONST_5 < Length_1_ &&
CharAt(CONST_0)_2_ != CharAt(CONST_4)_7_ &&
CONST_4 < Length_1_ &&
CharAt(CONST_0)_2_ != CharAt(CONST_3)_6_ &&
CONST_3 < Length_1_ &&
CharAt(CONST_0)_2_ != CharAt(CONST_2)_5_ &&
CONST_2 < Length_1_ &&
CharAt(CONST_0)_2_ != CharAt(CONST_1)_4_ &&
CONST_1 < Length_1_ &&
CharAt(CONST_0)_2_ != CharAt(CONST_0)_3_ &&
CONST_0 < Length_1_ &&
CONST_0 < Length_0_ -> false

### PCs: total:123 sat:103 unsat:20

numeric PC: constraint # = 16
Length_0_ < CONST_12 &&
CONST_1 >= Length_0_ &&
CONST_6 >= Length_1_ &&
CharAt(CONST_0)_2_ != CharAt(CONST_5)_8_ &&
CONST_5 < Length_1_ &&
CharAt(CONST_0)_2_ != CharAt(CONST_4)_7_ &&
CONST_4 < Length_1_ &&
CharAt(CONST_0)_2_ != CharAt(CONST_3)_6_ &&
CONST_3 < Length_1_ &&
CharAt(CONST_0)_2_ != CharAt(CONST_2)_5_ &&
CONST_2 < Length_1_ &&
CharAt(CONST_0)_2_ != CharAt(CONST_1)_4_ &&
CONST_1 < Length_1_ &&
CharAt(CONST_0)_2_ != CharAt(CONST_0)_3_ &&
CONST_0 < Length_1_ &&
CONST_0 < Length_0_ -> true

### PCs: total:124 sat:104 unsat:20

string analysis: SPC # = 0
NPC constraint # = 16
Length_0_ < CONST_12 &&
CONST_1 >= Length_0_ &&
CONST_6 >= Length_1_ &&
CharAt(CONST_0)_2_ != CharAt(CONST_5)_8_ &&
CONST_5 < Length_1_ &&
CharAt(CONST_0)_2_ != CharAt(CONST_4)_7_ &&
CONST_4 < Length_1_ &&
CharAt(CONST_0)_2_ != CharAt(CONST_3)_6_ &&
CONST_3 < Length_1_ &&
CharAt(CONST_0)_2_ != CharAt(CONST_2)_5_ &&
CONST_2 < Length_1_ &&
CharAt(CONST_0)_2_ != CharAt(CONST_1)_4_ &&
CONST_1 < Length_1_ &&
CharAt(CONST_0)_2_ != CharAt(CONST_0)_3_ &&
CONST_0 < Length_1_ &&
CONST_0 < Length_0_
$$$$$$$$$$$$$$$$$$$$$$$$$$$$$$$$
Calling Z3str3

current query... 
(declare-const text_1 String)
(declare-const delims_2 String)


(assert (< (str.len text_1) 12))
(assert (>= 1 (str.len text_1)))
(assert (>= 6 (str.len delims_2)))
(assert (not (= (str.at text_1 0) (str.at delims_2 5))))
(assert (< 5 (str.len delims_2)))
(assert (not (= (str.at text_1 0) (str.at delims_2 4))))
(assert (< 4 (str.len delims_2)))
(assert (not (= (str.at text_1 0) (str.at delims_2 3))))
(assert (< 3 (str.len delims_2)))
(assert (not (= (str.at text_1 0) (str.at delims_2 2))))
(assert (< 2 (str.len delims_2)))
(assert (not (= (str.at text_1 0) (str.at delims_2 1))))
(assert (< 1 (str.len delims_2)))
(assert (not (= (str.at text_1 0) (str.at delims_2 0))))
(assert (< 0 (str.len delims_2)))
(assert (< 0 (str.len text_1)))



======================
(define-fun text_1 () String
  "A")
(define-fun delims_2 () String
  "BCDEFG")
Returned solutions: 
(define-fun text_1 () String  "A")
(define-fun delims_2 () String  "BCDEFG")
*************************************
Satisfiable: true
text_1 => "A"
delims_2 => "BCDEFG"
*************************************

New sym int CharAt(Length_0_)_17_ min=0, max=65535
Symbolic Exp [ CONST_Delimiter [.concat(.valueof[(CharAt(Length_0_)_17_)]).concat(CONST_] found at ).concat(.valueof[(Length_0_)])]
numeric PC: constraint # = 15
CONST_1 >= Length_0_ &&
CONST_6 >= Length_1_ &&
CharAt(CONST_0)_2_ != CharAt(CONST_5)_8_ &&
CONST_5 < Length_1_ &&
CharAt(CONST_0)_2_ != CharAt(CONST_4)_7_ &&
CONST_4 < Length_1_ &&
CharAt(CONST_0)_2_ != CharAt(CONST_3)_6_ &&
CONST_3 < Length_1_ &&
CharAt(CONST_0)_2_ != CharAt(CONST_2)_5_ &&
CONST_2 < Length_1_ &&
CharAt(CONST_0)_2_ != CharAt(CONST_1)_4_ &&
CONST_1 < Length_1_ &&
CharAt(CONST_0)_2_ != CharAt(CONST_0)_3_ &&
CONST_0 < Length_1_ &&
CONST_0 < Length_0_ -> true

string analysis: SPC # = 0
NPC constraint # = 15
CONST_1 >= Length_0_[1] &&
CONST_6 >= Length_1_[6] &&
CharAt(CONST_0)_2_[0] != CharAt(CONST_5)_8_[1] &&
CONST_5 < Length_1_[6] &&
CharAt(CONST_0)_2_[0] != CharAt(CONST_4)_7_[1] &&
CONST_4 < Length_1_[6] &&
CharAt(CONST_0)_2_[0] != CharAt(CONST_3)_6_[1] &&
CONST_3 < Length_1_[6] &&
CharAt(CONST_0)_2_[0] != CharAt(CONST_2)_5_[1] &&
CONST_2 < Length_1_[6] &&
CharAt(CONST_0)_2_[0] != CharAt(CONST_1)_4_[1] &&
CONST_1 < Length_1_[6] &&
CharAt(CONST_0)_2_[0] != CharAt(CONST_0)_3_[1] &&
CONST_0 < Length_1_[6] &&
CONST_0 < Length_0_[1]
$$$$$$$$$$$$$$$$$$$$$$$$$$$$$$$$
Calling Z3str3

current query... 
(declare-const text_1 String)
(declare-const delims_2 String)


(assert (>= 1 (str.len text_1)))
(assert (>= 6 (str.len delims_2)))
(assert (not (= (str.at text_1 0) (str.at delims_2 5))))
(assert (< 5 (str.len delims_2)))
(assert (not (= (str.at text_1 0) (str.at delims_2 4))))
(assert (< 4 (str.len delims_2)))
(assert (not (= (str.at text_1 0) (str.at delims_2 3))))
(assert (< 3 (str.len delims_2)))
(assert (not (= (str.at text_1 0) (str.at delims_2 2))))
(assert (< 2 (str.len delims_2)))
(assert (not (= (str.at text_1 0) (str.at delims_2 1))))
(assert (< 1 (str.len delims_2)))
(assert (not (= (str.at text_1 0) (str.at delims_2 0))))
(assert (< 0 (str.len delims_2)))
(assert (< 0 (str.len text_1)))



======================
(define-fun text_1 () String
  "A")
(define-fun delims_2 () String
  "BCDEFG")
Returned solutions: 
(define-fun text_1 () String  "A")
(define-fun delims_2 () String  "BCDEFG")
*************************************
Satisfiable: true
text_1 => "A"
delims_2 => "BCDEFG"
*************************************

numeric PC: constraint # = 14
CONST_6 >= Length_1_[6] &&
CharAt(CONST_0)_2_[0] != CharAt(CONST_5)_8_[1] &&
CONST_5 < Length_1_[6] &&
CharAt(CONST_0)_2_[0] != CharAt(CONST_4)_7_[1] &&
CONST_4 < Length_1_[6] &&
CharAt(CONST_0)_2_[0] != CharAt(CONST_3)_6_[1] &&
CONST_3 < Length_1_[6] &&
CharAt(CONST_0)_2_[0] != CharAt(CONST_2)_5_[1] &&
CONST_2 < Length_1_[6] &&
CharAt(CONST_0)_2_[0] != CharAt(CONST_1)_4_[1] &&
CONST_1 < Length_1_[6] &&
CharAt(CONST_0)_2_[0] != CharAt(CONST_0)_3_[1] &&
CONST_0 < Length_1_[6] &&
CONST_0 < Length_0_[1] -> true

string analysis: SPC # = 0
NPC constraint # = 14
CONST_6 >= Length_1_[6] &&
CharAt(CONST_0)_2_[0] != CharAt(CONST_5)_8_[1] &&
CONST_5 < Length_1_[6] &&
CharAt(CONST_0)_2_[0] != CharAt(CONST_4)_7_[1] &&
CONST_4 < Length_1_[6] &&
CharAt(CONST_0)_2_[0] != CharAt(CONST_3)_6_[1] &&
CONST_3 < Length_1_[6] &&
CharAt(CONST_0)_2_[0] != CharAt(CONST_2)_5_[1] &&
CONST_2 < Length_1_[6] &&
CharAt(CONST_0)_2_[0] != CharAt(CONST_1)_4_[1] &&
CONST_1 < Length_1_[6] &&
CharAt(CONST_0)_2_[0] != CharAt(CONST_0)_3_[1] &&
CONST_0 < Length_1_[6] &&
CONST_0 < Length_0_[1]
$$$$$$$$$$$$$$$$$$$$$$$$$$$$$$$$
Calling Z3str3

current query... 
(declare-const delims_2 String)
(declare-const text_1 String)


(assert (>= 6 (str.len delims_2)))
(assert (not (= (str.at text_1 0) (str.at delims_2 5))))
(assert (< 5 (str.len delims_2)))
(assert (not (= (str.at text_1 0) (str.at delims_2 4))))
(assert (< 4 (str.len delims_2)))
(assert (not (= (str.at text_1 0) (str.at delims_2 3))))
(assert (< 3 (str.len delims_2)))
(assert (not (= (str.at text_1 0) (str.at delims_2 2))))
(assert (< 2 (str.len delims_2)))
(assert (not (= (str.at text_1 0) (str.at delims_2 1))))
(assert (< 1 (str.len delims_2)))
(assert (not (= (str.at text_1 0) (str.at delims_2 0))))
(assert (< 0 (str.len delims_2)))
(assert (< 0 (str.len text_1)))



======================
(define-fun text_1 () String
  "A")
(define-fun delims_2 () String
  "BCDEFG")
Returned solutions: 
(define-fun text_1 () String  "A")
(define-fun delims_2 () String  "BCDEFG")
*************************************
Satisfiable: true
text_1 => "A"
delims_2 => "BCDEFG"
*************************************

numeric PC: constraint # = 13
CharAt(CONST_0)_2_[0] != CharAt(CONST_5)_8_[1] &&
CONST_5 < Length_1_[6] &&
CharAt(CONST_0)_2_[0] != CharAt(CONST_4)_7_[1] &&
CONST_4 < Length_1_[6] &&
CharAt(CONST_0)_2_[0] != CharAt(CONST_3)_6_[1] &&
CONST_3 < Length_1_[6] &&
CharAt(CONST_0)_2_[0] != CharAt(CONST_2)_5_[1] &&
CONST_2 < Length_1_[6] &&
CharAt(CONST_0)_2_[0] != CharAt(CONST_1)_4_[1] &&
CONST_1 < Length_1_[6] &&
CharAt(CONST_0)_2_[0] != CharAt(CONST_0)_3_[1] &&
CONST_0 < Length_1_[6] &&
CONST_0 < Length_0_[1] -> true

string analysis: SPC # = 0
NPC constraint # = 13
CharAt(CONST_0)_2_[0] != CharAt(CONST_5)_8_[1] &&
CONST_5 < Length_1_[6] &&
CharAt(CONST_0)_2_[0] != CharAt(CONST_4)_7_[1] &&
CONST_4 < Length_1_[6] &&
CharAt(CONST_0)_2_[0] != CharAt(CONST_3)_6_[1] &&
CONST_3 < Length_1_[6] &&
CharAt(CONST_0)_2_[0] != CharAt(CONST_2)_5_[1] &&
CONST_2 < Length_1_[6] &&
CharAt(CONST_0)_2_[0] != CharAt(CONST_1)_4_[1] &&
CONST_1 < Length_1_[6] &&
CharAt(CONST_0)_2_[0] != CharAt(CONST_0)_3_[1] &&
CONST_0 < Length_1_[6] &&
CONST_0 < Length_0_[1]
$$$$$$$$$$$$$$$$$$$$$$$$$$$$$$$$
Calling Z3str3

current query... 
(declare-const text_1 String)
(declare-const delims_2 String)


(assert (not (= (str.at text_1 0) (str.at delims_2 5))))
(assert (< 5 (str.len delims_2)))
(assert (not (= (str.at text_1 0) (str.at delims_2 4))))
(assert (< 4 (str.len delims_2)))
(assert (not (= (str.at text_1 0) (str.at delims_2 3))))
(assert (< 3 (str.len delims_2)))
(assert (not (= (str.at text_1 0) (str.at delims_2 2))))
(assert (< 2 (str.len delims_2)))
(assert (not (= (str.at text_1 0) (str.at delims_2 1))))
(assert (< 1 (str.len delims_2)))
(assert (not (= (str.at text_1 0) (str.at delims_2 0))))
(assert (< 0 (str.len delims_2)))
(assert (< 0 (str.len text_1)))



======================
(define-fun text_1 () String
  "A")
(define-fun delims_2 () String
  "BCDEFG")
Returned solutions: 
(define-fun text_1 () String  "A")
(define-fun delims_2 () String  "BCDEFG")
*************************************
Satisfiable: true
text_1 => "A"
delims_2 => "BCDEFG"
*************************************

Delimiter [H] found at 0
numeric PC: constraint # = 13
CharAt(CONST_0)_2_ == CharAt(CONST_5)_8_ &&
CONST_5 < Length_1_ &&
CharAt(CONST_0)_2_ != CharAt(CONST_4)_7_ &&
CONST_4 < Length_1_ &&
CharAt(CONST_0)_2_ != CharAt(CONST_3)_6_ &&
CONST_3 < Length_1_ &&
CharAt(CONST_0)_2_ != CharAt(CONST_2)_5_ &&
CONST_2 < Length_1_ &&
CharAt(CONST_0)_2_ != CharAt(CONST_1)_4_ &&
CONST_1 < Length_1_ &&
CharAt(CONST_0)_2_ != CharAt(CONST_0)_3_ &&
CONST_0 < Length_1_ &&
CONST_0 < Length_0_ -> true

string analysis: SPC # = 0
NPC constraint # = 13
CharAt(CONST_0)_2_[0] == CharAt(CONST_5)_8_[0] &&
CONST_5 < Length_1_[6] &&
CharAt(CONST_0)_2_[0] != CharAt(CONST_4)_7_[1] &&
CONST_4 < Length_1_[6] &&
CharAt(CONST_0)_2_[0] != CharAt(CONST_3)_6_[1] &&
CONST_3 < Length_1_[6] &&
CharAt(CONST_0)_2_[0] != CharAt(CONST_2)_5_[1] &&
CONST_2 < Length_1_[6] &&
CharAt(CONST_0)_2_[0] != CharAt(CONST_1)_4_[1] &&
CONST_1 < Length_1_[6] &&
CharAt(CONST_0)_2_[0] != CharAt(CONST_0)_3_[1] &&
CONST_0 < Length_1_[6] &&
CONST_0 < Length_0_[1]
$$$$$$$$$$$$$$$$$$$$$$$$$$$$$$$$
Calling Z3str3

current query... 
(declare-const text_1 String)
(declare-const delims_2 String)


(assert (= (str.at text_1 0) (str.at delims_2 5)))
(assert (< 5 (str.len delims_2)))
(assert (not (= (str.at text_1 0) (str.at delims_2 4))))
(assert (< 4 (str.len delims_2)))
(assert (not (= (str.at text_1 0) (str.at delims_2 3))))
(assert (< 3 (str.len delims_2)))
(assert (not (= (str.at text_1 0) (str.at delims_2 2))))
(assert (< 2 (str.len delims_2)))
(assert (not (= (str.at text_1 0) (str.at delims_2 1))))
(assert (< 1 (str.len delims_2)))
(assert (not (= (str.at text_1 0) (str.at delims_2 0))))
(assert (< 0 (str.len delims_2)))
(assert (< 0 (str.len text_1)))



======================
(define-fun text_1 () String
  "A")
(define-fun delims_2 () String
  "BCDEFA")
Returned solutions: 
(define-fun text_1 () String  "A")
(define-fun delims_2 () String  "BCDEFA")
*************************************
Satisfiable: true
text_1 => "A"
delims_2 => "BCDEFA"
*************************************

numeric PC: constraint # = 12
CONST_5 < Length_1_[6] &&
CharAt(CONST_0)_2_[0] != CharAt(CONST_4)_7_[1] &&
CONST_4 < Length_1_[6] &&
CharAt(CONST_0)_2_[0] != CharAt(CONST_3)_6_[1] &&
CONST_3 < Length_1_[6] &&
CharAt(CONST_0)_2_[0] != CharAt(CONST_2)_5_[1] &&
CONST_2 < Length_1_[6] &&
CharAt(CONST_0)_2_[0] != CharAt(CONST_1)_4_[1] &&
CONST_1 < Length_1_[6] &&
CharAt(CONST_0)_2_[0] != CharAt(CONST_0)_3_[1] &&
CONST_0 < Length_1_[6] &&
CONST_0 < Length_0_[1] -> true

string analysis: SPC # = 0
NPC constraint # = 12
CONST_5 < Length_1_[6] &&
CharAt(CONST_0)_2_[0] != CharAt(CONST_4)_7_[1] &&
CONST_4 < Length_1_[6] &&
CharAt(CONST_0)_2_[0] != CharAt(CONST_3)_6_[1] &&
CONST_3 < Length_1_[6] &&
CharAt(CONST_0)_2_[0] != CharAt(CONST_2)_5_[1] &&
CONST_2 < Length_1_[6] &&
CharAt(CONST_0)_2_[0] != CharAt(CONST_1)_4_[1] &&
CONST_1 < Length_1_[6] &&
CharAt(CONST_0)_2_[0] != CharAt(CONST_0)_3_[1] &&
CONST_0 < Length_1_[6] &&
CONST_0 < Length_0_[1]
$$$$$$$$$$$$$$$$$$$$$$$$$$$$$$$$
Calling Z3str3

current query... 
(declare-const delims_2 String)
(declare-const text_1 String)


(assert (< 5 (str.len delims_2)))
(assert (not (= (str.at text_1 0) (str.at delims_2 4))))
(assert (< 4 (str.len delims_2)))
(assert (not (= (str.at text_1 0) (str.at delims_2 3))))
(assert (< 3 (str.len delims_2)))
(assert (not (= (str.at text_1 0) (str.at delims_2 2))))
(assert (< 2 (str.len delims_2)))
(assert (not (= (str.at text_1 0) (str.at delims_2 1))))
(assert (< 1 (str.len delims_2)))
(assert (not (= (str.at text_1 0) (str.at delims_2 0))))
(assert (< 0 (str.len delims_2)))
(assert (< 0 (str.len text_1)))



======================
(define-fun text_1 () String
  "A")
(define-fun delims_2 () String
  "BCDEFG")
Returned solutions: 
(define-fun text_1 () String  "A")
(define-fun delims_2 () String  "BCDEFG")
*************************************
Satisfiable: true
text_1 => "A"
delims_2 => "BCDEFG"
*************************************

numeric PC: constraint # = 13
CONST_1 >= Length_0_ &&
CONST_5 >= Length_1_ &&
CharAt(CONST_0)_2_ != CharAt(CONST_4)_7_ &&
CONST_4 < Length_1_ &&
CharAt(CONST_0)_2_ != CharAt(CONST_3)_6_ &&
CONST_3 < Length_1_ &&
CharAt(CONST_0)_2_ != CharAt(CONST_2)_5_ &&
CONST_2 < Length_1_ &&
CharAt(CONST_0)_2_ != CharAt(CONST_1)_4_ &&
CONST_1 < Length_1_ &&
CharAt(CONST_0)_2_ != CharAt(CONST_0)_3_ &&
CONST_0 < Length_1_ &&
CONST_0 < Length_0_ -> true

### PCs: total:125 sat:105 unsat:20

string analysis: SPC # = 0
NPC constraint # = 13
CONST_1 >= Length_0_ &&
CONST_5 >= Length_1_ &&
CharAt(CONST_0)_2_ != CharAt(CONST_4)_7_ &&
CONST_4 < Length_1_ &&
CharAt(CONST_0)_2_ != CharAt(CONST_3)_6_ &&
CONST_3 < Length_1_ &&
CharAt(CONST_0)_2_ != CharAt(CONST_2)_5_ &&
CONST_2 < Length_1_ &&
CharAt(CONST_0)_2_ != CharAt(CONST_1)_4_ &&
CONST_1 < Length_1_ &&
CharAt(CONST_0)_2_ != CharAt(CONST_0)_3_ &&
CONST_0 < Length_1_ &&
CONST_0 < Length_0_
$$$$$$$$$$$$$$$$$$$$$$$$$$$$$$$$
Calling Z3str3

current query... 
(declare-const text_1 String)
(declare-const delims_2 String)


(assert (>= 1 (str.len text_1)))
(assert (>= 5 (str.len delims_2)))
(assert (not (= (str.at text_1 0) (str.at delims_2 4))))
(assert (< 4 (str.len delims_2)))
(assert (not (= (str.at text_1 0) (str.at delims_2 3))))
(assert (< 3 (str.len delims_2)))
(assert (not (= (str.at text_1 0) (str.at delims_2 2))))
(assert (< 2 (str.len delims_2)))
(assert (not (= (str.at text_1 0) (str.at delims_2 1))))
(assert (< 1 (str.len delims_2)))
(assert (not (= (str.at text_1 0) (str.at delims_2 0))))
(assert (< 0 (str.len delims_2)))
(assert (< 0 (str.len text_1)))



======================
(define-fun text_1 () String
  "A")
(define-fun delims_2 () String
  "BCDEF")
Returned solutions: 
(define-fun text_1 () String  "A")
(define-fun delims_2 () String  "BCDEF")
*************************************
Satisfiable: true
text_1 => "A"
delims_2 => "BCDEF"
*************************************

numeric PC: constraint # = 13
CONST_1 < Length_0_ &&
CONST_5 >= Length_1_ &&
CharAt(CONST_0)_2_ != CharAt(CONST_4)_7_ &&
CONST_4 < Length_1_ &&
CharAt(CONST_0)_2_ != CharAt(CONST_3)_6_ &&
CONST_3 < Length_1_ &&
CharAt(CONST_0)_2_ != CharAt(CONST_2)_5_ &&
CONST_2 < Length_1_ &&
CharAt(CONST_0)_2_ != CharAt(CONST_1)_4_ &&
CONST_1 < Length_1_ &&
CharAt(CONST_0)_2_ != CharAt(CONST_0)_3_ &&
CONST_0 < Length_1_ &&
CONST_0 < Length_0_ -> true

### PCs: total:126 sat:106 unsat:20

string analysis: SPC # = 0
NPC constraint # = 13
CONST_1 < Length_0_ &&
CONST_5 >= Length_1_ &&
CharAt(CONST_0)_2_ != CharAt(CONST_4)_7_ &&
CONST_4 < Length_1_ &&
CharAt(CONST_0)_2_ != CharAt(CONST_3)_6_ &&
CONST_3 < Length_1_ &&
CharAt(CONST_0)_2_ != CharAt(CONST_2)_5_ &&
CONST_2 < Length_1_ &&
CharAt(CONST_0)_2_ != CharAt(CONST_1)_4_ &&
CONST_1 < Length_1_ &&
CharAt(CONST_0)_2_ != CharAt(CONST_0)_3_ &&
CONST_0 < Length_1_ &&
CONST_0 < Length_0_
$$$$$$$$$$$$$$$$$$$$$$$$$$$$$$$$
Calling Z3str3

current query... 
(declare-const text_1 String)
(declare-const delims_2 String)


(assert (< 1 (str.len text_1)))
(assert (>= 5 (str.len delims_2)))
(assert (not (= (str.at text_1 0) (str.at delims_2 4))))
(assert (< 4 (str.len delims_2)))
(assert (not (= (str.at text_1 0) (str.at delims_2 3))))
(assert (< 3 (str.len delims_2)))
(assert (not (= (str.at text_1 0) (str.at delims_2 2))))
(assert (< 2 (str.len delims_2)))
(assert (not (= (str.at text_1 0) (str.at delims_2 1))))
(assert (< 1 (str.len delims_2)))
(assert (not (= (str.at text_1 0) (str.at delims_2 0))))
(assert (< 0 (str.len delims_2)))
(assert (< 0 (str.len text_1)))



======================
(define-fun text_1 () String
  "AG")
(define-fun delims_2 () String
  "BCDEF")
Returned solutions: 
(define-fun text_1 () String  "AG")
(define-fun delims_2 () String  "BCDEF")
*************************************
Satisfiable: true
text_1 => "AG"
delims_2 => "BCDEF"
*************************************

numeric PC: constraint # = 14
CONST_0 >= Length_1_ &&
CONST_1 < Length_0_ &&
CONST_5 >= Length_1_ &&
CharAt(CONST_0)_2_ != CharAt(CONST_4)_7_ &&
CONST_4 < Length_1_ &&
CharAt(CONST_0)_2_ != CharAt(CONST_3)_6_ &&
CONST_3 < Length_1_ &&
CharAt(CONST_0)_2_ != CharAt(CONST_2)_5_ &&
CONST_2 < Length_1_ &&
CharAt(CONST_0)_2_ != CharAt(CONST_1)_4_ &&
CONST_1 < Length_1_ &&
CharAt(CONST_0)_2_ != CharAt(CONST_0)_3_ &&
CONST_0 < Length_1_ &&
CONST_0 < Length_0_ -> false

### PCs: total:127 sat:106 unsat:21

numeric PC: constraint # = 13
CONST_1 < Length_0_ &&
CONST_5 >= Length_1_ &&
CharAt(CONST_0)_2_ != CharAt(CONST_4)_7_ &&
CONST_4 < Length_1_ &&
CharAt(CONST_0)_2_ != CharAt(CONST_3)_6_ &&
CONST_3 < Length_1_ &&
CharAt(CONST_0)_2_ != CharAt(CONST_2)_5_ &&
CONST_2 < Length_1_ &&
CharAt(CONST_0)_2_ != CharAt(CONST_1)_4_ &&
CONST_1 < Length_1_ &&
CharAt(CONST_0)_2_ != CharAt(CONST_0)_3_ &&
CONST_0 < Length_1_ &&
CONST_0 < Length_0_ -> true

### PCs: total:128 sat:107 unsat:21

string analysis: SPC # = 0
NPC constraint # = 13
CONST_1 < Length_0_ &&
CONST_5 >= Length_1_ &&
CharAt(CONST_0)_2_ != CharAt(CONST_4)_7_ &&
CONST_4 < Length_1_ &&
CharAt(CONST_0)_2_ != CharAt(CONST_3)_6_ &&
CONST_3 < Length_1_ &&
CharAt(CONST_0)_2_ != CharAt(CONST_2)_5_ &&
CONST_2 < Length_1_ &&
CharAt(CONST_0)_2_ != CharAt(CONST_1)_4_ &&
CONST_1 < Length_1_ &&
CharAt(CONST_0)_2_ != CharAt(CONST_0)_3_ &&
CONST_0 < Length_1_ &&
CONST_0 < Length_0_
$$$$$$$$$$$$$$$$$$$$$$$$$$$$$$$$
Calling Z3str3

current query... 
(declare-const text_1 String)
(declare-const delims_2 String)


(assert (< 1 (str.len text_1)))
(assert (>= 5 (str.len delims_2)))
(assert (not (= (str.at text_1 0) (str.at delims_2 4))))
(assert (< 4 (str.len delims_2)))
(assert (not (= (str.at text_1 0) (str.at delims_2 3))))
(assert (< 3 (str.len delims_2)))
(assert (not (= (str.at text_1 0) (str.at delims_2 2))))
(assert (< 2 (str.len delims_2)))
(assert (not (= (str.at text_1 0) (str.at delims_2 1))))
(assert (< 1 (str.len delims_2)))
(assert (not (= (str.at text_1 0) (str.at delims_2 0))))
(assert (< 0 (str.len delims_2)))
(assert (< 0 (str.len text_1)))



======================
(define-fun text_1 () String
  "AG")
(define-fun delims_2 () String
  "BCDEF")
Returned solutions: 
(define-fun text_1 () String  "AG")
(define-fun delims_2 () String  "BCDEF")
*************************************
Satisfiable: true
text_1 => "AG"
delims_2 => "BCDEF"
*************************************

numeric PC: constraint # = 14
CharAt(CONST_1)_13_ == CharAt(CONST_0)_3_ &&
CONST_1 < Length_0_ &&
CONST_5 >= Length_1_ &&
CharAt(CONST_0)_2_ != CharAt(CONST_4)_7_ &&
CONST_4 < Length_1_ &&
CharAt(CONST_0)_2_ != CharAt(CONST_3)_6_ &&
CONST_3 < Length_1_ &&
CharAt(CONST_0)_2_ != CharAt(CONST_2)_5_ &&
CONST_2 < Length_1_ &&
CharAt(CONST_0)_2_ != CharAt(CONST_1)_4_ &&
CONST_1 < Length_1_ &&
CharAt(CONST_0)_2_ != CharAt(CONST_0)_3_ &&
CONST_0 < Length_1_ &&
CONST_0 < Length_0_ -> true

### PCs: total:129 sat:108 unsat:21

string analysis: SPC # = 0
NPC constraint # = 14
CharAt(CONST_1)_13_ == CharAt(CONST_0)_3_ &&
CONST_1 < Length_0_ &&
CONST_5 >= Length_1_ &&
CharAt(CONST_0)_2_ != CharAt(CONST_4)_7_ &&
CONST_4 < Length_1_ &&
CharAt(CONST_0)_2_ != CharAt(CONST_3)_6_ &&
CONST_3 < Length_1_ &&
CharAt(CONST_0)_2_ != CharAt(CONST_2)_5_ &&
CONST_2 < Length_1_ &&
CharAt(CONST_0)_2_ != CharAt(CONST_1)_4_ &&
CONST_1 < Length_1_ &&
CharAt(CONST_0)_2_ != CharAt(CONST_0)_3_ &&
CONST_0 < Length_1_ &&
CONST_0 < Length_0_
$$$$$$$$$$$$$$$$$$$$$$$$$$$$$$$$
Calling Z3str3

current query... 
(declare-const text_1 String)
(declare-const delims_2 String)


(assert (= (str.at text_1 1) (str.at delims_2 0)))
(assert (< 1 (str.len text_1)))
(assert (>= 5 (str.len delims_2)))
(assert (not (= (str.at text_1 0) (str.at delims_2 4))))
(assert (< 4 (str.len delims_2)))
(assert (not (= (str.at text_1 0) (str.at delims_2 3))))
(assert (< 3 (str.len delims_2)))
(assert (not (= (str.at text_1 0) (str.at delims_2 2))))
(assert (< 2 (str.len delims_2)))
(assert (not (= (str.at text_1 0) (str.at delims_2 1))))
(assert (< 1 (str.len delims_2)))
(assert (not (= (str.at text_1 0) (str.at delims_2 0))))
(assert (< 0 (str.len delims_2)))
(assert (< 0 (str.len text_1)))



======================
(define-fun text_1 () String
  "AB")
(define-fun delims_2 () String
  "BCDEF")
Returned solutions: 
(define-fun text_1 () String  "AB")
(define-fun delims_2 () String  "BCDEF")
*************************************
Satisfiable: true
text_1 => "AB"
delims_2 => "BCDEF"
*************************************

numeric PC: constraint # = 14
CharAt(CONST_1)_13_ != CharAt(CONST_0)_3_ &&
CONST_1 < Length_0_ &&
CONST_5 >= Length_1_ &&
CharAt(CONST_0)_2_ != CharAt(CONST_4)_7_ &&
CONST_4 < Length_1_ &&
CharAt(CONST_0)_2_ != CharAt(CONST_3)_6_ &&
CONST_3 < Length_1_ &&
CharAt(CONST_0)_2_ != CharAt(CONST_2)_5_ &&
CONST_2 < Length_1_ &&
CharAt(CONST_0)_2_ != CharAt(CONST_1)_4_ &&
CONST_1 < Length_1_ &&
CharAt(CONST_0)_2_ != CharAt(CONST_0)_3_ &&
CONST_0 < Length_1_ &&
CONST_0 < Length_0_ -> true

### PCs: total:130 sat:109 unsat:21

string analysis: SPC # = 0
NPC constraint # = 14
CharAt(CONST_1)_13_ != CharAt(CONST_0)_3_ &&
CONST_1 < Length_0_ &&
CONST_5 >= Length_1_ &&
CharAt(CONST_0)_2_ != CharAt(CONST_4)_7_ &&
CONST_4 < Length_1_ &&
CharAt(CONST_0)_2_ != CharAt(CONST_3)_6_ &&
CONST_3 < Length_1_ &&
CharAt(CONST_0)_2_ != CharAt(CONST_2)_5_ &&
CONST_2 < Length_1_ &&
CharAt(CONST_0)_2_ != CharAt(CONST_1)_4_ &&
CONST_1 < Length_1_ &&
CharAt(CONST_0)_2_ != CharAt(CONST_0)_3_ &&
CONST_0 < Length_1_ &&
CONST_0 < Length_0_
$$$$$$$$$$$$$$$$$$$$$$$$$$$$$$$$
Calling Z3str3

current query... 
(declare-const text_1 String)
(declare-const delims_2 String)


(assert (not (= (str.at text_1 1) (str.at delims_2 0))))
(assert (< 1 (str.len text_1)))
(assert (>= 5 (str.len delims_2)))
(assert (not (= (str.at text_1 0) (str.at delims_2 4))))
(assert (< 4 (str.len delims_2)))
(assert (not (= (str.at text_1 0) (str.at delims_2 3))))
(assert (< 3 (str.len delims_2)))
(assert (not (= (str.at text_1 0) (str.at delims_2 2))))
(assert (< 2 (str.len delims_2)))
(assert (not (= (str.at text_1 0) (str.at delims_2 1))))
(assert (< 1 (str.len delims_2)))
(assert (not (= (str.at text_1 0) (str.at delims_2 0))))
(assert (< 0 (str.len delims_2)))
(assert (< 0 (str.len text_1)))



======================
(define-fun text_1 () String
  "AB")
(define-fun delims_2 () String
  "CDEFG")
Returned solutions: 
(define-fun text_1 () String  "AB")
(define-fun delims_2 () String  "CDEFG")
*************************************
Satisfiable: true
text_1 => "AB"
delims_2 => "CDEFG"
*************************************

numeric PC: constraint # = 15
CONST_1 >= Length_1_ &&
CharAt(CONST_1)_13_ != CharAt(CONST_0)_3_ &&
CONST_1 < Length_0_ &&
CONST_5 >= Length_1_ &&
CharAt(CONST_0)_2_ != CharAt(CONST_4)_7_ &&
CONST_4 < Length_1_ &&
CharAt(CONST_0)_2_ != CharAt(CONST_3)_6_ &&
CONST_3 < Length_1_ &&
CharAt(CONST_0)_2_ != CharAt(CONST_2)_5_ &&
CONST_2 < Length_1_ &&
CharAt(CONST_0)_2_ != CharAt(CONST_1)_4_ &&
CONST_1 < Length_1_ &&
CharAt(CONST_0)_2_ != CharAt(CONST_0)_3_ &&
CONST_0 < Length_1_ &&
CONST_0 < Length_0_ -> false

### PCs: total:131 sat:109 unsat:22

numeric PC: constraint # = 14
CharAt(CONST_1)_13_ != CharAt(CONST_0)_3_ &&
CONST_1 < Length_0_ &&
CONST_5 >= Length_1_ &&
CharAt(CONST_0)_2_ != CharAt(CONST_4)_7_ &&
CONST_4 < Length_1_ &&
CharAt(CONST_0)_2_ != CharAt(CONST_3)_6_ &&
CONST_3 < Length_1_ &&
CharAt(CONST_0)_2_ != CharAt(CONST_2)_5_ &&
CONST_2 < Length_1_ &&
CharAt(CONST_0)_2_ != CharAt(CONST_1)_4_ &&
CONST_1 < Length_1_ &&
CharAt(CONST_0)_2_ != CharAt(CONST_0)_3_ &&
CONST_0 < Length_1_ &&
CONST_0 < Length_0_ -> true

### PCs: total:132 sat:110 unsat:22

string analysis: SPC # = 0
NPC constraint # = 14
CharAt(CONST_1)_13_ != CharAt(CONST_0)_3_ &&
CONST_1 < Length_0_ &&
CONST_5 >= Length_1_ &&
CharAt(CONST_0)_2_ != CharAt(CONST_4)_7_ &&
CONST_4 < Length_1_ &&
CharAt(CONST_0)_2_ != CharAt(CONST_3)_6_ &&
CONST_3 < Length_1_ &&
CharAt(CONST_0)_2_ != CharAt(CONST_2)_5_ &&
CONST_2 < Length_1_ &&
CharAt(CONST_0)_2_ != CharAt(CONST_1)_4_ &&
CONST_1 < Length_1_ &&
CharAt(CONST_0)_2_ != CharAt(CONST_0)_3_ &&
CONST_0 < Length_1_ &&
CONST_0 < Length_0_
$$$$$$$$$$$$$$$$$$$$$$$$$$$$$$$$
Calling Z3str3

Runtime(ms) :5021