Running Symbolic PathFinder ...
symbolic.dp=choco
symbolic.dp_timeout_ms=5000
symbolic.string_dp_timeout_ms=0
symbolic.string_dp_alpha=A-Z
symbolic.string_dp_alphaSize=26
symbolic.string_dp_upper=10
symbolic.string_dp_lower=1
symbolic.string_dp=z3str3
symbolic.max_pc_length=2147483647
symbolic.max_pc_msec=0
symbolic.bvlength=32
symbolic.min_int=-2147483648
symbolic.min_long=-9223372036854775808
symbolic.min_short=-32768
symbolic.min_byte=-128
symbolic.min_char=0
symbolic.max_int=2147483647
symbolic.max_long=9223372036854775807
symbolic.max_short=32767
symbolic.max_byte=127
symbolic.max_char=65535
symbolic.min_double=-1.7976931348623157E308
symbolic.max_double=1.7976931348623157E308
JavaPathfinder core system v8.0 (rev 971b2284d9c2c2f40e7985fbbe347c26faf4ed71) - (C) 2005-2014 United States Government. All rights reserved.


====================================================== system under test
strings.NaivePWCheck.main()

====================================================== search started: 11/6/25 1:02 PM
New sym int string_1_SYMSTRING.length min=-2147483648, max=2147483647
New sym int Length_0_ min=0, max=125
numeric PC: constraint # = 1
CONST_0 >= Length_0_ -> true

### PCs: total:1 sat:1 unsat:0

numeric PC: constraint # = 1
CONST_0 < Length_0_ -> true

### PCs: total:2 sat:2 unsat:0

New sym int CharAt(CONST_0)_1_ min=0, max=65535
numeric PC: constraint # = 2
CharAt(CONST_0)_1_ == CONST_112 &&
CONST_0 < Length_0_ -> true

### PCs: total:3 sat:3 unsat:0

string analysis: SPC # = 0
NPC constraint # = 2
CharAt(CONST_0)_1_ == CONST_112 &&
CONST_0 < Length_0_
$$$$$$$$$$$$$$$$$$$$$$$$$$$$$$$$
Calling Z3str3

current query... 
(declare-const string_1 String)


(assert (= (str.at string_1 0) "p"))
(assert (< 0 (str.len string_1)))



======================
(define-fun string_1 () String
  "p")
Returned solutions: 
(define-fun string_1 () String  "p")
*************************************
Satisfiable: true
string_1 => "p"
*************************************

numeric PC: constraint # = 2
CharAt(CONST_0)_1_ != CONST_112 &&
CONST_0 < Length_0_ -> true

### PCs: total:4 sat:4 unsat:0

string analysis: SPC # = 0
NPC constraint # = 2
CharAt(CONST_0)_1_ != CONST_112 &&
CONST_0 < Length_0_
$$$$$$$$$$$$$$$$$$$$$$$$$$$$$$$$
Calling Z3str3

current query... 
(declare-const string_1 String)


(assert (not (= (str.at string_1 0) "p")))
(assert (< 0 (str.len string_1)))



======================
(define-fun string_1 () String
  "A")
Returned solutions: 
(define-fun string_1 () String  "A")
*************************************
Satisfiable: true
string_1 => "A"
*************************************

Reject
numeric PC: constraint # = 2
CharAt(CONST_0)_1_ != CONST_112 &&
CONST_0 < Length_0_ -> true

string analysis: SPC # = 0
NPC constraint # = 2
CharAt(CONST_0)_1_[0] != CONST_112 &&
CONST_0 < Length_0_[1]
$$$$$$$$$$$$$$$$$$$$$$$$$$$$$$$$
Calling Z3str3

current query... 
(declare-const string_1 String)


(assert (not (= (str.at string_1 0) "p")))
(assert (< 0 (str.len string_1)))



======================
(define-fun string_1 () String
  "A")
Returned solutions: 
(define-fun string_1 () String  "A")
*************************************
Satisfiable: true
string_1 => "A"
*************************************

numeric PC: constraint # = 3
CONST_1 >= Length_0_ &&
CharAt(CONST_0)_1_ == CONST_112 &&
CONST_0 < Length_0_ -> true

### PCs: total:5 sat:5 unsat:0

string analysis: SPC # = 0
NPC constraint # = 3
CONST_1 >= Length_0_ &&
CharAt(CONST_0)_1_ == CONST_112 &&
CONST_0 < Length_0_
$$$$$$$$$$$$$$$$$$$$$$$$$$$$$$$$
Calling Z3str3

current query... 
(declare-const string_1 String)


(assert (>= 1 (str.len string_1)))
(assert (= (str.at string_1 0) "p"))
(assert (< 0 (str.len string_1)))



======================
(define-fun string_1 () String
  "p")
Returned solutions: 
(define-fun string_1 () String  "p")
*************************************
Satisfiable: true
string_1 => "p"
*************************************

numeric PC: constraint # = 3
CONST_1 < Length_0_ &&
CharAt(CONST_0)_1_ == CONST_112 &&
CONST_0 < Length_0_ -> true

### PCs: total:6 sat:6 unsat:0

string analysis: SPC # = 0
NPC constraint # = 3
CONST_1 < Length_0_ &&
CharAt(CONST_0)_1_ == CONST_112 &&
CONST_0 < Length_0_
$$$$$$$$$$$$$$$$$$$$$$$$$$$$$$$$
Calling Z3str3

current query... 
(declare-const string_1 String)


(assert (< 1 (str.len string_1)))
(assert (= (str.at string_1 0) "p"))
(assert (< 0 (str.len string_1)))



======================
(define-fun string_1 () String
  "pA")
Returned solutions: 
(define-fun string_1 () String  "pA")
*************************************
Satisfiable: true
string_1 => "pA"
*************************************

New sym int CharAt(CONST_1)_2_ min=0, max=65535
numeric PC: constraint # = 4
CharAt(CONST_1)_2_ == CONST_97 &&
CONST_1 < Length_0_ &&
CharAt(CONST_0)_1_ == CONST_112 &&
CONST_0 < Length_0_ -> true

### PCs: total:7 sat:7 unsat:0

string analysis: SPC # = 0
NPC constraint # = 4
CharAt(CONST_1)_2_ == CONST_97 &&
CONST_1 < Length_0_ &&
CharAt(CONST_0)_1_ == CONST_112 &&
CONST_0 < Length_0_
$$$$$$$$$$$$$$$$$$$$$$$$$$$$$$$$
Calling Z3str3

current query... 
(declare-const string_1 String)


(assert (= (str.at string_1 1) "a"))
(assert (< 1 (str.len string_1)))
(assert (= (str.at string_1 0) "p"))
(assert (< 0 (str.len string_1)))



======================
(define-fun string_1 () String
  "pa")
Returned solutions: 
(define-fun string_1 () String  "pa")
*************************************
Satisfiable: true
string_1 => "pa"
*************************************

numeric PC: constraint # = 4
CharAt(CONST_1)_2_ != CONST_97 &&
CONST_1 < Length_0_ &&
CharAt(CONST_0)_1_ == CONST_112 &&
CONST_0 < Length_0_ -> true

### PCs: total:8 sat:8 unsat:0

string analysis: SPC # = 0
NPC constraint # = 4
CharAt(CONST_1)_2_ != CONST_97 &&
CONST_1 < Length_0_ &&
CharAt(CONST_0)_1_ == CONST_112 &&
CONST_0 < Length_0_
$$$$$$$$$$$$$$$$$$$$$$$$$$$$$$$$
Calling Z3str3

current query... 
(declare-const string_1 String)


(assert (not (= (str.at string_1 1) "a")))
(assert (< 1 (str.len string_1)))
(assert (= (str.at string_1 0) "p"))
(assert (< 0 (str.len string_1)))



======================
(define-fun string_1 () String
  "pA")
Returned solutions: 
(define-fun string_1 () String  "pA")
*************************************
Satisfiable: true
string_1 => "pA"
*************************************

Reject
numeric PC: constraint # = 4
CharAt(CONST_1)_2_ != CONST_97 &&
CONST_1 < Length_0_ &&
CharAt(CONST_0)_1_ == CONST_112 &&
CONST_0 < Length_0_ -> true

string analysis: SPC # = 0
NPC constraint # = 4
CharAt(CONST_1)_2_[0] != CONST_97 &&
CONST_1 < Length_0_[2] &&
CharAt(CONST_0)_1_[112] == CONST_112 &&
CONST_0 < Length_0_[2]
$$$$$$$$$$$$$$$$$$$$$$$$$$$$$$$$
Calling Z3str3

current query... 
(declare-const string_1 String)


(assert (not (= (str.at string_1 1) "a")))
(assert (< 1 (str.len string_1)))
(assert (= (str.at string_1 0) "p"))
(assert (< 0 (str.len string_1)))



======================
(define-fun string_1 () String
  "pA")
Returned solutions: 
(define-fun string_1 () String  "pA")
*************************************
Satisfiable: true
string_1 => "pA"
*************************************

numeric PC: constraint # = 5
CONST_2 >= Length_0_ &&
CharAt(CONST_1)_2_ == CONST_97 &&
CONST_1 < Length_0_ &&
CharAt(CONST_0)_1_ == CONST_112 &&
CONST_0 < Length_0_ -> true

### PCs: total:9 sat:9 unsat:0

string analysis: SPC # = 0
NPC constraint # = 5
CONST_2 >= Length_0_ &&
CharAt(CONST_1)_2_ == CONST_97 &&
CONST_1 < Length_0_ &&
CharAt(CONST_0)_1_ == CONST_112 &&
CONST_0 < Length_0_
$$$$$$$$$$$$$$$$$$$$$$$$$$$$$$$$
Calling Z3str3

current query... 
(declare-const string_1 String)


(assert (>= 2 (str.len string_1)))
(assert (= (str.at string_1 1) "a"))
(assert (< 1 (str.len string_1)))
(assert (= (str.at string_1 0) "p"))
(assert (< 0 (str.len string_1)))



======================
(define-fun string_1 () String
  "pa")
Returned solutions: 
(define-fun string_1 () String  "pa")
*************************************
Satisfiable: true
string_1 => "pa"
*************************************

numeric PC: constraint # = 5
CONST_2 < Length_0_ &&
CharAt(CONST_1)_2_ == CONST_97 &&
CONST_1 < Length_0_ &&
CharAt(CONST_0)_1_ == CONST_112 &&
CONST_0 < Length_0_ -> true

### PCs: total:10 sat:10 unsat:0

string analysis: SPC # = 0
NPC constraint # = 5
CONST_2 < Length_0_ &&
CharAt(CONST_1)_2_ == CONST_97 &&
CONST_1 < Length_0_ &&
CharAt(CONST_0)_1_ == CONST_112 &&
CONST_0 < Length_0_
$$$$$$$$$$$$$$$$$$$$$$$$$$$$$$$$
Calling Z3str3

current query... 
(declare-const string_1 String)


(assert (< 2 (str.len string_1)))
(assert (= (str.at string_1 1) "a"))
(assert (< 1 (str.len string_1)))
(assert (= (str.at string_1 0) "p"))
(assert (< 0 (str.len string_1)))



======================
(define-fun string_1 () String
  "paA")
Returned solutions: 
(define-fun string_1 () String  "paA")
*************************************
Satisfiable: true
string_1 => "paA"
*************************************

New sym int CharAt(CONST_2)_3_ min=0, max=65535
numeric PC: constraint # = 6
CharAt(CONST_2)_3_ == CONST_115 &&
CONST_2 < Length_0_ &&
CharAt(CONST_1)_2_ == CONST_97 &&
CONST_1 < Length_0_ &&
CharAt(CONST_0)_1_ == CONST_112 &&
CONST_0 < Length_0_ -> true

### PCs: total:11 sat:11 unsat:0

string analysis: SPC # = 0
NPC constraint # = 6
CharAt(CONST_2)_3_ == CONST_115 &&
CONST_2 < Length_0_ &&
CharAt(CONST_1)_2_ == CONST_97 &&
CONST_1 < Length_0_ &&
CharAt(CONST_0)_1_ == CONST_112 &&
CONST_0 < Length_0_
$$$$$$$$$$$$$$$$$$$$$$$$$$$$$$$$
Calling Z3str3

current query... 
(declare-const string_1 String)


(assert (= (str.at string_1 2) "s"))
(assert (< 2 (str.len string_1)))
(assert (= (str.at string_1 1) "a"))
(assert (< 1 (str.len string_1)))
(assert (= (str.at string_1 0) "p"))
(assert (< 0 (str.len string_1)))



======================
(define-fun string_1 () String
  "pas")
Returned solutions: 
(define-fun string_1 () String  "pas")
*************************************
Satisfiable: true
string_1 => "pas"
*************************************

numeric PC: constraint # = 6
CharAt(CONST_2)_3_ != CONST_115 &&
CONST_2 < Length_0_ &&
CharAt(CONST_1)_2_ == CONST_97 &&
CONST_1 < Length_0_ &&
CharAt(CONST_0)_1_ == CONST_112 &&
CONST_0 < Length_0_ -> true

### PCs: total:12 sat:12 unsat:0

string analysis: SPC # = 0
NPC constraint # = 6
CharAt(CONST_2)_3_ != CONST_115 &&
CONST_2 < Length_0_ &&
CharAt(CONST_1)_2_ == CONST_97 &&
CONST_1 < Length_0_ &&
CharAt(CONST_0)_1_ == CONST_112 &&
CONST_0 < Length_0_
$$$$$$$$$$$$$$$$$$$$$$$$$$$$$$$$
Calling Z3str3

current query... 
(declare-const string_1 String)


(assert (not (= (str.at string_1 2) "s")))
(assert (< 2 (str.len string_1)))
(assert (= (str.at string_1 1) "a"))
(assert (< 1 (str.len string_1)))
(assert (= (str.at string_1 0) "p"))
(assert (< 0 (str.len string_1)))



======================
(define-fun string_1 () String
  "paA")
Returned solutions: 
(define-fun string_1 () String  "paA")
*************************************
Satisfiable: true
string_1 => "paA"
*************************************

Reject
numeric PC: constraint # = 6
CharAt(CONST_2)_3_ != CONST_115 &&
CONST_2 < Length_0_ &&
CharAt(CONST_1)_2_ == CONST_97 &&
CONST_1 < Length_0_ &&
CharAt(CONST_0)_1_ == CONST_112 &&
CONST_0 < Length_0_ -> true

string analysis: SPC # = 0
NPC constraint # = 6
CharAt(CONST_2)_3_[0] != CONST_115 &&
CONST_2 < Length_0_[3] &&
CharAt(CONST_1)_2_[97] == CONST_97 &&
CONST_1 < Length_0_[3] &&
CharAt(CONST_0)_1_[112] == CONST_112 &&
CONST_0 < Length_0_[3]
$$$$$$$$$$$$$$$$$$$$$$$$$$$$$$$$
Calling Z3str3

current query... 
(declare-const string_1 String)


(assert (not (= (str.at string_1 2) "s")))
(assert (< 2 (str.len string_1)))
(assert (= (str.at string_1 1) "a"))
(assert (< 1 (str.len string_1)))
(assert (= (str.at string_1 0) "p"))
(assert (< 0 (str.len string_1)))



======================
(define-fun string_1 () String
  "paA")
Returned solutions: 
(define-fun string_1 () String  "paA")
*************************************
Satisfiable: true
string_1 => "paA"
*************************************

numeric PC: constraint # = 7
CONST_3 >= Length_0_ &&
CharAt(CONST_2)_3_ == CONST_115 &&
CONST_2 < Length_0_ &&
CharAt(CONST_1)_2_ == CONST_97 &&
CONST_1 < Length_0_ &&
CharAt(CONST_0)_1_ == CONST_112 &&
CONST_0 < Length_0_ -> true

### PCs: total:13 sat:13 unsat:0

string analysis: SPC # = 0
NPC constraint # = 7
CONST_3 >= Length_0_ &&
CharAt(CONST_2)_3_ == CONST_115 &&
CONST_2 < Length_0_ &&
CharAt(CONST_1)_2_ == CONST_97 &&
CONST_1 < Length_0_ &&
CharAt(CONST_0)_1_ == CONST_112 &&
CONST_0 < Length_0_
$$$$$$$$$$$$$$$$$$$$$$$$$$$$$$$$
Calling Z3str3

current query... 
(declare-const string_1 String)


(assert (>= 3 (str.len string_1)))
(assert (= (str.at string_1 2) "s"))
(assert (< 2 (str.len string_1)))
(assert (= (str.at string_1 1) "a"))
(assert (< 1 (str.len string_1)))
(assert (= (str.at string_1 0) "p"))
(assert (< 0 (str.len string_1)))



======================
(define-fun string_1 () String
  "pas")
Returned solutions: 
(define-fun string_1 () String  "pas")
*************************************
Satisfiable: true
string_1 => "pas"
*************************************

numeric PC: constraint # = 7
CONST_3 < Length_0_ &&
CharAt(CONST_2)_3_ == CONST_115 &&
CONST_2 < Length_0_ &&
CharAt(CONST_1)_2_ == CONST_97 &&
CONST_1 < Length_0_ &&
CharAt(CONST_0)_1_ == CONST_112 &&
CONST_0 < Length_0_ -> true

### PCs: total:14 sat:14 unsat:0

string analysis: SPC # = 0
NPC constraint # = 7
CONST_3 < Length_0_ &&
CharAt(CONST_2)_3_ == CONST_115 &&
CONST_2 < Length_0_ &&
CharAt(CONST_1)_2_ == CONST_97 &&
CONST_1 < Length_0_ &&
CharAt(CONST_0)_1_ == CONST_112 &&
CONST_0 < Length_0_
$$$$$$$$$$$$$$$$$$$$$$$$$$$$$$$$
Calling Z3str3

current query... 
(declare-const string_1 String)


(assert (< 3 (str.len string_1)))
(assert (= (str.at string_1 2) "s"))
(assert (< 2 (str.len string_1)))
(assert (= (str.at string_1 1) "a"))
(assert (< 1 (str.len string_1)))
(assert (= (str.at string_1 0) "p"))
(assert (< 0 (str.len string_1)))



======================
(define-fun string_1 () String
  "pasA")
Returned solutions: 
(define-fun string_1 () String  "pasA")
*************************************
Satisfiable: true
string_1 => "pasA"
*************************************

New sym int CharAt(CONST_3)_4_ min=0, max=65535
numeric PC: constraint # = 8
CharAt(CONST_3)_4_ == CONST_115 &&
CONST_3 < Length_0_ &&
CharAt(CONST_2)_3_ == CONST_115 &&
CONST_2 < Length_0_ &&
CharAt(CONST_1)_2_ == CONST_97 &&
CONST_1 < Length_0_ &&
CharAt(CONST_0)_1_ == CONST_112 &&
CONST_0 < Length_0_ -> true

### PCs: total:15 sat:15 unsat:0

string analysis: SPC # = 0
NPC constraint # = 8
CharAt(CONST_3)_4_ == CONST_115 &&
CONST_3 < Length_0_ &&
CharAt(CONST_2)_3_ == CONST_115 &&
CONST_2 < Length_0_ &&
CharAt(CONST_1)_2_ == CONST_97 &&
CONST_1 < Length_0_ &&
CharAt(CONST_0)_1_ == CONST_112 &&
CONST_0 < Length_0_
$$$$$$$$$$$$$$$$$$$$$$$$$$$$$$$$
Calling Z3str3

current query... 
(declare-const string_1 String)


(assert (= (str.at string_1 3) "s"))
(assert (< 3 (str.len string_1)))
(assert (= (str.at string_1 2) "s"))
(assert (< 2 (str.len string_1)))
(assert (= (str.at string_1 1) "a"))
(assert (< 1 (str.len string_1)))
(assert (= (str.at string_1 0) "p"))
(assert (< 0 (str.len string_1)))



======================
(define-fun string_1 () String
  "pass")
Returned solutions: 
(define-fun string_1 () String  "pass")
*************************************
Satisfiable: true
string_1 => "pass"
*************************************

numeric PC: constraint # = 8
CharAt(CONST_3)_4_ != CONST_115 &&
CONST_3 < Length_0_ &&
CharAt(CONST_2)_3_ == CONST_115 &&
CONST_2 < Length_0_ &&
CharAt(CONST_1)_2_ == CONST_97 &&
CONST_1 < Length_0_ &&
CharAt(CONST_0)_1_ == CONST_112 &&
CONST_0 < Length_0_ -> true

### PCs: total:16 sat:16 unsat:0

string analysis: SPC # = 0
NPC constraint # = 8
CharAt(CONST_3)_4_ != CONST_115 &&
CONST_3 < Length_0_ &&
CharAt(CONST_2)_3_ == CONST_115 &&
CONST_2 < Length_0_ &&
CharAt(CONST_1)_2_ == CONST_97 &&
CONST_1 < Length_0_ &&
CharAt(CONST_0)_1_ == CONST_112 &&
CONST_0 < Length_0_
$$$$$$$$$$$$$$$$$$$$$$$$$$$$$$$$
Calling Z3str3

current query... 
(declare-const string_1 String)


(assert (not (= (str.at string_1 3) "s")))
(assert (< 3 (str.len string_1)))
(assert (= (str.at string_1 2) "s"))
(assert (< 2 (str.len string_1)))
(assert (= (str.at string_1 1) "a"))
(assert (< 1 (str.len string_1)))
(assert (= (str.at string_1 0) "p"))
(assert (< 0 (str.len string_1)))



======================
(define-fun string_1 () String
  "pasA")
Returned solutions: 
(define-fun string_1 () String  "pasA")
*************************************
Satisfiable: true
string_1 => "pasA"
*************************************

Reject
numeric PC: constraint # = 8
CharAt(CONST_3)_4_ != CONST_115 &&
CONST_3 < Length_0_ &&
CharAt(CONST_2)_3_ == CONST_115 &&
CONST_2 < Length_0_ &&
CharAt(CONST_1)_2_ == CONST_97 &&
CONST_1 < Length_0_ &&
CharAt(CONST_0)_1_ == CONST_112 &&
CONST_0 < Length_0_ -> true

string analysis: SPC # = 0
NPC constraint # = 8
CharAt(CONST_3)_4_[0] != CONST_115 &&
CONST_3 < Length_0_[4] &&
CharAt(CONST_2)_3_[115] == CONST_115 &&
CONST_2 < Length_0_[4] &&
CharAt(CONST_1)_2_[97] == CONST_97 &&
CONST_1 < Length_0_[4] &&
CharAt(CONST_0)_1_[112] == CONST_112 &&
CONST_0 < Length_0_[4]
$$$$$$$$$$$$$$$$$$$$$$$$$$$$$$$$
Calling Z3str3

current query... 
(declare-const string_1 String)


(assert (not (= (str.at string_1 3) "s")))
(assert (< 3 (str.len string_1)))
(assert (= (str.at string_1 2) "s"))
(assert (< 2 (str.len string_1)))
(assert (= (str.at string_1 1) "a"))
(assert (< 1 (str.len string_1)))
(assert (= (str.at string_1 0) "p"))
(assert (< 0 (str.len string_1)))



======================
(define-fun string_1 () String
  "pasA")
Returned solutions: 
(define-fun string_1 () String  "pasA")
*************************************
Satisfiable: true
string_1 => "pasA"
*************************************

numeric PC: constraint # = 9
CONST_4 >= Length_0_ &&
CharAt(CONST_3)_4_ == CONST_115 &&
CONST_3 < Length_0_ &&
CharAt(CONST_2)_3_ == CONST_115 &&
CONST_2 < Length_0_ &&
CharAt(CONST_1)_2_ == CONST_97 &&
CONST_1 < Length_0_ &&
CharAt(CONST_0)_1_ == CONST_112 &&
CONST_0 < Length_0_ -> true

### PCs: total:17 sat:17 unsat:0

string analysis: SPC # = 0
NPC constraint # = 9
CONST_4 >= Length_0_ &&
CharAt(CONST_3)_4_ == CONST_115 &&
CONST_3 < Length_0_ &&
CharAt(CONST_2)_3_ == CONST_115 &&
CONST_2 < Length_0_ &&
CharAt(CONST_1)_2_ == CONST_97 &&
CONST_1 < Length_0_ &&
CharAt(CONST_0)_1_ == CONST_112 &&
CONST_0 < Length_0_
$$$$$$$$$$$$$$$$$$$$$$$$$$$$$$$$
Calling Z3str3

current query... 
(declare-const string_1 String)


(assert (>= 4 (str.len string_1)))
(assert (= (str.at string_1 3) "s"))
(assert (< 3 (str.len string_1)))
(assert (= (str.at string_1 2) "s"))
(assert (< 2 (str.len string_1)))
(assert (= (str.at string_1 1) "a"))
(assert (< 1 (str.len string_1)))
(assert (= (str.at string_1 0) "p"))
(assert (< 0 (str.len string_1)))



======================
(define-fun string_1 () String
  "pass")
Returned solutions: 
(define-fun string_1 () String  "pass")
*************************************
Satisfiable: true
string_1 => "pass"
*************************************

numeric PC: constraint # = 9
CONST_4 < Length_0_ &&
CharAt(CONST_3)_4_ == CONST_115 &&
CONST_3 < Length_0_ &&
CharAt(CONST_2)_3_ == CONST_115 &&
CONST_2 < Length_0_ &&
CharAt(CONST_1)_2_ == CONST_97 &&
CONST_1 < Length_0_ &&
CharAt(CONST_0)_1_ == CONST_112 &&
CONST_0 < Length_0_ -> true

### PCs: total:18 sat:18 unsat:0

string analysis: SPC # = 0
NPC constraint # = 9
CONST_4 < Length_0_ &&
CharAt(CONST_3)_4_ == CONST_115 &&
CONST_3 < Length_0_ &&
CharAt(CONST_2)_3_ == CONST_115 &&
CONST_2 < Length_0_ &&
CharAt(CONST_1)_2_ == CONST_97 &&
CONST_1 < Length_0_ &&
CharAt(CONST_0)_1_ == CONST_112 &&
CONST_0 < Length_0_
$$$$$$$$$$$$$$$$$$$$$$$$$$$$$$$$
Calling Z3str3

current query... 
(declare-const string_1 String)


(assert (< 4 (str.len string_1)))
(assert (= (str.at string_1 3) "s"))
(assert (< 3 (str.len string_1)))
(assert (= (str.at string_1 2) "s"))
(assert (< 2 (str.len string_1)))
(assert (= (str.at string_1 1) "a"))
(assert (< 1 (str.len string_1)))
(assert (= (str.at string_1 0) "p"))
(assert (< 0 (str.len string_1)))



======================
(define-fun string_1 () String
  "passAB")
Returned solutions: 
(define-fun string_1 () String  "passAB")
*************************************
Satisfiable: true
string_1 => "passAB"
*************************************

New sym int CharAt(CONST_4)_5_ min=0, max=65535
numeric PC: constraint # = 10
CharAt(CONST_4)_5_ == CONST_119 &&
CONST_4 < Length_0_ &&
CharAt(CONST_3)_4_ == CONST_115 &&
CONST_3 < Length_0_ &&
CharAt(CONST_2)_3_ == CONST_115 &&
CONST_2 < Length_0_ &&
CharAt(CONST_1)_2_ == CONST_97 &&
CONST_1 < Length_0_ &&
CharAt(CONST_0)_1_ == CONST_112 &&
CONST_0 < Length_0_ -> true

### PCs: total:19 sat:19 unsat:0

string analysis: SPC # = 0
NPC constraint # = 10
CharAt(CONST_4)_5_ == CONST_119 &&
CONST_4 < Length_0_ &&
CharAt(CONST_3)_4_ == CONST_115 &&
CONST_3 < Length_0_ &&
CharAt(CONST_2)_3_ == CONST_115 &&
CONST_2 < Length_0_ &&
CharAt(CONST_1)_2_ == CONST_97 &&
CONST_1 < Length_0_ &&
CharAt(CONST_0)_1_ == CONST_112 &&
CONST_0 < Length_0_
$$$$$$$$$$$$$$$$$$$$$$$$$$$$$$$$
Calling Z3str3

current query... 
(declare-const string_1 String)


(assert (= (str.at string_1 4) "w"))
(assert (< 4 (str.len string_1)))
(assert (= (str.at string_1 3) "s"))
(assert (< 3 (str.len string_1)))
(assert (= (str.at string_1 2) "s"))
(assert (< 2 (str.len string_1)))
(assert (= (str.at string_1 1) "a"))
(assert (< 1 (str.len string_1)))
(assert (= (str.at string_1 0) "p"))
(assert (< 0 (str.len string_1)))



======================
(define-fun string_1 () String
  "passw")
Returned solutions: 
(define-fun string_1 () String  "passw")
*************************************
Satisfiable: true
string_1 => "passw"
*************************************

numeric PC: constraint # = 10
CharAt(CONST_4)_5_ != CONST_119 &&
CONST_4 < Length_0_ &&
CharAt(CONST_3)_4_ == CONST_115 &&
CONST_3 < Length_0_ &&
CharAt(CONST_2)_3_ == CONST_115 &&
CONST_2 < Length_0_ &&
CharAt(CONST_1)_2_ == CONST_97 &&
CONST_1 < Length_0_ &&
CharAt(CONST_0)_1_ == CONST_112 &&
CONST_0 < Length_0_ -> true

### PCs: total:20 sat:20 unsat:0

string analysis: SPC # = 0
NPC constraint # = 10
CharAt(CONST_4)_5_ != CONST_119 &&
CONST_4 < Length_0_ &&
CharAt(CONST_3)_4_ == CONST_115 &&
CONST_3 < Length_0_ &&
CharAt(CONST_2)_3_ == CONST_115 &&
CONST_2 < Length_0_ &&
CharAt(CONST_1)_2_ == CONST_97 &&
CONST_1 < Length_0_ &&
CharAt(CONST_0)_1_ == CONST_112 &&
CONST_0 < Length_0_
$$$$$$$$$$$$$$$$$$$$$$$$$$$$$$$$
Calling Z3str3

current query... 
(declare-const string_1 String)


(assert (not (= (str.at string_1 4) "w")))
(assert (< 4 (str.len string_1)))
(assert (= (str.at string_1 3) "s"))
(assert (< 3 (str.len string_1)))
(assert (= (str.at string_1 2) "s"))
(assert (< 2 (str.len string_1)))
(assert (= (str.at string_1 1) "a"))
(assert (< 1 (str.len string_1)))
(assert (= (str.at string_1 0) "p"))
(assert (< 0 (str.len string_1)))



======================
(define-fun string_1 () String
  "passA")
Returned solutions: 
(define-fun string_1 () String  "passA")
*************************************
Satisfiable: true
string_1 => "passA"
*************************************

Reject
numeric PC: constraint # = 10
CharAt(CONST_4)_5_ != CONST_119 &&
CONST_4 < Length_0_ &&
CharAt(CONST_3)_4_ == CONST_115 &&
CONST_3 < Length_0_ &&
CharAt(CONST_2)_3_ == CONST_115 &&
CONST_2 < Length_0_ &&
CharAt(CONST_1)_2_ == CONST_97 &&
CONST_1 < Length_0_ &&
CharAt(CONST_0)_1_ == CONST_112 &&
CONST_0 < Length_0_ -> true

string analysis: SPC # = 0
NPC constraint # = 10
CharAt(CONST_4)_5_[0] != CONST_119 &&
CONST_4 < Length_0_[5] &&
CharAt(CONST_3)_4_[115] == CONST_115 &&
CONST_3 < Length_0_[5] &&
CharAt(CONST_2)_3_[115] == CONST_115 &&
CONST_2 < Length_0_[5] &&
CharAt(CONST_1)_2_[97] == CONST_97 &&
CONST_1 < Length_0_[5] &&
CharAt(CONST_0)_1_[112] == CONST_112 &&
CONST_0 < Length_0_[5]
$$$$$$$$$$$$$$$$$$$$$$$$$$$$$$$$
Calling Z3str3

current query... 
(declare-const string_1 String)


(assert (not (= (str.at string_1 4) "w")))
(assert (< 4 (str.len string_1)))
(assert (= (str.at string_1 3) "s"))
(assert (< 3 (str.len string_1)))
(assert (= (str.at string_1 2) "s"))
(assert (< 2 (str.len string_1)))
(assert (= (str.at string_1 1) "a"))
(assert (< 1 (str.len string_1)))
(assert (= (str.at string_1 0) "p"))
(assert (< 0 (str.len string_1)))



======================
(define-fun string_1 () String
  "passA")
Returned solutions: 
(define-fun string_1 () String  "passA")
*************************************
Satisfiable: true
string_1 => "passA"
*************************************

numeric PC: constraint # = 11
CONST_5 >= Length_0_ &&
CharAt(CONST_4)_5_ == CONST_119 &&
CONST_4 < Length_0_ &&
CharAt(CONST_3)_4_ == CONST_115 &&
CONST_3 < Length_0_ &&
CharAt(CONST_2)_3_ == CONST_115 &&
CONST_2 < Length_0_ &&
CharAt(CONST_1)_2_ == CONST_97 &&
CONST_1 < Length_0_ &&
CharAt(CONST_0)_1_ == CONST_112 &&
CONST_0 < Length_0_ -> true

### PCs: total:21 sat:21 unsat:0

string analysis: SPC # = 0
NPC constraint # = 11
CONST_5 >= Length_0_ &&
CharAt(CONST_4)_5_ == CONST_119 &&
CONST_4 < Length_0_ &&
CharAt(CONST_3)_4_ == CONST_115 &&
CONST_3 < Length_0_ &&
CharAt(CONST_2)_3_ == CONST_115 &&
CONST_2 < Length_0_ &&
CharAt(CONST_1)_2_ == CONST_97 &&
CONST_1 < Length_0_ &&
CharAt(CONST_0)_1_ == CONST_112 &&
CONST_0 < Length_0_
$$$$$$$$$$$$$$$$$$$$$$$$$$$$$$$$
Calling Z3str3

current query... 
(declare-const string_1 String)


(assert (>= 5 (str.len string_1)))
(assert (= (str.at string_1 4) "w"))
(assert (< 4 (str.len string_1)))
(assert (= (str.at string_1 3) "s"))
(assert (< 3 (str.len string_1)))
(assert (= (str.at string_1 2) "s"))
(assert (< 2 (str.len string_1)))
(assert (= (str.at string_1 1) "a"))
(assert (< 1 (str.len string_1)))
(assert (= (str.at string_1 0) "p"))
(assert (< 0 (str.len string_1)))



======================
(define-fun string_1 () String
  "passw")
Returned solutions: 
(define-fun string_1 () String  "passw")
*************************************
Satisfiable: true
string_1 => "passw"
*************************************

numeric PC: constraint # = 11
CONST_5 < Length_0_ &&
CharAt(CONST_4)_5_ == CONST_119 &&
CONST_4 < Length_0_ &&
CharAt(CONST_3)_4_ == CONST_115 &&
CONST_3 < Length_0_ &&
CharAt(CONST_2)_3_ == CONST_115 &&
CONST_2 < Length_0_ &&
CharAt(CONST_1)_2_ == CONST_97 &&
CONST_1 < Length_0_ &&
CharAt(CONST_0)_1_ == CONST_112 &&
CONST_0 < Length_0_ -> true

### PCs: total:22 sat:22 unsat:0

string analysis: SPC # = 0
NPC constraint # = 11
CONST_5 < Length_0_ &&
CharAt(CONST_4)_5_ == CONST_119 &&
CONST_4 < Length_0_ &&
CharAt(CONST_3)_4_ == CONST_115 &&
CONST_3 < Length_0_ &&
CharAt(CONST_2)_3_ == CONST_115 &&
CONST_2 < Length_0_ &&
CharAt(CONST_1)_2_ == CONST_97 &&
CONST_1 < Length_0_ &&
CharAt(CONST_0)_1_ == CONST_112 &&
CONST_0 < Length_0_
$$$$$$$$$$$$$$$$$$$$$$$$$$$$$$$$
Calling Z3str3

current query... 
(declare-const string_1 String)


(assert (< 5 (str.len string_1)))
(assert (= (str.at string_1 4) "w"))
(assert (< 4 (str.len string_1)))
(assert (= (str.at string_1 3) "s"))
(assert (< 3 (str.len string_1)))
(assert (= (str.at string_1 2) "s"))
(assert (< 2 (str.len string_1)))
(assert (= (str.at string_1 1) "a"))
(assert (< 1 (str.len string_1)))
(assert (= (str.at string_1 0) "p"))
(assert (< 0 (str.len string_1)))



======================
(define-fun string_1 () String
  "passwA")
Returned solutions: 
(define-fun string_1 () String  "passwA")
*************************************
Satisfiable: true
string_1 => "passwA"
*************************************

New sym int CharAt(CONST_5)_6_ min=0, max=65535
numeric PC: constraint # = 12
CharAt(CONST_5)_6_ == CONST_111 &&
CONST_5 < Length_0_ &&
CharAt(CONST_4)_5_ == CONST_119 &&
CONST_4 < Length_0_ &&
CharAt(CONST_3)_4_ == CONST_115 &&
CONST_3 < Length_0_ &&
CharAt(CONST_2)_3_ == CONST_115 &&
CONST_2 < Length_0_ &&
CharAt(CONST_1)_2_ == CONST_97 &&
CONST_1 < Length_0_ &&
CharAt(CONST_0)_1_ == CONST_112 &&
CONST_0 < Length_0_ -> true

### PCs: total:23 sat:23 unsat:0

string analysis: SPC # = 0
NPC constraint # = 12
CharAt(CONST_5)_6_ == CONST_111 &&
CONST_5 < Length_0_ &&
CharAt(CONST_4)_5_ == CONST_119 &&
CONST_4 < Length_0_ &&
CharAt(CONST_3)_4_ == CONST_115 &&
CONST_3 < Length_0_ &&
CharAt(CONST_2)_3_ == CONST_115 &&
CONST_2 < Length_0_ &&
CharAt(CONST_1)_2_ == CONST_97 &&
CONST_1 < Length_0_ &&
CharAt(CONST_0)_1_ == CONST_112 &&
CONST_0 < Length_0_
$$$$$$$$$$$$$$$$$$$$$$$$$$$$$$$$
Calling Z3str3

current query... 
(declare-const string_1 String)


(assert (= (str.at string_1 5) "o"))
(assert (< 5 (str.len string_1)))
(assert (= (str.at string_1 4) "w"))
(assert (< 4 (str.len string_1)))
(assert (= (str.at string_1 3) "s"))
(assert (< 3 (str.len string_1)))
(assert (= (str.at string_1 2) "s"))
(assert (< 2 (str.len string_1)))
(assert (= (str.at string_1 1) "a"))
(assert (< 1 (str.len string_1)))
(assert (= (str.at string_1 0) "p"))
(assert (< 0 (str.len string_1)))



======================
(define-fun string_1 () String
  "passwo")
Returned solutions: 
(define-fun string_1 () String  "passwo")
*************************************
Satisfiable: true
string_1 => "passwo"
*************************************

numeric PC: constraint # = 12
CharAt(CONST_5)_6_ != CONST_111 &&
CONST_5 < Length_0_ &&
CharAt(CONST_4)_5_ == CONST_119 &&
CONST_4 < Length_0_ &&
CharAt(CONST_3)_4_ == CONST_115 &&
CONST_3 < Length_0_ &&
CharAt(CONST_2)_3_ == CONST_115 &&
CONST_2 < Length_0_ &&
CharAt(CONST_1)_2_ == CONST_97 &&
CONST_1 < Length_0_ &&
CharAt(CONST_0)_1_ == CONST_112 &&
CONST_0 < Length_0_ -> true

### PCs: total:24 sat:24 unsat:0

string analysis: SPC # = 0
NPC constraint # = 12
CharAt(CONST_5)_6_ != CONST_111 &&
CONST_5 < Length_0_ &&
CharAt(CONST_4)_5_ == CONST_119 &&
CONST_4 < Length_0_ &&
CharAt(CONST_3)_4_ == CONST_115 &&
CONST_3 < Length_0_ &&
CharAt(CONST_2)_3_ == CONST_115 &&
CONST_2 < Length_0_ &&
CharAt(CONST_1)_2_ == CONST_97 &&
CONST_1 < Length_0_ &&
CharAt(CONST_0)_1_ == CONST_112 &&
CONST_0 < Length_0_
$$$$$$$$$$$$$$$$$$$$$$$$$$$$$$$$
Calling Z3str3

current query... 
(declare-const string_1 String)


(assert (not (= (str.at string_1 5) "o")))
(assert (< 5 (str.len string_1)))
(assert (= (str.at string_1 4) "w"))
(assert (< 4 (str.len string_1)))
(assert (= (str.at string_1 3) "s"))
(assert (< 3 (str.len string_1)))
(assert (= (str.at string_1 2) "s"))
(assert (< 2 (str.len string_1)))
(assert (= (str.at string_1 1) "a"))
(assert (< 1 (str.len string_1)))
(assert (= (str.at string_1 0) "p"))
(assert (< 0 (str.len string_1)))



======================
(define-fun string_1 () String
  "passwA")
Returned solutions: 
(define-fun string_1 () String  "passwA")
*************************************
Satisfiable: true
string_1 => "passwA"
*************************************

Reject
numeric PC: constraint # = 12
CharAt(CONST_5)_6_ != CONST_111 &&
CONST_5 < Length_0_ &&
CharAt(CONST_4)_5_ == CONST_119 &&
CONST_4 < Length_0_ &&
CharAt(CONST_3)_4_ == CONST_115 &&
CONST_3 < Length_0_ &&
CharAt(CONST_2)_3_ == CONST_115 &&
CONST_2 < Length_0_ &&
CharAt(CONST_1)_2_ == CONST_97 &&
CONST_1 < Length_0_ &&
CharAt(CONST_0)_1_ == CONST_112 &&
CONST_0 < Length_0_ -> true

string analysis: SPC # = 0
NPC constraint # = 12
CharAt(CONST_5)_6_[0] != CONST_111 &&
CONST_5 < Length_0_[6] &&
CharAt(CONST_4)_5_[119] == CONST_119 &&
CONST_4 < Length_0_[6] &&
CharAt(CONST_3)_4_[115] == CONST_115 &&
CONST_3 < Length_0_[6] &&
CharAt(CONST_2)_3_[115] == CONST_115 &&
CONST_2 < Length_0_[6] &&
CharAt(CONST_1)_2_[97] == CONST_97 &&
CONST_1 < Length_0_[6] &&
CharAt(CONST_0)_1_[112] == CONST_112 &&
CONST_0 < Length_0_[6]
$$$$$$$$$$$$$$$$$$$$$$$$$$$$$$$$
Calling Z3str3

current query... 
(declare-const string_1 String)


(assert (not (= (str.at string_1 5) "o")))
(assert (< 5 (str.len string_1)))
(assert (= (str.at string_1 4) "w"))
(assert (< 4 (str.len string_1)))
(assert (= (str.at string_1 3) "s"))
(assert (< 3 (str.len string_1)))
(assert (= (str.at string_1 2) "s"))
(assert (< 2 (str.len string_1)))
(assert (= (str.at string_1 1) "a"))
(assert (< 1 (str.len string_1)))
(assert (= (str.at string_1 0) "p"))
(assert (< 0 (str.len string_1)))



======================
(define-fun string_1 () String
  "passwA")
Returned solutions: 
(define-fun string_1 () String  "passwA")
*************************************
Satisfiable: true
string_1 => "passwA"
*************************************

numeric PC: constraint # = 13
CONST_6 >= Length_0_ &&
CharAt(CONST_5)_6_ == CONST_111 &&
CONST_5 < Length_0_ &&
CharAt(CONST_4)_5_ == CONST_119 &&
CONST_4 < Length_0_ &&
CharAt(CONST_3)_4_ == CONST_115 &&
CONST_3 < Length_0_ &&
CharAt(CONST_2)_3_ == CONST_115 &&
CONST_2 < Length_0_ &&
CharAt(CONST_1)_2_ == CONST_97 &&
CONST_1 < Length_0_ &&
CharAt(CONST_0)_1_ == CONST_112 &&
CONST_0 < Length_0_ -> true

### PCs: total:25 sat:25 unsat:0

string analysis: SPC # = 0
NPC constraint # = 13
CONST_6 >= Length_0_ &&
CharAt(CONST_5)_6_ == CONST_111 &&
CONST_5 < Length_0_ &&
CharAt(CONST_4)_5_ == CONST_119 &&
CONST_4 < Length_0_ &&
CharAt(CONST_3)_4_ == CONST_115 &&
CONST_3 < Length_0_ &&
CharAt(CONST_2)_3_ == CONST_115 &&
CONST_2 < Length_0_ &&
CharAt(CONST_1)_2_ == CONST_97 &&
CONST_1 < Length_0_ &&
CharAt(CONST_0)_1_ == CONST_112 &&
CONST_0 < Length_0_
$$$$$$$$$$$$$$$$$$$$$$$$$$$$$$$$
Calling Z3str3

current query... 
(declare-const string_1 String)


(assert (>= 6 (str.len string_1)))
(assert (= (str.at string_1 5) "o"))
(assert (< 5 (str.len string_1)))
(assert (= (str.at string_1 4) "w"))
(assert (< 4 (str.len string_1)))
(assert (= (str.at string_1 3) "s"))
(assert (< 3 (str.len string_1)))
(assert (= (str.at string_1 2) "s"))
(assert (< 2 (str.len string_1)))
(assert (= (str.at string_1 1) "a"))
(assert (< 1 (str.len string_1)))
(assert (= (str.at string_1 0) "p"))
(assert (< 0 (str.len string_1)))



======================
(define-fun string_1 () String
  "passwo")
Returned solutions: 
(define-fun string_1 () String  "passwo")
*************************************
Satisfiable: true
string_1 => "passwo"
*************************************

numeric PC: constraint # = 13
CONST_6 < Length_0_ &&
CharAt(CONST_5)_6_ == CONST_111 &&
CONST_5 < Length_0_ &&
CharAt(CONST_4)_5_ == CONST_119 &&
CONST_4 < Length_0_ &&
CharAt(CONST_3)_4_ == CONST_115 &&
CONST_3 < Length_0_ &&
CharAt(CONST_2)_3_ == CONST_115 &&
CONST_2 < Length_0_ &&
CharAt(CONST_1)_2_ == CONST_97 &&
CONST_1 < Length_0_ &&
CharAt(CONST_0)_1_ == CONST_112 &&
CONST_0 < Length_0_ -> true

### PCs: total:26 sat:26 unsat:0

string analysis: SPC # = 0
NPC constraint # = 13
CONST_6 < Length_0_ &&
CharAt(CONST_5)_6_ == CONST_111 &&
CONST_5 < Length_0_ &&
CharAt(CONST_4)_5_ == CONST_119 &&
CONST_4 < Length_0_ &&
CharAt(CONST_3)_4_ == CONST_115 &&
CONST_3 < Length_0_ &&
CharAt(CONST_2)_3_ == CONST_115 &&
CONST_2 < Length_0_ &&
CharAt(CONST_1)_2_ == CONST_97 &&
CONST_1 < Length_0_ &&
CharAt(CONST_0)_1_ == CONST_112 &&
CONST_0 < Length_0_
$$$$$$$$$$$$$$$$$$$$$$$$$$$$$$$$
Calling Z3str3

current query... 
(declare-const string_1 String)


(assert (< 6 (str.len string_1)))
(assert (= (str.at string_1 5) "o"))
(assert (< 5 (str.len string_1)))
(assert (= (str.at string_1 4) "w"))
(assert (< 4 (str.len string_1)))
(assert (= (str.at string_1 3) "s"))
(assert (< 3 (str.len string_1)))
(assert (= (str.at string_1 2) "s"))
(assert (< 2 (str.len string_1)))
(assert (= (str.at string_1 1) "a"))
(assert (< 1 (str.len string_1)))
(assert (= (str.at string_1 0) "p"))
(assert (< 0 (str.len string_1)))



======================
(define-fun string_1 () String
  "passwoA")
Returned solutions: 
(define-fun string_1 () String  "passwoA")
*************************************
Satisfiable: true
string_1 => "passwoA"
*************************************

New sym int CharAt(CONST_6)_7_ min=0, max=65535
numeric PC: constraint # = 14
CharAt(CONST_6)_7_ == CONST_114 &&
CONST_6 < Length_0_ &&
CharAt(CONST_5)_6_ == CONST_111 &&
CONST_5 < Length_0_ &&
CharAt(CONST_4)_5_ == CONST_119 &&
CONST_4 < Length_0_ &&
CharAt(CONST_3)_4_ == CONST_115 &&
CONST_3 < Length_0_ &&
CharAt(CONST_2)_3_ == CONST_115 &&
CONST_2 < Length_0_ &&
CharAt(CONST_1)_2_ == CONST_97 &&
CONST_1 < Length_0_ &&
CharAt(CONST_0)_1_ == CONST_112 &&
CONST_0 < Length_0_ -> true

### PCs: total:27 sat:27 unsat:0

string analysis: SPC # = 0
NPC constraint # = 14
CharAt(CONST_6)_7_ == CONST_114 &&
CONST_6 < Length_0_ &&
CharAt(CONST_5)_6_ == CONST_111 &&
CONST_5 < Length_0_ &&
CharAt(CONST_4)_5_ == CONST_119 &&
CONST_4 < Length_0_ &&
CharAt(CONST_3)_4_ == CONST_115 &&
CONST_3 < Length_0_ &&
CharAt(CONST_2)_3_ == CONST_115 &&
CONST_2 < Length_0_ &&
CharAt(CONST_1)_2_ == CONST_97 &&
CONST_1 < Length_0_ &&
CharAt(CONST_0)_1_ == CONST_112 &&
CONST_0 < Length_0_
$$$$$$$$$$$$$$$$$$$$$$$$$$$$$$$$
Calling Z3str3

current query... 
(declare-const string_1 String)


(assert (= (str.at string_1 6) "r"))
(assert (< 6 (str.len string_1)))
(assert (= (str.at string_1 5) "o"))
(assert (< 5 (str.len string_1)))
(assert (= (str.at string_1 4) "w"))
(assert (< 4 (str.len string_1)))
(assert (= (str.at string_1 3) "s"))
(assert (< 3 (str.len string_1)))
(assert (= (str.at string_1 2) "s"))
(assert (< 2 (str.len string_1)))
(assert (= (str.at string_1 1) "a"))
(assert (< 1 (str.len string_1)))
(assert (= (str.at string_1 0) "p"))
(assert (< 0 (str.len string_1)))



======================
(define-fun string_1 () String
  "passwor")
Returned solutions: 
(define-fun string_1 () String  "passwor")
*************************************
Satisfiable: true
string_1 => "passwor"
*************************************

numeric PC: constraint # = 14
CharAt(CONST_6)_7_ != CONST_114 &&
CONST_6 < Length_0_ &&
CharAt(CONST_5)_6_ == CONST_111 &&
CONST_5 < Length_0_ &&
CharAt(CONST_4)_5_ == CONST_119 &&
CONST_4 < Length_0_ &&
CharAt(CONST_3)_4_ == CONST_115 &&
CONST_3 < Length_0_ &&
CharAt(CONST_2)_3_ == CONST_115 &&
CONST_2 < Length_0_ &&
CharAt(CONST_1)_2_ == CONST_97 &&
CONST_1 < Length_0_ &&
CharAt(CONST_0)_1_ == CONST_112 &&
CONST_0 < Length_0_ -> true

### PCs: total:28 sat:28 unsat:0

string analysis: SPC # = 0
NPC constraint # = 14
CharAt(CONST_6)_7_ != CONST_114 &&
CONST_6 < Length_0_ &&
CharAt(CONST_5)_6_ == CONST_111 &&
CONST_5 < Length_0_ &&
CharAt(CONST_4)_5_ == CONST_119 &&
CONST_4 < Length_0_ &&
CharAt(CONST_3)_4_ == CONST_115 &&
CONST_3 < Length_0_ &&
CharAt(CONST_2)_3_ == CONST_115 &&
CONST_2 < Length_0_ &&
CharAt(CONST_1)_2_ == CONST_97 &&
CONST_1 < Length_0_ &&
CharAt(CONST_0)_1_ == CONST_112 &&
CONST_0 < Length_0_
$$$$$$$$$$$$$$$$$$$$$$$$$$$$$$$$
Calling Z3str3

current query... 
(declare-const string_1 String)


(assert (not (= (str.at string_1 6) "r")))
(assert (< 6 (str.len string_1)))
(assert (= (str.at string_1 5) "o"))
(assert (< 5 (str.len string_1)))
(assert (= (str.at string_1 4) "w"))
(assert (< 4 (str.len string_1)))
(assert (= (str.at string_1 3) "s"))
(assert (< 3 (str.len string_1)))
(assert (= (str.at string_1 2) "s"))
(assert (< 2 (str.len string_1)))
(assert (= (str.at string_1 1) "a"))
(assert (< 1 (str.len string_1)))
(assert (= (str.at string_1 0) "p"))
(assert (< 0 (str.len string_1)))



======================
(define-fun string_1 () String
  "passwoA")
Returned solutions: 
(define-fun string_1 () String  "passwoA")
*************************************
Satisfiable: true
string_1 => "passwoA"
*************************************

Reject
numeric PC: constraint # = 14
CharAt(CONST_6)_7_ != CONST_114 &&
CONST_6 < Length_0_ &&
CharAt(CONST_5)_6_ == CONST_111 &&
CONST_5 < Length_0_ &&
CharAt(CONST_4)_5_ == CONST_119 &&
CONST_4 < Length_0_ &&
CharAt(CONST_3)_4_ == CONST_115 &&
CONST_3 < Length_0_ &&
CharAt(CONST_2)_3_ == CONST_115 &&
CONST_2 < Length_0_ &&
CharAt(CONST_1)_2_ == CONST_97 &&
CONST_1 < Length_0_ &&
CharAt(CONST_0)_1_ == CONST_112 &&
CONST_0 < Length_0_ -> true

string analysis: SPC # = 0
NPC constraint # = 14
CharAt(CONST_6)_7_[0] != CONST_114 &&
CONST_6 < Length_0_[7] &&
CharAt(CONST_5)_6_[111] == CONST_111 &&
CONST_5 < Length_0_[7] &&
CharAt(CONST_4)_5_[119] == CONST_119 &&
CONST_4 < Length_0_[7] &&
CharAt(CONST_3)_4_[115] == CONST_115 &&
CONST_3 < Length_0_[7] &&
CharAt(CONST_2)_3_[115] == CONST_115 &&
CONST_2 < Length_0_[7] &&
CharAt(CONST_1)_2_[97] == CONST_97 &&
CONST_1 < Length_0_[7] &&
CharAt(CONST_0)_1_[112] == CONST_112 &&
CONST_0 < Length_0_[7]
$$$$$$$$$$$$$$$$$$$$$$$$$$$$$$$$
Calling Z3str3

current query... 
(declare-const string_1 String)


(assert (not (= (str.at string_1 6) "r")))
(assert (< 6 (str.len string_1)))
(assert (= (str.at string_1 5) "o"))
(assert (< 5 (str.len string_1)))
(assert (= (str.at string_1 4) "w"))
(assert (< 4 (str.len string_1)))
(assert (= (str.at string_1 3) "s"))
(assert (< 3 (str.len string_1)))
(assert (= (str.at string_1 2) "s"))
(assert (< 2 (str.len string_1)))
(assert (= (str.at string_1 1) "a"))
(assert (< 1 (str.len string_1)))
(assert (= (str.at string_1 0) "p"))
(assert (< 0 (str.len string_1)))



======================
(define-fun string_1 () String
  "passwoA")
Returned solutions: 
(define-fun string_1 () String  "passwoA")
*************************************
Satisfiable: true
string_1 => "passwoA"
*************************************

numeric PC: constraint # = 15
CONST_7 >= Length_0_ &&
CharAt(CONST_6)_7_ == CONST_114 &&
CONST_6 < Length_0_ &&
CharAt(CONST_5)_6_ == CONST_111 &&
CONST_5 < Length_0_ &&
CharAt(CONST_4)_5_ == CONST_119 &&
CONST_4 < Length_0_ &&
CharAt(CONST_3)_4_ == CONST_115 &&
CONST_3 < Length_0_ &&
CharAt(CONST_2)_3_ == CONST_115 &&
CONST_2 < Length_0_ &&
CharAt(CONST_1)_2_ == CONST_97 &&
CONST_1 < Length_0_ &&
CharAt(CONST_0)_1_ == CONST_112 &&
CONST_0 < Length_0_ -> true

### PCs: total:29 sat:29 unsat:0

string analysis: SPC # = 0
NPC constraint # = 15
CONST_7 >= Length_0_ &&
CharAt(CONST_6)_7_ == CONST_114 &&
CONST_6 < Length_0_ &&
CharAt(CONST_5)_6_ == CONST_111 &&
CONST_5 < Length_0_ &&
CharAt(CONST_4)_5_ == CONST_119 &&
CONST_4 < Length_0_ &&
CharAt(CONST_3)_4_ == CONST_115 &&
CONST_3 < Length_0_ &&
CharAt(CONST_2)_3_ == CONST_115 &&
CONST_2 < Length_0_ &&
CharAt(CONST_1)_2_ == CONST_97 &&
CONST_1 < Length_0_ &&
CharAt(CONST_0)_1_ == CONST_112 &&
CONST_0 < Length_0_
$$$$$$$$$$$$$$$$$$$$$$$$$$$$$$$$
Calling Z3str3

current query... 
(declare-const string_1 String)


(assert (>= 7 (str.len string_1)))
(assert (= (str.at string_1 6) "r"))
(assert (< 6 (str.len string_1)))
(assert (= (str.at string_1 5) "o"))
(assert (< 5 (str.len string_1)))
(assert (= (str.at string_1 4) "w"))
(assert (< 4 (str.len string_1)))
(assert (= (str.at string_1 3) "s"))
(assert (< 3 (str.len string_1)))
(assert (= (str.at string_1 2) "s"))
(assert (< 2 (str.len string_1)))
(assert (= (str.at string_1 1) "a"))
(assert (< 1 (str.len string_1)))
(assert (= (str.at string_1 0) "p"))
(assert (< 0 (str.len string_1)))



======================
(define-fun string_1 () String
  "passwor")
Returned solutions: 
(define-fun string_1 () String  "passwor")
*************************************
Satisfiable: true
string_1 => "passwor"
*************************************

numeric PC: constraint # = 15
CONST_7 < Length_0_ &&
CharAt(CONST_6)_7_ == CONST_114 &&
CONST_6 < Length_0_ &&
CharAt(CONST_5)_6_ == CONST_111 &&
CONST_5 < Length_0_ &&
CharAt(CONST_4)_5_ == CONST_119 &&
CONST_4 < Length_0_ &&
CharAt(CONST_3)_4_ == CONST_115 &&
CONST_3 < Length_0_ &&
CharAt(CONST_2)_3_ == CONST_115 &&
CONST_2 < Length_0_ &&
CharAt(CONST_1)_2_ == CONST_97 &&
CONST_1 < Length_0_ &&
CharAt(CONST_0)_1_ == CONST_112 &&
CONST_0 < Length_0_ -> true

### PCs: total:30 sat:30 unsat:0

string analysis: SPC # = 0
NPC constraint # = 15
CONST_7 < Length_0_ &&
CharAt(CONST_6)_7_ == CONST_114 &&
CONST_6 < Length_0_ &&
CharAt(CONST_5)_6_ == CONST_111 &&
CONST_5 < Length_0_ &&
CharAt(CONST_4)_5_ == CONST_119 &&
CONST_4 < Length_0_ &&
CharAt(CONST_3)_4_ == CONST_115 &&
CONST_3 < Length_0_ &&
CharAt(CONST_2)_3_ == CONST_115 &&
CONST_2 < Length_0_ &&
CharAt(CONST_1)_2_ == CONST_97 &&
CONST_1 < Length_0_ &&
CharAt(CONST_0)_1_ == CONST_112 &&
CONST_0 < Length_0_
$$$$$$$$$$$$$$$$$$$$$$$$$$$$$$$$
Calling Z3str3

current query... 
(declare-const string_1 String)


(assert (< 7 (str.len string_1)))
(assert (= (str.at string_1 6) "r"))
(assert (< 6 (str.len string_1)))
(assert (= (str.at string_1 5) "o"))
(assert (< 5 (str.len string_1)))
(assert (= (str.at string_1 4) "w"))
(assert (< 4 (str.len string_1)))
(assert (= (str.at string_1 3) "s"))
(assert (< 3 (str.len string_1)))
(assert (= (str.at string_1 2) "s"))
(assert (< 2 (str.len string_1)))
(assert (= (str.at string_1 1) "a"))
(assert (< 1 (str.len string_1)))
(assert (= (str.at string_1 0) "p"))
(assert (< 0 (str.len string_1)))



======================
(define-fun string_1 () String
  "passworA")
Returned solutions: 
(define-fun string_1 () String  "passworA")
*************************************
Satisfiable: true
string_1 => "passworA"
*************************************

New sym int CharAt(CONST_7)_8_ min=0, max=65535
numeric PC: constraint # = 16
CharAt(CONST_7)_8_ == CONST_100 &&
CONST_7 < Length_0_ &&
CharAt(CONST_6)_7_ == CONST_114 &&
CONST_6 < Length_0_ &&
CharAt(CONST_5)_6_ == CONST_111 &&
CONST_5 < Length_0_ &&
CharAt(CONST_4)_5_ == CONST_119 &&
CONST_4 < Length_0_ &&
CharAt(CONST_3)_4_ == CONST_115 &&
CONST_3 < Length_0_ &&
CharAt(CONST_2)_3_ == CONST_115 &&
CONST_2 < Length_0_ &&
CharAt(CONST_1)_2_ == CONST_97 &&
CONST_1 < Length_0_ &&
CharAt(CONST_0)_1_ == CONST_112 &&
CONST_0 < Length_0_ -> true

### PCs: total:31 sat:31 unsat:0

string analysis: SPC # = 0
NPC constraint # = 16
CharAt(CONST_7)_8_ == CONST_100 &&
CONST_7 < Length_0_ &&
CharAt(CONST_6)_7_ == CONST_114 &&
CONST_6 < Length_0_ &&
CharAt(CONST_5)_6_ == CONST_111 &&
CONST_5 < Length_0_ &&
CharAt(CONST_4)_5_ == CONST_119 &&
CONST_4 < Length_0_ &&
CharAt(CONST_3)_4_ == CONST_115 &&
CONST_3 < Length_0_ &&
CharAt(CONST_2)_3_ == CONST_115 &&
CONST_2 < Length_0_ &&
CharAt(CONST_1)_2_ == CONST_97 &&
CONST_1 < Length_0_ &&
CharAt(CONST_0)_1_ == CONST_112 &&
CONST_0 < Length_0_
$$$$$$$$$$$$$$$$$$$$$$$$$$$$$$$$
Calling Z3str3

current query... 
(declare-const string_1 String)


(assert (= (str.at string_1 7) "d"))
(assert (< 7 (str.len string_1)))
(assert (= (str.at string_1 6) "r"))
(assert (< 6 (str.len string_1)))
(assert (= (str.at string_1 5) "o"))
(assert (< 5 (str.len string_1)))
(assert (= (str.at string_1 4) "w"))
(assert (< 4 (str.len string_1)))
(assert (= (str.at string_1 3) "s"))
(assert (< 3 (str.len string_1)))
(assert (= (str.at string_1 2) "s"))
(assert (< 2 (str.len string_1)))
(assert (= (str.at string_1 1) "a"))
(assert (< 1 (str.len string_1)))
(assert (= (str.at string_1 0) "p"))
(assert (< 0 (str.len string_1)))



======================
(define-fun string_1 () String
  "password")
Returned solutions: 
(define-fun string_1 () String  "password")
*************************************
Satisfiable: true
string_1 => "password"
*************************************

numeric PC: constraint # = 16
CharAt(CONST_7)_8_ != CONST_100 &&
CONST_7 < Length_0_ &&
CharAt(CONST_6)_7_ == CONST_114 &&
CONST_6 < Length_0_ &&
CharAt(CONST_5)_6_ == CONST_111 &&
CONST_5 < Length_0_ &&
CharAt(CONST_4)_5_ == CONST_119 &&
CONST_4 < Length_0_ &&
CharAt(CONST_3)_4_ == CONST_115 &&
CONST_3 < Length_0_ &&
CharAt(CONST_2)_3_ == CONST_115 &&
CONST_2 < Length_0_ &&
CharAt(CONST_1)_2_ == CONST_97 &&
CONST_1 < Length_0_ &&
CharAt(CONST_0)_1_ == CONST_112 &&
CONST_0 < Length_0_ -> true

### PCs: total:32 sat:32 unsat:0

string analysis: SPC # = 0
NPC constraint # = 16
CharAt(CONST_7)_8_ != CONST_100 &&
CONST_7 < Length_0_ &&
CharAt(CONST_6)_7_ == CONST_114 &&
CONST_6 < Length_0_ &&
CharAt(CONST_5)_6_ == CONST_111 &&
CONST_5 < Length_0_ &&
CharAt(CONST_4)_5_ == CONST_119 &&
CONST_4 < Length_0_ &&
CharAt(CONST_3)_4_ == CONST_115 &&
CONST_3 < Length_0_ &&
CharAt(CONST_2)_3_ == CONST_115 &&
CONST_2 < Length_0_ &&
CharAt(CONST_1)_2_ == CONST_97 &&
CONST_1 < Length_0_ &&
CharAt(CONST_0)_1_ == CONST_112 &&
CONST_0 < Length_0_
$$$$$$$$$$$$$$$$$$$$$$$$$$$$$$$$
Calling Z3str3

current query... 
(declare-const string_1 String)


(assert (not (= (str.at string_1 7) "d")))
(assert (< 7 (str.len string_1)))
(assert (= (str.at string_1 6) "r"))
(assert (< 6 (str.len string_1)))
(assert (= (str.at string_1 5) "o"))
(assert (< 5 (str.len string_1)))
(assert (= (str.at string_1 4) "w"))
(assert (< 4 (str.len string_1)))
(assert (= (str.at string_1 3) "s"))
(assert (< 3 (str.len string_1)))
(assert (= (str.at string_1 2) "s"))
(assert (< 2 (str.len string_1)))
(assert (= (str.at string_1 1) "a"))
(assert (< 1 (str.len string_1)))
(assert (= (str.at string_1 0) "p"))
(assert (< 0 (str.len string_1)))



======================
(define-fun string_1 () String
  "passworA")
Returned solutions: 
(define-fun string_1 () String  "passworA")
*************************************
Satisfiable: true
string_1 => "passworA"
*************************************

Reject
numeric PC: constraint # = 16
CharAt(CONST_7)_8_ != CONST_100 &&
CONST_7 < Length_0_ &&
CharAt(CONST_6)_7_ == CONST_114 &&
CONST_6 < Length_0_ &&
CharAt(CONST_5)_6_ == CONST_111 &&
CONST_5 < Length_0_ &&
CharAt(CONST_4)_5_ == CONST_119 &&
CONST_4 < Length_0_ &&
CharAt(CONST_3)_4_ == CONST_115 &&
CONST_3 < Length_0_ &&
CharAt(CONST_2)_3_ == CONST_115 &&
CONST_2 < Length_0_ &&
CharAt(CONST_1)_2_ == CONST_97 &&
CONST_1 < Length_0_ &&
CharAt(CONST_0)_1_ == CONST_112 &&
CONST_0 < Length_0_ -> true

string analysis: SPC # = 0
NPC constraint # = 16
CharAt(CONST_7)_8_[0] != CONST_100 &&
CONST_7 < Length_0_[8] &&
CharAt(CONST_6)_7_[114] == CONST_114 &&
CONST_6 < Length_0_[8] &&
CharAt(CONST_5)_6_[111] == CONST_111 &&
CONST_5 < Length_0_[8] &&
CharAt(CONST_4)_5_[119] == CONST_119 &&
CONST_4 < Length_0_[8] &&
CharAt(CONST_3)_4_[115] == CONST_115 &&
CONST_3 < Length_0_[8] &&
CharAt(CONST_2)_3_[115] == CONST_115 &&
CONST_2 < Length_0_[8] &&
CharAt(CONST_1)_2_[97] == CONST_97 &&
CONST_1 < Length_0_[8] &&
CharAt(CONST_0)_1_[112] == CONST_112 &&
CONST_0 < Length_0_[8]
$$$$$$$$$$$$$$$$$$$$$$$$$$$$$$$$
Calling Z3str3

current query... 
(declare-const string_1 String)


(assert (not (= (str.at string_1 7) "d")))
(assert (< 7 (str.len string_1)))
(assert (= (str.at string_1 6) "r"))
(assert (< 6 (str.len string_1)))
(assert (= (str.at string_1 5) "o"))
(assert (< 5 (str.len string_1)))
(assert (= (str.at string_1 4) "w"))
(assert (< 4 (str.len string_1)))
(assert (= (str.at string_1 3) "s"))
(assert (< 3 (str.len string_1)))
(assert (= (str.at string_1 2) "s"))
(assert (< 2 (str.len string_1)))
(assert (= (str.at string_1 1) "a"))
(assert (< 1 (str.len string_1)))
(assert (= (str.at string_1 0) "p"))
(assert (< 0 (str.len string_1)))



======================
(define-fun string_1 () String
  "passworA")
Returned solutions: 
(define-fun string_1 () String  "passworA")
*************************************
Satisfiable: true
string_1 => "passworA"
*************************************

numeric PC: constraint # = 17
CONST_8 >= Length_0_ &&
CharAt(CONST_7)_8_ == CONST_100 &&
CONST_7 < Length_0_ &&
CharAt(CONST_6)_7_ == CONST_114 &&
CONST_6 < Length_0_ &&
CharAt(CONST_5)_6_ == CONST_111 &&
CONST_5 < Length_0_ &&
CharAt(CONST_4)_5_ == CONST_119 &&
CONST_4 < Length_0_ &&
CharAt(CONST_3)_4_ == CONST_115 &&
CONST_3 < Length_0_ &&
CharAt(CONST_2)_3_ == CONST_115 &&
CONST_2 < Length_0_ &&
CharAt(CONST_1)_2_ == CONST_97 &&
CONST_1 < Length_0_ &&
CharAt(CONST_0)_1_ == CONST_112 &&
CONST_0 < Length_0_ -> true

### PCs: total:33 sat:33 unsat:0

string analysis: SPC # = 0
NPC constraint # = 17
CONST_8 >= Length_0_ &&
CharAt(CONST_7)_8_ == CONST_100 &&
CONST_7 < Length_0_ &&
CharAt(CONST_6)_7_ == CONST_114 &&
CONST_6 < Length_0_ &&
CharAt(CONST_5)_6_ == CONST_111 &&
CONST_5 < Length_0_ &&
CharAt(CONST_4)_5_ == CONST_119 &&
CONST_4 < Length_0_ &&
CharAt(CONST_3)_4_ == CONST_115 &&
CONST_3 < Length_0_ &&
CharAt(CONST_2)_3_ == CONST_115 &&
CONST_2 < Length_0_ &&
CharAt(CONST_1)_2_ == CONST_97 &&
CONST_1 < Length_0_ &&
CharAt(CONST_0)_1_ == CONST_112 &&
CONST_0 < Length_0_
$$$$$$$$$$$$$$$$$$$$$$$$$$$$$$$$
Calling Z3str3

current query... 
(declare-const string_1 String)


(assert (>= 8 (str.len string_1)))
(assert (= (str.at string_1 7) "d"))
(assert (< 7 (str.len string_1)))
(assert (= (str.at string_1 6) "r"))
(assert (< 6 (str.len string_1)))
(assert (= (str.at string_1 5) "o"))
(assert (< 5 (str.len string_1)))
(assert (= (str.at string_1 4) "w"))
(assert (< 4 (str.len string_1)))
(assert (= (str.at string_1 3) "s"))
(assert (< 3 (str.len string_1)))
(assert (= (str.at string_1 2) "s"))
(assert (< 2 (str.len string_1)))
(assert (= (str.at string_1 1) "a"))
(assert (< 1 (str.len string_1)))
(assert (= (str.at string_1 0) "p"))
(assert (< 0 (str.len string_1)))



======================
(define-fun string_1 () String
  "password")
Returned solutions: 
(define-fun string_1 () String  "password")
*************************************
Satisfiable: true
string_1 => "password"
*************************************

numeric PC: constraint # = 17
CONST_8 < Length_0_ &&
CharAt(CONST_7)_8_ == CONST_100 &&
CONST_7 < Length_0_ &&
CharAt(CONST_6)_7_ == CONST_114 &&
CONST_6 < Length_0_ &&
CharAt(CONST_5)_6_ == CONST_111 &&
CONST_5 < Length_0_ &&
CharAt(CONST_4)_5_ == CONST_119 &&
CONST_4 < Length_0_ &&
CharAt(CONST_3)_4_ == CONST_115 &&
CONST_3 < Length_0_ &&
CharAt(CONST_2)_3_ == CONST_115 &&
CONST_2 < Length_0_ &&
CharAt(CONST_1)_2_ == CONST_97 &&
CONST_1 < Length_0_ &&
CharAt(CONST_0)_1_ == CONST_112 &&
CONST_0 < Length_0_ -> true

### PCs: total:34 sat:34 unsat:0

string analysis: SPC # = 0
NPC constraint # = 17
CONST_8 < Length_0_ &&
CharAt(CONST_7)_8_ == CONST_100 &&
CONST_7 < Length_0_ &&
CharAt(CONST_6)_7_ == CONST_114 &&
CONST_6 < Length_0_ &&
CharAt(CONST_5)_6_ == CONST_111 &&
CONST_5 < Length_0_ &&
CharAt(CONST_4)_5_ == CONST_119 &&
CONST_4 < Length_0_ &&
CharAt(CONST_3)_4_ == CONST_115 &&
CONST_3 < Length_0_ &&
CharAt(CONST_2)_3_ == CONST_115 &&
CONST_2 < Length_0_ &&
CharAt(CONST_1)_2_ == CONST_97 &&
CONST_1 < Length_0_ &&
CharAt(CONST_0)_1_ == CONST_112 &&
CONST_0 < Length_0_
$$$$$$$$$$$$$$$$$$$$$$$$$$$$$$$$
Calling Z3str3

current query... 
(declare-const string_1 String)


(assert (< 8 (str.len string_1)))
(assert (= (str.at string_1 7) "d"))
(assert (< 7 (str.len string_1)))
(assert (= (str.at string_1 6) "r"))
(assert (< 6 (str.len string_1)))
(assert (= (str.at string_1 5) "o"))
(assert (< 5 (str.len string_1)))
(assert (= (str.at string_1 4) "w"))
(assert (< 4 (str.len string_1)))
(assert (= (str.at string_1 3) "s"))
(assert (< 3 (str.len string_1)))
(assert (= (str.at string_1 2) "s"))
(assert (< 2 (str.len string_1)))
(assert (= (str.at string_1 1) "a"))
(assert (< 1 (str.len string_1)))
(assert (= (str.at string_1 0) "p"))
(assert (< 0 (str.len string_1)))



======================
(define-fun string_1 () String
  "passwordA")
Returned solutions: 
(define-fun string_1 () String  "passwordA")
*************************************
Satisfiable: true
string_1 => "passwordA"
*************************************

Reject
numeric PC: constraint # = 17
CONST_8 < Length_0_ &&
CharAt(CONST_7)_8_ == CONST_100 &&
CONST_7 < Length_0_ &&
CharAt(CONST_6)_7_ == CONST_114 &&
CONST_6 < Length_0_ &&
CharAt(CONST_5)_6_ == CONST_111 &&
CONST_5 < Length_0_ &&
CharAt(CONST_4)_5_ == CONST_119 &&
CONST_4 < Length_0_ &&
CharAt(CONST_3)_4_ == CONST_115 &&
CONST_3 < Length_0_ &&
CharAt(CONST_2)_3_ == CONST_115 &&
CONST_2 < Length_0_ &&
CharAt(CONST_1)_2_ == CONST_97 &&
CONST_1 < Length_0_ &&
CharAt(CONST_0)_1_ == CONST_112 &&
CONST_0 < Length_0_ -> true

string analysis: SPC # = 0
NPC constraint # = 17
CONST_8 < Length_0_[9] &&
CharAt(CONST_7)_8_[100] == CONST_100 &&
CONST_7 < Length_0_[9] &&
CharAt(CONST_6)_7_[114] == CONST_114 &&
CONST_6 < Length_0_[9] &&
CharAt(CONST_5)_6_[111] == CONST_111 &&
CONST_5 < Length_0_[9] &&
CharAt(CONST_4)_5_[119] == CONST_119 &&
CONST_4 < Length_0_[9] &&
CharAt(CONST_3)_4_[115] == CONST_115 &&
CONST_3 < Length_0_[9] &&
CharAt(CONST_2)_3_[115] == CONST_115 &&
CONST_2 < Length_0_[9] &&
CharAt(CONST_1)_2_[97] == CONST_97 &&
CONST_1 < Length_0_[9] &&
CharAt(CONST_0)_1_[112] == CONST_112 &&
CONST_0 < Length_0_[9]
$$$$$$$$$$$$$$$$$$$$$$$$$$$$$$$$
Calling Z3str3

current query... 
(declare-const string_1 String)


(assert (< 8 (str.len string_1)))
(assert (= (str.at string_1 7) "d"))
(assert (< 7 (str.len string_1)))
(assert (= (str.at string_1 6) "r"))
(assert (< 6 (str.len string_1)))
(assert (= (str.at string_1 5) "o"))
(assert (< 5 (str.len string_1)))
(assert (= (str.at string_1 4) "w"))
(assert (< 4 (str.len string_1)))
(assert (= (str.at string_1 3) "s"))
(assert (< 3 (str.len string_1)))
(assert (= (str.at string_1 2) "s"))
(assert (< 2 (str.len string_1)))
(assert (= (str.at string_1 1) "a"))
(assert (< 1 (str.len string_1)))
(assert (= (str.at string_1 0) "p"))
(assert (< 0 (str.len string_1)))



======================
(define-fun string_1 () String
  "passwordA")
Returned solutions: 
(define-fun string_1 () String  "passwordA")
*************************************
Satisfiable: true
string_1 => "passwordA"
*************************************

numeric PC: constraint # = 18
Length_0_ >= CONST_8 &&
CONST_8 >= Length_0_ &&
CharAt(CONST_7)_8_ == CONST_100 &&
CONST_7 < Length_0_ &&
CharAt(CONST_6)_7_ == CONST_114 &&
CONST_6 < Length_0_ &&
CharAt(CONST_5)_6_ == CONST_111 &&
CONST_5 < Length_0_ &&
CharAt(CONST_4)_5_ == CONST_119 &&
CONST_4 < Length_0_ &&
CharAt(CONST_3)_4_ == CONST_115 &&
CONST_3 < Length_0_ &&
CharAt(CONST_2)_3_ == CONST_115 &&
CONST_2 < Length_0_ &&
CharAt(CONST_1)_2_ == CONST_97 &&
CONST_1 < Length_0_ &&
CharAt(CONST_0)_1_ == CONST_112 &&
CONST_0 < Length_0_ -> true

### PCs: total:35 sat:35 unsat:0

string analysis: SPC # = 0
NPC constraint # = 18
Length_0_ >= CONST_8 &&
CONST_8 >= Length_0_ &&
CharAt(CONST_7)_8_ == CONST_100 &&
CONST_7 < Length_0_ &&
CharAt(CONST_6)_7_ == CONST_114 &&
CONST_6 < Length_0_ &&
CharAt(CONST_5)_6_ == CONST_111 &&
CONST_5 < Length_0_ &&
CharAt(CONST_4)_5_ == CONST_119 &&
CONST_4 < Length_0_ &&
CharAt(CONST_3)_4_ == CONST_115 &&
CONST_3 < Length_0_ &&
CharAt(CONST_2)_3_ == CONST_115 &&
CONST_2 < Length_0_ &&
CharAt(CONST_1)_2_ == CONST_97 &&
CONST_1 < Length_0_ &&
CharAt(CONST_0)_1_ == CONST_112 &&
CONST_0 < Length_0_
$$$$$$$$$$$$$$$$$$$$$$$$$$$$$$$$
Calling Z3str3

current query... 
(declare-const string_1 String)


(assert (>= (str.len string_1) 8))
(assert (>= 8 (str.len string_1)))
(assert (= (str.at string_1 7) "d"))
(assert (< 7 (str.len string_1)))
(assert (= (str.at string_1 6) "r"))
(assert (< 6 (str.len string_1)))
(assert (= (str.at string_1 5) "o"))
(assert (< 5 (str.len string_1)))
(assert (= (str.at string_1 4) "w"))
(assert (< 4 (str.len string_1)))
(assert (= (str.at string_1 3) "s"))
(assert (< 3 (str.len string_1)))
(assert (= (str.at string_1 2) "s"))
(assert (< 2 (str.len string_1)))
(assert (= (str.at string_1 1) "a"))
(assert (< 1 (str.len string_1)))
(assert (= (str.at string_1 0) "p"))
(assert (< 0 (str.len string_1)))



======================
(define-fun string_1 () String
  "password")
Returned solutions: 
(define-fun string_1 () String  "password")
*************************************
Satisfiable: true
string_1 => "password"
*************************************

numeric PC: constraint # = 18
Length_0_ < CONST_8 &&
CONST_8 >= Length_0_ &&
CharAt(CONST_7)_8_ == CONST_100 &&
CONST_7 < Length_0_ &&
CharAt(CONST_6)_7_ == CONST_114 &&
CONST_6 < Length_0_ &&
CharAt(CONST_5)_6_ == CONST_111 &&
CONST_5 < Length_0_ &&
CharAt(CONST_4)_5_ == CONST_119 &&
CONST_4 < Length_0_ &&
CharAt(CONST_3)_4_ == CONST_115 &&
CONST_3 < Length_0_ &&
CharAt(CONST_2)_3_ == CONST_115 &&
CONST_2 < Length_0_ &&
CharAt(CONST_1)_2_ == CONST_97 &&
CONST_1 < Length_0_ &&
CharAt(CONST_0)_1_ == CONST_112 &&
CONST_0 < Length_0_ -> false

### PCs: total:36 sat:35 unsat:1

Accept
numeric PC: constraint # = 17
CONST_8 >= Length_0_ &&
CharAt(CONST_7)_8_ == CONST_100 &&
CONST_7 < Length_0_ &&
CharAt(CONST_6)_7_ == CONST_114 &&
CONST_6 < Length_0_ &&
CharAt(CONST_5)_6_ == CONST_111 &&
CONST_5 < Length_0_ &&
CharAt(CONST_4)_5_ == CONST_119 &&
CONST_4 < Length_0_ &&
CharAt(CONST_3)_4_ == CONST_115 &&
CONST_3 < Length_0_ &&
CharAt(CONST_2)_3_ == CONST_115 &&
CONST_2 < Length_0_ &&
CharAt(CONST_1)_2_ == CONST_97 &&
CONST_1 < Length_0_ &&
CharAt(CONST_0)_1_ == CONST_112 &&
CONST_0 < Length_0_ -> true

string analysis: SPC # = 0
NPC constraint # = 17
CONST_8 >= Length_0_[8] &&
CharAt(CONST_7)_8_[100] == CONST_100 &&
CONST_7 < Length_0_[8] &&
CharAt(CONST_6)_7_[114] == CONST_114 &&
CONST_6 < Length_0_[8] &&
CharAt(CONST_5)_6_[111] == CONST_111 &&
CONST_5 < Length_0_[8] &&
CharAt(CONST_4)_5_[119] == CONST_119 &&
CONST_4 < Length_0_[8] &&
CharAt(CONST_3)_4_[115] == CONST_115 &&
CONST_3 < Length_0_[8] &&
CharAt(CONST_2)_3_[115] == CONST_115 &&
CONST_2 < Length_0_[8] &&
CharAt(CONST_1)_2_[97] == CONST_97 &&
CONST_1 < Length_0_[8] &&
CharAt(CONST_0)_1_[112] == CONST_112 &&
CONST_0 < Length_0_[8]
$$$$$$$$$$$$$$$$$$$$$$$$$$$$$$$$
Calling Z3str3

current query... 
(declare-const string_1 String)


(assert (>= 8 (str.len string_1)))
(assert (= (str.at string_1 7) "d"))
(assert (< 7 (str.len string_1)))
(assert (= (str.at string_1 6) "r"))
(assert (< 6 (str.len string_1)))
(assert (= (str.at string_1 5) "o"))
(assert (< 5 (str.len string_1)))
(assert (= (str.at string_1 4) "w"))
(assert (< 4 (str.len string_1)))
(assert (= (str.at string_1 3) "s"))
(assert (< 3 (str.len string_1)))
(assert (= (str.at string_1 2) "s"))
(assert (< 2 (str.len string_1)))
(assert (= (str.at string_1 1) "a"))
(assert (< 1 (str.len string_1)))
(assert (= (str.at string_1 0) "p"))
(assert (< 0 (str.len string_1)))



======================
(define-fun string_1 () String
  "password")
Returned solutions: 
(define-fun string_1 () String  "password")
*************************************
Satisfiable: true
string_1 => "password"
*************************************

numeric PC: constraint # = 16
CharAt(CONST_7)_8_[100] == CONST_100 &&
CONST_7 < Length_0_[8] &&
CharAt(CONST_6)_7_[114] == CONST_114 &&
CONST_6 < Length_0_[8] &&
CharAt(CONST_5)_6_[111] == CONST_111 &&
CONST_5 < Length_0_[8] &&
CharAt(CONST_4)_5_[119] == CONST_119 &&
CONST_4 < Length_0_[8] &&
CharAt(CONST_3)_4_[115] == CONST_115 &&
CONST_3 < Length_0_[8] &&
CharAt(CONST_2)_3_[115] == CONST_115 &&
CONST_2 < Length_0_[8] &&
CharAt(CONST_1)_2_[97] == CONST_97 &&
CONST_1 < Length_0_[8] &&
CharAt(CONST_0)_1_[112] == CONST_112 &&
CONST_0 < Length_0_[8] -> true

string analysis: SPC # = 0
NPC constraint # = 16
CharAt(CONST_7)_8_[100] == CONST_100 &&
CONST_7 < Length_0_[8] &&
CharAt(CONST_6)_7_[114] == CONST_114 &&
CONST_6 < Length_0_[8] &&
CharAt(CONST_5)_6_[111] == CONST_111 &&
CONST_5 < Length_0_[8] &&
CharAt(CONST_4)_5_[119] == CONST_119 &&
CONST_4 < Length_0_[8] &&
CharAt(CONST_3)_4_[115] == CONST_115 &&
CONST_3 < Length_0_[8] &&
CharAt(CONST_2)_3_[115] == CONST_115 &&
CONST_2 < Length_0_[8] &&
CharAt(CONST_1)_2_[97] == CONST_97 &&
CONST_1 < Length_0_[8] &&
CharAt(CONST_0)_1_[112] == CONST_112 &&
CONST_0 < Length_0_[8]
$$$$$$$$$$$$$$$$$$$$$$$$$$$$$$$$
Calling Z3str3

current query... 
(declare-const string_1 String)


(assert (= (str.at string_1 7) "d"))
(assert (< 7 (str.len string_1)))
(assert (= (str.at string_1 6) "r"))
(assert (< 6 (str.len string_1)))
(assert (= (str.at string_1 5) "o"))
(assert (< 5 (str.len string_1)))
(assert (= (str.at string_1 4) "w"))
(assert (< 4 (str.len string_1)))
(assert (= (str.at string_1 3) "s"))
(assert (< 3 (str.len string_1)))
(assert (= (str.at string_1 2) "s"))
(assert (< 2 (str.len string_1)))
(assert (= (str.at string_1 1) "a"))
(assert (< 1 (str.len string_1)))
(assert (= (str.at string_1 0) "p"))
(assert (< 0 (str.len string_1)))



======================
(define-fun string_1 () String
  "password")
Returned solutions: 
(define-fun string_1 () String  "password")
*************************************
Satisfiable: true
string_1 => "password"
*************************************

numeric PC: constraint # = 15
CONST_7 < Length_0_[8] &&
CharAt(CONST_6)_7_[114] == CONST_114 &&
CONST_6 < Length_0_[8] &&
CharAt(CONST_5)_6_[111] == CONST_111 &&
CONST_5 < Length_0_[8] &&
CharAt(CONST_4)_5_[119] == CONST_119 &&
CONST_4 < Length_0_[8] &&
CharAt(CONST_3)_4_[115] == CONST_115 &&
CONST_3 < Length_0_[8] &&
CharAt(CONST_2)_3_[115] == CONST_115 &&
CONST_2 < Length_0_[8] &&
CharAt(CONST_1)_2_[97] == CONST_97 &&
CONST_1 < Length_0_[8] &&
CharAt(CONST_0)_1_[112] == CONST_112 &&
CONST_0 < Length_0_[8] -> true

string analysis: SPC # = 0
NPC constraint # = 15
CONST_7 < Length_0_[8] &&
CharAt(CONST_6)_7_[114] == CONST_114 &&
CONST_6 < Length_0_[8] &&
CharAt(CONST_5)_6_[111] == CONST_111 &&
CONST_5 < Length_0_[8] &&
CharAt(CONST_4)_5_[119] == CONST_119 &&
CONST_4 < Length_0_[8] &&
CharAt(CONST_3)_4_[115] == CONST_115 &&
CONST_3 < Length_0_[8] &&
CharAt(CONST_2)_3_[115] == CONST_115 &&
CONST_2 < Length_0_[8] &&
CharAt(CONST_1)_2_[97] == CONST_97 &&
CONST_1 < Length_0_[8] &&
CharAt(CONST_0)_1_[112] == CONST_112 &&
CONST_0 < Length_0_[8]
$$$$$$$$$$$$$$$$$$$$$$$$$$$$$$$$
Calling Z3str3

current query... 
(declare-const string_1 String)


(assert (< 7 (str.len string_1)))
(assert (= (str.at string_1 6) "r"))
(assert (< 6 (str.len string_1)))
(assert (= (str.at string_1 5) "o"))
(assert (< 5 (str.len string_1)))
(assert (= (str.at string_1 4) "w"))
(assert (< 4 (str.len string_1)))
(assert (= (str.at string_1 3) "s"))
(assert (< 3 (str.len string_1)))
(assert (= (str.at string_1 2) "s"))
(assert (< 2 (str.len string_1)))
(assert (= (str.at string_1 1) "a"))
(assert (< 1 (str.len string_1)))
(assert (= (str.at string_1 0) "p"))
(assert (< 0 (str.len string_1)))



======================
(define-fun string_1 () String
  "passworA")
Returned solutions: 
(define-fun string_1 () String  "passworA")
*************************************
Satisfiable: true
string_1 => "passworA"
*************************************

numeric PC: constraint # = 16
Length_0_ >= CONST_8 &&
CONST_7 >= Length_0_ &&
CharAt(CONST_6)_7_ == CONST_114 &&
CONST_6 < Length_0_ &&
CharAt(CONST_5)_6_ == CONST_111 &&
CONST_5 < Length_0_ &&
CharAt(CONST_4)_5_ == CONST_119 &&
CONST_4 < Length_0_ &&
CharAt(CONST_3)_4_ == CONST_115 &&
CONST_3 < Length_0_ &&
CharAt(CONST_2)_3_ == CONST_115 &&
CONST_2 < Length_0_ &&
CharAt(CONST_1)_2_ == CONST_97 &&
CONST_1 < Length_0_ &&
CharAt(CONST_0)_1_ == CONST_112 &&
CONST_0 < Length_0_ -> false

### PCs: total:37 sat:35 unsat:2

numeric PC: constraint # = 16
Length_0_ < CONST_8 &&
CONST_7 >= Length_0_ &&
CharAt(CONST_6)_7_ == CONST_114 &&
CONST_6 < Length_0_ &&
CharAt(CONST_5)_6_ == CONST_111 &&
CONST_5 < Length_0_ &&
CharAt(CONST_4)_5_ == CONST_119 &&
CONST_4 < Length_0_ &&
CharAt(CONST_3)_4_ == CONST_115 &&
CONST_3 < Length_0_ &&
CharAt(CONST_2)_3_ == CONST_115 &&
CONST_2 < Length_0_ &&
CharAt(CONST_1)_2_ == CONST_97 &&
CONST_1 < Length_0_ &&
CharAt(CONST_0)_1_ == CONST_112 &&
CONST_0 < Length_0_ -> true

### PCs: total:38 sat:36 unsat:2

string analysis: SPC # = 0
NPC constraint # = 16
Length_0_ < CONST_8 &&
CONST_7 >= Length_0_ &&
CharAt(CONST_6)_7_ == CONST_114 &&
CONST_6 < Length_0_ &&
CharAt(CONST_5)_6_ == CONST_111 &&
CONST_5 < Length_0_ &&
CharAt(CONST_4)_5_ == CONST_119 &&
CONST_4 < Length_0_ &&
CharAt(CONST_3)_4_ == CONST_115 &&
CONST_3 < Length_0_ &&
CharAt(CONST_2)_3_ == CONST_115 &&
CONST_2 < Length_0_ &&
CharAt(CONST_1)_2_ == CONST_97 &&
CONST_1 < Length_0_ &&
CharAt(CONST_0)_1_ == CONST_112 &&
CONST_0 < Length_0_
$$$$$$$$$$$$$$$$$$$$$$$$$$$$$$$$
Calling Z3str3

current query... 
(declare-const string_1 String)


(assert (< (str.len string_1) 8))
(assert (>= 7 (str.len string_1)))
(assert (= (str.at string_1 6) "r"))
(assert (< 6 (str.len string_1)))
(assert (= (str.at string_1 5) "o"))
(assert (< 5 (str.len string_1)))
(assert (= (str.at string_1 4) "w"))
(assert (< 4 (str.len string_1)))
(assert (= (str.at string_1 3) "s"))
(assert (< 3 (str.len string_1)))
(assert (= (str.at string_1 2) "s"))
(assert (< 2 (str.len string_1)))
(assert (= (str.at string_1 1) "a"))
(assert (< 1 (str.len string_1)))
(assert (= (str.at string_1 0) "p"))
(assert (< 0 (str.len string_1)))



======================
(define-fun string_1 () String
  "passwor")
Returned solutions: 
(define-fun string_1 () String  "passwor")
*************************************
Satisfiable: true
string_1 => "passwor"
*************************************

Reject
numeric PC: constraint # = 15
CONST_7 >= Length_0_ &&
CharAt(CONST_6)_7_ == CONST_114 &&
CONST_6 < Length_0_ &&
CharAt(CONST_5)_6_ == CONST_111 &&
CONST_5 < Length_0_ &&
CharAt(CONST_4)_5_ == CONST_119 &&
CONST_4 < Length_0_ &&
CharAt(CONST_3)_4_ == CONST_115 &&
CONST_3 < Length_0_ &&
CharAt(CONST_2)_3_ == CONST_115 &&
CONST_2 < Length_0_ &&
CharAt(CONST_1)_2_ == CONST_97 &&
CONST_1 < Length_0_ &&
CharAt(CONST_0)_1_ == CONST_112 &&
CONST_0 < Length_0_ -> true

string analysis: SPC # = 0
NPC constraint # = 15
CONST_7 >= Length_0_[7] &&
CharAt(CONST_6)_7_[114] == CONST_114 &&
CONST_6 < Length_0_[7] &&
CharAt(CONST_5)_6_[111] == CONST_111 &&
CONST_5 < Length_0_[7] &&
CharAt(CONST_4)_5_[119] == CONST_119 &&
CONST_4 < Length_0_[7] &&
CharAt(CONST_3)_4_[115] == CONST_115 &&
CONST_3 < Length_0_[7] &&
CharAt(CONST_2)_3_[115] == CONST_115 &&
CONST_2 < Length_0_[7] &&
CharAt(CONST_1)_2_[97] == CONST_97 &&
CONST_1 < Length_0_[7] &&
CharAt(CONST_0)_1_[112] == CONST_112 &&
CONST_0 < Length_0_[7]
$$$$$$$$$$$$$$$$$$$$$$$$$$$$$$$$
Calling Z3str3

current query... 
(declare-const string_1 String)


(assert (>= 7 (str.len string_1)))
(assert (= (str.at string_1 6) "r"))
(assert (< 6 (str.len string_1)))
(assert (= (str.at string_1 5) "o"))
(assert (< 5 (str.len string_1)))
(assert (= (str.at string_1 4) "w"))
(assert (< 4 (str.len string_1)))
(assert (= (str.at string_1 3) "s"))
(assert (< 3 (str.len string_1)))
(assert (= (str.at string_1 2) "s"))
(assert (< 2 (str.len string_1)))
(assert (= (str.at string_1 1) "a"))
(assert (< 1 (str.len string_1)))
(assert (= (str.at string_1 0) "p"))
(assert (< 0 (str.len string_1)))



======================
(define-fun string_1 () String
  "passwor")
Returned solutions: 
(define-fun string_1 () String  "passwor")
*************************************
Satisfiable: true
string_1 => "passwor"
*************************************

numeric PC: constraint # = 14
CharAt(CONST_6)_7_[114] == CONST_114 &&
CONST_6 < Length_0_[7] &&
CharAt(CONST_5)_6_[111] == CONST_111 &&
CONST_5 < Length_0_[7] &&
CharAt(CONST_4)_5_[119] == CONST_119 &&
CONST_4 < Length_0_[7] &&
CharAt(CONST_3)_4_[115] == CONST_115 &&
CONST_3 < Length_0_[7] &&
CharAt(CONST_2)_3_[115] == CONST_115 &&
CONST_2 < Length_0_[7] &&
CharAt(CONST_1)_2_[97] == CONST_97 &&
CONST_1 < Length_0_[7] &&
CharAt(CONST_0)_1_[112] == CONST_112 &&
CONST_0 < Length_0_[7] -> true

string analysis: SPC # = 0
NPC constraint # = 14
CharAt(CONST_6)_7_[114] == CONST_114 &&
CONST_6 < Length_0_[7] &&
CharAt(CONST_5)_6_[111] == CONST_111 &&
CONST_5 < Length_0_[7] &&
CharAt(CONST_4)_5_[119] == CONST_119 &&
CONST_4 < Length_0_[7] &&
CharAt(CONST_3)_4_[115] == CONST_115 &&
CONST_3 < Length_0_[7] &&
CharAt(CONST_2)_3_[115] == CONST_115 &&
CONST_2 < Length_0_[7] &&
CharAt(CONST_1)_2_[97] == CONST_97 &&
CONST_1 < Length_0_[7] &&
CharAt(CONST_0)_1_[112] == CONST_112 &&
CONST_0 < Length_0_[7]
$$$$$$$$$$$$$$$$$$$$$$$$$$$$$$$$
Calling Z3str3

current query... 
(declare-const string_1 String)


(assert (= (str.at string_1 6) "r"))
(assert (< 6 (str.len string_1)))
(assert (= (str.at string_1 5) "o"))
(assert (< 5 (str.len string_1)))
(assert (= (str.at string_1 4) "w"))
(assert (< 4 (str.len string_1)))
(assert (= (str.at string_1 3) "s"))
(assert (< 3 (str.len string_1)))
(assert (= (str.at string_1 2) "s"))
(assert (< 2 (str.len string_1)))
(assert (= (str.at string_1 1) "a"))
(assert (< 1 (str.len string_1)))
(assert (= (str.at string_1 0) "p"))
(assert (< 0 (str.len string_1)))



======================
(define-fun string_1 () String
  "passwor")
Returned solutions: 
(define-fun string_1 () String  "passwor")
*************************************
Satisfiable: true
string_1 => "passwor"
*************************************

numeric PC: constraint # = 13
CONST_6 < Length_0_[7] &&
CharAt(CONST_5)_6_[111] == CONST_111 &&
CONST_5 < Length_0_[7] &&
CharAt(CONST_4)_5_[119] == CONST_119 &&
CONST_4 < Length_0_[7] &&
CharAt(CONST_3)_4_[115] == CONST_115 &&
CONST_3 < Length_0_[7] &&
CharAt(CONST_2)_3_[115] == CONST_115 &&
CONST_2 < Length_0_[7] &&
CharAt(CONST_1)_2_[97] == CONST_97 &&
CONST_1 < Length_0_[7] &&
CharAt(CONST_0)_1_[112] == CONST_112 &&
CONST_0 < Length_0_[7] -> true

string analysis: SPC # = 0
NPC constraint # = 13
CONST_6 < Length_0_[7] &&
CharAt(CONST_5)_6_[111] == CONST_111 &&
CONST_5 < Length_0_[7] &&
CharAt(CONST_4)_5_[119] == CONST_119 &&
CONST_4 < Length_0_[7] &&
CharAt(CONST_3)_4_[115] == CONST_115 &&
CONST_3 < Length_0_[7] &&
CharAt(CONST_2)_3_[115] == CONST_115 &&
CONST_2 < Length_0_[7] &&
CharAt(CONST_1)_2_[97] == CONST_97 &&
CONST_1 < Length_0_[7] &&
CharAt(CONST_0)_1_[112] == CONST_112 &&
CONST_0 < Length_0_[7]
$$$$$$$$$$$$$$$$$$$$$$$$$$$$$$$$
Calling Z3str3

current query... 
(declare-const string_1 String)


(assert (< 6 (str.len string_1)))
(assert (= (str.at string_1 5) "o"))
(assert (< 5 (str.len string_1)))
(assert (= (str.at string_1 4) "w"))
(assert (< 4 (str.len string_1)))
(assert (= (str.at string_1 3) "s"))
(assert (< 3 (str.len string_1)))
(assert (= (str.at string_1 2) "s"))
(assert (< 2 (str.len string_1)))
(assert (= (str.at string_1 1) "a"))
(assert (< 1 (str.len string_1)))
(assert (= (str.at string_1 0) "p"))
(assert (< 0 (str.len string_1)))



======================
(define-fun string_1 () String
  "passwoA")
Returned solutions: 
(define-fun string_1 () String  "passwoA")
*************************************
Satisfiable: true
string_1 => "passwoA"
*************************************

numeric PC: constraint # = 14
Length_0_ >= CONST_8 &&
CONST_6 >= Length_0_ &&
CharAt(CONST_5)_6_ == CONST_111 &&
CONST_5 < Length_0_ &&
CharAt(CONST_4)_5_ == CONST_119 &&
CONST_4 < Length_0_ &&
CharAt(CONST_3)_4_ == CONST_115 &&
CONST_3 < Length_0_ &&
CharAt(CONST_2)_3_ == CONST_115 &&
CONST_2 < Length_0_ &&
CharAt(CONST_1)_2_ == CONST_97 &&
CONST_1 < Length_0_ &&
CharAt(CONST_0)_1_ == CONST_112 &&
CONST_0 < Length_0_ -> false

### PCs: total:39 sat:36 unsat:3

numeric PC: constraint # = 14
Length_0_ < CONST_8 &&
CONST_6 >= Length_0_ &&
CharAt(CONST_5)_6_ == CONST_111 &&
CONST_5 < Length_0_ &&
CharAt(CONST_4)_5_ == CONST_119 &&
CONST_4 < Length_0_ &&
CharAt(CONST_3)_4_ == CONST_115 &&
CONST_3 < Length_0_ &&
CharAt(CONST_2)_3_ == CONST_115 &&
CONST_2 < Length_0_ &&
CharAt(CONST_1)_2_ == CONST_97 &&
CONST_1 < Length_0_ &&
CharAt(CONST_0)_1_ == CONST_112 &&
CONST_0 < Length_0_ -> true

### PCs: total:40 sat:37 unsat:3

string analysis: SPC # = 0
NPC constraint # = 14
Length_0_ < CONST_8 &&
CONST_6 >= Length_0_ &&
CharAt(CONST_5)_6_ == CONST_111 &&
CONST_5 < Length_0_ &&
CharAt(CONST_4)_5_ == CONST_119 &&
CONST_4 < Length_0_ &&
CharAt(CONST_3)_4_ == CONST_115 &&
CONST_3 < Length_0_ &&
CharAt(CONST_2)_3_ == CONST_115 &&
CONST_2 < Length_0_ &&
CharAt(CONST_1)_2_ == CONST_97 &&
CONST_1 < Length_0_ &&
CharAt(CONST_0)_1_ == CONST_112 &&
CONST_0 < Length_0_
$$$$$$$$$$$$$$$$$$$$$$$$$$$$$$$$
Calling Z3str3

current query... 
(declare-const string_1 String)


(assert (< (str.len string_1) 8))
(assert (>= 6 (str.len string_1)))
(assert (= (str.at string_1 5) "o"))
(assert (< 5 (str.len string_1)))
(assert (= (str.at string_1 4) "w"))
(assert (< 4 (str.len string_1)))
(assert (= (str.at string_1 3) "s"))
(assert (< 3 (str.len string_1)))
(assert (= (str.at string_1 2) "s"))
(assert (< 2 (str.len string_1)))
(assert (= (str.at string_1 1) "a"))
(assert (< 1 (str.len string_1)))
(assert (= (str.at string_1 0) "p"))
(assert (< 0 (str.len string_1)))



======================
(define-fun string_1 () String
  "passwo")
Returned solutions: 
(define-fun string_1 () String  "passwo")
*************************************
Satisfiable: true
string_1 => "passwo"
*************************************

Reject
numeric PC: constraint # = 13
CONST_6 >= Length_0_ &&
CharAt(CONST_5)_6_ == CONST_111 &&
CONST_5 < Length_0_ &&
CharAt(CONST_4)_5_ == CONST_119 &&
CONST_4 < Length_0_ &&
CharAt(CONST_3)_4_ == CONST_115 &&
CONST_3 < Length_0_ &&
CharAt(CONST_2)_3_ == CONST_115 &&
CONST_2 < Length_0_ &&
CharAt(CONST_1)_2_ == CONST_97 &&
CONST_1 < Length_0_ &&
CharAt(CONST_0)_1_ == CONST_112 &&
CONST_0 < Length_0_ -> true

string analysis: SPC # = 0
NPC constraint # = 13
CONST_6 >= Length_0_[6] &&
CharAt(CONST_5)_6_[111] == CONST_111 &&
CONST_5 < Length_0_[6] &&
CharAt(CONST_4)_5_[119] == CONST_119 &&
CONST_4 < Length_0_[6] &&
CharAt(CONST_3)_4_[115] == CONST_115 &&
CONST_3 < Length_0_[6] &&
CharAt(CONST_2)_3_[115] == CONST_115 &&
CONST_2 < Length_0_[6] &&
CharAt(CONST_1)_2_[97] == CONST_97 &&
CONST_1 < Length_0_[6] &&
CharAt(CONST_0)_1_[112] == CONST_112 &&
CONST_0 < Length_0_[6]
$$$$$$$$$$$$$$$$$$$$$$$$$$$$$$$$
Calling Z3str3

current query... 
(declare-const string_1 String)


(assert (>= 6 (str.len string_1)))
(assert (= (str.at string_1 5) "o"))
(assert (< 5 (str.len string_1)))
(assert (= (str.at string_1 4) "w"))
(assert (< 4 (str.len string_1)))
(assert (= (str.at string_1 3) "s"))
(assert (< 3 (str.len string_1)))
(assert (= (str.at string_1 2) "s"))
(assert (< 2 (str.len string_1)))
(assert (= (str.at string_1 1) "a"))
(assert (< 1 (str.len string_1)))
(assert (= (str.at string_1 0) "p"))
(assert (< 0 (str.len string_1)))



======================
(define-fun string_1 () String
  "passwo")
Returned solutions: 
(define-fun string_1 () String  "passwo")
*************************************
Satisfiable: true
string_1 => "passwo"
*************************************

numeric PC: constraint # = 12
CharAt(CONST_5)_6_[111] == CONST_111 &&
CONST_5 < Length_0_[6] &&
CharAt(CONST_4)_5_[119] == CONST_119 &&
CONST_4 < Length_0_[6] &&
CharAt(CONST_3)_4_[115] == CONST_115 &&
CONST_3 < Length_0_[6] &&
CharAt(CONST_2)_3_[115] == CONST_115 &&
CONST_2 < Length_0_[6] &&
CharAt(CONST_1)_2_[97] == CONST_97 &&
CONST_1 < Length_0_[6] &&
CharAt(CONST_0)_1_[112] == CONST_112 &&
CONST_0 < Length_0_[6] -> true

string analysis: SPC # = 0
NPC constraint # = 12
CharAt(CONST_5)_6_[111] == CONST_111 &&
CONST_5 < Length_0_[6] &&
CharAt(CONST_4)_5_[119] == CONST_119 &&
CONST_4 < Length_0_[6] &&
CharAt(CONST_3)_4_[115] == CONST_115 &&
CONST_3 < Length_0_[6] &&
CharAt(CONST_2)_3_[115] == CONST_115 &&
CONST_2 < Length_0_[6] &&
CharAt(CONST_1)_2_[97] == CONST_97 &&
CONST_1 < Length_0_[6] &&
CharAt(CONST_0)_1_[112] == CONST_112 &&
CONST_0 < Length_0_[6]
$$$$$$$$$$$$$$$$$$$$$$$$$$$$$$$$
Calling Z3str3

current query... 
(declare-const string_1 String)


(assert (= (str.at string_1 5) "o"))
(assert (< 5 (str.len string_1)))
(assert (= (str.at string_1 4) "w"))
(assert (< 4 (str.len string_1)))
(assert (= (str.at string_1 3) "s"))
(assert (< 3 (str.len string_1)))
(assert (= (str.at string_1 2) "s"))
(assert (< 2 (str.len string_1)))
(assert (= (str.at string_1 1) "a"))
(assert (< 1 (str.len string_1)))
(assert (= (str.at string_1 0) "p"))
(assert (< 0 (str.len string_1)))



======================
(define-fun string_1 () String
  "passwo")
Returned solutions: 
(define-fun string_1 () String  "passwo")
*************************************
Satisfiable: true
string_1 => "passwo"
*************************************

numeric PC: constraint # = 11
CONST_5 < Length_0_[6] &&
CharAt(CONST_4)_5_[119] == CONST_119 &&
CONST_4 < Length_0_[6] &&
CharAt(CONST_3)_4_[115] == CONST_115 &&
CONST_3 < Length_0_[6] &&
CharAt(CONST_2)_3_[115] == CONST_115 &&
CONST_2 < Length_0_[6] &&
CharAt(CONST_1)_2_[97] == CONST_97 &&
CONST_1 < Length_0_[6] &&
CharAt(CONST_0)_1_[112] == CONST_112 &&
CONST_0 < Length_0_[6] -> true

string analysis: SPC # = 0
NPC constraint # = 11
CONST_5 < Length_0_[6] &&
CharAt(CONST_4)_5_[119] == CONST_119 &&
CONST_4 < Length_0_[6] &&
CharAt(CONST_3)_4_[115] == CONST_115 &&
CONST_3 < Length_0_[6] &&
CharAt(CONST_2)_3_[115] == CONST_115 &&
CONST_2 < Length_0_[6] &&
CharAt(CONST_1)_2_[97] == CONST_97 &&
CONST_1 < Length_0_[6] &&
CharAt(CONST_0)_1_[112] == CONST_112 &&
CONST_0 < Length_0_[6]
$$$$$$$$$$$$$$$$$$$$$$$$$$$$$$$$
Calling Z3str3

current query... 
(declare-const string_1 String)


(assert (< 5 (str.len string_1)))
(assert (= (str.at string_1 4) "w"))
(assert (< 4 (str.len string_1)))
(assert (= (str.at string_1 3) "s"))
(assert (< 3 (str.len string_1)))
(assert (= (str.at string_1 2) "s"))
(assert (< 2 (str.len string_1)))
(assert (= (str.at string_1 1) "a"))
(assert (< 1 (str.len string_1)))
(assert (= (str.at string_1 0) "p"))
(assert (< 0 (str.len string_1)))



======================
(define-fun string_1 () String
  "passwA")
Returned solutions: 
(define-fun string_1 () String  "passwA")
*************************************
Satisfiable: true
string_1 => "passwA"
*************************************

numeric PC: constraint # = 12
Length_0_ >= CONST_8 &&
CONST_5 >= Length_0_ &&
CharAt(CONST_4)_5_ == CONST_119 &&
CONST_4 < Length_0_ &&
CharAt(CONST_3)_4_ == CONST_115 &&
CONST_3 < Length_0_ &&
CharAt(CONST_2)_3_ == CONST_115 &&
CONST_2 < Length_0_ &&
CharAt(CONST_1)_2_ == CONST_97 &&
CONST_1 < Length_0_ &&
CharAt(CONST_0)_1_ == CONST_112 &&
CONST_0 < Length_0_ -> false

### PCs: total:41 sat:37 unsat:4

numeric PC: constraint # = 12
Length_0_ < CONST_8 &&
CONST_5 >= Length_0_ &&
CharAt(CONST_4)_5_ == CONST_119 &&
CONST_4 < Length_0_ &&
CharAt(CONST_3)_4_ == CONST_115 &&
CONST_3 < Length_0_ &&
CharAt(CONST_2)_3_ == CONST_115 &&
CONST_2 < Length_0_ &&
CharAt(CONST_1)_2_ == CONST_97 &&
CONST_1 < Length_0_ &&
CharAt(CONST_0)_1_ == CONST_112 &&
CONST_0 < Length_0_ -> true

### PCs: total:42 sat:38 unsat:4

string analysis: SPC # = 0
NPC constraint # = 12
Length_0_ < CONST_8 &&
CONST_5 >= Length_0_ &&
CharAt(CONST_4)_5_ == CONST_119 &&
CONST_4 < Length_0_ &&
CharAt(CONST_3)_4_ == CONST_115 &&
CONST_3 < Length_0_ &&
CharAt(CONST_2)_3_ == CONST_115 &&
CONST_2 < Length_0_ &&
CharAt(CONST_1)_2_ == CONST_97 &&
CONST_1 < Length_0_ &&
CharAt(CONST_0)_1_ == CONST_112 &&
CONST_0 < Length_0_
$$$$$$$$$$$$$$$$$$$$$$$$$$$$$$$$
Calling Z3str3

current query... 
(declare-const string_1 String)


(assert (< (str.len string_1) 8))
(assert (>= 5 (str.len string_1)))
(assert (= (str.at string_1 4) "w"))
(assert (< 4 (str.len string_1)))
(assert (= (str.at string_1 3) "s"))
(assert (< 3 (str.len string_1)))
(assert (= (str.at string_1 2) "s"))
(assert (< 2 (str.len string_1)))
(assert (= (str.at string_1 1) "a"))
(assert (< 1 (str.len string_1)))
(assert (= (str.at string_1 0) "p"))
(assert (< 0 (str.len string_1)))



======================
(define-fun string_1 () String
  "passw")
Returned solutions: 
(define-fun string_1 () String  "passw")
*************************************
Satisfiable: true
string_1 => "passw"
*************************************

Reject
numeric PC: constraint # = 11
CONST_5 >= Length_0_ &&
CharAt(CONST_4)_5_ == CONST_119 &&
CONST_4 < Length_0_ &&
CharAt(CONST_3)_4_ == CONST_115 &&
CONST_3 < Length_0_ &&
CharAt(CONST_2)_3_ == CONST_115 &&
CONST_2 < Length_0_ &&
CharAt(CONST_1)_2_ == CONST_97 &&
CONST_1 < Length_0_ &&
CharAt(CONST_0)_1_ == CONST_112 &&
CONST_0 < Length_0_ -> true

string analysis: SPC # = 0
NPC constraint # = 11
CONST_5 >= Length_0_[5] &&
CharAt(CONST_4)_5_[119] == CONST_119 &&
CONST_4 < Length_0_[5] &&
CharAt(CONST_3)_4_[115] == CONST_115 &&
CONST_3 < Length_0_[5] &&
CharAt(CONST_2)_3_[115] == CONST_115 &&
CONST_2 < Length_0_[5] &&
CharAt(CONST_1)_2_[97] == CONST_97 &&
CONST_1 < Length_0_[5] &&
CharAt(CONST_0)_1_[112] == CONST_112 &&
CONST_0 < Length_0_[5]
$$$$$$$$$$$$$$$$$$$$$$$$$$$$$$$$
Calling Z3str3

current query... 
(declare-const string_1 String)


(assert (>= 5 (str.len string_1)))
(assert (= (str.at string_1 4) "w"))
(assert (< 4 (str.len string_1)))
(assert (= (str.at string_1 3) "s"))
(assert (< 3 (str.len string_1)))
(assert (= (str.at string_1 2) "s"))
(assert (< 2 (str.len string_1)))
(assert (= (str.at string_1 1) "a"))
(assert (< 1 (str.len string_1)))
(assert (= (str.at string_1 0) "p"))
(assert (< 0 (str.len string_1)))



======================
(define-fun string_1 () String
  "passw")
Returned solutions: 
(define-fun string_1 () String  "passw")
*************************************
Satisfiable: true
string_1 => "passw"
*************************************

numeric PC: constraint # = 10
CharAt(CONST_4)_5_[119] == CONST_119 &&
CONST_4 < Length_0_[5] &&
CharAt(CONST_3)_4_[115] == CONST_115 &&
CONST_3 < Length_0_[5] &&
CharAt(CONST_2)_3_[115] == CONST_115 &&
CONST_2 < Length_0_[5] &&
CharAt(CONST_1)_2_[97] == CONST_97 &&
CONST_1 < Length_0_[5] &&
CharAt(CONST_0)_1_[112] == CONST_112 &&
CONST_0 < Length_0_[5] -> true

string analysis: SPC # = 0
NPC constraint # = 10
CharAt(CONST_4)_5_[119] == CONST_119 &&
CONST_4 < Length_0_[5] &&
CharAt(CONST_3)_4_[115] == CONST_115 &&
CONST_3 < Length_0_[5] &&
CharAt(CONST_2)_3_[115] == CONST_115 &&
CONST_2 < Length_0_[5] &&
CharAt(CONST_1)_2_[97] == CONST_97 &&
CONST_1 < Length_0_[5] &&
CharAt(CONST_0)_1_[112] == CONST_112 &&
CONST_0 < Length_0_[5]
$$$$$$$$$$$$$$$$$$$$$$$$$$$$$$$$
Calling Z3str3

current query... 
(declare-const string_1 String)


(assert (= (str.at string_1 4) "w"))
(assert (< 4 (str.len string_1)))
(assert (= (str.at string_1 3) "s"))
(assert (< 3 (str.len string_1)))
(assert (= (str.at string_1 2) "s"))
(assert (< 2 (str.len string_1)))
(assert (= (str.at string_1 1) "a"))
(assert (< 1 (str.len string_1)))
(assert (= (str.at string_1 0) "p"))
(assert (< 0 (str.len string_1)))



======================
(define-fun string_1 () String
  "passw")
Returned solutions: 
(define-fun string_1 () String  "passw")
*************************************
Satisfiable: true
string_1 => "passw"
*************************************

numeric PC: constraint # = 9
CONST_4 < Length_0_[5] &&
CharAt(CONST_3)_4_[115] == CONST_115 &&
CONST_3 < Length_0_[5] &&
CharAt(CONST_2)_3_[115] == CONST_115 &&
CONST_2 < Length_0_[5] &&
CharAt(CONST_1)_2_[97] == CONST_97 &&
CONST_1 < Length_0_[5] &&
CharAt(CONST_0)_1_[112] == CONST_112 &&
CONST_0 < Length_0_[5] -> true

string analysis: SPC # = 0
NPC constraint # = 9
CONST_4 < Length_0_[5] &&
CharAt(CONST_3)_4_[115] == CONST_115 &&
CONST_3 < Length_0_[5] &&
CharAt(CONST_2)_3_[115] == CONST_115 &&
CONST_2 < Length_0_[5] &&
CharAt(CONST_1)_2_[97] == CONST_97 &&
CONST_1 < Length_0_[5] &&
CharAt(CONST_0)_1_[112] == CONST_112 &&
CONST_0 < Length_0_[5]
$$$$$$$$$$$$$$$$$$$$$$$$$$$$$$$$
Calling Z3str3

current query... 
(declare-const string_1 String)


(assert (< 4 (str.len string_1)))
(assert (= (str.at string_1 3) "s"))
(assert (< 3 (str.len string_1)))
(assert (= (str.at string_1 2) "s"))
(assert (< 2 (str.len string_1)))
(assert (= (str.at string_1 1) "a"))
(assert (< 1 (str.len string_1)))
(assert (= (str.at string_1 0) "p"))
(assert (< 0 (str.len string_1)))



======================
(define-fun string_1 () String
  "passAB")
Returned solutions: 
(define-fun string_1 () String  "passAB")
*************************************
Satisfiable: true
string_1 => "passAB"
*************************************

numeric PC: constraint # = 10
Length_0_ >= CONST_8 &&
CONST_4 >= Length_0_ &&
CharAt(CONST_3)_4_ == CONST_115 &&
CONST_3 < Length_0_ &&
CharAt(CONST_2)_3_ == CONST_115 &&
CONST_2 < Length_0_ &&
CharAt(CONST_1)_2_ == CONST_97 &&
CONST_1 < Length_0_ &&
CharAt(CONST_0)_1_ == CONST_112 &&
CONST_0 < Length_0_ -> false

### PCs: total:43 sat:38 unsat:5

numeric PC: constraint # = 10
Length_0_ < CONST_8 &&
CONST_4 >= Length_0_ &&
CharAt(CONST_3)_4_ == CONST_115 &&
CONST_3 < Length_0_ &&
CharAt(CONST_2)_3_ == CONST_115 &&
CONST_2 < Length_0_ &&
CharAt(CONST_1)_2_ == CONST_97 &&
CONST_1 < Length_0_ &&
CharAt(CONST_0)_1_ == CONST_112 &&
CONST_0 < Length_0_ -> true

### PCs: total:44 sat:39 unsat:5

string analysis: SPC # = 0
NPC constraint # = 10
Length_0_ < CONST_8 &&
CONST_4 >= Length_0_ &&
CharAt(CONST_3)_4_ == CONST_115 &&
CONST_3 < Length_0_ &&
CharAt(CONST_2)_3_ == CONST_115 &&
CONST_2 < Length_0_ &&
CharAt(CONST_1)_2_ == CONST_97 &&
CONST_1 < Length_0_ &&
CharAt(CONST_0)_1_ == CONST_112 &&
CONST_0 < Length_0_
$$$$$$$$$$$$$$$$$$$$$$$$$$$$$$$$
Calling Z3str3

current query... 
(declare-const string_1 String)


(assert (< (str.len string_1) 8))
(assert (>= 4 (str.len string_1)))
(assert (= (str.at string_1 3) "s"))
(assert (< 3 (str.len string_1)))
(assert (= (str.at string_1 2) "s"))
(assert (< 2 (str.len string_1)))
(assert (= (str.at string_1 1) "a"))
(assert (< 1 (str.len string_1)))
(assert (= (str.at string_1 0) "p"))
(assert (< 0 (str.len string_1)))



======================
(define-fun string_1 () String
  "pass")
Returned solutions: 
(define-fun string_1 () String  "pass")
*************************************
Satisfiable: true
string_1 => "pass"
*************************************

Reject
numeric PC: constraint # = 9
CONST_4 >= Length_0_ &&
CharAt(CONST_3)_4_ == CONST_115 &&
CONST_3 < Length_0_ &&
CharAt(CONST_2)_3_ == CONST_115 &&
CONST_2 < Length_0_ &&
CharAt(CONST_1)_2_ == CONST_97 &&
CONST_1 < Length_0_ &&
CharAt(CONST_0)_1_ == CONST_112 &&
CONST_0 < Length_0_ -> true

string analysis: SPC # = 0
NPC constraint # = 9
CONST_4 >= Length_0_[4] &&
CharAt(CONST_3)_4_[115] == CONST_115 &&
CONST_3 < Length_0_[4] &&
CharAt(CONST_2)_3_[115] == CONST_115 &&
CONST_2 < Length_0_[4] &&
CharAt(CONST_1)_2_[97] == CONST_97 &&
CONST_1 < Length_0_[4] &&
CharAt(CONST_0)_1_[112] == CONST_112 &&
CONST_0 < Length_0_[4]
$$$$$$$$$$$$$$$$$$$$$$$$$$$$$$$$
Calling Z3str3

current query... 
(declare-const string_1 String)


(assert (>= 4 (str.len string_1)))
(assert (= (str.at string_1 3) "s"))
(assert (< 3 (str.len string_1)))
(assert (= (str.at string_1 2) "s"))
(assert (< 2 (str.len string_1)))
(assert (= (str.at string_1 1) "a"))
(assert (< 1 (str.len string_1)))
(assert (= (str.at string_1 0) "p"))
(assert (< 0 (str.len string_1)))



======================
(define-fun string_1 () String
  "pass")
Returned solutions: 
(define-fun string_1 () String  "pass")
*************************************
Satisfiable: true
string_1 => "pass"
*************************************

numeric PC: constraint # = 8
CharAt(CONST_3)_4_[115] == CONST_115 &&
CONST_3 < Length_0_[4] &&
CharAt(CONST_2)_3_[115] == CONST_115 &&
CONST_2 < Length_0_[4] &&
CharAt(CONST_1)_2_[97] == CONST_97 &&
CONST_1 < Length_0_[4] &&
CharAt(CONST_0)_1_[112] == CONST_112 &&
CONST_0 < Length_0_[4] -> true

string analysis: SPC # = 0
NPC constraint # = 8
CharAt(CONST_3)_4_[115] == CONST_115 &&
CONST_3 < Length_0_[4] &&
CharAt(CONST_2)_3_[115] == CONST_115 &&
CONST_2 < Length_0_[4] &&
CharAt(CONST_1)_2_[97] == CONST_97 &&
CONST_1 < Length_0_[4] &&
CharAt(CONST_0)_1_[112] == CONST_112 &&
CONST_0 < Length_0_[4]
$$$$$$$$$$$$$$$$$$$$$$$$$$$$$$$$
Calling Z3str3

current query... 
(declare-const string_1 String)


(assert (= (str.at string_1 3) "s"))
(assert (< 3 (str.len string_1)))
(assert (= (str.at string_1 2) "s"))
(assert (< 2 (str.len string_1)))
(assert (= (str.at string_1 1) "a"))
(assert (< 1 (str.len string_1)))
(assert (= (str.at string_1 0) "p"))
(assert (< 0 (str.len string_1)))



======================
(define-fun string_1 () String
  "pass")
Returned solutions: 
(define-fun string_1 () String  "pass")
*************************************
Satisfiable: true
string_1 => "pass"
*************************************

numeric PC: constraint # = 7
CONST_3 < Length_0_[4] &&
CharAt(CONST_2)_3_[115] == CONST_115 &&
CONST_2 < Length_0_[4] &&
CharAt(CONST_1)_2_[97] == CONST_97 &&
CONST_1 < Length_0_[4] &&
CharAt(CONST_0)_1_[112] == CONST_112 &&
CONST_0 < Length_0_[4] -> true

string analysis: SPC # = 0
NPC constraint # = 7
CONST_3 < Length_0_[4] &&
CharAt(CONST_2)_3_[115] == CONST_115 &&
CONST_2 < Length_0_[4] &&
CharAt(CONST_1)_2_[97] == CONST_97 &&
CONST_1 < Length_0_[4] &&
CharAt(CONST_0)_1_[112] == CONST_112 &&
CONST_0 < Length_0_[4]
$$$$$$$$$$$$$$$$$$$$$$$$$$$$$$$$
Calling Z3str3

current query... 
(declare-const string_1 String)


(assert (< 3 (str.len string_1)))
(assert (= (str.at string_1 2) "s"))
(assert (< 2 (str.len string_1)))
(assert (= (str.at string_1 1) "a"))
(assert (< 1 (str.len string_1)))
(assert (= (str.at string_1 0) "p"))
(assert (< 0 (str.len string_1)))



======================
(define-fun string_1 () String
  "pasA")
Returned solutions: 
(define-fun string_1 () String  "pasA")
*************************************
Satisfiable: true
string_1 => "pasA"
*************************************

numeric PC: constraint # = 8
Length_0_ >= CONST_8 &&
CONST_3 >= Length_0_ &&
CharAt(CONST_2)_3_ == CONST_115 &&
CONST_2 < Length_0_ &&
CharAt(CONST_1)_2_ == CONST_97 &&
CONST_1 < Length_0_ &&
CharAt(CONST_0)_1_ == CONST_112 &&
CONST_0 < Length_0_ -> false

### PCs: total:45 sat:39 unsat:6

numeric PC: constraint # = 8
Length_0_ < CONST_8 &&
CONST_3 >= Length_0_ &&
CharAt(CONST_2)_3_ == CONST_115 &&
CONST_2 < Length_0_ &&
CharAt(CONST_1)_2_ == CONST_97 &&
CONST_1 < Length_0_ &&
CharAt(CONST_0)_1_ == CONST_112 &&
CONST_0 < Length_0_ -> true

### PCs: total:46 sat:40 unsat:6

string analysis: SPC # = 0
NPC constraint # = 8
Length_0_ < CONST_8 &&
CONST_3 >= Length_0_ &&
CharAt(CONST_2)_3_ == CONST_115 &&
CONST_2 < Length_0_ &&
CharAt(CONST_1)_2_ == CONST_97 &&
CONST_1 < Length_0_ &&
CharAt(CONST_0)_1_ == CONST_112 &&
CONST_0 < Length_0_
$$$$$$$$$$$$$$$$$$$$$$$$$$$$$$$$
Calling Z3str3

current query... 
(declare-const string_1 String)


(assert (< (str.len string_1) 8))
(assert (>= 3 (str.len string_1)))
(assert (= (str.at string_1 2) "s"))
(assert (< 2 (str.len string_1)))
(assert (= (str.at string_1 1) "a"))
(assert (< 1 (str.len string_1)))
(assert (= (str.at string_1 0) "p"))
(assert (< 0 (str.len string_1)))



======================
(define-fun string_1 () String
  "pas")
Returned solutions: 
(define-fun string_1 () String  "pas")
*************************************
Satisfiable: true
string_1 => "pas"
*************************************

Reject
numeric PC: constraint # = 7
CONST_3 >= Length_0_ &&
CharAt(CONST_2)_3_ == CONST_115 &&
CONST_2 < Length_0_ &&
CharAt(CONST_1)_2_ == CONST_97 &&
CONST_1 < Length_0_ &&
CharAt(CONST_0)_1_ == CONST_112 &&
CONST_0 < Length_0_ -> true

string analysis: SPC # = 0
NPC constraint # = 7
CONST_3 >= Length_0_[3] &&
CharAt(CONST_2)_3_[115] == CONST_115 &&
CONST_2 < Length_0_[3] &&
CharAt(CONST_1)_2_[97] == CONST_97 &&
CONST_1 < Length_0_[3] &&
CharAt(CONST_0)_1_[112] == CONST_112 &&
CONST_0 < Length_0_[3]
$$$$$$$$$$$$$$$$$$$$$$$$$$$$$$$$
Calling Z3str3

current query... 
(declare-const string_1 String)


(assert (>= 3 (str.len string_1)))
(assert (= (str.at string_1 2) "s"))
(assert (< 2 (str.len string_1)))
(assert (= (str.at string_1 1) "a"))
(assert (< 1 (str.len string_1)))
(assert (= (str.at string_1 0) "p"))
(assert (< 0 (str.len string_1)))



======================
(define-fun string_1 () String
  "pas")
Returned solutions: 
(define-fun string_1 () String  "pas")
*************************************
Satisfiable: true
string_1 => "pas"
*************************************

numeric PC: constraint # = 6
CharAt(CONST_2)_3_[115] == CONST_115 &&
CONST_2 < Length_0_[3] &&
CharAt(CONST_1)_2_[97] == CONST_97 &&
CONST_1 < Length_0_[3] &&
CharAt(CONST_0)_1_[112] == CONST_112 &&
CONST_0 < Length_0_[3] -> true

string analysis: SPC # = 0
NPC constraint # = 6
CharAt(CONST_2)_3_[115] == CONST_115 &&
CONST_2 < Length_0_[3] &&
CharAt(CONST_1)_2_[97] == CONST_97 &&
CONST_1 < Length_0_[3] &&
CharAt(CONST_0)_1_[112] == CONST_112 &&
CONST_0 < Length_0_[3]
$$$$$$$$$$$$$$$$$$$$$$$$$$$$$$$$
Calling Z3str3

current query... 
(declare-const string_1 String)


(assert (= (str.at string_1 2) "s"))
(assert (< 2 (str.len string_1)))
(assert (= (str.at string_1 1) "a"))
(assert (< 1 (str.len string_1)))
(assert (= (str.at string_1 0) "p"))
(assert (< 0 (str.len string_1)))



======================
(define-fun string_1 () String
  "pas")
Returned solutions: 
(define-fun string_1 () String  "pas")
*************************************
Satisfiable: true
string_1 => "pas"
*************************************

numeric PC: constraint # = 5
CONST_2 < Length_0_[3] &&
CharAt(CONST_1)_2_[97] == CONST_97 &&
CONST_1 < Length_0_[3] &&
CharAt(CONST_0)_1_[112] == CONST_112 &&
CONST_0 < Length_0_[3] -> true

string analysis: SPC # = 0
NPC constraint # = 5
CONST_2 < Length_0_[3] &&
CharAt(CONST_1)_2_[97] == CONST_97 &&
CONST_1 < Length_0_[3] &&
CharAt(CONST_0)_1_[112] == CONST_112 &&
CONST_0 < Length_0_[3]
$$$$$$$$$$$$$$$$$$$$$$$$$$$$$$$$
Calling Z3str3

current query... 
(declare-const string_1 String)


(assert (< 2 (str.len string_1)))
(assert (= (str.at string_1 1) "a"))
(assert (< 1 (str.len string_1)))
(assert (= (str.at string_1 0) "p"))
(assert (< 0 (str.len string_1)))



======================
(define-fun string_1 () String
  "paA")
Returned solutions: 
(define-fun string_1 () String  "paA")
*************************************
Satisfiable: true
string_1 => "paA"
*************************************

numeric PC: constraint # = 6
Length_0_ >= CONST_8 &&
CONST_2 >= Length_0_ &&
CharAt(CONST_1)_2_ == CONST_97 &&
CONST_1 < Length_0_ &&
CharAt(CONST_0)_1_ == CONST_112 &&
CONST_0 < Length_0_ -> false

### PCs: total:47 sat:40 unsat:7

numeric PC: constraint # = 6
Length_0_ < CONST_8 &&
CONST_2 >= Length_0_ &&
CharAt(CONST_1)_2_ == CONST_97 &&
CONST_1 < Length_0_ &&
CharAt(CONST_0)_1_ == CONST_112 &&
CONST_0 < Length_0_ -> true

### PCs: total:48 sat:41 unsat:7

string analysis: SPC # = 0
NPC constraint # = 6
Length_0_ < CONST_8 &&
CONST_2 >= Length_0_ &&
CharAt(CONST_1)_2_ == CONST_97 &&
CONST_1 < Length_0_ &&
CharAt(CONST_0)_1_ == CONST_112 &&
CONST_0 < Length_0_
$$$$$$$$$$$$$$$$$$$$$$$$$$$$$$$$
Calling Z3str3

current query... 
(declare-const string_1 String)


(assert (< (str.len string_1) 8))
(assert (>= 2 (str.len string_1)))
(assert (= (str.at string_1 1) "a"))
(assert (< 1 (str.len string_1)))
(assert (= (str.at string_1 0) "p"))
(assert (< 0 (str.len string_1)))



======================
(define-fun string_1 () String
  "pa")
Returned solutions: 
(define-fun string_1 () String  "pa")
*************************************
Satisfiable: true
string_1 => "pa"
*************************************

Reject
numeric PC: constraint # = 5
CONST_2 >= Length_0_ &&
CharAt(CONST_1)_2_ == CONST_97 &&
CONST_1 < Length_0_ &&
CharAt(CONST_0)_1_ == CONST_112 &&
CONST_0 < Length_0_ -> true

string analysis: SPC # = 0
NPC constraint # = 5
CONST_2 >= Length_0_[2] &&
CharAt(CONST_1)_2_[97] == CONST_97 &&
CONST_1 < Length_0_[2] &&
CharAt(CONST_0)_1_[112] == CONST_112 &&
CONST_0 < Length_0_[2]
$$$$$$$$$$$$$$$$$$$$$$$$$$$$$$$$
Calling Z3str3

current query... 
(declare-const string_1 String)


(assert (>= 2 (str.len string_1)))
(assert (= (str.at string_1 1) "a"))
(assert (< 1 (str.len string_1)))
(assert (= (str.at string_1 0) "p"))
(assert (< 0 (str.len string_1)))



======================
(define-fun string_1 () String
  "pa")
Returned solutions: 
(define-fun string_1 () String  "pa")
*************************************
Satisfiable: true
string_1 => "pa"
*************************************

numeric PC: constraint # = 4
CharAt(CONST_1)_2_[97] == CONST_97 &&
CONST_1 < Length_0_[2] &&
CharAt(CONST_0)_1_[112] == CONST_112 &&
CONST_0 < Length_0_[2] -> true

string analysis: SPC # = 0
NPC constraint # = 4
CharAt(CONST_1)_2_[97] == CONST_97 &&
CONST_1 < Length_0_[2] &&
CharAt(CONST_0)_1_[112] == CONST_112 &&
CONST_0 < Length_0_[2]
$$$$$$$$$$$$$$$$$$$$$$$$$$$$$$$$
Calling Z3str3

current query... 
(declare-const string_1 String)


(assert (= (str.at string_1 1) "a"))
(assert (< 1 (str.len string_1)))
(assert (= (str.at string_1 0) "p"))
(assert (< 0 (str.len string_1)))



======================
(define-fun string_1 () String
  "pa")
Returned solutions: 
(define-fun string_1 () String  "pa")
*************************************
Satisfiable: true
string_1 => "pa"
*************************************

numeric PC: constraint # = 3
CONST_1 < Length_0_[2] &&
CharAt(CONST_0)_1_[112] == CONST_112 &&
CONST_0 < Length_0_[2] -> true

string analysis: SPC # = 0
NPC constraint # = 3
CONST_1 < Length_0_[2] &&
CharAt(CONST_0)_1_[112] == CONST_112 &&
CONST_0 < Length_0_[2]
$$$$$$$$$$$$$$$$$$$$$$$$$$$$$$$$
Calling Z3str3

current query... 
(declare-const string_1 String)


(assert (< 1 (str.len string_1)))
(assert (= (str.at string_1 0) "p"))
(assert (< 0 (str.len string_1)))



======================
(define-fun string_1 () String
  "pA")
Returned solutions: 
(define-fun string_1 () String  "pA")
*************************************
Satisfiable: true
string_1 => "pA"
*************************************

numeric PC: constraint # = 4
Length_0_ >= CONST_8 &&
CONST_1 >= Length_0_ &&
CharAt(CONST_0)_1_ == CONST_112 &&
CONST_0 < Length_0_ -> false

### PCs: total:49 sat:41 unsat:8

numeric PC: constraint # = 4
Length_0_ < CONST_8 &&
CONST_1 >= Length_0_ &&
CharAt(CONST_0)_1_ == CONST_112 &&
CONST_0 < Length_0_ -> true

### PCs: total:50 sat:42 unsat:8

string analysis: SPC # = 0
NPC constraint # = 4
Length_0_ < CONST_8 &&
CONST_1 >= Length_0_ &&
CharAt(CONST_0)_1_ == CONST_112 &&
CONST_0 < Length_0_
$$$$$$$$$$$$$$$$$$$$$$$$$$$$$$$$
Calling Z3str3

current query... 
(declare-const string_1 String)


(assert (< (str.len string_1) 8))
(assert (>= 1 (str.len string_1)))
(assert (= (str.at string_1 0) "p"))
(assert (< 0 (str.len string_1)))



======================
(define-fun string_1 () String
  "p")
Returned solutions: 
(define-fun string_1 () String  "p")
*************************************
Satisfiable: true
string_1 => "p"
*************************************

Reject
numeric PC: constraint # = 3
CONST_1 >= Length_0_ &&
CharAt(CONST_0)_1_ == CONST_112 &&
CONST_0 < Length_0_ -> true

string analysis: SPC # = 0
NPC constraint # = 3
CONST_1 >= Length_0_[1] &&
CharAt(CONST_0)_1_[112] == CONST_112 &&
CONST_0 < Length_0_[1]
$$$$$$$$$$$$$$$$$$$$$$$$$$$$$$$$
Calling Z3str3

current query... 
(declare-const string_1 String)


(assert (>= 1 (str.len string_1)))
(assert (= (str.at string_1 0) "p"))
(assert (< 0 (str.len string_1)))



======================
(define-fun string_1 () String
  "p")
Returned solutions: 
(define-fun string_1 () String  "p")
*************************************
Satisfiable: true
string_1 => "p"
*************************************

numeric PC: constraint # = 2
CharAt(CONST_0)_1_[112] == CONST_112 &&
CONST_0 < Length_0_[1] -> true

string analysis: SPC # = 0
NPC constraint # = 2
CharAt(CONST_0)_1_[112] == CONST_112 &&
CONST_0 < Length_0_[1]
$$$$$$$$$$$$$$$$$$$$$$$$$$$$$$$$
Calling Z3str3

current query... 
(declare-const string_1 String)


(assert (= (str.at string_1 0) "p"))
(assert (< 0 (str.len string_1)))



======================
(define-fun string_1 () String
  "p")
Returned solutions: 
(define-fun string_1 () String  "p")
*************************************
Satisfiable: true
string_1 => "p"
*************************************

numeric PC: constraint # = 1
CONST_0 < Length_0_[1] -> true

numeric PC: constraint # = 2
Length_0_ >= CONST_8 &&
CONST_0 >= Length_0_ -> false

### PCs: total:51 sat:42 unsat:9

numeric PC: constraint # = 2
Length_0_ < CONST_8 &&
CONST_0 >= Length_0_ -> true

### PCs: total:52 sat:43 unsat:9

Reject
numeric PC: constraint # = 1
CONST_0 >= Length_0_ -> true


====================================================== Method Sequences
[verifyPassword(**UNDEFINED**)]

====================================================== JUnit 4.0 test class
import static org.junit.Assert.*;
import org.junit.Before;
import org.junit.Test;

public class strings_NaivePWCheckTest {

	private strings.NaivePWCheck strings_naivepwcheck;

	@Before
	public void setUp() throws Exception {
		strings_naivepwcheck = new strings.NaivePWCheck();
	}

	@Test
	public void test0() {
		strings_naivepwcheck.verifyPassword(**UNDEFINED**);
	}
}

====================================================== results
no errors detected

====================================================== statistics
elapsed time:       00:00:02
states:             new=36,visited=0,backtracked=36,end=18
search:             maxDepth=19,constraints=0
choice generators:  thread=1 (signal=0,lock=1,sharedRef=0,threadApi=0,reschedule=0), data=18
heap:               new=491,released=184,maxLive=451,gcCycles=36
instructions:       6936
max memory:         477MB
loaded code:        classes=81,methods=1618

====================================================== search finished: 11/6/25 1:02 PM
Runtime(ms) :2385