Running Symbolic PathFinder ...
symbolic.dp=choco
symbolic.dp_timeout_ms=5000
symbolic.string_dp_timeout_ms=0
symbolic.string_dp_alpha=A-Z
symbolic.string_dp_alphaSize=26
symbolic.string_dp_upper=10
symbolic.string_dp_lower=1
symbolic.string_dp=z3str3
symbolic.max_pc_length=2147483647
symbolic.max_pc_msec=0
symbolic.bvlength=32
symbolic.min_int=-2147483648
symbolic.min_long=-9223372036854775808
symbolic.min_short=-32768
symbolic.min_byte=-128
symbolic.min_char=0
symbolic.max_int=2147483647
symbolic.max_long=9223372036854775807
symbolic.max_short=32767
symbolic.max_byte=127
symbolic.max_char=65535
symbolic.min_double=-1.7976931348623157E308
symbolic.max_double=1.7976931348623157E308
JavaPathfinder core system v8.0 (rev da1abb1a52627d8934f0dfe65185834308c83b19) - (C) 2005-2014 United States Government. All rights reserved.


====================================================== system under test
strings.StringSearch.main()

====================================================== search started: 11/5/25 10:23 AM
New sym int needle_1_SYMSTRING.length min=-2147483648, max=2147483647
New sym int haystack_2_SYMSTRING.length min=-2147483648, max=2147483647
New sym int Length_0_ min=0, max=125
New sym int Length_1_ min=0, max=125
numeric PC: constraint # = 1
Length_0_ >= (Length_1_ + CONST_1) -> true

### PCs: total:1 sat:1 unsat:0

numeric PC: constraint # = 1
Length_0_ < (Length_1_ + CONST_1) -> true

### PCs: total:2 sat:2 unsat:0

numeric PC: constraint # = 2
CONST_0 >= Length_0_ &&
Length_0_ < (Length_1_ + CONST_1) -> true

### PCs: total:3 sat:3 unsat:0

numeric PC: constraint # = 2
CONST_0 < Length_0_ &&
Length_0_ < (Length_1_ + CONST_1) -> true

### PCs: total:4 sat:4 unsat:0

New sym int CharAt(CONST_0)_2_ min=0, max=65535
New sym int CharAt(CONST_0)_3_ min=0, max=65535
numeric PC: constraint # = 3
CharAt(CONST_0)_2_ != CharAt(CONST_0)_3_ &&
CONST_0 < Length_0_ &&
Length_0_ < (Length_1_ + CONST_1) -> true

### PCs: total:5 sat:5 unsat:0

string analysis: SPC # = 0
NPC constraint # = 3
CharAt(CONST_0)_2_ != CharAt(CONST_0)_3_ &&
CONST_0 < Length_0_ &&
Length_0_ < (Length_1_ + CONST_1)
$$$$$$$$$$$$$$$$$$$$$$$$$$$$$$$$
Calling Z3str3

current query... 
(declare-const needle_1 String)
(declare-const haystack_2 String)


(assert (not (= (str.at haystack_2 0) (str.at needle_1 0))))
(assert (< 0 (str.len needle_1)))
(assert (< (str.len needle_1) ( +  (str.len haystack_2) 1)))



======================
(define-fun needle_1 () String
  "B")
(define-fun haystack_2 () String
  "A")
Returned solutions: 
(define-fun needle_1 () String  "B")
(define-fun haystack_2 () String  "A")
*************************************
Satisfiable: true
needle_1 => "B"
haystack_2 => "A"
*************************************

numeric PC: constraint # = 3
CharAt(CONST_0)_2_ == CharAt(CONST_0)_3_ &&
CONST_0 < Length_0_ &&
Length_0_ < (Length_1_ + CONST_1) -> true

### PCs: total:6 sat:6 unsat:0

string analysis: SPC # = 0
NPC constraint # = 3
CharAt(CONST_0)_2_ == CharAt(CONST_0)_3_ &&
CONST_0 < Length_0_ &&
Length_0_ < (Length_1_ + CONST_1)
$$$$$$$$$$$$$$$$$$$$$$$$$$$$$$$$
Calling Z3str3

current query... 
(declare-const needle_1 String)
(declare-const haystack_2 String)


(assert (= (str.at haystack_2 0) (str.at needle_1 0)))
(assert (< 0 (str.len needle_1)))
(assert (< (str.len needle_1) ( +  (str.len haystack_2) 1)))



======================
(define-fun needle_1 () String
  "A")
(define-fun haystack_2 () String
  "A")
Returned solutions: 
(define-fun needle_1 () String  "A")
(define-fun haystack_2 () String  "A")
*************************************
Satisfiable: true
needle_1 => "A"
haystack_2 => "A"
*************************************

numeric PC: constraint # = 4
CONST_1 >= Length_0_ &&
CharAt(CONST_0)_2_ == CharAt(CONST_0)_3_ &&
CONST_0 < Length_0_ &&
Length_0_ < (Length_1_ + CONST_1) -> true

### PCs: total:7 sat:7 unsat:0

string analysis: SPC # = 0
NPC constraint # = 4
CONST_1 >= Length_0_ &&
CharAt(CONST_0)_2_ == CharAt(CONST_0)_3_ &&
CONST_0 < Length_0_ &&
Length_0_ < (Length_1_ + CONST_1)
$$$$$$$$$$$$$$$$$$$$$$$$$$$$$$$$
Calling Z3str3

current query... 
(declare-const needle_1 String)
(declare-const haystack_2 String)


(assert (>= 1 (str.len needle_1)))
(assert (= (str.at haystack_2 0) (str.at needle_1 0)))
(assert (< 0 (str.len needle_1)))
(assert (< (str.len needle_1) ( +  (str.len haystack_2) 1)))



======================
(define-fun needle_1 () String
  "A")
(define-fun haystack_2 () String
  "A")
Returned solutions: 
(define-fun needle_1 () String  "A")
(define-fun haystack_2 () String  "A")
*************************************
Satisfiable: true
needle_1 => "A"
haystack_2 => "A"
*************************************

numeric PC: constraint # = 4
CONST_1 < Length_0_ &&
CharAt(CONST_0)_2_ == CharAt(CONST_0)_3_ &&
CONST_0 < Length_0_ &&
Length_0_ < (Length_1_ + CONST_1) -> true

### PCs: total:8 sat:8 unsat:0

string analysis: SPC # = 0
NPC constraint # = 4
CONST_1 < Length_0_ &&
CharAt(CONST_0)_2_ == CharAt(CONST_0)_3_ &&
CONST_0 < Length_0_ &&
Length_0_ < (Length_1_ + CONST_1)
$$$$$$$$$$$$$$$$$$$$$$$$$$$$$$$$
Calling Z3str3

current query... 
(declare-const needle_1 String)
(declare-const haystack_2 String)


(assert (< 1 (str.len needle_1)))
(assert (= (str.at haystack_2 0) (str.at needle_1 0)))
(assert (< 0 (str.len needle_1)))
(assert (< (str.len needle_1) ( +  (str.len haystack_2) 1)))



======================
(define-fun needle_1 () String
  "AB")
(define-fun haystack_2 () String
  "AC")
Returned solutions: 
(define-fun needle_1 () String  "AB")
(define-fun haystack_2 () String  "AC")
*************************************
Satisfiable: true
needle_1 => "AB"
haystack_2 => "AC"
*************************************

New sym int CharAt(CONST_1)_4_ min=0, max=65535
New sym int CharAt(CONST_1)_5_ min=0, max=65535
numeric PC: constraint # = 5
CharAt(CONST_1)_4_ != CharAt(CONST_1)_5_ &&
CONST_1 < Length_0_ &&
CharAt(CONST_0)_2_ == CharAt(CONST_0)_3_ &&
CONST_0 < Length_0_ &&
Length_0_ < (Length_1_ + CONST_1) -> true

### PCs: total:9 sat:9 unsat:0

string analysis: SPC # = 0
NPC constraint # = 5
CharAt(CONST_1)_4_ != CharAt(CONST_1)_5_ &&
CONST_1 < Length_0_ &&
CharAt(CONST_0)_2_ == CharAt(CONST_0)_3_ &&
CONST_0 < Length_0_ &&
Length_0_ < (Length_1_ + CONST_1)
$$$$$$$$$$$$$$$$$$$$$$$$$$$$$$$$
Calling Z3str3

current query... 
(declare-const needle_1 String)
(declare-const haystack_2 String)


(assert (not (= (str.at haystack_2 1) (str.at needle_1 1))))
(assert (< 1 (str.len needle_1)))
(assert (= (str.at haystack_2 0) (str.at needle_1 0)))
(assert (< 0 (str.len needle_1)))
(assert (< (str.len needle_1) ( +  (str.len haystack_2) 1)))



======================
(define-fun needle_1 () String
  "BC")
(define-fun haystack_2 () String
  "BA")
Returned solutions: 
(define-fun needle_1 () String  "BC")
(define-fun haystack_2 () String  "BA")
*************************************
Satisfiable: true
needle_1 => "BC"
haystack_2 => "BA"
*************************************

numeric PC: constraint # = 5
CharAt(CONST_1)_4_ == CharAt(CONST_1)_5_ &&
CONST_1 < Length_0_ &&
CharAt(CONST_0)_2_ == CharAt(CONST_0)_3_ &&
CONST_0 < Length_0_ &&
Length_0_ < (Length_1_ + CONST_1) -> true

### PCs: total:10 sat:10 unsat:0

string analysis: SPC # = 0
NPC constraint # = 5
CharAt(CONST_1)_4_ == CharAt(CONST_1)_5_ &&
CONST_1 < Length_0_ &&
CharAt(CONST_0)_2_ == CharAt(CONST_0)_3_ &&
CONST_0 < Length_0_ &&
Length_0_ < (Length_1_ + CONST_1)
$$$$$$$$$$$$$$$$$$$$$$$$$$$$$$$$
Calling Z3str3

current query... 
(declare-const needle_1 String)
(declare-const haystack_2 String)


(assert (= (str.at haystack_2 1) (str.at needle_1 1)))
(assert (< 1 (str.len needle_1)))
(assert (= (str.at haystack_2 0) (str.at needle_1 0)))
(assert (< 0 (str.len needle_1)))
(assert (< (str.len needle_1) ( +  (str.len haystack_2) 1)))



======================
(define-fun needle_1 () String
  "AB")
(define-fun haystack_2 () String
  "AB")
Returned solutions: 
(define-fun needle_1 () String  "AB")
(define-fun haystack_2 () String  "AB")
*************************************
Satisfiable: true
needle_1 => "AB"
haystack_2 => "AB"
*************************************

numeric PC: constraint # = 6
CONST_2 >= Length_0_ &&
CharAt(CONST_1)_4_ == CharAt(CONST_1)_5_ &&
CONST_1 < Length_0_ &&
CharAt(CONST_0)_2_ == CharAt(CONST_0)_3_ &&
CONST_0 < Length_0_ &&
Length_0_ < (Length_1_ + CONST_1) -> true

### PCs: total:11 sat:11 unsat:0

string analysis: SPC # = 0
NPC constraint # = 6
CONST_2 >= Length_0_ &&
CharAt(CONST_1)_4_ == CharAt(CONST_1)_5_ &&
CONST_1 < Length_0_ &&
CharAt(CONST_0)_2_ == CharAt(CONST_0)_3_ &&
CONST_0 < Length_0_ &&
Length_0_ < (Length_1_ + CONST_1)
$$$$$$$$$$$$$$$$$$$$$$$$$$$$$$$$
Calling Z3str3

current query... 
(declare-const needle_1 String)
(declare-const haystack_2 String)


(assert (>= 2 (str.len needle_1)))
(assert (= (str.at haystack_2 1) (str.at needle_1 1)))
(assert (< 1 (str.len needle_1)))
(assert (= (str.at haystack_2 0) (str.at needle_1 0)))
(assert (< 0 (str.len needle_1)))
(assert (< (str.len needle_1) ( +  (str.len haystack_2) 1)))



======================
(define-fun needle_1 () String
  "AB")
(define-fun haystack_2 () String
  "AB")
Returned solutions: 
(define-fun needle_1 () String  "AB")
(define-fun haystack_2 () String  "AB")
*************************************
Satisfiable: true
needle_1 => "AB"
haystack_2 => "AB"
*************************************

numeric PC: constraint # = 6
CONST_2 < Length_0_ &&
CharAt(CONST_1)_4_ == CharAt(CONST_1)_5_ &&
CONST_1 < Length_0_ &&
CharAt(CONST_0)_2_ == CharAt(CONST_0)_3_ &&
CONST_0 < Length_0_ &&
Length_0_ < (Length_1_ + CONST_1) -> true

### PCs: total:12 sat:12 unsat:0

string analysis: SPC # = 0
NPC constraint # = 6
CONST_2 < Length_0_ &&
CharAt(CONST_1)_4_ == CharAt(CONST_1)_5_ &&
CONST_1 < Length_0_ &&
CharAt(CONST_0)_2_ == CharAt(CONST_0)_3_ &&
CONST_0 < Length_0_ &&
Length_0_ < (Length_1_ + CONST_1)
$$$$$$$$$$$$$$$$$$$$$$$$$$$$$$$$
Calling Z3str3

current query... 
(declare-const needle_1 String)
(declare-const haystack_2 String)


(assert (< 2 (str.len needle_1)))
(assert (= (str.at haystack_2 1) (str.at needle_1 1)))
(assert (< 1 (str.len needle_1)))
(assert (= (str.at haystack_2 0) (str.at needle_1 0)))
(assert (< 0 (str.len needle_1)))
(assert (< (str.len needle_1) ( +  (str.len haystack_2) 1)))



======================
(define-fun needle_1 () String
  "ABC")
(define-fun haystack_2 () String
  "ABD")
Returned solutions: 
(define-fun needle_1 () String  "ABC")
(define-fun haystack_2 () String  "ABD")
*************************************
Satisfiable: true
needle_1 => "ABC"
haystack_2 => "ABD"
*************************************

New sym int CharAt(CONST_2)_6_ min=0, max=65535
New sym int CharAt(CONST_2)_7_ min=0, max=65535
numeric PC: constraint # = 7
CharAt(CONST_2)_6_ != CharAt(CONST_2)_7_ &&
CONST_2 < Length_0_ &&
CharAt(CONST_1)_4_ == CharAt(CONST_1)_5_ &&
CONST_1 < Length_0_ &&
CharAt(CONST_0)_2_ == CharAt(CONST_0)_3_ &&
CONST_0 < Length_0_ &&
Length_0_ < (Length_1_ + CONST_1) -> true

### PCs: total:13 sat:13 unsat:0

string analysis: SPC # = 0
NPC constraint # = 7
CharAt(CONST_2)_6_ != CharAt(CONST_2)_7_ &&
CONST_2 < Length_0_ &&
CharAt(CONST_1)_4_ == CharAt(CONST_1)_5_ &&
CONST_1 < Length_0_ &&
CharAt(CONST_0)_2_ == CharAt(CONST_0)_3_ &&
CONST_0 < Length_0_ &&
Length_0_ < (Length_1_ + CONST_1)
$$$$$$$$$$$$$$$$$$$$$$$$$$$$$$$$
Calling Z3str3

current query... 
(declare-const needle_1 String)
(declare-const haystack_2 String)


(assert (not (= (str.at haystack_2 2) (str.at needle_1 2))))
(assert (< 2 (str.len needle_1)))
(assert (= (str.at haystack_2 1) (str.at needle_1 1)))
(assert (< 1 (str.len needle_1)))
(assert (= (str.at haystack_2 0) (str.at needle_1 0)))
(assert (< 0 (str.len needle_1)))
(assert (< (str.len needle_1) ( +  (str.len haystack_2) 1)))



======================
(define-fun needle_1 () String
  "BCD")
(define-fun haystack_2 () String
  "BCA")
Returned solutions: 
(define-fun needle_1 () String  "BCD")
(define-fun haystack_2 () String  "BCA")
*************************************
Satisfiable: true
needle_1 => "BCD"
haystack_2 => "BCA"
*************************************

numeric PC: constraint # = 7
CharAt(CONST_2)_6_ == CharAt(CONST_2)_7_ &&
CONST_2 < Length_0_ &&
CharAt(CONST_1)_4_ == CharAt(CONST_1)_5_ &&
CONST_1 < Length_0_ &&
CharAt(CONST_0)_2_ == CharAt(CONST_0)_3_ &&
CONST_0 < Length_0_ &&
Length_0_ < (Length_1_ + CONST_1) -> true

### PCs: total:14 sat:14 unsat:0

string analysis: SPC # = 0
NPC constraint # = 7
CharAt(CONST_2)_6_ == CharAt(CONST_2)_7_ &&
CONST_2 < Length_0_ &&
CharAt(CONST_1)_4_ == CharAt(CONST_1)_5_ &&
CONST_1 < Length_0_ &&
CharAt(CONST_0)_2_ == CharAt(CONST_0)_3_ &&
CONST_0 < Length_0_ &&
Length_0_ < (Length_1_ + CONST_1)
$$$$$$$$$$$$$$$$$$$$$$$$$$$$$$$$
Calling Z3str3

current query... 
(declare-const needle_1 String)
(declare-const haystack_2 String)


(assert (= (str.at haystack_2 2) (str.at needle_1 2)))
(assert (< 2 (str.len needle_1)))
(assert (= (str.at haystack_2 1) (str.at needle_1 1)))
(assert (< 1 (str.len needle_1)))
(assert (= (str.at haystack_2 0) (str.at needle_1 0)))
(assert (< 0 (str.len needle_1)))
(assert (< (str.len needle_1) ( +  (str.len haystack_2) 1)))



======================
(define-fun needle_1 () String
  "ABC")
(define-fun haystack_2 () String
  "ABC")
Returned solutions: 
(define-fun needle_1 () String  "ABC")
(define-fun haystack_2 () String  "ABC")
*************************************
Satisfiable: true
needle_1 => "ABC"
haystack_2 => "ABC"
*************************************

numeric PC: constraint # = 8
CONST_3 >= Length_0_ &&
CharAt(CONST_2)_6_ == CharAt(CONST_2)_7_ &&
CONST_2 < Length_0_ &&
CharAt(CONST_1)_4_ == CharAt(CONST_1)_5_ &&
CONST_1 < Length_0_ &&
CharAt(CONST_0)_2_ == CharAt(CONST_0)_3_ &&
CONST_0 < Length_0_ &&
Length_0_ < (Length_1_ + CONST_1) -> true

### PCs: total:15 sat:15 unsat:0

string analysis: SPC # = 0
NPC constraint # = 8
CONST_3 >= Length_0_ &&
CharAt(CONST_2)_6_ == CharAt(CONST_2)_7_ &&
CONST_2 < Length_0_ &&
CharAt(CONST_1)_4_ == CharAt(CONST_1)_5_ &&
CONST_1 < Length_0_ &&
CharAt(CONST_0)_2_ == CharAt(CONST_0)_3_ &&
CONST_0 < Length_0_ &&
Length_0_ < (Length_1_ + CONST_1)
$$$$$$$$$$$$$$$$$$$$$$$$$$$$$$$$
Calling Z3str3

current query... 
(declare-const needle_1 String)
(declare-const haystack_2 String)


(assert (>= 3 (str.len needle_1)))
(assert (= (str.at haystack_2 2) (str.at needle_1 2)))
(assert (< 2 (str.len needle_1)))
(assert (= (str.at haystack_2 1) (str.at needle_1 1)))
(assert (< 1 (str.len needle_1)))
(assert (= (str.at haystack_2 0) (str.at needle_1 0)))
(assert (< 0 (str.len needle_1)))
(assert (< (str.len needle_1) ( +  (str.len haystack_2) 1)))



======================
(define-fun needle_1 () String
  "ABC")
(define-fun haystack_2 () String
  "ABC")
Returned solutions: 
(define-fun needle_1 () String  "ABC")
(define-fun haystack_2 () String  "ABC")
*************************************
Satisfiable: true
needle_1 => "ABC"
haystack_2 => "ABC"
*************************************

numeric PC: constraint # = 8
CONST_3 < Length_0_ &&
CharAt(CONST_2)_6_ == CharAt(CONST_2)_7_ &&
CONST_2 < Length_0_ &&
CharAt(CONST_1)_4_ == CharAt(CONST_1)_5_ &&
CONST_1 < Length_0_ &&
CharAt(CONST_0)_2_ == CharAt(CONST_0)_3_ &&
CONST_0 < Length_0_ &&
Length_0_ < (Length_1_ + CONST_1) -> true

### PCs: total:16 sat:16 unsat:0

string analysis: SPC # = 0
NPC constraint # = 8
CONST_3 < Length_0_ &&
CharAt(CONST_2)_6_ == CharAt(CONST_2)_7_ &&
CONST_2 < Length_0_ &&
CharAt(CONST_1)_4_ == CharAt(CONST_1)_5_ &&
CONST_1 < Length_0_ &&
CharAt(CONST_0)_2_ == CharAt(CONST_0)_3_ &&
CONST_0 < Length_0_ &&
Length_0_ < (Length_1_ + CONST_1)
$$$$$$$$$$$$$$$$$$$$$$$$$$$$$$$$
Calling Z3str3

current query... 
(declare-const needle_1 String)
(declare-const haystack_2 String)


(assert (< 3 (str.len needle_1)))
(assert (= (str.at haystack_2 2) (str.at needle_1 2)))
(assert (< 2 (str.len needle_1)))
(assert (= (str.at haystack_2 1) (str.at needle_1 1)))
(assert (< 1 (str.len needle_1)))
(assert (= (str.at haystack_2 0) (str.at needle_1 0)))
(assert (< 0 (str.len needle_1)))
(assert (< (str.len needle_1) ( +  (str.len haystack_2) 1)))



======================
(define-fun needle_1 () String
  "ABCD")
(define-fun haystack_2 () String
  "ABCE")
Returned solutions: 
(define-fun needle_1 () String  "ABCD")
(define-fun haystack_2 () String  "ABCE")
*************************************
Satisfiable: true
needle_1 => "ABCD"
haystack_2 => "ABCE"
*************************************

New sym int CharAt(CONST_3)_8_ min=0, max=65535
New sym int CharAt(CONST_3)_9_ min=0, max=65535
numeric PC: constraint # = 9
CharAt(CONST_3)_8_ != CharAt(CONST_3)_9_ &&
CONST_3 < Length_0_ &&
CharAt(CONST_2)_6_ == CharAt(CONST_2)_7_ &&
CONST_2 < Length_0_ &&
CharAt(CONST_1)_4_ == CharAt(CONST_1)_5_ &&
CONST_1 < Length_0_ &&
CharAt(CONST_0)_2_ == CharAt(CONST_0)_3_ &&
CONST_0 < Length_0_ &&
Length_0_ < (Length_1_ + CONST_1) -> true

### PCs: total:17 sat:17 unsat:0

string analysis: SPC # = 0
NPC constraint # = 9
CharAt(CONST_3)_8_ != CharAt(CONST_3)_9_ &&
CONST_3 < Length_0_ &&
CharAt(CONST_2)_6_ == CharAt(CONST_2)_7_ &&
CONST_2 < Length_0_ &&
CharAt(CONST_1)_4_ == CharAt(CONST_1)_5_ &&
CONST_1 < Length_0_ &&
CharAt(CONST_0)_2_ == CharAt(CONST_0)_3_ &&
CONST_0 < Length_0_ &&
Length_0_ < (Length_1_ + CONST_1)
$$$$$$$$$$$$$$$$$$$$$$$$$$$$$$$$
Calling Z3str3

current query... 
(declare-const needle_1 String)
(declare-const haystack_2 String)


(assert (not (= (str.at haystack_2 3) (str.at needle_1 3))))
(assert (< 3 (str.len needle_1)))
(assert (= (str.at haystack_2 2) (str.at needle_1 2)))
(assert (< 2 (str.len needle_1)))
(assert (= (str.at haystack_2 1) (str.at needle_1 1)))
(assert (< 1 (str.len needle_1)))
(assert (= (str.at haystack_2 0) (str.at needle_1 0)))
(assert (< 0 (str.len needle_1)))
(assert (< (str.len needle_1) ( +  (str.len haystack_2) 1)))



======================
(define-fun needle_1 () String
  "BCDE")
(define-fun haystack_2 () String
  "BCDA")
Returned solutions: 
(define-fun needle_1 () String  "BCDE")
(define-fun haystack_2 () String  "BCDA")
*************************************
Satisfiable: true
needle_1 => "BCDE"
haystack_2 => "BCDA"
*************************************

numeric PC: constraint # = 9
CharAt(CONST_3)_8_ == CharAt(CONST_3)_9_ &&
CONST_3 < Length_0_ &&
CharAt(CONST_2)_6_ == CharAt(CONST_2)_7_ &&
CONST_2 < Length_0_ &&
CharAt(CONST_1)_4_ == CharAt(CONST_1)_5_ &&
CONST_1 < Length_0_ &&
CharAt(CONST_0)_2_ == CharAt(CONST_0)_3_ &&
CONST_0 < Length_0_ &&
Length_0_ < (Length_1_ + CONST_1) -> true

### PCs: total:18 sat:18 unsat:0

string analysis: SPC # = 0
NPC constraint # = 9
CharAt(CONST_3)_8_ == CharAt(CONST_3)_9_ &&
CONST_3 < Length_0_ &&
CharAt(CONST_2)_6_ == CharAt(CONST_2)_7_ &&
CONST_2 < Length_0_ &&
CharAt(CONST_1)_4_ == CharAt(CONST_1)_5_ &&
CONST_1 < Length_0_ &&
CharAt(CONST_0)_2_ == CharAt(CONST_0)_3_ &&
CONST_0 < Length_0_ &&
Length_0_ < (Length_1_ + CONST_1)
$$$$$$$$$$$$$$$$$$$$$$$$$$$$$$$$
Calling Z3str3

current query... 
(declare-const needle_1 String)
(declare-const haystack_2 String)


(assert (= (str.at haystack_2 3) (str.at needle_1 3)))
(assert (< 3 (str.len needle_1)))
(assert (= (str.at haystack_2 2) (str.at needle_1 2)))
(assert (< 2 (str.len needle_1)))
(assert (= (str.at haystack_2 1) (str.at needle_1 1)))
(assert (< 1 (str.len needle_1)))
(assert (= (str.at haystack_2 0) (str.at needle_1 0)))
(assert (< 0 (str.len needle_1)))
(assert (< (str.len needle_1) ( +  (str.len haystack_2) 1)))



======================
(define-fun needle_1 () String
  "ABCD")
(define-fun haystack_2 () String
  "ABCD")
Returned solutions: 
(define-fun needle_1 () String  "ABCD")
(define-fun haystack_2 () String  "ABCD")
*************************************
Satisfiable: true
needle_1 => "ABCD"
haystack_2 => "ABCD"
*************************************

numeric PC: constraint # = 10
CONST_4 >= Length_0_ &&
CharAt(CONST_3)_8_ == CharAt(CONST_3)_9_ &&
CONST_3 < Length_0_ &&
CharAt(CONST_2)_6_ == CharAt(CONST_2)_7_ &&
CONST_2 < Length_0_ &&
CharAt(CONST_1)_4_ == CharAt(CONST_1)_5_ &&
CONST_1 < Length_0_ &&
CharAt(CONST_0)_2_ == CharAt(CONST_0)_3_ &&
CONST_0 < Length_0_ &&
Length_0_ < (Length_1_ + CONST_1) -> true

### PCs: total:19 sat:19 unsat:0

string analysis: SPC # = 0
NPC constraint # = 10
CONST_4 >= Length_0_ &&
CharAt(CONST_3)_8_ == CharAt(CONST_3)_9_ &&
CONST_3 < Length_0_ &&
CharAt(CONST_2)_6_ == CharAt(CONST_2)_7_ &&
CONST_2 < Length_0_ &&
CharAt(CONST_1)_4_ == CharAt(CONST_1)_5_ &&
CONST_1 < Length_0_ &&
CharAt(CONST_0)_2_ == CharAt(CONST_0)_3_ &&
CONST_0 < Length_0_ &&
Length_0_ < (Length_1_ + CONST_1)
$$$$$$$$$$$$$$$$$$$$$$$$$$$$$$$$
Calling Z3str3

current query... 
(declare-const needle_1 String)
(declare-const haystack_2 String)


(assert (>= 4 (str.len needle_1)))
(assert (= (str.at haystack_2 3) (str.at needle_1 3)))
(assert (< 3 (str.len needle_1)))
(assert (= (str.at haystack_2 2) (str.at needle_1 2)))
(assert (< 2 (str.len needle_1)))
(assert (= (str.at haystack_2 1) (str.at needle_1 1)))
(assert (< 1 (str.len needle_1)))
(assert (= (str.at haystack_2 0) (str.at needle_1 0)))
(assert (< 0 (str.len needle_1)))
(assert (< (str.len needle_1) ( +  (str.len haystack_2) 1)))



======================
(define-fun needle_1 () String
  "ABCD")
(define-fun haystack_2 () String
  "ABCD")
Returned solutions: 
(define-fun needle_1 () String  "ABCD")
(define-fun haystack_2 () String  "ABCD")
*************************************
Satisfiable: true
needle_1 => "ABCD"
haystack_2 => "ABCD"
*************************************

numeric PC: constraint # = 10
CONST_4 < Length_0_ &&
CharAt(CONST_3)_8_ == CharAt(CONST_3)_9_ &&
CONST_3 < Length_0_ &&
CharAt(CONST_2)_6_ == CharAt(CONST_2)_7_ &&
CONST_2 < Length_0_ &&
CharAt(CONST_1)_4_ == CharAt(CONST_1)_5_ &&
CONST_1 < Length_0_ &&
CharAt(CONST_0)_2_ == CharAt(CONST_0)_3_ &&
CONST_0 < Length_0_ &&
Length_0_ < (Length_1_ + CONST_1) -> true

### PCs: total:20 sat:20 unsat:0

string analysis: SPC # = 0
NPC constraint # = 10
CONST_4 < Length_0_ &&
CharAt(CONST_3)_8_ == CharAt(CONST_3)_9_ &&
CONST_3 < Length_0_ &&
CharAt(CONST_2)_6_ == CharAt(CONST_2)_7_ &&
CONST_2 < Length_0_ &&
CharAt(CONST_1)_4_ == CharAt(CONST_1)_5_ &&
CONST_1 < Length_0_ &&
CharAt(CONST_0)_2_ == CharAt(CONST_0)_3_ &&
CONST_0 < Length_0_ &&
Length_0_ < (Length_1_ + CONST_1)
$$$$$$$$$$$$$$$$$$$$$$$$$$$$$$$$
Calling Z3str3

current query... 
(declare-const needle_1 String)
(declare-const haystack_2 String)


(assert (< 4 (str.len needle_1)))
(assert (= (str.at haystack_2 3) (str.at needle_1 3)))
(assert (< 3 (str.len needle_1)))
(assert (= (str.at haystack_2 2) (str.at needle_1 2)))
(assert (< 2 (str.len needle_1)))
(assert (= (str.at haystack_2 1) (str.at needle_1 1)))
(assert (< 1 (str.len needle_1)))
(assert (= (str.at haystack_2 0) (str.at needle_1 0)))
(assert (< 0 (str.len needle_1)))
(assert (< (str.len needle_1) ( +  (str.len haystack_2) 1)))



======================
(define-fun needle_1 () String
  "ABCDE")
(define-fun haystack_2 () String
  "ABCDF")
Returned solutions: 
(define-fun needle_1 () String  "ABCDE")
(define-fun haystack_2 () String  "ABCDF")
*************************************
Satisfiable: true
needle_1 => "ABCDE"
haystack_2 => "ABCDF"
*************************************

New sym int CharAt(CONST_4)_10_ min=0, max=65535
New sym int CharAt(CONST_4)_11_ min=0, max=65535
numeric PC: constraint # = 11
CharAt(CONST_4)_10_ != CharAt(CONST_4)_11_ &&
CONST_4 < Length_0_ &&
CharAt(CONST_3)_8_ == CharAt(CONST_3)_9_ &&
CONST_3 < Length_0_ &&
CharAt(CONST_2)_6_ == CharAt(CONST_2)_7_ &&
CONST_2 < Length_0_ &&
CharAt(CONST_1)_4_ == CharAt(CONST_1)_5_ &&
CONST_1 < Length_0_ &&
CharAt(CONST_0)_2_ == CharAt(CONST_0)_3_ &&
CONST_0 < Length_0_ &&
Length_0_ < (Length_1_ + CONST_1) -> true

### PCs: total:21 sat:21 unsat:0

string analysis: SPC # = 0
NPC constraint # = 11
CharAt(CONST_4)_10_ != CharAt(CONST_4)_11_ &&
CONST_4 < Length_0_ &&
CharAt(CONST_3)_8_ == CharAt(CONST_3)_9_ &&
CONST_3 < Length_0_ &&
CharAt(CONST_2)_6_ == CharAt(CONST_2)_7_ &&
CONST_2 < Length_0_ &&
CharAt(CONST_1)_4_ == CharAt(CONST_1)_5_ &&
CONST_1 < Length_0_ &&
CharAt(CONST_0)_2_ == CharAt(CONST_0)_3_ &&
CONST_0 < Length_0_ &&
Length_0_ < (Length_1_ + CONST_1)
$$$$$$$$$$$$$$$$$$$$$$$$$$$$$$$$
Calling Z3str3

current query... 
(declare-const needle_1 String)
(declare-const haystack_2 String)


(assert (not (= (str.at haystack_2 4) (str.at needle_1 4))))
(assert (< 4 (str.len needle_1)))
(assert (= (str.at haystack_2 3) (str.at needle_1 3)))
(assert (< 3 (str.len needle_1)))
(assert (= (str.at haystack_2 2) (str.at needle_1 2)))
(assert (< 2 (str.len needle_1)))
(assert (= (str.at haystack_2 1) (str.at needle_1 1)))
(assert (< 1 (str.len needle_1)))
(assert (= (str.at haystack_2 0) (str.at needle_1 0)))
(assert (< 0 (str.len needle_1)))
(assert (< (str.len needle_1) ( +  (str.len haystack_2) 1)))



======================
(define-fun needle_1 () String
  "BCDEF")
(define-fun haystack_2 () String
  "BCDEA")
Returned solutions: 
(define-fun needle_1 () String  "BCDEF")
(define-fun haystack_2 () String  "BCDEA")
*************************************
Satisfiable: true
needle_1 => "BCDEF"
haystack_2 => "BCDEA"
*************************************

numeric PC: constraint # = 11
CharAt(CONST_4)_10_ == CharAt(CONST_4)_11_ &&
CONST_4 < Length_0_ &&
CharAt(CONST_3)_8_ == CharAt(CONST_3)_9_ &&
CONST_3 < Length_0_ &&
CharAt(CONST_2)_6_ == CharAt(CONST_2)_7_ &&
CONST_2 < Length_0_ &&
CharAt(CONST_1)_4_ == CharAt(CONST_1)_5_ &&
CONST_1 < Length_0_ &&
CharAt(CONST_0)_2_ == CharAt(CONST_0)_3_ &&
CONST_0 < Length_0_ &&
Length_0_ < (Length_1_ + CONST_1) -> true

### PCs: total:22 sat:22 unsat:0

string analysis: SPC # = 0
NPC constraint # = 11
CharAt(CONST_4)_10_ == CharAt(CONST_4)_11_ &&
CONST_4 < Length_0_ &&
CharAt(CONST_3)_8_ == CharAt(CONST_3)_9_ &&
CONST_3 < Length_0_ &&
CharAt(CONST_2)_6_ == CharAt(CONST_2)_7_ &&
CONST_2 < Length_0_ &&
CharAt(CONST_1)_4_ == CharAt(CONST_1)_5_ &&
CONST_1 < Length_0_ &&
CharAt(CONST_0)_2_ == CharAt(CONST_0)_3_ &&
CONST_0 < Length_0_ &&
Length_0_ < (Length_1_ + CONST_1)
$$$$$$$$$$$$$$$$$$$$$$$$$$$$$$$$
Calling Z3str3

current query... 
(declare-const needle_1 String)
(declare-const haystack_2 String)


(assert (= (str.at haystack_2 4) (str.at needle_1 4)))
(assert (< 4 (str.len needle_1)))
(assert (= (str.at haystack_2 3) (str.at needle_1 3)))
(assert (< 3 (str.len needle_1)))
(assert (= (str.at haystack_2 2) (str.at needle_1 2)))
(assert (< 2 (str.len needle_1)))
(assert (= (str.at haystack_2 1) (str.at needle_1 1)))
(assert (< 1 (str.len needle_1)))
(assert (= (str.at haystack_2 0) (str.at needle_1 0)))
(assert (< 0 (str.len needle_1)))
(assert (< (str.len needle_1) ( +  (str.len haystack_2) 1)))



======================
(define-fun needle_1 () String
  "ABCDE")
(define-fun haystack_2 () String
  "ABCDE")
Returned solutions: 
(define-fun needle_1 () String  "ABCDE")
(define-fun haystack_2 () String  "ABCDE")
*************************************
Satisfiable: true
needle_1 => "ABCDE"
haystack_2 => "ABCDE"
*************************************

numeric PC: constraint # = 12
CONST_5 >= Length_0_ &&
CharAt(CONST_4)_10_ == CharAt(CONST_4)_11_ &&
CONST_4 < Length_0_ &&
CharAt(CONST_3)_8_ == CharAt(CONST_3)_9_ &&
CONST_3 < Length_0_ &&
CharAt(CONST_2)_6_ == CharAt(CONST_2)_7_ &&
CONST_2 < Length_0_ &&
CharAt(CONST_1)_4_ == CharAt(CONST_1)_5_ &&
CONST_1 < Length_0_ &&
CharAt(CONST_0)_2_ == CharAt(CONST_0)_3_ &&
CONST_0 < Length_0_ &&
Length_0_ < (Length_1_ + CONST_1) -> true

### PCs: total:23 sat:23 unsat:0

string analysis: SPC # = 0
NPC constraint # = 12
CONST_5 >= Length_0_ &&
CharAt(CONST_4)_10_ == CharAt(CONST_4)_11_ &&
CONST_4 < Length_0_ &&
CharAt(CONST_3)_8_ == CharAt(CONST_3)_9_ &&
CONST_3 < Length_0_ &&
CharAt(CONST_2)_6_ == CharAt(CONST_2)_7_ &&
CONST_2 < Length_0_ &&
CharAt(CONST_1)_4_ == CharAt(CONST_1)_5_ &&
CONST_1 < Length_0_ &&
CharAt(CONST_0)_2_ == CharAt(CONST_0)_3_ &&
CONST_0 < Length_0_ &&
Length_0_ < (Length_1_ + CONST_1)
$$$$$$$$$$$$$$$$$$$$$$$$$$$$$$$$
Calling Z3str3

current query... 
(declare-const needle_1 String)
(declare-const haystack_2 String)


(assert (>= 5 (str.len needle_1)))
(assert (= (str.at haystack_2 4) (str.at needle_1 4)))
(assert (< 4 (str.len needle_1)))
(assert (= (str.at haystack_2 3) (str.at needle_1 3)))
(assert (< 3 (str.len needle_1)))
(assert (= (str.at haystack_2 2) (str.at needle_1 2)))
(assert (< 2 (str.len needle_1)))
(assert (= (str.at haystack_2 1) (str.at needle_1 1)))
(assert (< 1 (str.len needle_1)))
(assert (= (str.at haystack_2 0) (str.at needle_1 0)))
(assert (< 0 (str.len needle_1)))
(assert (< (str.len needle_1) ( +  (str.len haystack_2) 1)))



======================
(define-fun needle_1 () String
  "ABCDE")
(define-fun haystack_2 () String
  "ABCDE")
Returned solutions: 
(define-fun needle_1 () String  "ABCDE")
(define-fun haystack_2 () String  "ABCDE")
*************************************
Satisfiable: true
needle_1 => "ABCDE"
haystack_2 => "ABCDE"
*************************************

numeric PC: constraint # = 12
CONST_5 < Length_0_ &&
CharAt(CONST_4)_10_ == CharAt(CONST_4)_11_ &&
CONST_4 < Length_0_ &&
CharAt(CONST_3)_8_ == CharAt(CONST_3)_9_ &&
CONST_3 < Length_0_ &&
CharAt(CONST_2)_6_ == CharAt(CONST_2)_7_ &&
CONST_2 < Length_0_ &&
CharAt(CONST_1)_4_ == CharAt(CONST_1)_5_ &&
CONST_1 < Length_0_ &&
CharAt(CONST_0)_2_ == CharAt(CONST_0)_3_ &&
CONST_0 < Length_0_ &&
Length_0_ < (Length_1_ + CONST_1) -> true

### PCs: total:24 sat:24 unsat:0

string analysis: SPC # = 0
NPC constraint # = 12
CONST_5 < Length_0_ &&
CharAt(CONST_4)_10_ == CharAt(CONST_4)_11_ &&
CONST_4 < Length_0_ &&
CharAt(CONST_3)_8_ == CharAt(CONST_3)_9_ &&
CONST_3 < Length_0_ &&
CharAt(CONST_2)_6_ == CharAt(CONST_2)_7_ &&
CONST_2 < Length_0_ &&
CharAt(CONST_1)_4_ == CharAt(CONST_1)_5_ &&
CONST_1 < Length_0_ &&
CharAt(CONST_0)_2_ == CharAt(CONST_0)_3_ &&
CONST_0 < Length_0_ &&
Length_0_ < (Length_1_ + CONST_1)
$$$$$$$$$$$$$$$$$$$$$$$$$$$$$$$$
Calling Z3str3

current query... 
(declare-const needle_1 String)
(declare-const haystack_2 String)


(assert (< 5 (str.len needle_1)))
(assert (= (str.at haystack_2 4) (str.at needle_1 4)))
(assert (< 4 (str.len needle_1)))
(assert (= (str.at haystack_2 3) (str.at needle_1 3)))
(assert (< 3 (str.len needle_1)))
(assert (= (str.at haystack_2 2) (str.at needle_1 2)))
(assert (< 2 (str.len needle_1)))
(assert (= (str.at haystack_2 1) (str.at needle_1 1)))
(assert (< 1 (str.len needle_1)))
(assert (= (str.at haystack_2 0) (str.at needle_1 0)))
(assert (< 0 (str.len needle_1)))
(assert (< (str.len needle_1) ( +  (str.len haystack_2) 1)))



======================
(define-fun needle_1 () String
  "ABCDEF")
(define-fun haystack_2 () String
  "ABCDEG")
Returned solutions: 
(define-fun needle_1 () String  "ABCDEF")
(define-fun haystack_2 () String  "ABCDEG")
*************************************
Satisfiable: true
needle_1 => "ABCDEF"
haystack_2 => "ABCDEG"
*************************************

New sym int CharAt(CONST_5)_12_ min=0, max=65535
New sym int CharAt(CONST_5)_13_ min=0, max=65535
numeric PC: constraint # = 13
CharAt(CONST_5)_12_ != CharAt(CONST_5)_13_ &&
CONST_5 < Length_0_ &&
CharAt(CONST_4)_10_ == CharAt(CONST_4)_11_ &&
CONST_4 < Length_0_ &&
CharAt(CONST_3)_8_ == CharAt(CONST_3)_9_ &&
CONST_3 < Length_0_ &&
CharAt(CONST_2)_6_ == CharAt(CONST_2)_7_ &&
CONST_2 < Length_0_ &&
CharAt(CONST_1)_4_ == CharAt(CONST_1)_5_ &&
CONST_1 < Length_0_ &&
CharAt(CONST_0)_2_ == CharAt(CONST_0)_3_ &&
CONST_0 < Length_0_ &&
Length_0_ < (Length_1_ + CONST_1) -> true

### PCs: total:25 sat:25 unsat:0

string analysis: SPC # = 0
NPC constraint # = 13
CharAt(CONST_5)_12_ != CharAt(CONST_5)_13_ &&
CONST_5 < Length_0_ &&
CharAt(CONST_4)_10_ == CharAt(CONST_4)_11_ &&
CONST_4 < Length_0_ &&
CharAt(CONST_3)_8_ == CharAt(CONST_3)_9_ &&
CONST_3 < Length_0_ &&
CharAt(CONST_2)_6_ == CharAt(CONST_2)_7_ &&
CONST_2 < Length_0_ &&
CharAt(CONST_1)_4_ == CharAt(CONST_1)_5_ &&
CONST_1 < Length_0_ &&
CharAt(CONST_0)_2_ == CharAt(CONST_0)_3_ &&
CONST_0 < Length_0_ &&
Length_0_ < (Length_1_ + CONST_1)
$$$$$$$$$$$$$$$$$$$$$$$$$$$$$$$$
Calling Z3str3

current query... 
(declare-const needle_1 String)
(declare-const haystack_2 String)


(assert (not (= (str.at haystack_2 5) (str.at needle_1 5))))
(assert (< 5 (str.len needle_1)))
(assert (= (str.at haystack_2 4) (str.at needle_1 4)))
(assert (< 4 (str.len needle_1)))
(assert (= (str.at haystack_2 3) (str.at needle_1 3)))
(assert (< 3 (str.len needle_1)))
(assert (= (str.at haystack_2 2) (str.at needle_1 2)))
(assert (< 2 (str.len needle_1)))
(assert (= (str.at haystack_2 1) (str.at needle_1 1)))
(assert (< 1 (str.len needle_1)))
(assert (= (str.at haystack_2 0) (str.at needle_1 0)))
(assert (< 0 (str.len needle_1)))
(assert (< (str.len needle_1) ( +  (str.len haystack_2) 1)))



======================
(define-fun needle_1 () String
  "BCDEFG")
(define-fun haystack_2 () String
  "BCDEFA")
Returned solutions: 
(define-fun needle_1 () String  "BCDEFG")
(define-fun haystack_2 () String  "BCDEFA")
*************************************
Satisfiable: true
needle_1 => "BCDEFG"
haystack_2 => "BCDEFA"
*************************************

numeric PC: constraint # = 13
CharAt(CONST_5)_12_ == CharAt(CONST_5)_13_ &&
CONST_5 < Length_0_ &&
CharAt(CONST_4)_10_ == CharAt(CONST_4)_11_ &&
CONST_4 < Length_0_ &&
CharAt(CONST_3)_8_ == CharAt(CONST_3)_9_ &&
CONST_3 < Length_0_ &&
CharAt(CONST_2)_6_ == CharAt(CONST_2)_7_ &&
CONST_2 < Length_0_ &&
CharAt(CONST_1)_4_ == CharAt(CONST_1)_5_ &&
CONST_1 < Length_0_ &&
CharAt(CONST_0)_2_ == CharAt(CONST_0)_3_ &&
CONST_0 < Length_0_ &&
Length_0_ < (Length_1_ + CONST_1) -> true

### PCs: total:26 sat:26 unsat:0

string analysis: SPC # = 0
NPC constraint # = 13
CharAt(CONST_5)_12_ == CharAt(CONST_5)_13_ &&
CONST_5 < Length_0_ &&
CharAt(CONST_4)_10_ == CharAt(CONST_4)_11_ &&
CONST_4 < Length_0_ &&
CharAt(CONST_3)_8_ == CharAt(CONST_3)_9_ &&
CONST_3 < Length_0_ &&
CharAt(CONST_2)_6_ == CharAt(CONST_2)_7_ &&
CONST_2 < Length_0_ &&
CharAt(CONST_1)_4_ == CharAt(CONST_1)_5_ &&
CONST_1 < Length_0_ &&
CharAt(CONST_0)_2_ == CharAt(CONST_0)_3_ &&
CONST_0 < Length_0_ &&
Length_0_ < (Length_1_ + CONST_1)
$$$$$$$$$$$$$$$$$$$$$$$$$$$$$$$$
Calling Z3str3

current query... 
(declare-const needle_1 String)
(declare-const haystack_2 String)


(assert (= (str.at haystack_2 5) (str.at needle_1 5)))
(assert (< 5 (str.len needle_1)))
(assert (= (str.at haystack_2 4) (str.at needle_1 4)))
(assert (< 4 (str.len needle_1)))
(assert (= (str.at haystack_2 3) (str.at needle_1 3)))
(assert (< 3 (str.len needle_1)))
(assert (= (str.at haystack_2 2) (str.at needle_1 2)))
(assert (< 2 (str.len needle_1)))
(assert (= (str.at haystack_2 1) (str.at needle_1 1)))
(assert (< 1 (str.len needle_1)))
(assert (= (str.at haystack_2 0) (str.at needle_1 0)))
(assert (< 0 (str.len needle_1)))
(assert (< (str.len needle_1) ( +  (str.len haystack_2) 1)))



======================
(define-fun needle_1 () String
  "ABCDEF")
(define-fun haystack_2 () String
  "ABCDEF")
Returned solutions: 
(define-fun needle_1 () String  "ABCDEF")
(define-fun haystack_2 () String  "ABCDEF")
*************************************
Satisfiable: true
needle_1 => "ABCDEF"
haystack_2 => "ABCDEF"
*************************************

numeric PC: constraint # = 14
CONST_6 >= Length_0_ &&
CharAt(CONST_5)_12_ == CharAt(CONST_5)_13_ &&
CONST_5 < Length_0_ &&
CharAt(CONST_4)_10_ == CharAt(CONST_4)_11_ &&
CONST_4 < Length_0_ &&
CharAt(CONST_3)_8_ == CharAt(CONST_3)_9_ &&
CONST_3 < Length_0_ &&
CharAt(CONST_2)_6_ == CharAt(CONST_2)_7_ &&
CONST_2 < Length_0_ &&
CharAt(CONST_1)_4_ == CharAt(CONST_1)_5_ &&
CONST_1 < Length_0_ &&
CharAt(CONST_0)_2_ == CharAt(CONST_0)_3_ &&
CONST_0 < Length_0_ &&
Length_0_ < (Length_1_ + CONST_1) -> true

### PCs: total:27 sat:27 unsat:0

string analysis: SPC # = 0
NPC constraint # = 14
CONST_6 >= Length_0_ &&
CharAt(CONST_5)_12_ == CharAt(CONST_5)_13_ &&
CONST_5 < Length_0_ &&
CharAt(CONST_4)_10_ == CharAt(CONST_4)_11_ &&
CONST_4 < Length_0_ &&
CharAt(CONST_3)_8_ == CharAt(CONST_3)_9_ &&
CONST_3 < Length_0_ &&
CharAt(CONST_2)_6_ == CharAt(CONST_2)_7_ &&
CONST_2 < Length_0_ &&
CharAt(CONST_1)_4_ == CharAt(CONST_1)_5_ &&
CONST_1 < Length_0_ &&
CharAt(CONST_0)_2_ == CharAt(CONST_0)_3_ &&
CONST_0 < Length_0_ &&
Length_0_ < (Length_1_ + CONST_1)
$$$$$$$$$$$$$$$$$$$$$$$$$$$$$$$$
Calling Z3str3

current query... 
(declare-const needle_1 String)
(declare-const haystack_2 String)


(assert (>= 6 (str.len needle_1)))
(assert (= (str.at haystack_2 5) (str.at needle_1 5)))
(assert (< 5 (str.len needle_1)))
(assert (= (str.at haystack_2 4) (str.at needle_1 4)))
(assert (< 4 (str.len needle_1)))
(assert (= (str.at haystack_2 3) (str.at needle_1 3)))
(assert (< 3 (str.len needle_1)))
(assert (= (str.at haystack_2 2) (str.at needle_1 2)))
(assert (< 2 (str.len needle_1)))
(assert (= (str.at haystack_2 1) (str.at needle_1 1)))
(assert (< 1 (str.len needle_1)))
(assert (= (str.at haystack_2 0) (str.at needle_1 0)))
(assert (< 0 (str.len needle_1)))
(assert (< (str.len needle_1) ( +  (str.len haystack_2) 1)))



======================
(define-fun needle_1 () String
  "ABCDEF")
(define-fun haystack_2 () String
  "ABCDEF")
Returned solutions: 
(define-fun needle_1 () String  "ABCDEF")
(define-fun haystack_2 () String  "ABCDEF")
*************************************
Satisfiable: true
needle_1 => "ABCDEF"
haystack_2 => "ABCDEF"
*************************************

numeric PC: constraint # = 14
CONST_6 < Length_0_ &&
CharAt(CONST_5)_12_ == CharAt(CONST_5)_13_ &&
CONST_5 < Length_0_ &&
CharAt(CONST_4)_10_ == CharAt(CONST_4)_11_ &&
CONST_4 < Length_0_ &&
CharAt(CONST_3)_8_ == CharAt(CONST_3)_9_ &&
CONST_3 < Length_0_ &&
CharAt(CONST_2)_6_ == CharAt(CONST_2)_7_ &&
CONST_2 < Length_0_ &&
CharAt(CONST_1)_4_ == CharAt(CONST_1)_5_ &&
CONST_1 < Length_0_ &&
CharAt(CONST_0)_2_ == CharAt(CONST_0)_3_ &&
CONST_0 < Length_0_ &&
Length_0_ < (Length_1_ + CONST_1) -> true

### PCs: total:28 sat:28 unsat:0

string analysis: SPC # = 0
NPC constraint # = 14
CONST_6 < Length_0_ &&
CharAt(CONST_5)_12_ == CharAt(CONST_5)_13_ &&
CONST_5 < Length_0_ &&
CharAt(CONST_4)_10_ == CharAt(CONST_4)_11_ &&
CONST_4 < Length_0_ &&
CharAt(CONST_3)_8_ == CharAt(CONST_3)_9_ &&
CONST_3 < Length_0_ &&
CharAt(CONST_2)_6_ == CharAt(CONST_2)_7_ &&
CONST_2 < Length_0_ &&
CharAt(CONST_1)_4_ == CharAt(CONST_1)_5_ &&
CONST_1 < Length_0_ &&
CharAt(CONST_0)_2_ == CharAt(CONST_0)_3_ &&
CONST_0 < Length_0_ &&
Length_0_ < (Length_1_ + CONST_1)
$$$$$$$$$$$$$$$$$$$$$$$$$$$$$$$$
Calling Z3str3

current query... 
(declare-const needle_1 String)
(declare-const haystack_2 String)


(assert (< 6 (str.len needle_1)))
(assert (= (str.at haystack_2 5) (str.at needle_1 5)))
(assert (< 5 (str.len needle_1)))
(assert (= (str.at haystack_2 4) (str.at needle_1 4)))
(assert (< 4 (str.len needle_1)))
(assert (= (str.at haystack_2 3) (str.at needle_1 3)))
(assert (< 3 (str.len needle_1)))
(assert (= (str.at haystack_2 2) (str.at needle_1 2)))
(assert (< 2 (str.len needle_1)))
(assert (= (str.at haystack_2 1) (str.at needle_1 1)))
(assert (< 1 (str.len needle_1)))
(assert (= (str.at haystack_2 0) (str.at needle_1 0)))
(assert (< 0 (str.len needle_1)))
(assert (< (str.len needle_1) ( +  (str.len haystack_2) 1)))



======================
(define-fun needle_1 () String
  "ABCDEFG")
(define-fun haystack_2 () String
  "ABCDEFH")
Returned solutions: 
(define-fun needle_1 () String  "ABCDEFG")
(define-fun haystack_2 () String  "ABCDEFH")
*************************************
Satisfiable: true
needle_1 => "ABCDEFG"
haystack_2 => "ABCDEFH"
*************************************

New sym int CharAt(CONST_6)_14_ min=0, max=65535
New sym int CharAt(CONST_6)_15_ min=0, max=65535
numeric PC: constraint # = 15
CharAt(CONST_6)_14_ != CharAt(CONST_6)_15_ &&
CONST_6 < Length_0_ &&
CharAt(CONST_5)_12_ == CharAt(CONST_5)_13_ &&
CONST_5 < Length_0_ &&
CharAt(CONST_4)_10_ == CharAt(CONST_4)_11_ &&
CONST_4 < Length_0_ &&
CharAt(CONST_3)_8_ == CharAt(CONST_3)_9_ &&
CONST_3 < Length_0_ &&
CharAt(CONST_2)_6_ == CharAt(CONST_2)_7_ &&
CONST_2 < Length_0_ &&
CharAt(CONST_1)_4_ == CharAt(CONST_1)_5_ &&
CONST_1 < Length_0_ &&
CharAt(CONST_0)_2_ == CharAt(CONST_0)_3_ &&
CONST_0 < Length_0_ &&
Length_0_ < (Length_1_ + CONST_1) -> true

### PCs: total:29 sat:29 unsat:0

string analysis: SPC # = 0
NPC constraint # = 15
CharAt(CONST_6)_14_ != CharAt(CONST_6)_15_ &&
CONST_6 < Length_0_ &&
CharAt(CONST_5)_12_ == CharAt(CONST_5)_13_ &&
CONST_5 < Length_0_ &&
CharAt(CONST_4)_10_ == CharAt(CONST_4)_11_ &&
CONST_4 < Length_0_ &&
CharAt(CONST_3)_8_ == CharAt(CONST_3)_9_ &&
CONST_3 < Length_0_ &&
CharAt(CONST_2)_6_ == CharAt(CONST_2)_7_ &&
CONST_2 < Length_0_ &&
CharAt(CONST_1)_4_ == CharAt(CONST_1)_5_ &&
CONST_1 < Length_0_ &&
CharAt(CONST_0)_2_ == CharAt(CONST_0)_3_ &&
CONST_0 < Length_0_ &&
Length_0_ < (Length_1_ + CONST_1)
$$$$$$$$$$$$$$$$$$$$$$$$$$$$$$$$
Calling Z3str3

current query... 
(declare-const needle_1 String)
(declare-const haystack_2 String)


(assert (not (= (str.at haystack_2 6) (str.at needle_1 6))))
(assert (< 6 (str.len needle_1)))
(assert (= (str.at haystack_2 5) (str.at needle_1 5)))
(assert (< 5 (str.len needle_1)))
(assert (= (str.at haystack_2 4) (str.at needle_1 4)))
(assert (< 4 (str.len needle_1)))
(assert (= (str.at haystack_2 3) (str.at needle_1 3)))
(assert (< 3 (str.len needle_1)))
(assert (= (str.at haystack_2 2) (str.at needle_1 2)))
(assert (< 2 (str.len needle_1)))
(assert (= (str.at haystack_2 1) (str.at needle_1 1)))
(assert (< 1 (str.len needle_1)))
(assert (= (str.at haystack_2 0) (str.at needle_1 0)))
(assert (< 0 (str.len needle_1)))
(assert (< (str.len needle_1) ( +  (str.len haystack_2) 1)))



======================
(define-fun needle_1 () String
  "BCDEFGH")
(define-fun haystack_2 () String
  "BCDEFGA")
Returned solutions: 
(define-fun needle_1 () String  "BCDEFGH")
(define-fun haystack_2 () String  "BCDEFGA")
*************************************
Satisfiable: true
needle_1 => "BCDEFGH"
haystack_2 => "BCDEFGA"
*************************************

numeric PC: constraint # = 15
CharAt(CONST_6)_14_ == CharAt(CONST_6)_15_ &&
CONST_6 < Length_0_ &&
CharAt(CONST_5)_12_ == CharAt(CONST_5)_13_ &&
CONST_5 < Length_0_ &&
CharAt(CONST_4)_10_ == CharAt(CONST_4)_11_ &&
CONST_4 < Length_0_ &&
CharAt(CONST_3)_8_ == CharAt(CONST_3)_9_ &&
CONST_3 < Length_0_ &&
CharAt(CONST_2)_6_ == CharAt(CONST_2)_7_ &&
CONST_2 < Length_0_ &&
CharAt(CONST_1)_4_ == CharAt(CONST_1)_5_ &&
CONST_1 < Length_0_ &&
CharAt(CONST_0)_2_ == CharAt(CONST_0)_3_ &&
CONST_0 < Length_0_ &&
Length_0_ < (Length_1_ + CONST_1) -> true

### PCs: total:30 sat:30 unsat:0

string analysis: SPC # = 0
NPC constraint # = 15
CharAt(CONST_6)_14_ == CharAt(CONST_6)_15_ &&
CONST_6 < Length_0_ &&
CharAt(CONST_5)_12_ == CharAt(CONST_5)_13_ &&
CONST_5 < Length_0_ &&
CharAt(CONST_4)_10_ == CharAt(CONST_4)_11_ &&
CONST_4 < Length_0_ &&
CharAt(CONST_3)_8_ == CharAt(CONST_3)_9_ &&
CONST_3 < Length_0_ &&
CharAt(CONST_2)_6_ == CharAt(CONST_2)_7_ &&
CONST_2 < Length_0_ &&
CharAt(CONST_1)_4_ == CharAt(CONST_1)_5_ &&
CONST_1 < Length_0_ &&
CharAt(CONST_0)_2_ == CharAt(CONST_0)_3_ &&
CONST_0 < Length_0_ &&
Length_0_ < (Length_1_ + CONST_1)
$$$$$$$$$$$$$$$$$$$$$$$$$$$$$$$$
Calling Z3str3

current query... 
(declare-const needle_1 String)
(declare-const haystack_2 String)


(assert (= (str.at haystack_2 6) (str.at needle_1 6)))
(assert (< 6 (str.len needle_1)))
(assert (= (str.at haystack_2 5) (str.at needle_1 5)))
(assert (< 5 (str.len needle_1)))
(assert (= (str.at haystack_2 4) (str.at needle_1 4)))
(assert (< 4 (str.len needle_1)))
(assert (= (str.at haystack_2 3) (str.at needle_1 3)))
(assert (< 3 (str.len needle_1)))
(assert (= (str.at haystack_2 2) (str.at needle_1 2)))
(assert (< 2 (str.len needle_1)))
(assert (= (str.at haystack_2 1) (str.at needle_1 1)))
(assert (< 1 (str.len needle_1)))
(assert (= (str.at haystack_2 0) (str.at needle_1 0)))
(assert (< 0 (str.len needle_1)))
(assert (< (str.len needle_1) ( +  (str.len haystack_2) 1)))



======================
(define-fun needle_1 () String
  "ABCDEFG")
(define-fun haystack_2 () String
  "ABCDEFG")
Returned solutions: 
(define-fun needle_1 () String  "ABCDEFG")
(define-fun haystack_2 () String  "ABCDEFG")
*************************************
Satisfiable: true
needle_1 => "ABCDEFG"
haystack_2 => "ABCDEFG"
*************************************

numeric PC: constraint # = 16
CONST_7 >= Length_0_ &&
CharAt(CONST_6)_14_ == CharAt(CONST_6)_15_ &&
CONST_6 < Length_0_ &&
CharAt(CONST_5)_12_ == CharAt(CONST_5)_13_ &&
CONST_5 < Length_0_ &&
CharAt(CONST_4)_10_ == CharAt(CONST_4)_11_ &&
CONST_4 < Length_0_ &&
CharAt(CONST_3)_8_ == CharAt(CONST_3)_9_ &&
CONST_3 < Length_0_ &&
CharAt(CONST_2)_6_ == CharAt(CONST_2)_7_ &&
CONST_2 < Length_0_ &&
CharAt(CONST_1)_4_ == CharAt(CONST_1)_5_ &&
CONST_1 < Length_0_ &&
CharAt(CONST_0)_2_ == CharAt(CONST_0)_3_ &&
CONST_0 < Length_0_ &&
Length_0_ < (Length_1_ + CONST_1) -> true

### PCs: total:31 sat:31 unsat:0

string analysis: SPC # = 0
NPC constraint # = 16
CONST_7 >= Length_0_ &&
CharAt(CONST_6)_14_ == CharAt(CONST_6)_15_ &&
CONST_6 < Length_0_ &&
CharAt(CONST_5)_12_ == CharAt(CONST_5)_13_ &&
CONST_5 < Length_0_ &&
CharAt(CONST_4)_10_ == CharAt(CONST_4)_11_ &&
CONST_4 < Length_0_ &&
CharAt(CONST_3)_8_ == CharAt(CONST_3)_9_ &&
CONST_3 < Length_0_ &&
CharAt(CONST_2)_6_ == CharAt(CONST_2)_7_ &&
CONST_2 < Length_0_ &&
CharAt(CONST_1)_4_ == CharAt(CONST_1)_5_ &&
CONST_1 < Length_0_ &&
CharAt(CONST_0)_2_ == CharAt(CONST_0)_3_ &&
CONST_0 < Length_0_ &&
Length_0_ < (Length_1_ + CONST_1)
$$$$$$$$$$$$$$$$$$$$$$$$$$$$$$$$
Calling Z3str3

current query... 
(declare-const needle_1 String)
(declare-const haystack_2 String)


(assert (>= 7 (str.len needle_1)))
(assert (= (str.at haystack_2 6) (str.at needle_1 6)))
(assert (< 6 (str.len needle_1)))
(assert (= (str.at haystack_2 5) (str.at needle_1 5)))
(assert (< 5 (str.len needle_1)))
(assert (= (str.at haystack_2 4) (str.at needle_1 4)))
(assert (< 4 (str.len needle_1)))
(assert (= (str.at haystack_2 3) (str.at needle_1 3)))
(assert (< 3 (str.len needle_1)))
(assert (= (str.at haystack_2 2) (str.at needle_1 2)))
(assert (< 2 (str.len needle_1)))
(assert (= (str.at haystack_2 1) (str.at needle_1 1)))
(assert (< 1 (str.len needle_1)))
(assert (= (str.at haystack_2 0) (str.at needle_1 0)))
(assert (< 0 (str.len needle_1)))
(assert (< (str.len needle_1) ( +  (str.len haystack_2) 1)))



======================
(define-fun needle_1 () String
  "ABCDEFG")
(define-fun haystack_2 () String
  "ABCDEFG")
Returned solutions: 
(define-fun needle_1 () String  "ABCDEFG")
(define-fun haystack_2 () String  "ABCDEFG")
*************************************
Satisfiable: true
needle_1 => "ABCDEFG"
haystack_2 => "ABCDEFG"
*************************************

numeric PC: constraint # = 16
CONST_7 < Length_0_ &&
CharAt(CONST_6)_14_ == CharAt(CONST_6)_15_ &&
CONST_6 < Length_0_ &&
CharAt(CONST_5)_12_ == CharAt(CONST_5)_13_ &&
CONST_5 < Length_0_ &&
CharAt(CONST_4)_10_ == CharAt(CONST_4)_11_ &&
CONST_4 < Length_0_ &&
CharAt(CONST_3)_8_ == CharAt(CONST_3)_9_ &&
CONST_3 < Length_0_ &&
CharAt(CONST_2)_6_ == CharAt(CONST_2)_7_ &&
CONST_2 < Length_0_ &&
CharAt(CONST_1)_4_ == CharAt(CONST_1)_5_ &&
CONST_1 < Length_0_ &&
CharAt(CONST_0)_2_ == CharAt(CONST_0)_3_ &&
CONST_0 < Length_0_ &&
Length_0_ < (Length_1_ + CONST_1) -> true

### PCs: total:32 sat:32 unsat:0

string analysis: SPC # = 0
NPC constraint # = 16
CONST_7 < Length_0_ &&
CharAt(CONST_6)_14_ == CharAt(CONST_6)_15_ &&
CONST_6 < Length_0_ &&
CharAt(CONST_5)_12_ == CharAt(CONST_5)_13_ &&
CONST_5 < Length_0_ &&
CharAt(CONST_4)_10_ == CharAt(CONST_4)_11_ &&
CONST_4 < Length_0_ &&
CharAt(CONST_3)_8_ == CharAt(CONST_3)_9_ &&
CONST_3 < Length_0_ &&
CharAt(CONST_2)_6_ == CharAt(CONST_2)_7_ &&
CONST_2 < Length_0_ &&
CharAt(CONST_1)_4_ == CharAt(CONST_1)_5_ &&
CONST_1 < Length_0_ &&
CharAt(CONST_0)_2_ == CharAt(CONST_0)_3_ &&
CONST_0 < Length_0_ &&
Length_0_ < (Length_1_ + CONST_1)
$$$$$$$$$$$$$$$$$$$$$$$$$$$$$$$$
Calling Z3str3

current query... 
(declare-const needle_1 String)
(declare-const haystack_2 String)


(assert (< 7 (str.len needle_1)))
(assert (= (str.at haystack_2 6) (str.at needle_1 6)))
(assert (< 6 (str.len needle_1)))
(assert (= (str.at haystack_2 5) (str.at needle_1 5)))
(assert (< 5 (str.len needle_1)))
(assert (= (str.at haystack_2 4) (str.at needle_1 4)))
(assert (< 4 (str.len needle_1)))
(assert (= (str.at haystack_2 3) (str.at needle_1 3)))
(assert (< 3 (str.len needle_1)))
(assert (= (str.at haystack_2 2) (str.at needle_1 2)))
(assert (< 2 (str.len needle_1)))
(assert (= (str.at haystack_2 1) (str.at needle_1 1)))
(assert (< 1 (str.len needle_1)))
(assert (= (str.at haystack_2 0) (str.at needle_1 0)))
(assert (< 0 (str.len needle_1)))
(assert (< (str.len needle_1) ( +  (str.len haystack_2) 1)))



======================
(define-fun needle_1 () String
  "ABCDEFGH")
(define-fun haystack_2 () String
  "ABCDEFGI")
Returned solutions: 
(define-fun needle_1 () String  "ABCDEFGH")
(define-fun haystack_2 () String  "ABCDEFGI")
*************************************
Satisfiable: true
needle_1 => "ABCDEFGH"
haystack_2 => "ABCDEFGI"
*************************************

New sym int CharAt(CONST_7)_16_ min=0, max=65535
New sym int CharAt(CONST_7)_17_ min=0, max=65535
numeric PC: constraint # = 17
CharAt(CONST_7)_16_ != CharAt(CONST_7)_17_ &&
CONST_7 < Length_0_ &&
CharAt(CONST_6)_14_ == CharAt(CONST_6)_15_ &&
CONST_6 < Length_0_ &&
CharAt(CONST_5)_12_ == CharAt(CONST_5)_13_ &&
CONST_5 < Length_0_ &&
CharAt(CONST_4)_10_ == CharAt(CONST_4)_11_ &&
CONST_4 < Length_0_ &&
CharAt(CONST_3)_8_ == CharAt(CONST_3)_9_ &&
CONST_3 < Length_0_ &&
CharAt(CONST_2)_6_ == CharAt(CONST_2)_7_ &&
CONST_2 < Length_0_ &&
CharAt(CONST_1)_4_ == CharAt(CONST_1)_5_ &&
CONST_1 < Length_0_ &&
CharAt(CONST_0)_2_ == CharAt(CONST_0)_3_ &&
CONST_0 < Length_0_ &&
Length_0_ < (Length_1_ + CONST_1) -> true

### PCs: total:33 sat:33 unsat:0

string analysis: SPC # = 0
NPC constraint # = 17
CharAt(CONST_7)_16_ != CharAt(CONST_7)_17_ &&
CONST_7 < Length_0_ &&
CharAt(CONST_6)_14_ == CharAt(CONST_6)_15_ &&
CONST_6 < Length_0_ &&
CharAt(CONST_5)_12_ == CharAt(CONST_5)_13_ &&
CONST_5 < Length_0_ &&
CharAt(CONST_4)_10_ == CharAt(CONST_4)_11_ &&
CONST_4 < Length_0_ &&
CharAt(CONST_3)_8_ == CharAt(CONST_3)_9_ &&
CONST_3 < Length_0_ &&
CharAt(CONST_2)_6_ == CharAt(CONST_2)_7_ &&
CONST_2 < Length_0_ &&
CharAt(CONST_1)_4_ == CharAt(CONST_1)_5_ &&
CONST_1 < Length_0_ &&
CharAt(CONST_0)_2_ == CharAt(CONST_0)_3_ &&
CONST_0 < Length_0_ &&
Length_0_ < (Length_1_ + CONST_1)
$$$$$$$$$$$$$$$$$$$$$$$$$$$$$$$$
Calling Z3str3

current query... 
(declare-const needle_1 String)
(declare-const haystack_2 String)


(assert (not (= (str.at haystack_2 7) (str.at needle_1 7))))
(assert (< 7 (str.len needle_1)))
(assert (= (str.at haystack_2 6) (str.at needle_1 6)))
(assert (< 6 (str.len needle_1)))
(assert (= (str.at haystack_2 5) (str.at needle_1 5)))
(assert (< 5 (str.len needle_1)))
(assert (= (str.at haystack_2 4) (str.at needle_1 4)))
(assert (< 4 (str.len needle_1)))
(assert (= (str.at haystack_2 3) (str.at needle_1 3)))
(assert (< 3 (str.len needle_1)))
(assert (= (str.at haystack_2 2) (str.at needle_1 2)))
(assert (< 2 (str.len needle_1)))
(assert (= (str.at haystack_2 1) (str.at needle_1 1)))
(assert (< 1 (str.len needle_1)))
(assert (= (str.at haystack_2 0) (str.at needle_1 0)))
(assert (< 0 (str.len needle_1)))
(assert (< (str.len needle_1) ( +  (str.len haystack_2) 1)))



======================
(define-fun needle_1 () String
  "BCDEFGHI")
(define-fun haystack_2 () String
  "BCDEFGHA")
Returned solutions: 
(define-fun needle_1 () String  "BCDEFGHI")
(define-fun haystack_2 () String  "BCDEFGHA")
*************************************
Satisfiable: true
needle_1 => "BCDEFGHI"
haystack_2 => "BCDEFGHA"
*************************************

numeric PC: constraint # = 17
CharAt(CONST_7)_16_ == CharAt(CONST_7)_17_ &&
CONST_7 < Length_0_ &&
CharAt(CONST_6)_14_ == CharAt(CONST_6)_15_ &&
CONST_6 < Length_0_ &&
CharAt(CONST_5)_12_ == CharAt(CONST_5)_13_ &&
CONST_5 < Length_0_ &&
CharAt(CONST_4)_10_ == CharAt(CONST_4)_11_ &&
CONST_4 < Length_0_ &&
CharAt(CONST_3)_8_ == CharAt(CONST_3)_9_ &&
CONST_3 < Length_0_ &&
CharAt(CONST_2)_6_ == CharAt(CONST_2)_7_ &&
CONST_2 < Length_0_ &&
CharAt(CONST_1)_4_ == CharAt(CONST_1)_5_ &&
CONST_1 < Length_0_ &&
CharAt(CONST_0)_2_ == CharAt(CONST_0)_3_ &&
CONST_0 < Length_0_ &&
Length_0_ < (Length_1_ + CONST_1) -> true

### PCs: total:34 sat:34 unsat:0

string analysis: SPC # = 0
NPC constraint # = 17
CharAt(CONST_7)_16_ == CharAt(CONST_7)_17_ &&
CONST_7 < Length_0_ &&
CharAt(CONST_6)_14_ == CharAt(CONST_6)_15_ &&
CONST_6 < Length_0_ &&
CharAt(CONST_5)_12_ == CharAt(CONST_5)_13_ &&
CONST_5 < Length_0_ &&
CharAt(CONST_4)_10_ == CharAt(CONST_4)_11_ &&
CONST_4 < Length_0_ &&
CharAt(CONST_3)_8_ == CharAt(CONST_3)_9_ &&
CONST_3 < Length_0_ &&
CharAt(CONST_2)_6_ == CharAt(CONST_2)_7_ &&
CONST_2 < Length_0_ &&
CharAt(CONST_1)_4_ == CharAt(CONST_1)_5_ &&
CONST_1 < Length_0_ &&
CharAt(CONST_0)_2_ == CharAt(CONST_0)_3_ &&
CONST_0 < Length_0_ &&
Length_0_ < (Length_1_ + CONST_1)
$$$$$$$$$$$$$$$$$$$$$$$$$$$$$$$$
Calling Z3str3

current query... 
(declare-const needle_1 String)
(declare-const haystack_2 String)


(assert (= (str.at haystack_2 7) (str.at needle_1 7)))
(assert (< 7 (str.len needle_1)))
(assert (= (str.at haystack_2 6) (str.at needle_1 6)))
(assert (< 6 (str.len needle_1)))
(assert (= (str.at haystack_2 5) (str.at needle_1 5)))
(assert (< 5 (str.len needle_1)))
(assert (= (str.at haystack_2 4) (str.at needle_1 4)))
(assert (< 4 (str.len needle_1)))
(assert (= (str.at haystack_2 3) (str.at needle_1 3)))
(assert (< 3 (str.len needle_1)))
(assert (= (str.at haystack_2 2) (str.at needle_1 2)))
(assert (< 2 (str.len needle_1)))
(assert (= (str.at haystack_2 1) (str.at needle_1 1)))
(assert (< 1 (str.len needle_1)))
(assert (= (str.at haystack_2 0) (str.at needle_1 0)))
(assert (< 0 (str.len needle_1)))
(assert (< (str.len needle_1) ( +  (str.len haystack_2) 1)))



======================
(define-fun needle_1 () String
  "ABCDEFGH")
(define-fun haystack_2 () String
  "ABCDEFGH")
Returned solutions: 
(define-fun needle_1 () String  "ABCDEFGH")
(define-fun haystack_2 () String  "ABCDEFGH")
*************************************
Satisfiable: true
needle_1 => "ABCDEFGH"
haystack_2 => "ABCDEFGH"
*************************************

numeric PC: constraint # = 18
CONST_8 >= Length_0_ &&
CharAt(CONST_7)_16_ == CharAt(CONST_7)_17_ &&
CONST_7 < Length_0_ &&
CharAt(CONST_6)_14_ == CharAt(CONST_6)_15_ &&
CONST_6 < Length_0_ &&
CharAt(CONST_5)_12_ == CharAt(CONST_5)_13_ &&
CONST_5 < Length_0_ &&
CharAt(CONST_4)_10_ == CharAt(CONST_4)_11_ &&
CONST_4 < Length_0_ &&
CharAt(CONST_3)_8_ == CharAt(CONST_3)_9_ &&
CONST_3 < Length_0_ &&
CharAt(CONST_2)_6_ == CharAt(CONST_2)_7_ &&
CONST_2 < Length_0_ &&
CharAt(CONST_1)_4_ == CharAt(CONST_1)_5_ &&
CONST_1 < Length_0_ &&
CharAt(CONST_0)_2_ == CharAt(CONST_0)_3_ &&
CONST_0 < Length_0_ &&
Length_0_ < (Length_1_ + CONST_1) -> true

### PCs: total:35 sat:35 unsat:0

string analysis: SPC # = 0
NPC constraint # = 18
CONST_8 >= Length_0_ &&
CharAt(CONST_7)_16_ == CharAt(CONST_7)_17_ &&
CONST_7 < Length_0_ &&
CharAt(CONST_6)_14_ == CharAt(CONST_6)_15_ &&
CONST_6 < Length_0_ &&
CharAt(CONST_5)_12_ == CharAt(CONST_5)_13_ &&
CONST_5 < Length_0_ &&
CharAt(CONST_4)_10_ == CharAt(CONST_4)_11_ &&
CONST_4 < Length_0_ &&
CharAt(CONST_3)_8_ == CharAt(CONST_3)_9_ &&
CONST_3 < Length_0_ &&
CharAt(CONST_2)_6_ == CharAt(CONST_2)_7_ &&
CONST_2 < Length_0_ &&
CharAt(CONST_1)_4_ == CharAt(CONST_1)_5_ &&
CONST_1 < Length_0_ &&
CharAt(CONST_0)_2_ == CharAt(CONST_0)_3_ &&
CONST_0 < Length_0_ &&
Length_0_ < (Length_1_ + CONST_1)
$$$$$$$$$$$$$$$$$$$$$$$$$$$$$$$$
Calling Z3str3

current query... 
(declare-const needle_1 String)
(declare-const haystack_2 String)


(assert (>= 8 (str.len needle_1)))
(assert (= (str.at haystack_2 7) (str.at needle_1 7)))
(assert (< 7 (str.len needle_1)))
(assert (= (str.at haystack_2 6) (str.at needle_1 6)))
(assert (< 6 (str.len needle_1)))
(assert (= (str.at haystack_2 5) (str.at needle_1 5)))
(assert (< 5 (str.len needle_1)))
(assert (= (str.at haystack_2 4) (str.at needle_1 4)))
(assert (< 4 (str.len needle_1)))
(assert (= (str.at haystack_2 3) (str.at needle_1 3)))
(assert (< 3 (str.len needle_1)))
(assert (= (str.at haystack_2 2) (str.at needle_1 2)))
(assert (< 2 (str.len needle_1)))
(assert (= (str.at haystack_2 1) (str.at needle_1 1)))
(assert (< 1 (str.len needle_1)))
(assert (= (str.at haystack_2 0) (str.at needle_1 0)))
(assert (< 0 (str.len needle_1)))
(assert (< (str.len needle_1) ( +  (str.len haystack_2) 1)))



======================
(define-fun needle_1 () String
  "ABCDEFGH")
(define-fun haystack_2 () String
  "ABCDEFGH")
Returned solutions: 
(define-fun needle_1 () String  "ABCDEFGH")
(define-fun haystack_2 () String  "ABCDEFGH")
*************************************
Satisfiable: true
needle_1 => "ABCDEFGH"
haystack_2 => "ABCDEFGH"
*************************************

numeric PC: constraint # = 18
CONST_8 < Length_0_ &&
CharAt(CONST_7)_16_ == CharAt(CONST_7)_17_ &&
CONST_7 < Length_0_ &&
CharAt(CONST_6)_14_ == CharAt(CONST_6)_15_ &&
CONST_6 < Length_0_ &&
CharAt(CONST_5)_12_ == CharAt(CONST_5)_13_ &&
CONST_5 < Length_0_ &&
CharAt(CONST_4)_10_ == CharAt(CONST_4)_11_ &&
CONST_4 < Length_0_ &&
CharAt(CONST_3)_8_ == CharAt(CONST_3)_9_ &&
CONST_3 < Length_0_ &&
CharAt(CONST_2)_6_ == CharAt(CONST_2)_7_ &&
CONST_2 < Length_0_ &&
CharAt(CONST_1)_4_ == CharAt(CONST_1)_5_ &&
CONST_1 < Length_0_ &&
CharAt(CONST_0)_2_ == CharAt(CONST_0)_3_ &&
CONST_0 < Length_0_ &&
Length_0_ < (Length_1_ + CONST_1) -> true

### PCs: total:36 sat:36 unsat:0

string analysis: SPC # = 0
NPC constraint # = 18
CONST_8 < Length_0_ &&
CharAt(CONST_7)_16_ == CharAt(CONST_7)_17_ &&
CONST_7 < Length_0_ &&
CharAt(CONST_6)_14_ == CharAt(CONST_6)_15_ &&
CONST_6 < Length_0_ &&
CharAt(CONST_5)_12_ == CharAt(CONST_5)_13_ &&
CONST_5 < Length_0_ &&
CharAt(CONST_4)_10_ == CharAt(CONST_4)_11_ &&
CONST_4 < Length_0_ &&
CharAt(CONST_3)_8_ == CharAt(CONST_3)_9_ &&
CONST_3 < Length_0_ &&
CharAt(CONST_2)_6_ == CharAt(CONST_2)_7_ &&
CONST_2 < Length_0_ &&
CharAt(CONST_1)_4_ == CharAt(CONST_1)_5_ &&
CONST_1 < Length_0_ &&
CharAt(CONST_0)_2_ == CharAt(CONST_0)_3_ &&
CONST_0 < Length_0_ &&
Length_0_ < (Length_1_ + CONST_1)
$$$$$$$$$$$$$$$$$$$$$$$$$$$$$$$$
Calling Z3str3

current query... 
(declare-const needle_1 String)
(declare-const haystack_2 String)


(assert (< 8 (str.len needle_1)))
(assert (= (str.at haystack_2 7) (str.at needle_1 7)))
(assert (< 7 (str.len needle_1)))
(assert (= (str.at haystack_2 6) (str.at needle_1 6)))
(assert (< 6 (str.len needle_1)))
(assert (= (str.at haystack_2 5) (str.at needle_1 5)))
(assert (< 5 (str.len needle_1)))
(assert (= (str.at haystack_2 4) (str.at needle_1 4)))
(assert (< 4 (str.len needle_1)))
(assert (= (str.at haystack_2 3) (str.at needle_1 3)))
(assert (< 3 (str.len needle_1)))
(assert (= (str.at haystack_2 2) (str.at needle_1 2)))
(assert (< 2 (str.len needle_1)))
(assert (= (str.at haystack_2 1) (str.at needle_1 1)))
(assert (< 1 (str.len needle_1)))
(assert (= (str.at haystack_2 0) (str.at needle_1 0)))
(assert (< 0 (str.len needle_1)))
(assert (< (str.len needle_1) ( +  (str.len haystack_2) 1)))



======================
(define-fun needle_1 () String
  "ABCDEFGHIKM")
(define-fun haystack_2 () String
  "ABCDEFGHJLN")
Returned solutions: 
(define-fun needle_1 () String  "ABCDEFGHIKM")
(define-fun haystack_2 () String  "ABCDEFGHJLN")
*************************************
Satisfiable: true
needle_1 => "ABCDEFGHIKM"
haystack_2 => "ABCDEFGHJLN"
*************************************

New sym int CharAt(CONST_8)_18_ min=0, max=65535
New sym int CharAt(CONST_8)_19_ min=0, max=65535
numeric PC: constraint # = 19
CharAt(CONST_8)_18_ != CharAt(CONST_8)_19_ &&
CONST_8 < Length_0_ &&
CharAt(CONST_7)_16_ == CharAt(CONST_7)_17_ &&
CONST_7 < Length_0_ &&
CharAt(CONST_6)_14_ == CharAt(CONST_6)_15_ &&
CONST_6 < Length_0_ &&
CharAt(CONST_5)_12_ == CharAt(CONST_5)_13_ &&
CONST_5 < Length_0_ &&
CharAt(CONST_4)_10_ == CharAt(CONST_4)_11_ &&
CONST_4 < Length_0_ &&
CharAt(CONST_3)_8_ == CharAt(CONST_3)_9_ &&
CONST_3 < Length_0_ &&
CharAt(CONST_2)_6_ == CharAt(CONST_2)_7_ &&
CONST_2 < Length_0_ &&
CharAt(CONST_1)_4_ == CharAt(CONST_1)_5_ &&
CONST_1 < Length_0_ &&
CharAt(CONST_0)_2_ == CharAt(CONST_0)_3_ &&
CONST_0 < Length_0_ &&
Length_0_ < (Length_1_ + CONST_1) -> true

### PCs: total:37 sat:37 unsat:0

string analysis: SPC # = 0
NPC constraint # = 19
CharAt(CONST_8)_18_ != CharAt(CONST_8)_19_ &&
CONST_8 < Length_0_ &&
CharAt(CONST_7)_16_ == CharAt(CONST_7)_17_ &&
CONST_7 < Length_0_ &&
CharAt(CONST_6)_14_ == CharAt(CONST_6)_15_ &&
CONST_6 < Length_0_ &&
CharAt(CONST_5)_12_ == CharAt(CONST_5)_13_ &&
CONST_5 < Length_0_ &&
CharAt(CONST_4)_10_ == CharAt(CONST_4)_11_ &&
CONST_4 < Length_0_ &&
CharAt(CONST_3)_8_ == CharAt(CONST_3)_9_ &&
CONST_3 < Length_0_ &&
CharAt(CONST_2)_6_ == CharAt(CONST_2)_7_ &&
CONST_2 < Length_0_ &&
CharAt(CONST_1)_4_ == CharAt(CONST_1)_5_ &&
CONST_1 < Length_0_ &&
CharAt(CONST_0)_2_ == CharAt(CONST_0)_3_ &&
CONST_0 < Length_0_ &&
Length_0_ < (Length_1_ + CONST_1)
$$$$$$$$$$$$$$$$$$$$$$$$$$$$$$$$
Calling Z3str3

current query... 
(declare-const needle_1 String)
(declare-const haystack_2 String)


(assert (not (= (str.at haystack_2 8) (str.at needle_1 8))))
(assert (< 8 (str.len needle_1)))
(assert (= (str.at haystack_2 7) (str.at needle_1 7)))
(assert (< 7 (str.len needle_1)))
(assert (= (str.at haystack_2 6) (str.at needle_1 6)))
(assert (< 6 (str.len needle_1)))
(assert (= (str.at haystack_2 5) (str.at needle_1 5)))
(assert (< 5 (str.len needle_1)))
(assert (= (str.at haystack_2 4) (str.at needle_1 4)))
(assert (< 4 (str.len needle_1)))
(assert (= (str.at haystack_2 3) (str.at needle_1 3)))
(assert (< 3 (str.len needle_1)))
(assert (= (str.at haystack_2 2) (str.at needle_1 2)))
(assert (< 2 (str.len needle_1)))
(assert (= (str.at haystack_2 1) (str.at needle_1 1)))
(assert (< 1 (str.len needle_1)))
(assert (= (str.at haystack_2 0) (str.at needle_1 0)))
(assert (< 0 (str.len needle_1)))
(assert (< (str.len needle_1) ( +  (str.len haystack_2) 1)))



======================
(define-fun needle_1 () String
  "BCDEFGHIJ")
(define-fun haystack_2 () String
  "BCDEFGHIA")
Returned solutions: 
(define-fun needle_1 () String  "BCDEFGHIJ")
(define-fun haystack_2 () String  "BCDEFGHIA")
*************************************
Satisfiable: true
needle_1 => "BCDEFGHIJ"
haystack_2 => "BCDEFGHIA"
*************************************

numeric PC: constraint # = 19
CharAt(CONST_8)_18_ == CharAt(CONST_8)_19_ &&
CONST_8 < Length_0_ &&
CharAt(CONST_7)_16_ == CharAt(CONST_7)_17_ &&
CONST_7 < Length_0_ &&
CharAt(CONST_6)_14_ == CharAt(CONST_6)_15_ &&
CONST_6 < Length_0_ &&
CharAt(CONST_5)_12_ == CharAt(CONST_5)_13_ &&
CONST_5 < Length_0_ &&
CharAt(CONST_4)_10_ == CharAt(CONST_4)_11_ &&
CONST_4 < Length_0_ &&
CharAt(CONST_3)_8_ == CharAt(CONST_3)_9_ &&
CONST_3 < Length_0_ &&
CharAt(CONST_2)_6_ == CharAt(CONST_2)_7_ &&
CONST_2 < Length_0_ &&
CharAt(CONST_1)_4_ == CharAt(CONST_1)_5_ &&
CONST_1 < Length_0_ &&
CharAt(CONST_0)_2_ == CharAt(CONST_0)_3_ &&
CONST_0 < Length_0_ &&
Length_0_ < (Length_1_ + CONST_1) -> true

### PCs: total:38 sat:38 unsat:0

string analysis: SPC # = 0
NPC constraint # = 19
CharAt(CONST_8)_18_ == CharAt(CONST_8)_19_ &&
CONST_8 < Length_0_ &&
CharAt(CONST_7)_16_ == CharAt(CONST_7)_17_ &&
CONST_7 < Length_0_ &&
CharAt(CONST_6)_14_ == CharAt(CONST_6)_15_ &&
CONST_6 < Length_0_ &&
CharAt(CONST_5)_12_ == CharAt(CONST_5)_13_ &&
CONST_5 < Length_0_ &&
CharAt(CONST_4)_10_ == CharAt(CONST_4)_11_ &&
CONST_4 < Length_0_ &&
CharAt(CONST_3)_8_ == CharAt(CONST_3)_9_ &&
CONST_3 < Length_0_ &&
CharAt(CONST_2)_6_ == CharAt(CONST_2)_7_ &&
CONST_2 < Length_0_ &&
CharAt(CONST_1)_4_ == CharAt(CONST_1)_5_ &&
CONST_1 < Length_0_ &&
CharAt(CONST_0)_2_ == CharAt(CONST_0)_3_ &&
CONST_0 < Length_0_ &&
Length_0_ < (Length_1_ + CONST_1)
$$$$$$$$$$$$$$$$$$$$$$$$$$$$$$$$
Calling Z3str3

current query... 
(declare-const needle_1 String)
(declare-const haystack_2 String)


(assert (= (str.at haystack_2 8) (str.at needle_1 8)))
(assert (< 8 (str.len needle_1)))
(assert (= (str.at haystack_2 7) (str.at needle_1 7)))
(assert (< 7 (str.len needle_1)))
(assert (= (str.at haystack_2 6) (str.at needle_1 6)))
(assert (< 6 (str.len needle_1)))
(assert (= (str.at haystack_2 5) (str.at needle_1 5)))
(assert (< 5 (str.len needle_1)))
(assert (= (str.at haystack_2 4) (str.at needle_1 4)))
(assert (< 4 (str.len needle_1)))
(assert (= (str.at haystack_2 3) (str.at needle_1 3)))
(assert (< 3 (str.len needle_1)))
(assert (= (str.at haystack_2 2) (str.at needle_1 2)))
(assert (< 2 (str.len needle_1)))
(assert (= (str.at haystack_2 1) (str.at needle_1 1)))
(assert (< 1 (str.len needle_1)))
(assert (= (str.at haystack_2 0) (str.at needle_1 0)))
(assert (< 0 (str.len needle_1)))
(assert (< (str.len needle_1) ( +  (str.len haystack_2) 1)))



======================
(define-fun needle_1 () String
  "ABCDEFGHI")
(define-fun haystack_2 () String
  "ABCDEFGHI")
Returned solutions: 
(define-fun needle_1 () String  "ABCDEFGHI")
(define-fun haystack_2 () String  "ABCDEFGHI")
*************************************
Satisfiable: true
needle_1 => "ABCDEFGHI"
haystack_2 => "ABCDEFGHI"
*************************************

numeric PC: constraint # = 20
CONST_9 >= Length_0_ &&
CharAt(CONST_8)_18_ == CharAt(CONST_8)_19_ &&
CONST_8 < Length_0_ &&
CharAt(CONST_7)_16_ == CharAt(CONST_7)_17_ &&
CONST_7 < Length_0_ &&
CharAt(CONST_6)_14_ == CharAt(CONST_6)_15_ &&
CONST_6 < Length_0_ &&
CharAt(CONST_5)_12_ == CharAt(CONST_5)_13_ &&
CONST_5 < Length_0_ &&
CharAt(CONST_4)_10_ == CharAt(CONST_4)_11_ &&
CONST_4 < Length_0_ &&
CharAt(CONST_3)_8_ == CharAt(CONST_3)_9_ &&
CONST_3 < Length_0_ &&
CharAt(CONST_2)_6_ == CharAt(CONST_2)_7_ &&
CONST_2 < Length_0_ &&
CharAt(CONST_1)_4_ == CharAt(CONST_1)_5_ &&
CONST_1 < Length_0_ &&
CharAt(CONST_0)_2_ == CharAt(CONST_0)_3_ &&
CONST_0 < Length_0_ &&
Length_0_ < (Length_1_ + CONST_1) -> true

### PCs: total:39 sat:39 unsat:0

string analysis: SPC # = 0
NPC constraint # = 20
CONST_9 >= Length_0_ &&
CharAt(CONST_8)_18_ == CharAt(CONST_8)_19_ &&
CONST_8 < Length_0_ &&
CharAt(CONST_7)_16_ == CharAt(CONST_7)_17_ &&
CONST_7 < Length_0_ &&
CharAt(CONST_6)_14_ == CharAt(CONST_6)_15_ &&
CONST_6 < Length_0_ &&
CharAt(CONST_5)_12_ == CharAt(CONST_5)_13_ &&
CONST_5 < Length_0_ &&
CharAt(CONST_4)_10_ == CharAt(CONST_4)_11_ &&
CONST_4 < Length_0_ &&
CharAt(CONST_3)_8_ == CharAt(CONST_3)_9_ &&
CONST_3 < Length_0_ &&
CharAt(CONST_2)_6_ == CharAt(CONST_2)_7_ &&
CONST_2 < Length_0_ &&
CharAt(CONST_1)_4_ == CharAt(CONST_1)_5_ &&
CONST_1 < Length_0_ &&
CharAt(CONST_0)_2_ == CharAt(CONST_0)_3_ &&
CONST_0 < Length_0_ &&
Length_0_ < (Length_1_ + CONST_1)
$$$$$$$$$$$$$$$$$$$$$$$$$$$$$$$$
Calling Z3str3

current query... 
(declare-const needle_1 String)
(declare-const haystack_2 String)


(assert (>= 9 (str.len needle_1)))
(assert (= (str.at haystack_2 8) (str.at needle_1 8)))
(assert (< 8 (str.len needle_1)))
(assert (= (str.at haystack_2 7) (str.at needle_1 7)))
(assert (< 7 (str.len needle_1)))
(assert (= (str.at haystack_2 6) (str.at needle_1 6)))
(assert (< 6 (str.len needle_1)))
(assert (= (str.at haystack_2 5) (str.at needle_1 5)))
(assert (< 5 (str.len needle_1)))
(assert (= (str.at haystack_2 4) (str.at needle_1 4)))
(assert (< 4 (str.len needle_1)))
(assert (= (str.at haystack_2 3) (str.at needle_1 3)))
(assert (< 3 (str.len needle_1)))
(assert (= (str.at haystack_2 2) (str.at needle_1 2)))
(assert (< 2 (str.len needle_1)))
(assert (= (str.at haystack_2 1) (str.at needle_1 1)))
(assert (< 1 (str.len needle_1)))
(assert (= (str.at haystack_2 0) (str.at needle_1 0)))
(assert (< 0 (str.len needle_1)))
(assert (< (str.len needle_1) ( +  (str.len haystack_2) 1)))



======================
(define-fun needle_1 () String
  "ABCDEFGHI")
(define-fun haystack_2 () String
  "ABCDEFGHI")
Returned solutions: 
(define-fun needle_1 () String  "ABCDEFGHI")
(define-fun haystack_2 () String  "ABCDEFGHI")
*************************************
Satisfiable: true
needle_1 => "ABCDEFGHI"
haystack_2 => "ABCDEFGHI"
*************************************

numeric PC: constraint # = 20
CONST_9 < Length_0_ &&
CharAt(CONST_8)_18_ == CharAt(CONST_8)_19_ &&
CONST_8 < Length_0_ &&
CharAt(CONST_7)_16_ == CharAt(CONST_7)_17_ &&
CONST_7 < Length_0_ &&
CharAt(CONST_6)_14_ == CharAt(CONST_6)_15_ &&
CONST_6 < Length_0_ &&
CharAt(CONST_5)_12_ == CharAt(CONST_5)_13_ &&
CONST_5 < Length_0_ &&
CharAt(CONST_4)_10_ == CharAt(CONST_4)_11_ &&
CONST_4 < Length_0_ &&
CharAt(CONST_3)_8_ == CharAt(CONST_3)_9_ &&
CONST_3 < Length_0_ &&
CharAt(CONST_2)_6_ == CharAt(CONST_2)_7_ &&
CONST_2 < Length_0_ &&
CharAt(CONST_1)_4_ == CharAt(CONST_1)_5_ &&
CONST_1 < Length_0_ &&
CharAt(CONST_0)_2_ == CharAt(CONST_0)_3_ &&
CONST_0 < Length_0_ &&
Length_0_ < (Length_1_ + CONST_1) -> true

### PCs: total:40 sat:40 unsat:0

string analysis: SPC # = 0
NPC constraint # = 20
CONST_9 < Length_0_ &&
CharAt(CONST_8)_18_ == CharAt(CONST_8)_19_ &&
CONST_8 < Length_0_ &&
CharAt(CONST_7)_16_ == CharAt(CONST_7)_17_ &&
CONST_7 < Length_0_ &&
CharAt(CONST_6)_14_ == CharAt(CONST_6)_15_ &&
CONST_6 < Length_0_ &&
CharAt(CONST_5)_12_ == CharAt(CONST_5)_13_ &&
CONST_5 < Length_0_ &&
CharAt(CONST_4)_10_ == CharAt(CONST_4)_11_ &&
CONST_4 < Length_0_ &&
CharAt(CONST_3)_8_ == CharAt(CONST_3)_9_ &&
CONST_3 < Length_0_ &&
CharAt(CONST_2)_6_ == CharAt(CONST_2)_7_ &&
CONST_2 < Length_0_ &&
CharAt(CONST_1)_4_ == CharAt(CONST_1)_5_ &&
CONST_1 < Length_0_ &&
CharAt(CONST_0)_2_ == CharAt(CONST_0)_3_ &&
CONST_0 < Length_0_ &&
Length_0_ < (Length_1_ + CONST_1)
$$$$$$$$$$$$$$$$$$$$$$$$$$$$$$$$
Calling Z3str3

current query... 
(declare-const needle_1 String)
(declare-const haystack_2 String)


(assert (< 9 (str.len needle_1)))
(assert (= (str.at haystack_2 8) (str.at needle_1 8)))
(assert (< 8 (str.len needle_1)))
(assert (= (str.at haystack_2 7) (str.at needle_1 7)))
(assert (< 7 (str.len needle_1)))
(assert (= (str.at haystack_2 6) (str.at needle_1 6)))
(assert (< 6 (str.len needle_1)))
(assert (= (str.at haystack_2 5) (str.at needle_1 5)))
(assert (< 5 (str.len needle_1)))
(assert (= (str.at haystack_2 4) (str.at needle_1 4)))
(assert (< 4 (str.len needle_1)))
(assert (= (str.at haystack_2 3) (str.at needle_1 3)))
(assert (< 3 (str.len needle_1)))
(assert (= (str.at haystack_2 2) (str.at needle_1 2)))
(assert (< 2 (str.len needle_1)))
(assert (= (str.at haystack_2 1) (str.at needle_1 1)))
(assert (< 1 (str.len needle_1)))
(assert (= (str.at haystack_2 0) (str.at needle_1 0)))
(assert (< 0 (str.len needle_1)))
(assert (< (str.len needle_1) ( +  (str.len haystack_2) 1)))



======================
(define-fun needle_1 () String
  "ABCDEFGHIJ")
(define-fun haystack_2 () String
  "ABCDEFGHIKL")
Returned solutions: 
(define-fun needle_1 () String  "ABCDEFGHIJ")
(define-fun haystack_2 () String  "ABCDEFGHIKL")
*************************************
Satisfiable: true
needle_1 => "ABCDEFGHIJ"
haystack_2 => "ABCDEFGHIKL"
*************************************

New sym int CharAt(CONST_9)_20_ min=0, max=65535
New sym int CharAt(CONST_9)_21_ min=0, max=65535
numeric PC: constraint # = 21
CharAt(CONST_9)_20_ != CharAt(CONST_9)_21_ &&
CONST_9 < Length_0_ &&
CharAt(CONST_8)_18_ == CharAt(CONST_8)_19_ &&
CONST_8 < Length_0_ &&
CharAt(CONST_7)_16_ == CharAt(CONST_7)_17_ &&
CONST_7 < Length_0_ &&
CharAt(CONST_6)_14_ == CharAt(CONST_6)_15_ &&
CONST_6 < Length_0_ &&
CharAt(CONST_5)_12_ == CharAt(CONST_5)_13_ &&
CONST_5 < Length_0_ &&
CharAt(CONST_4)_10_ == CharAt(CONST_4)_11_ &&
CONST_4 < Length_0_ &&
CharAt(CONST_3)_8_ == CharAt(CONST_3)_9_ &&
CONST_3 < Length_0_ &&
CharAt(CONST_2)_6_ == CharAt(CONST_2)_7_ &&
CONST_2 < Length_0_ &&
CharAt(CONST_1)_4_ == CharAt(CONST_1)_5_ &&
CONST_1 < Length_0_ &&
CharAt(CONST_0)_2_ == CharAt(CONST_0)_3_ &&
CONST_0 < Length_0_ &&
Length_0_ < (Length_1_ + CONST_1) -> true

### PCs: total:41 sat:41 unsat:0

string analysis: SPC # = 0
NPC constraint # = 21
CharAt(CONST_9)_20_ != CharAt(CONST_9)_21_ &&
CONST_9 < Length_0_ &&
CharAt(CONST_8)_18_ == CharAt(CONST_8)_19_ &&
CONST_8 < Length_0_ &&
CharAt(CONST_7)_16_ == CharAt(CONST_7)_17_ &&
CONST_7 < Length_0_ &&
CharAt(CONST_6)_14_ == CharAt(CONST_6)_15_ &&
CONST_6 < Length_0_ &&
CharAt(CONST_5)_12_ == CharAt(CONST_5)_13_ &&
CONST_5 < Length_0_ &&
CharAt(CONST_4)_10_ == CharAt(CONST_4)_11_ &&
CONST_4 < Length_0_ &&
CharAt(CONST_3)_8_ == CharAt(CONST_3)_9_ &&
CONST_3 < Length_0_ &&
CharAt(CONST_2)_6_ == CharAt(CONST_2)_7_ &&
CONST_2 < Length_0_ &&
CharAt(CONST_1)_4_ == CharAt(CONST_1)_5_ &&
CONST_1 < Length_0_ &&
CharAt(CONST_0)_2_ == CharAt(CONST_0)_3_ &&
CONST_0 < Length_0_ &&
Length_0_ < (Length_1_ + CONST_1)
$$$$$$$$$$$$$$$$$$$$$$$$$$$$$$$$
Calling Z3str3

current query... 
(declare-const needle_1 String)
(declare-const haystack_2 String)


(assert (not (= (str.at haystack_2 9) (str.at needle_1 9))))
(assert (< 9 (str.len needle_1)))
(assert (= (str.at haystack_2 8) (str.at needle_1 8)))
(assert (< 8 (str.len needle_1)))
(assert (= (str.at haystack_2 7) (str.at needle_1 7)))
(assert (< 7 (str.len needle_1)))
(assert (= (str.at haystack_2 6) (str.at needle_1 6)))
(assert (< 6 (str.len needle_1)))
(assert (= (str.at haystack_2 5) (str.at needle_1 5)))
(assert (< 5 (str.len needle_1)))
(assert (= (str.at haystack_2 4) (str.at needle_1 4)))
(assert (< 4 (str.len needle_1)))
(assert (= (str.at haystack_2 3) (str.at needle_1 3)))
(assert (< 3 (str.len needle_1)))
(assert (= (str.at haystack_2 2) (str.at needle_1 2)))
(assert (< 2 (str.len needle_1)))
(assert (= (str.at haystack_2 1) (str.at needle_1 1)))
(assert (< 1 (str.len needle_1)))
(assert (= (str.at haystack_2 0) (str.at needle_1 0)))
(assert (< 0 (str.len needle_1)))
(assert (< (str.len needle_1) ( +  (str.len haystack_2) 1)))



======================
(define-fun needle_1 () String
  "BCDEFGHIJK")
(define-fun haystack_2 () String
  "BCDEFGHIJA")
Returned solutions: 
(define-fun needle_1 () String  "BCDEFGHIJK")
(define-fun haystack_2 () String  "BCDEFGHIJA")
*************************************
Satisfiable: true
needle_1 => "BCDEFGHIJK"
haystack_2 => "BCDEFGHIJA"
*************************************

numeric PC: constraint # = 21
CharAt(CONST_9)_20_ == CharAt(CONST_9)_21_ &&
CONST_9 < Length_0_ &&
CharAt(CONST_8)_18_ == CharAt(CONST_8)_19_ &&
CONST_8 < Length_0_ &&
CharAt(CONST_7)_16_ == CharAt(CONST_7)_17_ &&
CONST_7 < Length_0_ &&
CharAt(CONST_6)_14_ == CharAt(CONST_6)_15_ &&
CONST_6 < Length_0_ &&
CharAt(CONST_5)_12_ == CharAt(CONST_5)_13_ &&
CONST_5 < Length_0_ &&
CharAt(CONST_4)_10_ == CharAt(CONST_4)_11_ &&
CONST_4 < Length_0_ &&
CharAt(CONST_3)_8_ == CharAt(CONST_3)_9_ &&
CONST_3 < Length_0_ &&
CharAt(CONST_2)_6_ == CharAt(CONST_2)_7_ &&
CONST_2 < Length_0_ &&
CharAt(CONST_1)_4_ == CharAt(CONST_1)_5_ &&
CONST_1 < Length_0_ &&
CharAt(CONST_0)_2_ == CharAt(CONST_0)_3_ &&
CONST_0 < Length_0_ &&
Length_0_ < (Length_1_ + CONST_1) -> true

### PCs: total:42 sat:42 unsat:0

string analysis: SPC # = 0
NPC constraint # = 21
CharAt(CONST_9)_20_ == CharAt(CONST_9)_21_ &&
CONST_9 < Length_0_ &&
CharAt(CONST_8)_18_ == CharAt(CONST_8)_19_ &&
CONST_8 < Length_0_ &&
CharAt(CONST_7)_16_ == CharAt(CONST_7)_17_ &&
CONST_7 < Length_0_ &&
CharAt(CONST_6)_14_ == CharAt(CONST_6)_15_ &&
CONST_6 < Length_0_ &&
CharAt(CONST_5)_12_ == CharAt(CONST_5)_13_ &&
CONST_5 < Length_0_ &&
CharAt(CONST_4)_10_ == CharAt(CONST_4)_11_ &&
CONST_4 < Length_0_ &&
CharAt(CONST_3)_8_ == CharAt(CONST_3)_9_ &&
CONST_3 < Length_0_ &&
CharAt(CONST_2)_6_ == CharAt(CONST_2)_7_ &&
CONST_2 < Length_0_ &&
CharAt(CONST_1)_4_ == CharAt(CONST_1)_5_ &&
CONST_1 < Length_0_ &&
CharAt(CONST_0)_2_ == CharAt(CONST_0)_3_ &&
CONST_0 < Length_0_ &&
Length_0_ < (Length_1_ + CONST_1)
$$$$$$$$$$$$$$$$$$$$$$$$$$$$$$$$
Calling Z3str3

current query... 
(declare-const needle_1 String)
(declare-const haystack_2 String)


(assert (= (str.at haystack_2 9) (str.at needle_1 9)))
(assert (< 9 (str.len needle_1)))
(assert (= (str.at haystack_2 8) (str.at needle_1 8)))
(assert (< 8 (str.len needle_1)))
(assert (= (str.at haystack_2 7) (str.at needle_1 7)))
(assert (< 7 (str.len needle_1)))
(assert (= (str.at haystack_2 6) (str.at needle_1 6)))
(assert (< 6 (str.len needle_1)))
(assert (= (str.at haystack_2 5) (str.at needle_1 5)))
(assert (< 5 (str.len needle_1)))
(assert (= (str.at haystack_2 4) (str.at needle_1 4)))
(assert (< 4 (str.len needle_1)))
(assert (= (str.at haystack_2 3) (str.at needle_1 3)))
(assert (< 3 (str.len needle_1)))
(assert (= (str.at haystack_2 2) (str.at needle_1 2)))
(assert (< 2 (str.len needle_1)))
(assert (= (str.at haystack_2 1) (str.at needle_1 1)))
(assert (< 1 (str.len needle_1)))
(assert (= (str.at haystack_2 0) (str.at needle_1 0)))
(assert (< 0 (str.len needle_1)))
(assert (< (str.len needle_1) ( +  (str.len haystack_2) 1)))



======================
(define-fun needle_1 () String
  "ABCDEFGHIJ")
(define-fun haystack_2 () String
  "ABCDEFGHIJ")
Returned solutions: 
(define-fun needle_1 () String  "ABCDEFGHIJ")
(define-fun haystack_2 () String  "ABCDEFGHIJ")
*************************************
Satisfiable: true
needle_1 => "ABCDEFGHIJ"
haystack_2 => "ABCDEFGHIJ"
*************************************

numeric PC: constraint # = 22
CONST_10 >= Length_0_ &&
CharAt(CONST_9)_20_ == CharAt(CONST_9)_21_ &&
CONST_9 < Length_0_ &&
CharAt(CONST_8)_18_ == CharAt(CONST_8)_19_ &&
CONST_8 < Length_0_ &&
CharAt(CONST_7)_16_ == CharAt(CONST_7)_17_ &&
CONST_7 < Length_0_ &&
CharAt(CONST_6)_14_ == CharAt(CONST_6)_15_ &&
CONST_6 < Length_0_ &&
CharAt(CONST_5)_12_ == CharAt(CONST_5)_13_ &&
CONST_5 < Length_0_ &&
CharAt(CONST_4)_10_ == CharAt(CONST_4)_11_ &&
CONST_4 < Length_0_ &&
CharAt(CONST_3)_8_ == CharAt(CONST_3)_9_ &&
CONST_3 < Length_0_ &&
CharAt(CONST_2)_6_ == CharAt(CONST_2)_7_ &&
CONST_2 < Length_0_ &&
CharAt(CONST_1)_4_ == CharAt(CONST_1)_5_ &&
CONST_1 < Length_0_ &&
CharAt(CONST_0)_2_ == CharAt(CONST_0)_3_ &&
CONST_0 < Length_0_ &&
Length_0_ < (Length_1_ + CONST_1) -> true

### PCs: total:43 sat:43 unsat:0

string analysis: SPC # = 0
NPC constraint # = 22
CONST_10 >= Length_0_ &&
CharAt(CONST_9)_20_ == CharAt(CONST_9)_21_ &&
CONST_9 < Length_0_ &&
CharAt(CONST_8)_18_ == CharAt(CONST_8)_19_ &&
CONST_8 < Length_0_ &&
CharAt(CONST_7)_16_ == CharAt(CONST_7)_17_ &&
CONST_7 < Length_0_ &&
CharAt(CONST_6)_14_ == CharAt(CONST_6)_15_ &&
CONST_6 < Length_0_ &&
CharAt(CONST_5)_12_ == CharAt(CONST_5)_13_ &&
CONST_5 < Length_0_ &&
CharAt(CONST_4)_10_ == CharAt(CONST_4)_11_ &&
CONST_4 < Length_0_ &&
CharAt(CONST_3)_8_ == CharAt(CONST_3)_9_ &&
CONST_3 < Length_0_ &&
CharAt(CONST_2)_6_ == CharAt(CONST_2)_7_ &&
CONST_2 < Length_0_ &&
CharAt(CONST_1)_4_ == CharAt(CONST_1)_5_ &&
CONST_1 < Length_0_ &&
CharAt(CONST_0)_2_ == CharAt(CONST_0)_3_ &&
CONST_0 < Length_0_ &&
Length_0_ < (Length_1_ + CONST_1)
$$$$$$$$$$$$$$$$$$$$$$$$$$$$$$$$
Calling Z3str3

current query... 
(declare-const needle_1 String)
(declare-const haystack_2 String)


(assert (>= 10 (str.len needle_1)))
(assert (= (str.at haystack_2 9) (str.at needle_1 9)))
(assert (< 9 (str.len needle_1)))
(assert (= (str.at haystack_2 8) (str.at needle_1 8)))
(assert (< 8 (str.len needle_1)))
(assert (= (str.at haystack_2 7) (str.at needle_1 7)))
(assert (< 7 (str.len needle_1)))
(assert (= (str.at haystack_2 6) (str.at needle_1 6)))
(assert (< 6 (str.len needle_1)))
(assert (= (str.at haystack_2 5) (str.at needle_1 5)))
(assert (< 5 (str.len needle_1)))
(assert (= (str.at haystack_2 4) (str.at needle_1 4)))
(assert (< 4 (str.len needle_1)))
(assert (= (str.at haystack_2 3) (str.at needle_1 3)))
(assert (< 3 (str.len needle_1)))
(assert (= (str.at haystack_2 2) (str.at needle_1 2)))
(assert (< 2 (str.len needle_1)))
(assert (= (str.at haystack_2 1) (str.at needle_1 1)))
(assert (< 1 (str.len needle_1)))
(assert (= (str.at haystack_2 0) (str.at needle_1 0)))
(assert (< 0 (str.len needle_1)))
(assert (< (str.len needle_1) ( +  (str.len haystack_2) 1)))



======================
(define-fun needle_1 () String
  "ABCDEFGHIJ")
(define-fun haystack_2 () String
  "ABCDEFGHIJ")
Returned solutions: 
(define-fun needle_1 () String  "ABCDEFGHIJ")
(define-fun haystack_2 () String  "ABCDEFGHIJ")
*************************************
Satisfiable: true
needle_1 => "ABCDEFGHIJ"
haystack_2 => "ABCDEFGHIJ"
*************************************

numeric PC: constraint # = 22
CONST_10 < Length_0_ &&
CharAt(CONST_9)_20_ == CharAt(CONST_9)_21_ &&
CONST_9 < Length_0_ &&
CharAt(CONST_8)_18_ == CharAt(CONST_8)_19_ &&
CONST_8 < Length_0_ &&
CharAt(CONST_7)_16_ == CharAt(CONST_7)_17_ &&
CONST_7 < Length_0_ &&
CharAt(CONST_6)_14_ == CharAt(CONST_6)_15_ &&
CONST_6 < Length_0_ &&
CharAt(CONST_5)_12_ == CharAt(CONST_5)_13_ &&
CONST_5 < Length_0_ &&
CharAt(CONST_4)_10_ == CharAt(CONST_4)_11_ &&
CONST_4 < Length_0_ &&
CharAt(CONST_3)_8_ == CharAt(CONST_3)_9_ &&
CONST_3 < Length_0_ &&
CharAt(CONST_2)_6_ == CharAt(CONST_2)_7_ &&
CONST_2 < Length_0_ &&
CharAt(CONST_1)_4_ == CharAt(CONST_1)_5_ &&
CONST_1 < Length_0_ &&
CharAt(CONST_0)_2_ == CharAt(CONST_0)_3_ &&
CONST_0 < Length_0_ &&
Length_0_ < (Length_1_ + CONST_1) -> true

### PCs: total:44 sat:44 unsat:0

string analysis: SPC # = 0
NPC constraint # = 22
CONST_10 < Length_0_ &&
CharAt(CONST_9)_20_ == CharAt(CONST_9)_21_ &&
CONST_9 < Length_0_ &&
CharAt(CONST_8)_18_ == CharAt(CONST_8)_19_ &&
CONST_8 < Length_0_ &&
CharAt(CONST_7)_16_ == CharAt(CONST_7)_17_ &&
CONST_7 < Length_0_ &&
CharAt(CONST_6)_14_ == CharAt(CONST_6)_15_ &&
CONST_6 < Length_0_ &&
CharAt(CONST_5)_12_ == CharAt(CONST_5)_13_ &&
CONST_5 < Length_0_ &&
CharAt(CONST_4)_10_ == CharAt(CONST_4)_11_ &&
CONST_4 < Length_0_ &&
CharAt(CONST_3)_8_ == CharAt(CONST_3)_9_ &&
CONST_3 < Length_0_ &&
CharAt(CONST_2)_6_ == CharAt(CONST_2)_7_ &&
CONST_2 < Length_0_ &&
CharAt(CONST_1)_4_ == CharAt(CONST_1)_5_ &&
CONST_1 < Length_0_ &&
CharAt(CONST_0)_2_ == CharAt(CONST_0)_3_ &&
CONST_0 < Length_0_ &&
Length_0_ < (Length_1_ + CONST_1)
$$$$$$$$$$$$$$$$$$$$$$$$$$$$$$$$
Calling Z3str3

current query... 
(declare-const needle_1 String)
(declare-const haystack_2 String)


(assert (< 10 (str.len needle_1)))
(assert (= (str.at haystack_2 9) (str.at needle_1 9)))
(assert (< 9 (str.len needle_1)))
(assert (= (str.at haystack_2 8) (str.at needle_1 8)))
(assert (< 8 (str.len needle_1)))
(assert (= (str.at haystack_2 7) (str.at needle_1 7)))
(assert (< 7 (str.len needle_1)))
(assert (= (str.at haystack_2 6) (str.at needle_1 6)))
(assert (< 6 (str.len needle_1)))
(assert (= (str.at haystack_2 5) (str.at needle_1 5)))
(assert (< 5 (str.len needle_1)))
(assert (= (str.at haystack_2 4) (str.at needle_1 4)))
(assert (< 4 (str.len needle_1)))
(assert (= (str.at haystack_2 3) (str.at needle_1 3)))
(assert (< 3 (str.len needle_1)))
(assert (= (str.at haystack_2 2) (str.at needle_1 2)))
(assert (< 2 (str.len needle_1)))
(assert (= (str.at haystack_2 1) (str.at needle_1 1)))
(assert (< 1 (str.len needle_1)))
(assert (= (str.at haystack_2 0) (str.at needle_1 0)))
(assert (< 0 (str.len needle_1)))
(assert (< (str.len needle_1) ( +  (str.len haystack_2) 1)))



======================
(define-fun needle_1 () String
  "ABCDEFGHIJK")
(define-fun haystack_2 () String
  "ABCDEFGHIJL")
Returned solutions: 
(define-fun needle_1 () String  "ABCDEFGHIJK")
(define-fun haystack_2 () String  "ABCDEFGHIJL")
*************************************
Satisfiable: true
needle_1 => "ABCDEFGHIJK"
haystack_2 => "ABCDEFGHIJL"
*************************************


====================================================== search constraint
depth limit reached: 23

====================================================== snapshot 
thread java.lang.Thread:{id:0,name:main,status:RUNNING,priority:5,isDaemon:false,lockCount:0,suspendCount:0}
  call stack:
	at strings.StringSearch.search_1(StringSearch.java:18)
	at strings.StringSearch.main(StringSearch.java:7)

numeric PC: constraint # = 21
CharAt(CONST_9)_20_ == CharAt(CONST_9)_21_ &&
CONST_9 < Length_0_ &&
CharAt(CONST_8)_18_ == CharAt(CONST_8)_19_ &&
CONST_8 < Length_0_ &&
CharAt(CONST_7)_16_ == CharAt(CONST_7)_17_ &&
CONST_7 < Length_0_ &&
CharAt(CONST_6)_14_ == CharAt(CONST_6)_15_ &&
CONST_6 < Length_0_ &&
CharAt(CONST_5)_12_ == CharAt(CONST_5)_13_ &&
CONST_5 < Length_0_ &&
CharAt(CONST_4)_10_ == CharAt(CONST_4)_11_ &&
CONST_4 < Length_0_ &&
CharAt(CONST_3)_8_ == CharAt(CONST_3)_9_ &&
CONST_3 < Length_0_ &&
CharAt(CONST_2)_6_ == CharAt(CONST_2)_7_ &&
CONST_2 < Length_0_ &&
CharAt(CONST_1)_4_ == CharAt(CONST_1)_5_ &&
CONST_1 < Length_0_ &&
CharAt(CONST_0)_2_ == CharAt(CONST_0)_3_ &&
CONST_0 < Length_0_ &&
Length_0_ < (Length_1_ + CONST_1) -> true

string analysis: SPC # = 0
NPC constraint # = 21
CharAt(CONST_9)_20_[0] == CharAt(CONST_9)_21_[0] &&
CONST_9 < Length_0_[10] &&
CharAt(CONST_8)_18_[0] == CharAt(CONST_8)_19_[0] &&
CONST_8 < Length_0_[10] &&
CharAt(CONST_7)_16_[0] == CharAt(CONST_7)_17_[0] &&
CONST_7 < Length_0_[10] &&
CharAt(CONST_6)_14_[0] == CharAt(CONST_6)_15_[0] &&
CONST_6 < Length_0_[10] &&
CharAt(CONST_5)_12_[0] == CharAt(CONST_5)_13_[0] &&
CONST_5 < Length_0_[10] &&
CharAt(CONST_4)_10_[0] == CharAt(CONST_4)_11_[0] &&
CONST_4 < Length_0_[10] &&
CharAt(CONST_3)_8_[0] == CharAt(CONST_3)_9_[0] &&
CONST_3 < Length_0_[10] &&
CharAt(CONST_2)_6_[0] == CharAt(CONST_2)_7_[0] &&
CONST_2 < Length_0_[10] &&
CharAt(CONST_1)_4_[0] == CharAt(CONST_1)_5_[0] &&
CONST_1 < Length_0_[10] &&
CharAt(CONST_0)_2_[0] == CharAt(CONST_0)_3_[0] &&
CONST_0 < Length_0_[10] &&
Length_0_[10] < (Length_1_[10] + CONST_1)
$$$$$$$$$$$$$$$$$$$$$$$$$$$$$$$$
Calling Z3str3

current query... 
(declare-const needle_1 String)
(declare-const haystack_2 String)


(assert (= (str.at haystack_2 9) (str.at needle_1 9)))
(assert (< 9 (str.len needle_1)))
(assert (= (str.at haystack_2 8) (str.at needle_1 8)))
(assert (< 8 (str.len needle_1)))
(assert (= (str.at haystack_2 7) (str.at needle_1 7)))
(assert (< 7 (str.len needle_1)))
(assert (= (str.at haystack_2 6) (str.at needle_1 6)))
(assert (< 6 (str.len needle_1)))
(assert (= (str.at haystack_2 5) (str.at needle_1 5)))
(assert (< 5 (str.len needle_1)))
(assert (= (str.at haystack_2 4) (str.at needle_1 4)))
(assert (< 4 (str.len needle_1)))
(assert (= (str.at haystack_2 3) (str.at needle_1 3)))
(assert (< 3 (str.len needle_1)))
(assert (= (str.at haystack_2 2) (str.at needle_1 2)))
(assert (< 2 (str.len needle_1)))
(assert (= (str.at haystack_2 1) (str.at needle_1 1)))
(assert (< 1 (str.len needle_1)))
(assert (= (str.at haystack_2 0) (str.at needle_1 0)))
(assert (< 0 (str.len needle_1)))
(assert (< (str.len needle_1) ( +  (str.len haystack_2) 1)))



======================
(define-fun needle_1 () String
  "ABCDEFGHIJ")
(define-fun haystack_2 () String
  "ABCDEFGHIJ")
Returned solutions: 
(define-fun needle_1 () String  "ABCDEFGHIJ")
(define-fun haystack_2 () String  "ABCDEFGHIJ")
*************************************
Satisfiable: true
needle_1 => "ABCDEFGHIJ"
haystack_2 => "ABCDEFGHIJ"
*************************************

numeric PC: constraint # = 22
CONST_10 >= Length_0_ &&
CharAt(CONST_9)_20_ != CharAt(CONST_9)_21_ &&
CONST_9 < Length_0_ &&
CharAt(CONST_8)_18_ == CharAt(CONST_8)_19_ &&
CONST_8 < Length_0_ &&
CharAt(CONST_7)_16_ == CharAt(CONST_7)_17_ &&
CONST_7 < Length_0_ &&
CharAt(CONST_6)_14_ == CharAt(CONST_6)_15_ &&
CONST_6 < Length_0_ &&
CharAt(CONST_5)_12_ == CharAt(CONST_5)_13_ &&
CONST_5 < Length_0_ &&
CharAt(CONST_4)_10_ == CharAt(CONST_4)_11_ &&
CONST_4 < Length_0_ &&
CharAt(CONST_3)_8_ == CharAt(CONST_3)_9_ &&
CONST_3 < Length_0_ &&
CharAt(CONST_2)_6_ == CharAt(CONST_2)_7_ &&
CONST_2 < Length_0_ &&
CharAt(CONST_1)_4_ == CharAt(CONST_1)_5_ &&
CONST_1 < Length_0_ &&
CharAt(CONST_0)_2_ == CharAt(CONST_0)_3_ &&
CONST_0 < Length_0_ &&
Length_0_ < (Length_1_ + CONST_1) -> true

### PCs: total:45 sat:45 unsat:0

string analysis: SPC # = 0
NPC constraint # = 22
CONST_10 >= Length_0_ &&
CharAt(CONST_9)_20_ != CharAt(CONST_9)_21_ &&
CONST_9 < Length_0_ &&
CharAt(CONST_8)_18_ == CharAt(CONST_8)_19_ &&
CONST_8 < Length_0_ &&
CharAt(CONST_7)_16_ == CharAt(CONST_7)_17_ &&
CONST_7 < Length_0_ &&
CharAt(CONST_6)_14_ == CharAt(CONST_6)_15_ &&
CONST_6 < Length_0_ &&
CharAt(CONST_5)_12_ == CharAt(CONST_5)_13_ &&
CONST_5 < Length_0_ &&
CharAt(CONST_4)_10_ == CharAt(CONST_4)_11_ &&
CONST_4 < Length_0_ &&
CharAt(CONST_3)_8_ == CharAt(CONST_3)_9_ &&
CONST_3 < Length_0_ &&
CharAt(CONST_2)_6_ == CharAt(CONST_2)_7_ &&
CONST_2 < Length_0_ &&
CharAt(CONST_1)_4_ == CharAt(CONST_1)_5_ &&
CONST_1 < Length_0_ &&
CharAt(CONST_0)_2_ == CharAt(CONST_0)_3_ &&
CONST_0 < Length_0_ &&
Length_0_ < (Length_1_ + CONST_1)
$$$$$$$$$$$$$$$$$$$$$$$$$$$$$$$$
Calling Z3str3

current query... 
(declare-const needle_1 String)
(declare-const haystack_2 String)


(assert (>= 10 (str.len needle_1)))
(assert (not (= (str.at haystack_2 9) (str.at needle_1 9))))
(assert (< 9 (str.len needle_1)))
(assert (= (str.at haystack_2 8) (str.at needle_1 8)))
(assert (< 8 (str.len needle_1)))
(assert (= (str.at haystack_2 7) (str.at needle_1 7)))
(assert (< 7 (str.len needle_1)))
(assert (= (str.at haystack_2 6) (str.at needle_1 6)))
(assert (< 6 (str.len needle_1)))
(assert (= (str.at haystack_2 5) (str.at needle_1 5)))
(assert (< 5 (str.len needle_1)))
(assert (= (str.at haystack_2 4) (str.at needle_1 4)))
(assert (< 4 (str.len needle_1)))
(assert (= (str.at haystack_2 3) (str.at needle_1 3)))
(assert (< 3 (str.len needle_1)))
(assert (= (str.at haystack_2 2) (str.at needle_1 2)))
(assert (< 2 (str.len needle_1)))
(assert (= (str.at haystack_2 1) (str.at needle_1 1)))
(assert (< 1 (str.len needle_1)))
(assert (= (str.at haystack_2 0) (str.at needle_1 0)))
(assert (< 0 (str.len needle_1)))
(assert (< (str.len needle_1) ( +  (str.len haystack_2) 1)))



======================
(define-fun needle_1 () String
  "BCDEFGHIJK")
(define-fun haystack_2 () String
  "BCDEFGHIJA")
Returned solutions: 
(define-fun needle_1 () String  "BCDEFGHIJK")
(define-fun haystack_2 () String  "BCDEFGHIJA")
*************************************
Satisfiable: true
needle_1 => "BCDEFGHIJK"
haystack_2 => "BCDEFGHIJA"
*************************************

numeric PC: constraint # = 22
CONST_10 < Length_0_ &&
CharAt(CONST_9)_20_ != CharAt(CONST_9)_21_ &&
CONST_9 < Length_0_ &&
CharAt(CONST_8)_18_ == CharAt(CONST_8)_19_ &&
CONST_8 < Length_0_ &&
CharAt(CONST_7)_16_ == CharAt(CONST_7)_17_ &&
CONST_7 < Length_0_ &&
CharAt(CONST_6)_14_ == CharAt(CONST_6)_15_ &&
CONST_6 < Length_0_ &&
CharAt(CONST_5)_12_ == CharAt(CONST_5)_13_ &&
CONST_5 < Length_0_ &&
CharAt(CONST_4)_10_ == CharAt(CONST_4)_11_ &&
CONST_4 < Length_0_ &&
CharAt(CONST_3)_8_ == CharAt(CONST_3)_9_ &&
CONST_3 < Length_0_ &&
CharAt(CONST_2)_6_ == CharAt(CONST_2)_7_ &&
CONST_2 < Length_0_ &&
CharAt(CONST_1)_4_ == CharAt(CONST_1)_5_ &&
CONST_1 < Length_0_ &&
CharAt(CONST_0)_2_ == CharAt(CONST_0)_3_ &&
CONST_0 < Length_0_ &&
Length_0_ < (Length_1_ + CONST_1) -> true

### PCs: total:46 sat:46 unsat:0

string analysis: SPC # = 0
NPC constraint # = 22
CONST_10 < Length_0_ &&
CharAt(CONST_9)_20_ != CharAt(CONST_9)_21_ &&
CONST_9 < Length_0_ &&
CharAt(CONST_8)_18_ == CharAt(CONST_8)_19_ &&
CONST_8 < Length_0_ &&
CharAt(CONST_7)_16_ == CharAt(CONST_7)_17_ &&
CONST_7 < Length_0_ &&
CharAt(CONST_6)_14_ == CharAt(CONST_6)_15_ &&
CONST_6 < Length_0_ &&
CharAt(CONST_5)_12_ == CharAt(CONST_5)_13_ &&
CONST_5 < Length_0_ &&
CharAt(CONST_4)_10_ == CharAt(CONST_4)_11_ &&
CONST_4 < Length_0_ &&
CharAt(CONST_3)_8_ == CharAt(CONST_3)_9_ &&
CONST_3 < Length_0_ &&
CharAt(CONST_2)_6_ == CharAt(CONST_2)_7_ &&
CONST_2 < Length_0_ &&
CharAt(CONST_1)_4_ == CharAt(CONST_1)_5_ &&
CONST_1 < Length_0_ &&
CharAt(CONST_0)_2_ == CharAt(CONST_0)_3_ &&
CONST_0 < Length_0_ &&
Length_0_ < (Length_1_ + CONST_1)
$$$$$$$$$$$$$$$$$$$$$$$$$$$$$$$$
Calling Z3str3

current query... 
(declare-const needle_1 String)
(declare-const haystack_2 String)


(assert (< 10 (str.len needle_1)))
(assert (not (= (str.at haystack_2 9) (str.at needle_1 9))))
(assert (< 9 (str.len needle_1)))
(assert (= (str.at haystack_2 8) (str.at needle_1 8)))
(assert (< 8 (str.len needle_1)))
(assert (= (str.at haystack_2 7) (str.at needle_1 7)))
(assert (< 7 (str.len needle_1)))
(assert (= (str.at haystack_2 6) (str.at needle_1 6)))
(assert (< 6 (str.len needle_1)))
(assert (= (str.at haystack_2 5) (str.at needle_1 5)))
(assert (< 5 (str.len needle_1)))
(assert (= (str.at haystack_2 4) (str.at needle_1 4)))
(assert (< 4 (str.len needle_1)))
(assert (= (str.at haystack_2 3) (str.at needle_1 3)))
(assert (< 3 (str.len needle_1)))
(assert (= (str.at haystack_2 2) (str.at needle_1 2)))
(assert (< 2 (str.len needle_1)))
(assert (= (str.at haystack_2 1) (str.at needle_1 1)))
(assert (< 1 (str.len needle_1)))
(assert (= (str.at haystack_2 0) (str.at needle_1 0)))
(assert (< 0 (str.len needle_1)))
(assert (< (str.len needle_1) ( +  (str.len haystack_2) 1)))



======================
(define-fun needle_1 () String
  "BCDEFGHIJKL")
(define-fun haystack_2 () String
  "BCDEFGHIJAM")
Returned solutions: 
(define-fun needle_1 () String  "BCDEFGHIJKL")
(define-fun haystack_2 () String  "BCDEFGHIJAM")
*************************************
Satisfiable: true
needle_1 => "BCDEFGHIJKL"
haystack_2 => "BCDEFGHIJAM"
*************************************


====================================================== search constraint
depth limit reached: 23

====================================================== snapshot 
thread java.lang.Thread:{id:0,name:main,status:RUNNING,priority:5,isDaemon:false,lockCount:0,suspendCount:0}
  call stack:
	at strings.StringSearch.search_1(StringSearch.java:18)
	at strings.StringSearch.main(StringSearch.java:7)

numeric PC: constraint # = 21
CharAt(CONST_9)_20_ != CharAt(CONST_9)_21_ &&
CONST_9 < Length_0_ &&
CharAt(CONST_8)_18_ == CharAt(CONST_8)_19_ &&
CONST_8 < Length_0_ &&
CharAt(CONST_7)_16_ == CharAt(CONST_7)_17_ &&
CONST_7 < Length_0_ &&
CharAt(CONST_6)_14_ == CharAt(CONST_6)_15_ &&
CONST_6 < Length_0_ &&
CharAt(CONST_5)_12_ == CharAt(CONST_5)_13_ &&
CONST_5 < Length_0_ &&
CharAt(CONST_4)_10_ == CharAt(CONST_4)_11_ &&
CONST_4 < Length_0_ &&
CharAt(CONST_3)_8_ == CharAt(CONST_3)_9_ &&
CONST_3 < Length_0_ &&
CharAt(CONST_2)_6_ == CharAt(CONST_2)_7_ &&
CONST_2 < Length_0_ &&
CharAt(CONST_1)_4_ == CharAt(CONST_1)_5_ &&
CONST_1 < Length_0_ &&
CharAt(CONST_0)_2_ == CharAt(CONST_0)_3_ &&
CONST_0 < Length_0_ &&
Length_0_ < (Length_1_ + CONST_1) -> true

string analysis: SPC # = 0
NPC constraint # = 21
CharAt(CONST_9)_20_[0] != CharAt(CONST_9)_21_[1] &&
CONST_9 < Length_0_[10] &&
CharAt(CONST_8)_18_[0] == CharAt(CONST_8)_19_[0] &&
CONST_8 < Length_0_[10] &&
CharAt(CONST_7)_16_[0] == CharAt(CONST_7)_17_[0] &&
CONST_7 < Length_0_[10] &&
CharAt(CONST_6)_14_[0] == CharAt(CONST_6)_15_[0] &&
CONST_6 < Length_0_[10] &&
CharAt(CONST_5)_12_[0] == CharAt(CONST_5)_13_[0] &&
CONST_5 < Length_0_[10] &&
CharAt(CONST_4)_10_[0] == CharAt(CONST_4)_11_[0] &&
CONST_4 < Length_0_[10] &&
CharAt(CONST_3)_8_[0] == CharAt(CONST_3)_9_[0] &&
CONST_3 < Length_0_[10] &&
CharAt(CONST_2)_6_[0] == CharAt(CONST_2)_7_[0] &&
CONST_2 < Length_0_[10] &&
CharAt(CONST_1)_4_[0] == CharAt(CONST_1)_5_[0] &&
CONST_1 < Length_0_[10] &&
CharAt(CONST_0)_2_[0] == CharAt(CONST_0)_3_[0] &&
CONST_0 < Length_0_[10] &&
Length_0_[10] < (Length_1_[10] + CONST_1)
$$$$$$$$$$$$$$$$$$$$$$$$$$$$$$$$
Calling Z3str3

current query... 
(declare-const needle_1 String)
(declare-const haystack_2 String)


(assert (not (= (str.at haystack_2 9) (str.at needle_1 9))))
(assert (< 9 (str.len needle_1)))
(assert (= (str.at haystack_2 8) (str.at needle_1 8)))
(assert (< 8 (str.len needle_1)))
(assert (= (str.at haystack_2 7) (str.at needle_1 7)))
(assert (< 7 (str.len needle_1)))
(assert (= (str.at haystack_2 6) (str.at needle_1 6)))
(assert (< 6 (str.len needle_1)))
(assert (= (str.at haystack_2 5) (str.at needle_1 5)))
(assert (< 5 (str.len needle_1)))
(assert (= (str.at haystack_2 4) (str.at needle_1 4)))
(assert (< 4 (str.len needle_1)))
(assert (= (str.at haystack_2 3) (str.at needle_1 3)))
(assert (< 3 (str.len needle_1)))
(assert (= (str.at haystack_2 2) (str.at needle_1 2)))
(assert (< 2 (str.len needle_1)))
(assert (= (str.at haystack_2 1) (str.at needle_1 1)))
(assert (< 1 (str.len needle_1)))
(assert (= (str.at haystack_2 0) (str.at needle_1 0)))
(assert (< 0 (str.len needle_1)))
(assert (< (str.len needle_1) ( +  (str.len haystack_2) 1)))



======================
(define-fun needle_1 () String
  "BCDEFGHIJK")
(define-fun haystack_2 () String
  "BCDEFGHIJA")
Returned solutions: 
(define-fun needle_1 () String  "BCDEFGHIJK")
(define-fun haystack_2 () String  "BCDEFGHIJA")
*************************************
Satisfiable: true
needle_1 => "BCDEFGHIJK"
haystack_2 => "BCDEFGHIJA"
*************************************

numeric PC: constraint # = 20
CONST_9 < Length_0_[10] &&
CharAt(CONST_8)_18_[0] == CharAt(CONST_8)_19_[0] &&
CONST_8 < Length_0_[10] &&
CharAt(CONST_7)_16_[0] == CharAt(CONST_7)_17_[0] &&
CONST_7 < Length_0_[10] &&
CharAt(CONST_6)_14_[0] == CharAt(CONST_6)_15_[0] &&
CONST_6 < Length_0_[10] &&
CharAt(CONST_5)_12_[0] == CharAt(CONST_5)_13_[0] &&
CONST_5 < Length_0_[10] &&
CharAt(CONST_4)_10_[0] == CharAt(CONST_4)_11_[0] &&
CONST_4 < Length_0_[10] &&
CharAt(CONST_3)_8_[0] == CharAt(CONST_3)_9_[0] &&
CONST_3 < Length_0_[10] &&
CharAt(CONST_2)_6_[0] == CharAt(CONST_2)_7_[0] &&
CONST_2 < Length_0_[10] &&
CharAt(CONST_1)_4_[0] == CharAt(CONST_1)_5_[0] &&
CONST_1 < Length_0_[10] &&
CharAt(CONST_0)_2_[0] == CharAt(CONST_0)_3_[0] &&
CONST_0 < Length_0_[10] &&
Length_0_[10] < (Length_1_[10] + CONST_1) -> true

string analysis: SPC # = 0
NPC constraint # = 20
CONST_9 < Length_0_[10] &&
CharAt(CONST_8)_18_[0] == CharAt(CONST_8)_19_[0] &&
CONST_8 < Length_0_[10] &&
CharAt(CONST_7)_16_[0] == CharAt(CONST_7)_17_[0] &&
CONST_7 < Length_0_[10] &&
CharAt(CONST_6)_14_[0] == CharAt(CONST_6)_15_[0] &&
CONST_6 < Length_0_[10] &&
CharAt(CONST_5)_12_[0] == CharAt(CONST_5)_13_[0] &&
CONST_5 < Length_0_[10] &&
CharAt(CONST_4)_10_[0] == CharAt(CONST_4)_11_[0] &&
CONST_4 < Length_0_[10] &&
CharAt(CONST_3)_8_[0] == CharAt(CONST_3)_9_[0] &&
CONST_3 < Length_0_[10] &&
CharAt(CONST_2)_6_[0] == CharAt(CONST_2)_7_[0] &&
CONST_2 < Length_0_[10] &&
CharAt(CONST_1)_4_[0] == CharAt(CONST_1)_5_[0] &&
CONST_1 < Length_0_[10] &&
CharAt(CONST_0)_2_[0] == CharAt(CONST_0)_3_[0] &&
CONST_0 < Length_0_[10] &&
Length_0_[10] < (Length_1_[10] + CONST_1)
$$$$$$$$$$$$$$$$$$$$$$$$$$$$$$$$
Calling Z3str3

current query... 
(declare-const needle_1 String)
(declare-const haystack_2 String)


(assert (< 9 (str.len needle_1)))
(assert (= (str.at haystack_2 8) (str.at needle_1 8)))
(assert (< 8 (str.len needle_1)))
(assert (= (str.at haystack_2 7) (str.at needle_1 7)))
(assert (< 7 (str.len needle_1)))
(assert (= (str.at haystack_2 6) (str.at needle_1 6)))
(assert (< 6 (str.len needle_1)))
(assert (= (str.at haystack_2 5) (str.at needle_1 5)))
(assert (< 5 (str.len needle_1)))
(assert (= (str.at haystack_2 4) (str.at needle_1 4)))
(assert (< 4 (str.len needle_1)))
(assert (= (str.at haystack_2 3) (str.at needle_1 3)))
(assert (< 3 (str.len needle_1)))
(assert (= (str.at haystack_2 2) (str.at needle_1 2)))
(assert (< 2 (str.len needle_1)))
(assert (= (str.at haystack_2 1) (str.at needle_1 1)))
(assert (< 1 (str.len needle_1)))
(assert (= (str.at haystack_2 0) (str.at needle_1 0)))
(assert (< 0 (str.len needle_1)))
(assert (< (str.len needle_1) ( +  (str.len haystack_2) 1)))



======================
(define-fun needle_1 () String
  "ABCDEFGHIJ")
(define-fun haystack_2 () String
  "ABCDEFGHIKL")
Returned solutions: 
(define-fun needle_1 () String  "ABCDEFGHIJ")
(define-fun haystack_2 () String  "ABCDEFGHIKL")
*************************************
Satisfiable: true
needle_1 => "ABCDEFGHIJ"
haystack_2 => "ABCDEFGHIKL"
*************************************

numeric PC: constraint # = 21
(Length_0_ + CONST_1) >= (Length_1_ + CONST_1) &&
CONST_9 >= Length_0_ &&
CharAt(CONST_8)_18_ == CharAt(CONST_8)_19_ &&
CONST_8 < Length_0_ &&
CharAt(CONST_7)_16_ == CharAt(CONST_7)_17_ &&
CONST_7 < Length_0_ &&
CharAt(CONST_6)_14_ == CharAt(CONST_6)_15_ &&
CONST_6 < Length_0_ &&
CharAt(CONST_5)_12_ == CharAt(CONST_5)_13_ &&
CONST_5 < Length_0_ &&
CharAt(CONST_4)_10_ == CharAt(CONST_4)_11_ &&
CONST_4 < Length_0_ &&
CharAt(CONST_3)_8_ == CharAt(CONST_3)_9_ &&
CONST_3 < Length_0_ &&
CharAt(CONST_2)_6_ == CharAt(CONST_2)_7_ &&
CONST_2 < Length_0_ &&
CharAt(CONST_1)_4_ == CharAt(CONST_1)_5_ &&
CONST_1 < Length_0_ &&
CharAt(CONST_0)_2_ == CharAt(CONST_0)_3_ &&
CONST_0 < Length_0_ &&
Length_0_ < (Length_1_ + CONST_1) -> true

### PCs: total:47 sat:47 unsat:0

string analysis: SPC # = 0
NPC constraint # = 21
(Length_0_ + CONST_1) >= (Length_1_ + CONST_1) &&
CONST_9 >= Length_0_ &&
CharAt(CONST_8)_18_ == CharAt(CONST_8)_19_ &&
CONST_8 < Length_0_ &&
CharAt(CONST_7)_16_ == CharAt(CONST_7)_17_ &&
CONST_7 < Length_0_ &&
CharAt(CONST_6)_14_ == CharAt(CONST_6)_15_ &&
CONST_6 < Length_0_ &&
CharAt(CONST_5)_12_ == CharAt(CONST_5)_13_ &&
CONST_5 < Length_0_ &&
CharAt(CONST_4)_10_ == CharAt(CONST_4)_11_ &&
CONST_4 < Length_0_ &&
CharAt(CONST_3)_8_ == CharAt(CONST_3)_9_ &&
CONST_3 < Length_0_ &&
CharAt(CONST_2)_6_ == CharAt(CONST_2)_7_ &&
CONST_2 < Length_0_ &&
CharAt(CONST_1)_4_ == CharAt(CONST_1)_5_ &&
CONST_1 < Length_0_ &&
CharAt(CONST_0)_2_ == CharAt(CONST_0)_3_ &&
CONST_0 < Length_0_ &&
Length_0_ < (Length_1_ + CONST_1)
$$$$$$$$$$$$$$$$$$$$$$$$$$$$$$$$
Calling Z3str3

current query... 
(declare-const needle_1 String)
(declare-const haystack_2 String)


(assert (>= ( +  (str.len needle_1) 1) ( +  (str.len haystack_2) 1)))
(assert (>= 9 (str.len needle_1)))
(assert (= (str.at haystack_2 8) (str.at needle_1 8)))
(assert (< 8 (str.len needle_1)))
(assert (= (str.at haystack_2 7) (str.at needle_1 7)))
(assert (< 7 (str.len needle_1)))
(assert (= (str.at haystack_2 6) (str.at needle_1 6)))
(assert (< 6 (str.len needle_1)))
(assert (= (str.at haystack_2 5) (str.at needle_1 5)))
(assert (< 5 (str.len needle_1)))
(assert (= (str.at haystack_2 4) (str.at needle_1 4)))
(assert (< 4 (str.len needle_1)))
(assert (= (str.at haystack_2 3) (str.at needle_1 3)))
(assert (< 3 (str.len needle_1)))
(assert (= (str.at haystack_2 2) (str.at needle_1 2)))
(assert (< 2 (str.len needle_1)))
(assert (= (str.at haystack_2 1) (str.at needle_1 1)))
(assert (< 1 (str.len needle_1)))
(assert (= (str.at haystack_2 0) (str.at needle_1 0)))
(assert (< 0 (str.len needle_1)))
(assert (< (str.len needle_1) ( +  (str.len haystack_2) 1)))



======================
(define-fun needle_1 () String
  "ABCDEFGHI")
(define-fun haystack_2 () String
  "ABCDEFGHI")
Returned solutions: 
(define-fun needle_1 () String  "ABCDEFGHI")
(define-fun haystack_2 () String  "ABCDEFGHI")
*************************************
Satisfiable: true
needle_1 => "ABCDEFGHI"
haystack_2 => "ABCDEFGHI"
*************************************

numeric PC: constraint # = 21
(Length_0_ + CONST_1) < (Length_1_ + CONST_1) &&
CONST_9 >= Length_0_ &&
CharAt(CONST_8)_18_ == CharAt(CONST_8)_19_ &&
CONST_8 < Length_0_ &&
CharAt(CONST_7)_16_ == CharAt(CONST_7)_17_ &&
CONST_7 < Length_0_ &&
CharAt(CONST_6)_14_ == CharAt(CONST_6)_15_ &&
CONST_6 < Length_0_ &&
CharAt(CONST_5)_12_ == CharAt(CONST_5)_13_ &&
CONST_5 < Length_0_ &&
CharAt(CONST_4)_10_ == CharAt(CONST_4)_11_ &&
CONST_4 < Length_0_ &&
CharAt(CONST_3)_8_ == CharAt(CONST_3)_9_ &&
CONST_3 < Length_0_ &&
CharAt(CONST_2)_6_ == CharAt(CONST_2)_7_ &&
CONST_2 < Length_0_ &&
CharAt(CONST_1)_4_ == CharAt(CONST_1)_5_ &&
CONST_1 < Length_0_ &&
CharAt(CONST_0)_2_ == CharAt(CONST_0)_3_ &&
CONST_0 < Length_0_ &&
Length_0_ < (Length_1_ + CONST_1) -> true

### PCs: total:48 sat:48 unsat:0

string analysis: SPC # = 0
NPC constraint # = 21
(Length_0_ + CONST_1) < (Length_1_ + CONST_1) &&
CONST_9 >= Length_0_ &&
CharAt(CONST_8)_18_ == CharAt(CONST_8)_19_ &&
CONST_8 < Length_0_ &&
CharAt(CONST_7)_16_ == CharAt(CONST_7)_17_ &&
CONST_7 < Length_0_ &&
CharAt(CONST_6)_14_ == CharAt(CONST_6)_15_ &&
CONST_6 < Length_0_ &&
CharAt(CONST_5)_12_ == CharAt(CONST_5)_13_ &&
CONST_5 < Length_0_ &&
CharAt(CONST_4)_10_ == CharAt(CONST_4)_11_ &&
CONST_4 < Length_0_ &&
CharAt(CONST_3)_8_ == CharAt(CONST_3)_9_ &&
CONST_3 < Length_0_ &&
CharAt(CONST_2)_6_ == CharAt(CONST_2)_7_ &&
CONST_2 < Length_0_ &&
CharAt(CONST_1)_4_ == CharAt(CONST_1)_5_ &&
CONST_1 < Length_0_ &&
CharAt(CONST_0)_2_ == CharAt(CONST_0)_3_ &&
CONST_0 < Length_0_ &&
Length_0_ < (Length_1_ + CONST_1)
$$$$$$$$$$$$$$$$$$$$$$$$$$$$$$$$
Calling Z3str3

current query... 
(declare-const needle_1 String)
(declare-const haystack_2 String)


(assert (< ( +  (str.len needle_1) 1) ( +  (str.len haystack_2) 1)))
(assert (>= 9 (str.len needle_1)))
(assert (= (str.at haystack_2 8) (str.at needle_1 8)))
(assert (< 8 (str.len needle_1)))
(assert (= (str.at haystack_2 7) (str.at needle_1 7)))
(assert (< 7 (str.len needle_1)))
(assert (= (str.at haystack_2 6) (str.at needle_1 6)))
(assert (< 6 (str.len needle_1)))
(assert (= (str.at haystack_2 5) (str.at needle_1 5)))
(assert (< 5 (str.len needle_1)))
(assert (= (str.at haystack_2 4) (str.at needle_1 4)))
(assert (< 4 (str.len needle_1)))
(assert (= (str.at haystack_2 3) (str.at needle_1 3)))
(assert (< 3 (str.len needle_1)))
(assert (= (str.at haystack_2 2) (str.at needle_1 2)))
(assert (< 2 (str.len needle_1)))
(assert (= (str.at haystack_2 1) (str.at needle_1 1)))
(assert (< 1 (str.len needle_1)))
(assert (= (str.at haystack_2 0) (str.at needle_1 0)))
(assert (< 0 (str.len needle_1)))
(assert (< (str.len needle_1) ( +  (str.len haystack_2) 1)))



======================
(define-fun needle_1 () String
  "ABCDEFGHI")
(define-fun haystack_2 () String
  "ABCDEFGHIJ")
Returned solutions: 
(define-fun needle_1 () String  "ABCDEFGHI")
(define-fun haystack_2 () String  "ABCDEFGHIJ")
*************************************
Satisfiable: true
needle_1 => "ABCDEFGHI"
haystack_2 => "ABCDEFGHIJ"
*************************************

numeric PC: constraint # = 22
CONST_0 >= Length_0_ &&
(Length_0_ + CONST_1) < (Length_1_ + CONST_1) &&
CONST_9 >= Length_0_ &&
CharAt(CONST_8)_18_ == CharAt(CONST_8)_19_ &&
CONST_8 < Length_0_ &&
CharAt(CONST_7)_16_ == CharAt(CONST_7)_17_ &&
CONST_7 < Length_0_ &&
CharAt(CONST_6)_14_ == CharAt(CONST_6)_15_ &&
CONST_6 < Length_0_ &&
CharAt(CONST_5)_12_ == CharAt(CONST_5)_13_ &&
CONST_5 < Length_0_ &&
CharAt(CONST_4)_10_ == CharAt(CONST_4)_11_ &&
CONST_4 < Length_0_ &&
CharAt(CONST_3)_8_ == CharAt(CONST_3)_9_ &&
CONST_3 < Length_0_ &&
CharAt(CONST_2)_6_ == CharAt(CONST_2)_7_ &&
CONST_2 < Length_0_ &&
CharAt(CONST_1)_4_ == CharAt(CONST_1)_5_ &&
CONST_1 < Length_0_ &&
CharAt(CONST_0)_2_ == CharAt(CONST_0)_3_ &&
CONST_0 < Length_0_ &&
Length_0_ < (Length_1_ + CONST_1) -> false

### PCs: total:49 sat:48 unsat:1

numeric PC: constraint # = 21
(Length_0_ + CONST_1) < (Length_1_ + CONST_1) &&
CONST_9 >= Length_0_ &&
CharAt(CONST_8)_18_ == CharAt(CONST_8)_19_ &&
CONST_8 < Length_0_ &&
CharAt(CONST_7)_16_ == CharAt(CONST_7)_17_ &&
CONST_7 < Length_0_ &&
CharAt(CONST_6)_14_ == CharAt(CONST_6)_15_ &&
CONST_6 < Length_0_ &&
CharAt(CONST_5)_12_ == CharAt(CONST_5)_13_ &&
CONST_5 < Length_0_ &&
CharAt(CONST_4)_10_ == CharAt(CONST_4)_11_ &&
CONST_4 < Length_0_ &&
CharAt(CONST_3)_8_ == CharAt(CONST_3)_9_ &&
CONST_3 < Length_0_ &&
CharAt(CONST_2)_6_ == CharAt(CONST_2)_7_ &&
CONST_2 < Length_0_ &&
CharAt(CONST_1)_4_ == CharAt(CONST_1)_5_ &&
CONST_1 < Length_0_ &&
CharAt(CONST_0)_2_ == CharAt(CONST_0)_3_ &&
CONST_0 < Length_0_ &&
Length_0_ < (Length_1_ + CONST_1) -> true

### PCs: total:50 sat:49 unsat:1

string analysis: SPC # = 0
NPC constraint # = 21
(Length_0_ + CONST_1) < (Length_1_ + CONST_1) &&
CONST_9 >= Length_0_ &&
CharAt(CONST_8)_18_ == CharAt(CONST_8)_19_ &&
CONST_8 < Length_0_ &&
CharAt(CONST_7)_16_ == CharAt(CONST_7)_17_ &&
CONST_7 < Length_0_ &&
CharAt(CONST_6)_14_ == CharAt(CONST_6)_15_ &&
CONST_6 < Length_0_ &&
CharAt(CONST_5)_12_ == CharAt(CONST_5)_13_ &&
CONST_5 < Length_0_ &&
CharAt(CONST_4)_10_ == CharAt(CONST_4)_11_ &&
CONST_4 < Length_0_ &&
CharAt(CONST_3)_8_ == CharAt(CONST_3)_9_ &&
CONST_3 < Length_0_ &&
CharAt(CONST_2)_6_ == CharAt(CONST_2)_7_ &&
CONST_2 < Length_0_ &&
CharAt(CONST_1)_4_ == CharAt(CONST_1)_5_ &&
CONST_1 < Length_0_ &&
CharAt(CONST_0)_2_ == CharAt(CONST_0)_3_ &&
CONST_0 < Length_0_ &&
Length_0_ < (Length_1_ + CONST_1)
$$$$$$$$$$$$$$$$$$$$$$$$$$$$$$$$
Calling Z3str3

current query... 
(declare-const needle_1 String)
(declare-const haystack_2 String)


(assert (< ( +  (str.len needle_1) 1) ( +  (str.len haystack_2) 1)))
(assert (>= 9 (str.len needle_1)))
(assert (= (str.at haystack_2 8) (str.at needle_1 8)))
(assert (< 8 (str.len needle_1)))
(assert (= (str.at haystack_2 7) (str.at needle_1 7)))
(assert (< 7 (str.len needle_1)))
(assert (= (str.at haystack_2 6) (str.at needle_1 6)))
(assert (< 6 (str.len needle_1)))
(assert (= (str.at haystack_2 5) (str.at needle_1 5)))
(assert (< 5 (str.len needle_1)))
(assert (= (str.at haystack_2 4) (str.at needle_1 4)))
(assert (< 4 (str.len needle_1)))
(assert (= (str.at haystack_2 3) (str.at needle_1 3)))
(assert (< 3 (str.len needle_1)))
(assert (= (str.at haystack_2 2) (str.at needle_1 2)))
(assert (< 2 (str.len needle_1)))
(assert (= (str.at haystack_2 1) (str.at needle_1 1)))
(assert (< 1 (str.len needle_1)))
(assert (= (str.at haystack_2 0) (str.at needle_1 0)))
(assert (< 0 (str.len needle_1)))
(assert (< (str.len needle_1) ( +  (str.len haystack_2) 1)))



======================
(define-fun needle_1 () String
  "ABCDEFGHI")
(define-fun haystack_2 () String
  "ABCDEFGHIJ")
Returned solutions: 
(define-fun needle_1 () String  "ABCDEFGHI")
(define-fun haystack_2 () String  "ABCDEFGHIJ")
*************************************
Satisfiable: true
needle_1 => "ABCDEFGHI"
haystack_2 => "ABCDEFGHIJ"
*************************************

numeric PC: constraint # = 22
CharAt(CONST_1)_4_ != CharAt(CONST_0)_3_ &&
(Length_0_ + CONST_1) < (Length_1_ + CONST_1) &&
CONST_9 >= Length_0_ &&
CharAt(CONST_8)_18_ == CharAt(CONST_8)_19_ &&
CONST_8 < Length_0_ &&
CharAt(CONST_7)_16_ == CharAt(CONST_7)_17_ &&
CONST_7 < Length_0_ &&
CharAt(CONST_6)_14_ == CharAt(CONST_6)_15_ &&
CONST_6 < Length_0_ &&
CharAt(CONST_5)_12_ == CharAt(CONST_5)_13_ &&
CONST_5 < Length_0_ &&
CharAt(CONST_4)_10_ == CharAt(CONST_4)_11_ &&
CONST_4 < Length_0_ &&
CharAt(CONST_3)_8_ == CharAt(CONST_3)_9_ &&
CONST_3 < Length_0_ &&
CharAt(CONST_2)_6_ == CharAt(CONST_2)_7_ &&
CONST_2 < Length_0_ &&
CharAt(CONST_1)_4_ == CharAt(CONST_1)_5_ &&
CONST_1 < Length_0_ &&
CharAt(CONST_0)_2_ == CharAt(CONST_0)_3_ &&
CONST_0 < Length_0_ &&
Length_0_ < (Length_1_ + CONST_1) -> true

### PCs: total:51 sat:50 unsat:1

string analysis: SPC # = 0
NPC constraint # = 22
CharAt(CONST_1)_4_ != CharAt(CONST_0)_3_ &&
(Length_0_ + CONST_1) < (Length_1_ + CONST_1) &&
CONST_9 >= Length_0_ &&
CharAt(CONST_8)_18_ == CharAt(CONST_8)_19_ &&
CONST_8 < Length_0_ &&
CharAt(CONST_7)_16_ == CharAt(CONST_7)_17_ &&
CONST_7 < Length_0_ &&
CharAt(CONST_6)_14_ == CharAt(CONST_6)_15_ &&
CONST_6 < Length_0_ &&
CharAt(CONST_5)_12_ == CharAt(CONST_5)_13_ &&
CONST_5 < Length_0_ &&
CharAt(CONST_4)_10_ == CharAt(CONST_4)_11_ &&
CONST_4 < Length_0_ &&
CharAt(CONST_3)_8_ == CharAt(CONST_3)_9_ &&
CONST_3 < Length_0_ &&
CharAt(CONST_2)_6_ == CharAt(CONST_2)_7_ &&
CONST_2 < Length_0_ &&
CharAt(CONST_1)_4_ == CharAt(CONST_1)_5_ &&
CONST_1 < Length_0_ &&
CharAt(CONST_0)_2_ == CharAt(CONST_0)_3_ &&
CONST_0 < Length_0_ &&
Length_0_ < (Length_1_ + CONST_1)
$$$$$$$$$$$$$$$$$$$$$$$$$$$$$$$$
Calling Z3str3

current query... 
(declare-const needle_1 String)
(declare-const haystack_2 String)


(assert (not (= (str.at haystack_2 1) (str.at needle_1 0))))
(assert (< ( +  (str.len needle_1) 1) ( +  (str.len haystack_2) 1)))
(assert (>= 9 (str.len needle_1)))
(assert (= (str.at haystack_2 8) (str.at needle_1 8)))
(assert (< 8 (str.len needle_1)))
(assert (= (str.at haystack_2 7) (str.at needle_1 7)))
(assert (< 7 (str.len needle_1)))
(assert (= (str.at haystack_2 6) (str.at needle_1 6)))
(assert (< 6 (str.len needle_1)))
(assert (= (str.at haystack_2 5) (str.at needle_1 5)))
(assert (< 5 (str.len needle_1)))
(assert (= (str.at haystack_2 4) (str.at needle_1 4)))
(assert (< 4 (str.len needle_1)))
(assert (= (str.at haystack_2 3) (str.at needle_1 3)))
(assert (< 3 (str.len needle_1)))
(assert (= (str.at haystack_2 2) (str.at needle_1 2)))
(assert (< 2 (str.len needle_1)))
(assert (= (str.at haystack_2 1) (str.at needle_1 1)))
(assert (< 1 (str.len needle_1)))
(assert (= (str.at haystack_2 0) (str.at needle_1 0)))
(assert (< 0 (str.len needle_1)))
(assert (< (str.len needle_1) ( +  (str.len haystack_2) 1)))



======================
(define-fun needle_1 () String
  "ABCDEFGHI")
(define-fun haystack_2 () String
  "ABCDEFGHIJK")
Returned solutions: 
(define-fun needle_1 () String  "ABCDEFGHI")
(define-fun haystack_2 () String  "ABCDEFGHIJK")
*************************************
Satisfiable: true
needle_1 => "ABCDEFGHI"
haystack_2 => "ABCDEFGHIJK"
*************************************

numeric PC: constraint # = 22
CharAt(CONST_1)_4_ == CharAt(CONST_0)_3_ &&
(Length_0_ + CONST_1) < (Length_1_ + CONST_1) &&
CONST_9 >= Length_0_ &&
CharAt(CONST_8)_18_ == CharAt(CONST_8)_19_ &&
CONST_8 < Length_0_ &&
CharAt(CONST_7)_16_ == CharAt(CONST_7)_17_ &&
CONST_7 < Length_0_ &&
CharAt(CONST_6)_14_ == CharAt(CONST_6)_15_ &&
CONST_6 < Length_0_ &&
CharAt(CONST_5)_12_ == CharAt(CONST_5)_13_ &&
CONST_5 < Length_0_ &&
CharAt(CONST_4)_10_ == CharAt(CONST_4)_11_ &&
CONST_4 < Length_0_ &&
CharAt(CONST_3)_8_ == CharAt(CONST_3)_9_ &&
CONST_3 < Length_0_ &&
CharAt(CONST_2)_6_ == CharAt(CONST_2)_7_ &&
CONST_2 < Length_0_ &&
CharAt(CONST_1)_4_ == CharAt(CONST_1)_5_ &&
CONST_1 < Length_0_ &&
CharAt(CONST_0)_2_ == CharAt(CONST_0)_3_ &&
CONST_0 < Length_0_ &&
Length_0_ < (Length_1_ + CONST_1) -> true

### PCs: total:52 sat:51 unsat:1

string analysis: SPC # = 0
NPC constraint # = 22
CharAt(CONST_1)_4_ == CharAt(CONST_0)_3_ &&
(Length_0_ + CONST_1) < (Length_1_ + CONST_1) &&
CONST_9 >= Length_0_ &&
CharAt(CONST_8)_18_ == CharAt(CONST_8)_19_ &&
CONST_8 < Length_0_ &&
CharAt(CONST_7)_16_ == CharAt(CONST_7)_17_ &&
CONST_7 < Length_0_ &&
CharAt(CONST_6)_14_ == CharAt(CONST_6)_15_ &&
CONST_6 < Length_0_ &&
CharAt(CONST_5)_12_ == CharAt(CONST_5)_13_ &&
CONST_5 < Length_0_ &&
CharAt(CONST_4)_10_ == CharAt(CONST_4)_11_ &&
CONST_4 < Length_0_ &&
CharAt(CONST_3)_8_ == CharAt(CONST_3)_9_ &&
CONST_3 < Length_0_ &&
CharAt(CONST_2)_6_ == CharAt(CONST_2)_7_ &&
CONST_2 < Length_0_ &&
CharAt(CONST_1)_4_ == CharAt(CONST_1)_5_ &&
CONST_1 < Length_0_ &&
CharAt(CONST_0)_2_ == CharAt(CONST_0)_3_ &&
CONST_0 < Length_0_ &&
Length_0_ < (Length_1_ + CONST_1)
$$$$$$$$$$$$$$$$$$$$$$$$$$$$$$$$
Calling Z3str3

current query... 
(declare-const needle_1 String)
(declare-const haystack_2 String)


(assert (= (str.at haystack_2 1) (str.at needle_1 0)))
(assert (< ( +  (str.len needle_1) 1) ( +  (str.len haystack_2) 1)))
(assert (>= 9 (str.len needle_1)))
(assert (= (str.at haystack_2 8) (str.at needle_1 8)))
(assert (< 8 (str.len needle_1)))
(assert (= (str.at haystack_2 7) (str.at needle_1 7)))
(assert (< 7 (str.len needle_1)))
(assert (= (str.at haystack_2 6) (str.at needle_1 6)))
(assert (< 6 (str.len needle_1)))
(assert (= (str.at haystack_2 5) (str.at needle_1 5)))
(assert (< 5 (str.len needle_1)))
(assert (= (str.at haystack_2 4) (str.at needle_1 4)))
(assert (< 4 (str.len needle_1)))
(assert (= (str.at haystack_2 3) (str.at needle_1 3)))
(assert (< 3 (str.len needle_1)))
(assert (= (str.at haystack_2 2) (str.at needle_1 2)))
(assert (< 2 (str.len needle_1)))
(assert (= (str.at haystack_2 1) (str.at needle_1 1)))
(assert (< 1 (str.len needle_1)))
(assert (= (str.at haystack_2 0) (str.at needle_1 0)))
(assert (< 0 (str.len needle_1)))
(assert (< (str.len needle_1) ( +  (str.len haystack_2) 1)))



======================
(define-fun needle_1 () String
  "AABCDEFGH")
(define-fun haystack_2 () String
  "AABCDEFGHIJ")
Returned solutions: 
(define-fun needle_1 () String  "AABCDEFGH")
(define-fun haystack_2 () String  "AABCDEFGHIJ")
*************************************
Satisfiable: true
needle_1 => "AABCDEFGH"
haystack_2 => "AABCDEFGHIJ"
*************************************


====================================================== search constraint
depth limit reached: 23

====================================================== snapshot 
thread java.lang.Thread:{id:0,name:main,status:RUNNING,priority:5,isDaemon:false,lockCount:0,suspendCount:0}
  call stack:
	at strings.StringSearch.search_1(StringSearch.java:19)
	at strings.StringSearch.main(StringSearch.java:7)

numeric PC: constraint # = 21
(Length_0_ + CONST_1) < (Length_1_ + CONST_1) &&
CONST_9 >= Length_0_ &&
CharAt(CONST_8)_18_ == CharAt(CONST_8)_19_ &&
CONST_8 < Length_0_ &&
CharAt(CONST_7)_16_ == CharAt(CONST_7)_17_ &&
CONST_7 < Length_0_ &&
CharAt(CONST_6)_14_ == CharAt(CONST_6)_15_ &&
CONST_6 < Length_0_ &&
CharAt(CONST_5)_12_ == CharAt(CONST_5)_13_ &&
CONST_5 < Length_0_ &&
CharAt(CONST_4)_10_ == CharAt(CONST_4)_11_ &&
CONST_4 < Length_0_ &&
CharAt(CONST_3)_8_ == CharAt(CONST_3)_9_ &&
CONST_3 < Length_0_ &&
CharAt(CONST_2)_6_ == CharAt(CONST_2)_7_ &&
CONST_2 < Length_0_ &&
CharAt(CONST_1)_4_ == CharAt(CONST_1)_5_ &&
CONST_1 < Length_0_ &&
CharAt(CONST_0)_2_ == CharAt(CONST_0)_3_ &&
CONST_0 < Length_0_ &&
Length_0_ < (Length_1_ + CONST_1) -> true

string analysis: SPC # = 0
NPC constraint # = 21
(Length_0_[9] + CONST_1) < (Length_1_[10] + CONST_1) &&
CONST_9 >= Length_0_[9] &&
CharAt(CONST_8)_18_[0] == CharAt(CONST_8)_19_[0] &&
CONST_8 < Length_0_[9] &&
CharAt(CONST_7)_16_[0] == CharAt(CONST_7)_17_[0] &&
CONST_7 < Length_0_[9] &&
CharAt(CONST_6)_14_[0] == CharAt(CONST_6)_15_[0] &&
CONST_6 < Length_0_[9] &&
CharAt(CONST_5)_12_[0] == CharAt(CONST_5)_13_[0] &&
CONST_5 < Length_0_[9] &&
CharAt(CONST_4)_10_[0] == CharAt(CONST_4)_11_[0] &&
CONST_4 < Length_0_[9] &&
CharAt(CONST_3)_8_[0] == CharAt(CONST_3)_9_[0] &&
CONST_3 < Length_0_[9] &&
CharAt(CONST_2)_6_[0] == CharAt(CONST_2)_7_[0] &&
CONST_2 < Length_0_[9] &&
CharAt(CONST_1)_4_[0] == CharAt(CONST_1)_5_[0] &&
CONST_1 < Length_0_[9] &&
CharAt(CONST_0)_2_[0] == CharAt(CONST_0)_3_[0] &&
CONST_0 < Length_0_[9] &&
Length_0_[9] < (Length_1_[10] + CONST_1)
$$$$$$$$$$$$$$$$$$$$$$$$$$$$$$$$
Calling Z3str3

current query... 
(declare-const needle_1 String)
(declare-const haystack_2 String)


(assert (< ( +  (str.len needle_1) 1) ( +  (str.len haystack_2) 1)))
(assert (>= 9 (str.len needle_1)))
(assert (= (str.at haystack_2 8) (str.at needle_1 8)))
(assert (< 8 (str.len needle_1)))
(assert (= (str.at haystack_2 7) (str.at needle_1 7)))
(assert (< 7 (str.len needle_1)))
(assert (= (str.at haystack_2 6) (str.at needle_1 6)))
(assert (< 6 (str.len needle_1)))
(assert (= (str.at haystack_2 5) (str.at needle_1 5)))
(assert (< 5 (str.len needle_1)))
(assert (= (str.at haystack_2 4) (str.at needle_1 4)))
(assert (< 4 (str.len needle_1)))
(assert (= (str.at haystack_2 3) (str.at needle_1 3)))
(assert (< 3 (str.len needle_1)))
(assert (= (str.at haystack_2 2) (str.at needle_1 2)))
(assert (< 2 (str.len needle_1)))
(assert (= (str.at haystack_2 1) (str.at needle_1 1)))
(assert (< 1 (str.len needle_1)))
(assert (= (str.at haystack_2 0) (str.at needle_1 0)))
(assert (< 0 (str.len needle_1)))
(assert (< (str.len needle_1) ( +  (str.len haystack_2) 1)))



======================
(define-fun needle_1 () String
  "ABCDEFGHI")
(define-fun haystack_2 () String
  "ABCDEFGHIJ")
Returned solutions: 
(define-fun needle_1 () String  "ABCDEFGHI")
(define-fun haystack_2 () String  "ABCDEFGHIJ")
*************************************
Satisfiable: true
needle_1 => "ABCDEFGHI"
haystack_2 => "ABCDEFGHIJ"
*************************************

1
test: This is a tttest haystack string for testing.
test This is a tttest haystack string for testing.
0
114514
0

====================================================== search constraint
depth limit reached: 23

====================================================== snapshot 
no live threads
numeric PC: constraint # = 21
(Length_0_ + CONST_1) >= (Length_1_ + CONST_1) &&
CONST_9 >= Length_0_ &&
CharAt(CONST_8)_18_ == CharAt(CONST_8)_19_ &&
CONST_8 < Length_0_ &&
CharAt(CONST_7)_16_ == CharAt(CONST_7)_17_ &&
CONST_7 < Length_0_ &&
CharAt(CONST_6)_14_ == CharAt(CONST_6)_15_ &&
CONST_6 < Length_0_ &&
CharAt(CONST_5)_12_ == CharAt(CONST_5)_13_ &&
CONST_5 < Length_0_ &&
CharAt(CONST_4)_10_ == CharAt(CONST_4)_11_ &&
CONST_4 < Length_0_ &&
CharAt(CONST_3)_8_ == CharAt(CONST_3)_9_ &&
CONST_3 < Length_0_ &&
CharAt(CONST_2)_6_ == CharAt(CONST_2)_7_ &&
CONST_2 < Length_0_ &&
CharAt(CONST_1)_4_ == CharAt(CONST_1)_5_ &&
CONST_1 < Length_0_ &&
CharAt(CONST_0)_2_ == CharAt(CONST_0)_3_ &&
CONST_0 < Length_0_ &&
Length_0_ < (Length_1_ + CONST_1) -> true

string analysis: SPC # = 0
NPC constraint # = 21
(Length_0_[9] + CONST_1) >= (Length_1_[9] + CONST_1) &&
CONST_9 >= Length_0_[9] &&
CharAt(CONST_8)_18_[0] == CharAt(CONST_8)_19_[0] &&
CONST_8 < Length_0_[9] &&
CharAt(CONST_7)_16_[0] == CharAt(CONST_7)_17_[0] &&
CONST_7 < Length_0_[9] &&
CharAt(CONST_6)_14_[0] == CharAt(CONST_6)_15_[0] &&
CONST_6 < Length_0_[9] &&
CharAt(CONST_5)_12_[0] == CharAt(CONST_5)_13_[0] &&
CONST_5 < Length_0_[9] &&
CharAt(CONST_4)_10_[0] == CharAt(CONST_4)_11_[0] &&
CONST_4 < Length_0_[9] &&
CharAt(CONST_3)_8_[0] == CharAt(CONST_3)_9_[0] &&
CONST_3 < Length_0_[9] &&
CharAt(CONST_2)_6_[0] == CharAt(CONST_2)_7_[0] &&
CONST_2 < Length_0_[9] &&
CharAt(CONST_1)_4_[0] == CharAt(CONST_1)_5_[0] &&
CONST_1 < Length_0_[9] &&
CharAt(CONST_0)_2_[0] == CharAt(CONST_0)_3_[0] &&
CONST_0 < Length_0_[9] &&
Length_0_[9] < (Length_1_[9] + CONST_1)
$$$$$$$$$$$$$$$$$$$$$$$$$$$$$$$$
Calling Z3str3

current query... 
(declare-const needle_1 String)
(declare-const haystack_2 String)


(assert (>= ( +  (str.len needle_1) 1) ( +  (str.len haystack_2) 1)))
(assert (>= 9 (str.len needle_1)))
(assert (= (str.at haystack_2 8) (str.at needle_1 8)))
(assert (< 8 (str.len needle_1)))
(assert (= (str.at haystack_2 7) (str.at needle_1 7)))
(assert (< 7 (str.len needle_1)))
(assert (= (str.at haystack_2 6) (str.at needle_1 6)))
(assert (< 6 (str.len needle_1)))
(assert (= (str.at haystack_2 5) (str.at needle_1 5)))
(assert (< 5 (str.len needle_1)))
(assert (= (str.at haystack_2 4) (str.at needle_1 4)))
(assert (< 4 (str.len needle_1)))
(assert (= (str.at haystack_2 3) (str.at needle_1 3)))
(assert (< 3 (str.len needle_1)))
(assert (= (str.at haystack_2 2) (str.at needle_1 2)))
(assert (< 2 (str.len needle_1)))
(assert (= (str.at haystack_2 1) (str.at needle_1 1)))
(assert (< 1 (str.len needle_1)))
(assert (= (str.at haystack_2 0) (str.at needle_1 0)))
(assert (< 0 (str.len needle_1)))
(assert (< (str.len needle_1) ( +  (str.len haystack_2) 1)))



======================
(define-fun needle_1 () String
  "ABCDEFGHI")
(define-fun haystack_2 () String
  "ABCDEFGHI")
Returned solutions: 
(define-fun needle_1 () String  "ABCDEFGHI")
(define-fun haystack_2 () String  "ABCDEFGHI")
*************************************
Satisfiable: true
needle_1 => "ABCDEFGHI"
haystack_2 => "ABCDEFGHI"
*************************************

numeric PC: constraint # = 20
CONST_9 >= Length_0_[9] &&
CharAt(CONST_8)_18_[0] == CharAt(CONST_8)_19_[0] &&
CONST_8 < Length_0_[9] &&
CharAt(CONST_7)_16_[0] == CharAt(CONST_7)_17_[0] &&
CONST_7 < Length_0_[9] &&
CharAt(CONST_6)_14_[0] == CharAt(CONST_6)_15_[0] &&
CONST_6 < Length_0_[9] &&
CharAt(CONST_5)_12_[0] == CharAt(CONST_5)_13_[0] &&
CONST_5 < Length_0_[9] &&
CharAt(CONST_4)_10_[0] == CharAt(CONST_4)_11_[0] &&
CONST_4 < Length_0_[9] &&
CharAt(CONST_3)_8_[0] == CharAt(CONST_3)_9_[0] &&
CONST_3 < Length_0_[9] &&
CharAt(CONST_2)_6_[0] == CharAt(CONST_2)_7_[0] &&
CONST_2 < Length_0_[9] &&
CharAt(CONST_1)_4_[0] == CharAt(CONST_1)_5_[0] &&
CONST_1 < Length_0_[9] &&
CharAt(CONST_0)_2_[0] == CharAt(CONST_0)_3_[0] &&
CONST_0 < Length_0_[9] &&
Length_0_[9] < (Length_1_[9] + CONST_1) -> true

string analysis: SPC # = 0
NPC constraint # = 20
CONST_9 >= Length_0_[9] &&
CharAt(CONST_8)_18_[0] == CharAt(CONST_8)_19_[0] &&
CONST_8 < Length_0_[9] &&
CharAt(CONST_7)_16_[0] == CharAt(CONST_7)_17_[0] &&
CONST_7 < Length_0_[9] &&
CharAt(CONST_6)_14_[0] == CharAt(CONST_6)_15_[0] &&
CONST_6 < Length_0_[9] &&
CharAt(CONST_5)_12_[0] == CharAt(CONST_5)_13_[0] &&
CONST_5 < Length_0_[9] &&
CharAt(CONST_4)_10_[0] == CharAt(CONST_4)_11_[0] &&
CONST_4 < Length_0_[9] &&
CharAt(CONST_3)_8_[0] == CharAt(CONST_3)_9_[0] &&
CONST_3 < Length_0_[9] &&
CharAt(CONST_2)_6_[0] == CharAt(CONST_2)_7_[0] &&
CONST_2 < Length_0_[9] &&
CharAt(CONST_1)_4_[0] == CharAt(CONST_1)_5_[0] &&
CONST_1 < Length_0_[9] &&
CharAt(CONST_0)_2_[0] == CharAt(CONST_0)_3_[0] &&
CONST_0 < Length_0_[9] &&
Length_0_[9] < (Length_1_[9] + CONST_1)
$$$$$$$$$$$$$$$$$$$$$$$$$$$$$$$$
Calling Z3str3

current query... 
(declare-const needle_1 String)
(declare-const haystack_2 String)


(assert (>= 9 (str.len needle_1)))
(assert (= (str.at haystack_2 8) (str.at needle_1 8)))
(assert (< 8 (str.len needle_1)))
(assert (= (str.at haystack_2 7) (str.at needle_1 7)))
(assert (< 7 (str.len needle_1)))
(assert (= (str.at haystack_2 6) (str.at needle_1 6)))
(assert (< 6 (str.len needle_1)))
(assert (= (str.at haystack_2 5) (str.at needle_1 5)))
(assert (< 5 (str.len needle_1)))
(assert (= (str.at haystack_2 4) (str.at needle_1 4)))
(assert (< 4 (str.len needle_1)))
(assert (= (str.at haystack_2 3) (str.at needle_1 3)))
(assert (< 3 (str.len needle_1)))
(assert (= (str.at haystack_2 2) (str.at needle_1 2)))
(assert (< 2 (str.len needle_1)))
(assert (= (str.at haystack_2 1) (str.at needle_1 1)))
(assert (< 1 (str.len needle_1)))
(assert (= (str.at haystack_2 0) (str.at needle_1 0)))
(assert (< 0 (str.len needle_1)))
(assert (< (str.len needle_1) ( +  (str.len haystack_2) 1)))



======================
(define-fun needle_1 () String
  "ABCDEFGHI")
(define-fun haystack_2 () String
  "ABCDEFGHI")
Returned solutions: 
(define-fun needle_1 () String  "ABCDEFGHI")
(define-fun haystack_2 () String  "ABCDEFGHI")
*************************************
Satisfiable: true
needle_1 => "ABCDEFGHI"
haystack_2 => "ABCDEFGHI"
*************************************

numeric PC: constraint # = 19
CharAt(CONST_8)_18_[0] == CharAt(CONST_8)_19_[0] &&
CONST_8 < Length_0_[9] &&
CharAt(CONST_7)_16_[0] == CharAt(CONST_7)_17_[0] &&
CONST_7 < Length_0_[9] &&
CharAt(CONST_6)_14_[0] == CharAt(CONST_6)_15_[0] &&
CONST_6 < Length_0_[9] &&
CharAt(CONST_5)_12_[0] == CharAt(CONST_5)_13_[0] &&
CONST_5 < Length_0_[9] &&
CharAt(CONST_4)_10_[0] == CharAt(CONST_4)_11_[0] &&
CONST_4 < Length_0_[9] &&
CharAt(CONST_3)_8_[0] == CharAt(CONST_3)_9_[0] &&
CONST_3 < Length_0_[9] &&
CharAt(CONST_2)_6_[0] == CharAt(CONST_2)_7_[0] &&
CONST_2 < Length_0_[9] &&
CharAt(CONST_1)_4_[0] == CharAt(CONST_1)_5_[0] &&
CONST_1 < Length_0_[9] &&
CharAt(CONST_0)_2_[0] == CharAt(CONST_0)_3_[0] &&
CONST_0 < Length_0_[9] &&
Length_0_[9] < (Length_1_[9] + CONST_1) -> true

string analysis: SPC # = 0
NPC constraint # = 19
CharAt(CONST_8)_18_[0] == CharAt(CONST_8)_19_[0] &&
CONST_8 < Length_0_[9] &&
CharAt(CONST_7)_16_[0] == CharAt(CONST_7)_17_[0] &&
CONST_7 < Length_0_[9] &&
CharAt(CONST_6)_14_[0] == CharAt(CONST_6)_15_[0] &&
CONST_6 < Length_0_[9] &&
CharAt(CONST_5)_12_[0] == CharAt(CONST_5)_13_[0] &&
CONST_5 < Length_0_[9] &&
CharAt(CONST_4)_10_[0] == CharAt(CONST_4)_11_[0] &&
CONST_4 < Length_0_[9] &&
CharAt(CONST_3)_8_[0] == CharAt(CONST_3)_9_[0] &&
CONST_3 < Length_0_[9] &&
CharAt(CONST_2)_6_[0] == CharAt(CONST_2)_7_[0] &&
CONST_2 < Length_0_[9] &&
CharAt(CONST_1)_4_[0] == CharAt(CONST_1)_5_[0] &&
CONST_1 < Length_0_[9] &&
CharAt(CONST_0)_2_[0] == CharAt(CONST_0)_3_[0] &&
CONST_0 < Length_0_[9] &&
Length_0_[9] < (Length_1_[9] + CONST_1)
$$$$$$$$$$$$$$$$$$$$$$$$$$$$$$$$
Calling Z3str3

current query... 
(declare-const needle_1 String)
(declare-const haystack_2 String)


(assert (= (str.at haystack_2 8) (str.at needle_1 8)))
(assert (< 8 (str.len needle_1)))
(assert (= (str.at haystack_2 7) (str.at needle_1 7)))
(assert (< 7 (str.len needle_1)))
(assert (= (str.at haystack_2 6) (str.at needle_1 6)))
(assert (< 6 (str.len needle_1)))
(assert (= (str.at haystack_2 5) (str.at needle_1 5)))
(assert (< 5 (str.len needle_1)))
(assert (= (str.at haystack_2 4) (str.at needle_1 4)))
(assert (< 4 (str.len needle_1)))
(assert (= (str.at haystack_2 3) (str.at needle_1 3)))
(assert (< 3 (str.len needle_1)))
(assert (= (str.at haystack_2 2) (str.at needle_1 2)))
(assert (< 2 (str.len needle_1)))
(assert (= (str.at haystack_2 1) (str.at needle_1 1)))
(assert (< 1 (str.len needle_1)))
(assert (= (str.at haystack_2 0) (str.at needle_1 0)))
(assert (< 0 (str.len needle_1)))
(assert (< (str.len needle_1) ( +  (str.len haystack_2) 1)))



======================
(define-fun needle_1 () String
  "ABCDEFGHI")
(define-fun haystack_2 () String
  "ABCDEFGHI")
Returned solutions: 
(define-fun needle_1 () String  "ABCDEFGHI")
(define-fun haystack_2 () String  "ABCDEFGHI")
*************************************
Satisfiable: true
needle_1 => "ABCDEFGHI"
haystack_2 => "ABCDEFGHI"
*************************************

numeric PC: constraint # = 20
CONST_9 >= Length_0_ &&
CharAt(CONST_8)_18_ != CharAt(CONST_8)_19_ &&
CONST_8 < Length_0_ &&
CharAt(CONST_7)_16_ == CharAt(CONST_7)_17_ &&
CONST_7 < Length_0_ &&
CharAt(CONST_6)_14_ == CharAt(CONST_6)_15_ &&
CONST_6 < Length_0_ &&
CharAt(CONST_5)_12_ == CharAt(CONST_5)_13_ &&
CONST_5 < Length_0_ &&
CharAt(CONST_4)_10_ == CharAt(CONST_4)_11_ &&
CONST_4 < Length_0_ &&
CharAt(CONST_3)_8_ == CharAt(CONST_3)_9_ &&
CONST_3 < Length_0_ &&
CharAt(CONST_2)_6_ == CharAt(CONST_2)_7_ &&
CONST_2 < Length_0_ &&
CharAt(CONST_1)_4_ == CharAt(CONST_1)_5_ &&
CONST_1 < Length_0_ &&
CharAt(CONST_0)_2_ == CharAt(CONST_0)_3_ &&
CONST_0 < Length_0_ &&
Length_0_ < (Length_1_ + CONST_1) -> true

### PCs: total:53 sat:52 unsat:1

string analysis: SPC # = 0
NPC constraint # = 20
CONST_9 >= Length_0_ &&
CharAt(CONST_8)_18_ != CharAt(CONST_8)_19_ &&
CONST_8 < Length_0_ &&
CharAt(CONST_7)_16_ == CharAt(CONST_7)_17_ &&
CONST_7 < Length_0_ &&
CharAt(CONST_6)_14_ == CharAt(CONST_6)_15_ &&
CONST_6 < Length_0_ &&
CharAt(CONST_5)_12_ == CharAt(CONST_5)_13_ &&
CONST_5 < Length_0_ &&
CharAt(CONST_4)_10_ == CharAt(CONST_4)_11_ &&
CONST_4 < Length_0_ &&
CharAt(CONST_3)_8_ == CharAt(CONST_3)_9_ &&
CONST_3 < Length_0_ &&
CharAt(CONST_2)_6_ == CharAt(CONST_2)_7_ &&
CONST_2 < Length_0_ &&
CharAt(CONST_1)_4_ == CharAt(CONST_1)_5_ &&
CONST_1 < Length_0_ &&
CharAt(CONST_0)_2_ == CharAt(CONST_0)_3_ &&
CONST_0 < Length_0_ &&
Length_0_ < (Length_1_ + CONST_1)
$$$$$$$$$$$$$$$$$$$$$$$$$$$$$$$$
Calling Z3str3

current query... 
(declare-const needle_1 String)
(declare-const haystack_2 String)


(assert (>= 9 (str.len needle_1)))
(assert (not (= (str.at haystack_2 8) (str.at needle_1 8))))
(assert (< 8 (str.len needle_1)))
(assert (= (str.at haystack_2 7) (str.at needle_1 7)))
(assert (< 7 (str.len needle_1)))
(assert (= (str.at haystack_2 6) (str.at needle_1 6)))
(assert (< 6 (str.len needle_1)))
(assert (= (str.at haystack_2 5) (str.at needle_1 5)))
(assert (< 5 (str.len needle_1)))
(assert (= (str.at haystack_2 4) (str.at needle_1 4)))
(assert (< 4 (str.len needle_1)))
(assert (= (str.at haystack_2 3) (str.at needle_1 3)))
(assert (< 3 (str.len needle_1)))
(assert (= (str.at haystack_2 2) (str.at needle_1 2)))
(assert (< 2 (str.len needle_1)))
(assert (= (str.at haystack_2 1) (str.at needle_1 1)))
(assert (< 1 (str.len needle_1)))
(assert (= (str.at haystack_2 0) (str.at needle_1 0)))
(assert (< 0 (str.len needle_1)))
(assert (< (str.len needle_1) ( +  (str.len haystack_2) 1)))



======================
(define-fun needle_1 () String
  "BCDEFGHIJ")
(define-fun haystack_2 () String
  "BCDEFGHIA")
Returned solutions: 
(define-fun needle_1 () String  "BCDEFGHIJ")
(define-fun haystack_2 () String  "BCDEFGHIA")
*************************************
Satisfiable: true
needle_1 => "BCDEFGHIJ"
haystack_2 => "BCDEFGHIA"
*************************************

numeric PC: constraint # = 20
CONST_9 < Length_0_ &&
CharAt(CONST_8)_18_ != CharAt(CONST_8)_19_ &&
CONST_8 < Length_0_ &&
CharAt(CONST_7)_16_ == CharAt(CONST_7)_17_ &&
CONST_7 < Length_0_ &&
CharAt(CONST_6)_14_ == CharAt(CONST_6)_15_ &&
CONST_6 < Length_0_ &&
CharAt(CONST_5)_12_ == CharAt(CONST_5)_13_ &&
CONST_5 < Length_0_ &&
CharAt(CONST_4)_10_ == CharAt(CONST_4)_11_ &&
CONST_4 < Length_0_ &&
CharAt(CONST_3)_8_ == CharAt(CONST_3)_9_ &&
CONST_3 < Length_0_ &&
CharAt(CONST_2)_6_ == CharAt(CONST_2)_7_ &&
CONST_2 < Length_0_ &&
CharAt(CONST_1)_4_ == CharAt(CONST_1)_5_ &&
CONST_1 < Length_0_ &&
CharAt(CONST_0)_2_ == CharAt(CONST_0)_3_ &&
CONST_0 < Length_0_ &&
Length_0_ < (Length_1_ + CONST_1) -> true

### PCs: total:54 sat:53 unsat:1

string analysis: SPC # = 0
NPC constraint # = 20
CONST_9 < Length_0_ &&
CharAt(CONST_8)_18_ != CharAt(CONST_8)_19_ &&
CONST_8 < Length_0_ &&
CharAt(CONST_7)_16_ == CharAt(CONST_7)_17_ &&
CONST_7 < Length_0_ &&
CharAt(CONST_6)_14_ == CharAt(CONST_6)_15_ &&
CONST_6 < Length_0_ &&
CharAt(CONST_5)_12_ == CharAt(CONST_5)_13_ &&
CONST_5 < Length_0_ &&
CharAt(CONST_4)_10_ == CharAt(CONST_4)_11_ &&
CONST_4 < Length_0_ &&
CharAt(CONST_3)_8_ == CharAt(CONST_3)_9_ &&
CONST_3 < Length_0_ &&
CharAt(CONST_2)_6_ == CharAt(CONST_2)_7_ &&
CONST_2 < Length_0_ &&
CharAt(CONST_1)_4_ == CharAt(CONST_1)_5_ &&
CONST_1 < Length_0_ &&
CharAt(CONST_0)_2_ == CharAt(CONST_0)_3_ &&
CONST_0 < Length_0_ &&
Length_0_ < (Length_1_ + CONST_1)
$$$$$$$$$$$$$$$$$$$$$$$$$$$$$$$$
Calling Z3str3

current query... 
(declare-const needle_1 String)
(declare-const haystack_2 String)


(assert (< 9 (str.len needle_1)))
(assert (not (= (str.at haystack_2 8) (str.at needle_1 8))))
(assert (< 8 (str.len needle_1)))
(assert (= (str.at haystack_2 7) (str.at needle_1 7)))
(assert (< 7 (str.len needle_1)))
(assert (= (str.at haystack_2 6) (str.at needle_1 6)))
(assert (< 6 (str.len needle_1)))
(assert (= (str.at haystack_2 5) (str.at needle_1 5)))
(assert (< 5 (str.len needle_1)))
(assert (= (str.at haystack_2 4) (str.at needle_1 4)))
(assert (< 4 (str.len needle_1)))
(assert (= (str.at haystack_2 3) (str.at needle_1 3)))
(assert (< 3 (str.len needle_1)))
(assert (= (str.at haystack_2 2) (str.at needle_1 2)))
(assert (< 2 (str.len needle_1)))
(assert (= (str.at haystack_2 1) (str.at needle_1 1)))
(assert (< 1 (str.len needle_1)))
(assert (= (str.at haystack_2 0) (str.at needle_1 0)))
(assert (< 0 (str.len needle_1)))
(assert (< (str.len needle_1) ( +  (str.len haystack_2) 1)))



======================
(define-fun needle_1 () String
  "BCDEFGHIJK")
(define-fun haystack_2 () String
  "BCDEFGHIAL")
Returned solutions: 
(define-fun needle_1 () String  "BCDEFGHIJK")
(define-fun haystack_2 () String  "BCDEFGHIAL")
*************************************
Satisfiable: true
needle_1 => "BCDEFGHIJK"
haystack_2 => "BCDEFGHIAL"
*************************************

numeric PC: constraint # = 21
CONST_10 >= Length_0_ &&
CONST_9 < Length_0_ &&
CharAt(CONST_8)_18_ != CharAt(CONST_8)_19_ &&
CONST_8 < Length_0_ &&
CharAt(CONST_7)_16_ == CharAt(CONST_7)_17_ &&
CONST_7 < Length_0_ &&
CharAt(CONST_6)_14_ == CharAt(CONST_6)_15_ &&
CONST_6 < Length_0_ &&
CharAt(CONST_5)_12_ == CharAt(CONST_5)_13_ &&
CONST_5 < Length_0_ &&
CharAt(CONST_4)_10_ == CharAt(CONST_4)_11_ &&
CONST_4 < Length_0_ &&
CharAt(CONST_3)_8_ == CharAt(CONST_3)_9_ &&
CONST_3 < Length_0_ &&
CharAt(CONST_2)_6_ == CharAt(CONST_2)_7_ &&
CONST_2 < Length_0_ &&
CharAt(CONST_1)_4_ == CharAt(CONST_1)_5_ &&
CONST_1 < Length_0_ &&
CharAt(CONST_0)_2_ == CharAt(CONST_0)_3_ &&
CONST_0 < Length_0_ &&
Length_0_ < (Length_1_ + CONST_1) -> true

### PCs: total:55 sat:54 unsat:1

string analysis: SPC # = 0
NPC constraint # = 21
CONST_10 >= Length_0_ &&
CONST_9 < Length_0_ &&
CharAt(CONST_8)_18_ != CharAt(CONST_8)_19_ &&
CONST_8 < Length_0_ &&
CharAt(CONST_7)_16_ == CharAt(CONST_7)_17_ &&
CONST_7 < Length_0_ &&
CharAt(CONST_6)_14_ == CharAt(CONST_6)_15_ &&
CONST_6 < Length_0_ &&
CharAt(CONST_5)_12_ == CharAt(CONST_5)_13_ &&
CONST_5 < Length_0_ &&
CharAt(CONST_4)_10_ == CharAt(CONST_4)_11_ &&
CONST_4 < Length_0_ &&
CharAt(CONST_3)_8_ == CharAt(CONST_3)_9_ &&
CONST_3 < Length_0_ &&
CharAt(CONST_2)_6_ == CharAt(CONST_2)_7_ &&
CONST_2 < Length_0_ &&
CharAt(CONST_1)_4_ == CharAt(CONST_1)_5_ &&
CONST_1 < Length_0_ &&
CharAt(CONST_0)_2_ == CharAt(CONST_0)_3_ &&
CONST_0 < Length_0_ &&
Length_0_ < (Length_1_ + CONST_1)
$$$$$$$$$$$$$$$$$$$$$$$$$$$$$$$$
Calling Z3str3

current query... 
(declare-const needle_1 String)
(declare-const haystack_2 String)


(assert (>= 10 (str.len needle_1)))
(assert (< 9 (str.len needle_1)))
(assert (not (= (str.at haystack_2 8) (str.at needle_1 8))))
(assert (< 8 (str.len needle_1)))
(assert (= (str.at haystack_2 7) (str.at needle_1 7)))
(assert (< 7 (str.len needle_1)))
(assert (= (str.at haystack_2 6) (str.at needle_1 6)))
(assert (< 6 (str.len needle_1)))
(assert (= (str.at haystack_2 5) (str.at needle_1 5)))
(assert (< 5 (str.len needle_1)))
(assert (= (str.at haystack_2 4) (str.at needle_1 4)))
(assert (< 4 (str.len needle_1)))
(assert (= (str.at haystack_2 3) (str.at needle_1 3)))
(assert (< 3 (str.len needle_1)))
(assert (= (str.at haystack_2 2) (str.at needle_1 2)))
(assert (< 2 (str.len needle_1)))
(assert (= (str.at haystack_2 1) (str.at needle_1 1)))
(assert (< 1 (str.len needle_1)))
(assert (= (str.at haystack_2 0) (str.at needle_1 0)))
(assert (< 0 (str.len needle_1)))
(assert (< (str.len needle_1) ( +  (str.len haystack_2) 1)))



======================
(define-fun needle_1 () String
  "BCDEFGHIJK")
(define-fun haystack_2 () String
  "BCDEFGHIAL")
Returned solutions: 
(define-fun needle_1 () String  "BCDEFGHIJK")
(define-fun haystack_2 () String  "BCDEFGHIAL")
*************************************
Satisfiable: true
needle_1 => "BCDEFGHIJK"
haystack_2 => "BCDEFGHIAL"
*************************************

numeric PC: constraint # = 21
CONST_10 < Length_0_ &&
CONST_9 < Length_0_ &&
CharAt(CONST_8)_18_ != CharAt(CONST_8)_19_ &&
CONST_8 < Length_0_ &&
CharAt(CONST_7)_16_ == CharAt(CONST_7)_17_ &&
CONST_7 < Length_0_ &&
CharAt(CONST_6)_14_ == CharAt(CONST_6)_15_ &&
CONST_6 < Length_0_ &&
CharAt(CONST_5)_12_ == CharAt(CONST_5)_13_ &&
CONST_5 < Length_0_ &&
CharAt(CONST_4)_10_ == CharAt(CONST_4)_11_ &&
CONST_4 < Length_0_ &&
CharAt(CONST_3)_8_ == CharAt(CONST_3)_9_ &&
CONST_3 < Length_0_ &&
CharAt(CONST_2)_6_ == CharAt(CONST_2)_7_ &&
CONST_2 < Length_0_ &&
CharAt(CONST_1)_4_ == CharAt(CONST_1)_5_ &&
CONST_1 < Length_0_ &&
CharAt(CONST_0)_2_ == CharAt(CONST_0)_3_ &&
CONST_0 < Length_0_ &&
Length_0_ < (Length_1_ + CONST_1) -> true

### PCs: total:56 sat:55 unsat:1

string analysis: SPC # = 0
NPC constraint # = 21
CONST_10 < Length_0_ &&
CONST_9 < Length_0_ &&
CharAt(CONST_8)_18_ != CharAt(CONST_8)_19_ &&
CONST_8 < Length_0_ &&
CharAt(CONST_7)_16_ == CharAt(CONST_7)_17_ &&
CONST_7 < Length_0_ &&
CharAt(CONST_6)_14_ == CharAt(CONST_6)_15_ &&
CONST_6 < Length_0_ &&
CharAt(CONST_5)_12_ == CharAt(CONST_5)_13_ &&
CONST_5 < Length_0_ &&
CharAt(CONST_4)_10_ == CharAt(CONST_4)_11_ &&
CONST_4 < Length_0_ &&
CharAt(CONST_3)_8_ == CharAt(CONST_3)_9_ &&
CONST_3 < Length_0_ &&
CharAt(CONST_2)_6_ == CharAt(CONST_2)_7_ &&
CONST_2 < Length_0_ &&
CharAt(CONST_1)_4_ == CharAt(CONST_1)_5_ &&
CONST_1 < Length_0_ &&
CharAt(CONST_0)_2_ == CharAt(CONST_0)_3_ &&
CONST_0 < Length_0_ &&
Length_0_ < (Length_1_ + CONST_1)
$$$$$$$$$$$$$$$$$$$$$$$$$$$$$$$$
Calling Z3str3

current query... 
(declare-const needle_1 String)
(declare-const haystack_2 String)


(assert (< 10 (str.len needle_1)))
(assert (< 9 (str.len needle_1)))
(assert (not (= (str.at haystack_2 8) (str.at needle_1 8))))
(assert (< 8 (str.len needle_1)))
(assert (= (str.at haystack_2 7) (str.at needle_1 7)))
(assert (< 7 (str.len needle_1)))
(assert (= (str.at haystack_2 6) (str.at needle_1 6)))
(assert (< 6 (str.len needle_1)))
(assert (= (str.at haystack_2 5) (str.at needle_1 5)))
(assert (< 5 (str.len needle_1)))
(assert (= (str.at haystack_2 4) (str.at needle_1 4)))
(assert (< 4 (str.len needle_1)))
(assert (= (str.at haystack_2 3) (str.at needle_1 3)))
(assert (< 3 (str.len needle_1)))
(assert (= (str.at haystack_2 2) (str.at needle_1 2)))
(assert (< 2 (str.len needle_1)))
(assert (= (str.at haystack_2 1) (str.at needle_1 1)))
(assert (< 1 (str.len needle_1)))
(assert (= (str.at haystack_2 0) (str.at needle_1 0)))
(assert (< 0 (str.len needle_1)))
(assert (< (str.len needle_1) ( +  (str.len haystack_2) 1)))



======================
(define-fun needle_1 () String
  "BCDEFGHIJKM")
(define-fun haystack_2 () String
  "BCDEFGHIALN")
Returned solutions: 
(define-fun needle_1 () String  "BCDEFGHIJKM")
(define-fun haystack_2 () String  "BCDEFGHIALN")
*************************************
Satisfiable: true
needle_1 => "BCDEFGHIJKM"
haystack_2 => "BCDEFGHIALN"
*************************************

numeric PC: constraint # = 22
CONST_11 >= Length_0_ &&
CONST_10 < Length_0_ &&
CONST_9 < Length_0_ &&
CharAt(CONST_8)_18_ != CharAt(CONST_8)_19_ &&
CONST_8 < Length_0_ &&
CharAt(CONST_7)_16_ == CharAt(CONST_7)_17_ &&
CONST_7 < Length_0_ &&
CharAt(CONST_6)_14_ == CharAt(CONST_6)_15_ &&
CONST_6 < Length_0_ &&
CharAt(CONST_5)_12_ == CharAt(CONST_5)_13_ &&
CONST_5 < Length_0_ &&
CharAt(CONST_4)_10_ == CharAt(CONST_4)_11_ &&
CONST_4 < Length_0_ &&
CharAt(CONST_3)_8_ == CharAt(CONST_3)_9_ &&
CONST_3 < Length_0_ &&
CharAt(CONST_2)_6_ == CharAt(CONST_2)_7_ &&
CONST_2 < Length_0_ &&
CharAt(CONST_1)_4_ == CharAt(CONST_1)_5_ &&
CONST_1 < Length_0_ &&
CharAt(CONST_0)_2_ == CharAt(CONST_0)_3_ &&
CONST_0 < Length_0_ &&
Length_0_ < (Length_1_ + CONST_1) -> true

### PCs: total:57 sat:56 unsat:1

string analysis: SPC # = 0
NPC constraint # = 22
CONST_11 >= Length_0_ &&
CONST_10 < Length_0_ &&
CONST_9 < Length_0_ &&
CharAt(CONST_8)_18_ != CharAt(CONST_8)_19_ &&
CONST_8 < Length_0_ &&
CharAt(CONST_7)_16_ == CharAt(CONST_7)_17_ &&
CONST_7 < Length_0_ &&
CharAt(CONST_6)_14_ == CharAt(CONST_6)_15_ &&
CONST_6 < Length_0_ &&
CharAt(CONST_5)_12_ == CharAt(CONST_5)_13_ &&
CONST_5 < Length_0_ &&
CharAt(CONST_4)_10_ == CharAt(CONST_4)_11_ &&
CONST_4 < Length_0_ &&
CharAt(CONST_3)_8_ == CharAt(CONST_3)_9_ &&
CONST_3 < Length_0_ &&
CharAt(CONST_2)_6_ == CharAt(CONST_2)_7_ &&
CONST_2 < Length_0_ &&
CharAt(CONST_1)_4_ == CharAt(CONST_1)_5_ &&
CONST_1 < Length_0_ &&
CharAt(CONST_0)_2_ == CharAt(CONST_0)_3_ &&
CONST_0 < Length_0_ &&
Length_0_ < (Length_1_ + CONST_1)
$$$$$$$$$$$$$$$$$$$$$$$$$$$$$$$$
Calling Z3str3

current query... 
(declare-const needle_1 String)
(declare-const haystack_2 String)


(assert (>= 11 (str.len needle_1)))
(assert (< 10 (str.len needle_1)))
(assert (< 9 (str.len needle_1)))
(assert (not (= (str.at haystack_2 8) (str.at needle_1 8))))
(assert (< 8 (str.len needle_1)))
(assert (= (str.at haystack_2 7) (str.at needle_1 7)))
(assert (< 7 (str.len needle_1)))
(assert (= (str.at haystack_2 6) (str.at needle_1 6)))
(assert (< 6 (str.len needle_1)))
(assert (= (str.at haystack_2 5) (str.at needle_1 5)))
(assert (< 5 (str.len needle_1)))
(assert (= (str.at haystack_2 4) (str.at needle_1 4)))
(assert (< 4 (str.len needle_1)))
(assert (= (str.at haystack_2 3) (str.at needle_1 3)))
(assert (< 3 (str.len needle_1)))
(assert (= (str.at haystack_2 2) (str.at needle_1 2)))
(assert (< 2 (str.len needle_1)))
(assert (= (str.at haystack_2 1) (str.at needle_1 1)))
(assert (< 1 (str.len needle_1)))
(assert (= (str.at haystack_2 0) (str.at needle_1 0)))
(assert (< 0 (str.len needle_1)))
(assert (< (str.len needle_1) ( +  (str.len haystack_2) 1)))



======================
(define-fun needle_1 () String
  "BCDEFGHIJKL")
(define-fun haystack_2 () String
  "BCDEFGHIAMN")
Returned solutions: 
(define-fun needle_1 () String  "BCDEFGHIJKL")
(define-fun haystack_2 () String  "BCDEFGHIAMN")
*************************************
Satisfiable: true
needle_1 => "BCDEFGHIJKL"
haystack_2 => "BCDEFGHIAMN"
*************************************

numeric PC: constraint # = 22
CONST_11 < Length_0_ &&
CONST_10 < Length_0_ &&
CONST_9 < Length_0_ &&
CharAt(CONST_8)_18_ != CharAt(CONST_8)_19_ &&
CONST_8 < Length_0_ &&
CharAt(CONST_7)_16_ == CharAt(CONST_7)_17_ &&
CONST_7 < Length_0_ &&
CharAt(CONST_6)_14_ == CharAt(CONST_6)_15_ &&
CONST_6 < Length_0_ &&
CharAt(CONST_5)_12_ == CharAt(CONST_5)_13_ &&
CONST_5 < Length_0_ &&
CharAt(CONST_4)_10_ == CharAt(CONST_4)_11_ &&
CONST_4 < Length_0_ &&
CharAt(CONST_3)_8_ == CharAt(CONST_3)_9_ &&
CONST_3 < Length_0_ &&
CharAt(CONST_2)_6_ == CharAt(CONST_2)_7_ &&
CONST_2 < Length_0_ &&
CharAt(CONST_1)_4_ == CharAt(CONST_1)_5_ &&
CONST_1 < Length_0_ &&
CharAt(CONST_0)_2_ == CharAt(CONST_0)_3_ &&
CONST_0 < Length_0_ &&
Length_0_ < (Length_1_ + CONST_1) -> true

### PCs: total:58 sat:57 unsat:1

string analysis: SPC # = 0
NPC constraint # = 22
CONST_11 < Length_0_ &&
CONST_10 < Length_0_ &&
CONST_9 < Length_0_ &&
CharAt(CONST_8)_18_ != CharAt(CONST_8)_19_ &&
CONST_8 < Length_0_ &&
CharAt(CONST_7)_16_ == CharAt(CONST_7)_17_ &&
CONST_7 < Length_0_ &&
CharAt(CONST_6)_14_ == CharAt(CONST_6)_15_ &&
CONST_6 < Length_0_ &&
CharAt(CONST_5)_12_ == CharAt(CONST_5)_13_ &&
CONST_5 < Length_0_ &&
CharAt(CONST_4)_10_ == CharAt(CONST_4)_11_ &&
CONST_4 < Length_0_ &&
CharAt(CONST_3)_8_ == CharAt(CONST_3)_9_ &&
CONST_3 < Length_0_ &&
CharAt(CONST_2)_6_ == CharAt(CONST_2)_7_ &&
CONST_2 < Length_0_ &&
CharAt(CONST_1)_4_ == CharAt(CONST_1)_5_ &&
CONST_1 < Length_0_ &&
CharAt(CONST_0)_2_ == CharAt(CONST_0)_3_ &&
CONST_0 < Length_0_ &&
Length_0_ < (Length_1_ + CONST_1)
$$$$$$$$$$$$$$$$$$$$$$$$$$$$$$$$
Calling Z3str3

current query... 
(declare-const needle_1 String)
(declare-const haystack_2 String)


(assert (< 11 (str.len needle_1)))
(assert (< 10 (str.len needle_1)))
(assert (< 9 (str.len needle_1)))
(assert (not (= (str.at haystack_2 8) (str.at needle_1 8))))
(assert (< 8 (str.len needle_1)))
(assert (= (str.at haystack_2 7) (str.at needle_1 7)))
(assert (< 7 (str.len needle_1)))
(assert (= (str.at haystack_2 6) (str.at needle_1 6)))
(assert (< 6 (str.len needle_1)))
(assert (= (str.at haystack_2 5) (str.at needle_1 5)))
(assert (< 5 (str.len needle_1)))
(assert (= (str.at haystack_2 4) (str.at needle_1 4)))
(assert (< 4 (str.len needle_1)))
(assert (= (str.at haystack_2 3) (str.at needle_1 3)))
(assert (< 3 (str.len needle_1)))
(assert (= (str.at haystack_2 2) (str.at needle_1 2)))
(assert (< 2 (str.len needle_1)))
(assert (= (str.at haystack_2 1) (str.at needle_1 1)))
(assert (< 1 (str.len needle_1)))
(assert (= (str.at haystack_2 0) (str.at needle_1 0)))
(assert (< 0 (str.len needle_1)))
(assert (< (str.len needle_1) ( +  (str.len haystack_2) 1)))



======================
(define-fun needle_1 () String
  "BCDEFGHIJKMO")
(define-fun haystack_2 () String
  "BCDEFGHIALNP")
Returned solutions: 
(define-fun needle_1 () String  "BCDEFGHIJKMO")
(define-fun haystack_2 () String  "BCDEFGHIALNP")
*************************************
Satisfiable: true
needle_1 => "BCDEFGHIJKMO"
haystack_2 => "BCDEFGHIALNP"
*************************************


====================================================== search constraint
depth limit reached: 23

====================================================== snapshot 
thread java.lang.Thread:{id:0,name:main,status:RUNNING,priority:5,isDaemon:false,lockCount:0,suspendCount:0}
  call stack:
	at strings.StringSearch.search_1(StringSearch.java:18)
	at strings.StringSearch.main(StringSearch.java:7)

numeric PC: constraint # = 21
CONST_10 < Length_0_ &&
CONST_9 < Length_0_ &&
CharAt(CONST_8)_18_ != CharAt(CONST_8)_19_ &&
CONST_8 < Length_0_ &&
CharAt(CONST_7)_16_ == CharAt(CONST_7)_17_ &&
CONST_7 < Length_0_ &&
CharAt(CONST_6)_14_ == CharAt(CONST_6)_15_ &&
CONST_6 < Length_0_ &&
CharAt(CONST_5)_12_ == CharAt(CONST_5)_13_ &&
CONST_5 < Length_0_ &&
CharAt(CONST_4)_10_ == CharAt(CONST_4)_11_ &&
CONST_4 < Length_0_ &&
CharAt(CONST_3)_8_ == CharAt(CONST_3)_9_ &&
CONST_3 < Length_0_ &&
CharAt(CONST_2)_6_ == CharAt(CONST_2)_7_ &&
CONST_2 < Length_0_ &&
CharAt(CONST_1)_4_ == CharAt(CONST_1)_5_ &&
CONST_1 < Length_0_ &&
CharAt(CONST_0)_2_ == CharAt(CONST_0)_3_ &&
CONST_0 < Length_0_ &&
Length_0_ < (Length_1_ + CONST_1) -> true

string analysis: SPC # = 0
NPC constraint # = 21
CONST_10 < Length_0_[11] &&
CONST_9 < Length_0_[11] &&
CharAt(CONST_8)_18_[0] != CharAt(CONST_8)_19_[1] &&
CONST_8 < Length_0_[11] &&
CharAt(CONST_7)_16_[0] == CharAt(CONST_7)_17_[0] &&
CONST_7 < Length_0_[11] &&
CharAt(CONST_6)_14_[0] == CharAt(CONST_6)_15_[0] &&
CONST_6 < Length_0_[11] &&
CharAt(CONST_5)_12_[0] == CharAt(CONST_5)_13_[0] &&
CONST_5 < Length_0_[11] &&
CharAt(CONST_4)_10_[0] == CharAt(CONST_4)_11_[0] &&
CONST_4 < Length_0_[11] &&
CharAt(CONST_3)_8_[0] == CharAt(CONST_3)_9_[0] &&
CONST_3 < Length_0_[11] &&
CharAt(CONST_2)_6_[0] == CharAt(CONST_2)_7_[0] &&
CONST_2 < Length_0_[11] &&
CharAt(CONST_1)_4_[0] == CharAt(CONST_1)_5_[0] &&
CONST_1 < Length_0_[11] &&
CharAt(CONST_0)_2_[0] == CharAt(CONST_0)_3_[0] &&
CONST_0 < Length_0_[11] &&
Length_0_[11] < (Length_1_[11] + CONST_1)
$$$$$$$$$$$$$$$$$$$$$$$$$$$$$$$$
Calling Z3str3

current query... 
(declare-const needle_1 String)
(declare-const haystack_2 String)


(assert (< 10 (str.len needle_1)))
(assert (< 9 (str.len needle_1)))
(assert (not (= (str.at haystack_2 8) (str.at needle_1 8))))
(assert (< 8 (str.len needle_1)))
(assert (= (str.at haystack_2 7) (str.at needle_1 7)))
(assert (< 7 (str.len needle_1)))
(assert (= (str.at haystack_2 6) (str.at needle_1 6)))
(assert (< 6 (str.len needle_1)))
(assert (= (str.at haystack_2 5) (str.at needle_1 5)))
(assert (< 5 (str.len needle_1)))
(assert (= (str.at haystack_2 4) (str.at needle_1 4)))
(assert (< 4 (str.len needle_1)))
(assert (= (str.at haystack_2 3) (str.at needle_1 3)))
(assert (< 3 (str.len needle_1)))
(assert (= (str.at haystack_2 2) (str.at needle_1 2)))
(assert (< 2 (str.len needle_1)))
(assert (= (str.at haystack_2 1) (str.at needle_1 1)))
(assert (< 1 (str.len needle_1)))
(assert (= (str.at haystack_2 0) (str.at needle_1 0)))
(assert (< 0 (str.len needle_1)))
(assert (< (str.len needle_1) ( +  (str.len haystack_2) 1)))



======================
(define-fun needle_1 () String
  "BCDEFGHIJKM")
(define-fun haystack_2 () String
  "BCDEFGHIALN")
Returned solutions: 
(define-fun needle_1 () String  "BCDEFGHIJKM")
(define-fun haystack_2 () String  "BCDEFGHIALN")
*************************************
Satisfiable: true
needle_1 => "BCDEFGHIJKM"
haystack_2 => "BCDEFGHIALN"
*************************************

numeric PC: constraint # = 22
(Length_0_ + CONST_1) >= (Length_1_ + CONST_1) &&
CONST_10 >= Length_0_ &&
CONST_9 < Length_0_ &&
CharAt(CONST_8)_18_ != CharAt(CONST_8)_19_ &&
CONST_8 < Length_0_ &&
CharAt(CONST_7)_16_ == CharAt(CONST_7)_17_ &&
CONST_7 < Length_0_ &&
CharAt(CONST_6)_14_ == CharAt(CONST_6)_15_ &&
CONST_6 < Length_0_ &&
CharAt(CONST_5)_12_ == CharAt(CONST_5)_13_ &&
CONST_5 < Length_0_ &&
CharAt(CONST_4)_10_ == CharAt(CONST_4)_11_ &&
CONST_4 < Length_0_ &&
CharAt(CONST_3)_8_ == CharAt(CONST_3)_9_ &&
CONST_3 < Length_0_ &&
CharAt(CONST_2)_6_ == CharAt(CONST_2)_7_ &&
CONST_2 < Length_0_ &&
CharAt(CONST_1)_4_ == CharAt(CONST_1)_5_ &&
CONST_1 < Length_0_ &&
CharAt(CONST_0)_2_ == CharAt(CONST_0)_3_ &&
CONST_0 < Length_0_ &&
Length_0_ < (Length_1_ + CONST_1) -> true

### PCs: total:59 sat:58 unsat:1

string analysis: SPC # = 0
NPC constraint # = 22
(Length_0_ + CONST_1) >= (Length_1_ + CONST_1) &&
CONST_10 >= Length_0_ &&
CONST_9 < Length_0_ &&
CharAt(CONST_8)_18_ != CharAt(CONST_8)_19_ &&
CONST_8 < Length_0_ &&
CharAt(CONST_7)_16_ == CharAt(CONST_7)_17_ &&
CONST_7 < Length_0_ &&
CharAt(CONST_6)_14_ == CharAt(CONST_6)_15_ &&
CONST_6 < Length_0_ &&
CharAt(CONST_5)_12_ == CharAt(CONST_5)_13_ &&
CONST_5 < Length_0_ &&
CharAt(CONST_4)_10_ == CharAt(CONST_4)_11_ &&
CONST_4 < Length_0_ &&
CharAt(CONST_3)_8_ == CharAt(CONST_3)_9_ &&
CONST_3 < Length_0_ &&
CharAt(CONST_2)_6_ == CharAt(CONST_2)_7_ &&
CONST_2 < Length_0_ &&
CharAt(CONST_1)_4_ == CharAt(CONST_1)_5_ &&
CONST_1 < Length_0_ &&
CharAt(CONST_0)_2_ == CharAt(CONST_0)_3_ &&
CONST_0 < Length_0_ &&
Length_0_ < (Length_1_ + CONST_1)
$$$$$$$$$$$$$$$$$$$$$$$$$$$$$$$$
Calling Z3str3

current query... 
(declare-const needle_1 String)
(declare-const haystack_2 String)


(assert (>= ( +  (str.len needle_1) 1) ( +  (str.len haystack_2) 1)))
(assert (>= 10 (str.len needle_1)))
(assert (< 9 (str.len needle_1)))
(assert (not (= (str.at haystack_2 8) (str.at needle_1 8))))
(assert (< 8 (str.len needle_1)))
(assert (= (str.at haystack_2 7) (str.at needle_1 7)))
(assert (< 7 (str.len needle_1)))
(assert (= (str.at haystack_2 6) (str.at needle_1 6)))
(assert (< 6 (str.len needle_1)))
(assert (= (str.at haystack_2 5) (str.at needle_1 5)))
(assert (< 5 (str.len needle_1)))
(assert (= (str.at haystack_2 4) (str.at needle_1 4)))
(assert (< 4 (str.len needle_1)))
(assert (= (str.at haystack_2 3) (str.at needle_1 3)))
(assert (< 3 (str.len needle_1)))
(assert (= (str.at haystack_2 2) (str.at needle_1 2)))
(assert (< 2 (str.len needle_1)))
(assert (= (str.at haystack_2 1) (str.at needle_1 1)))
(assert (< 1 (str.len needle_1)))
(assert (= (str.at haystack_2 0) (str.at needle_1 0)))
(assert (< 0 (str.len needle_1)))
(assert (< (str.len needle_1) ( +  (str.len haystack_2) 1)))



======================
(define-fun needle_1 () String
  "BCDEFGHIJK")
(define-fun haystack_2 () String
  "BCDEFGHIAL")
Returned solutions: 
(define-fun needle_1 () String  "BCDEFGHIJK")
(define-fun haystack_2 () String  "BCDEFGHIAL")
*************************************
Satisfiable: true
needle_1 => "BCDEFGHIJK"
haystack_2 => "BCDEFGHIAL"
*************************************

numeric PC: constraint # = 22
(Length_0_ + CONST_1) < (Length_1_ + CONST_1) &&
CONST_10 >= Length_0_ &&
CONST_9 < Length_0_ &&
CharAt(CONST_8)_18_ != CharAt(CONST_8)_19_ &&
CONST_8 < Length_0_ &&
CharAt(CONST_7)_16_ == CharAt(CONST_7)_17_ &&
CONST_7 < Length_0_ &&
CharAt(CONST_6)_14_ == CharAt(CONST_6)_15_ &&
CONST_6 < Length_0_ &&
CharAt(CONST_5)_12_ == CharAt(CONST_5)_13_ &&
CONST_5 < Length_0_ &&
CharAt(CONST_4)_10_ == CharAt(CONST_4)_11_ &&
CONST_4 < Length_0_ &&
CharAt(CONST_3)_8_ == CharAt(CONST_3)_9_ &&
CONST_3 < Length_0_ &&
CharAt(CONST_2)_6_ == CharAt(CONST_2)_7_ &&
CONST_2 < Length_0_ &&
CharAt(CONST_1)_4_ == CharAt(CONST_1)_5_ &&
CONST_1 < Length_0_ &&
CharAt(CONST_0)_2_ == CharAt(CONST_0)_3_ &&
CONST_0 < Length_0_ &&
Length_0_ < (Length_1_ + CONST_1) -> true

### PCs: total:60 sat:59 unsat:1

string analysis: SPC # = 0
NPC constraint # = 22
(Length_0_ + CONST_1) < (Length_1_ + CONST_1) &&
CONST_10 >= Length_0_ &&
CONST_9 < Length_0_ &&
CharAt(CONST_8)_18_ != CharAt(CONST_8)_19_ &&
CONST_8 < Length_0_ &&
CharAt(CONST_7)_16_ == CharAt(CONST_7)_17_ &&
CONST_7 < Length_0_ &&
CharAt(CONST_6)_14_ == CharAt(CONST_6)_15_ &&
CONST_6 < Length_0_ &&
CharAt(CONST_5)_12_ == CharAt(CONST_5)_13_ &&
CONST_5 < Length_0_ &&
CharAt(CONST_4)_10_ == CharAt(CONST_4)_11_ &&
CONST_4 < Length_0_ &&
CharAt(CONST_3)_8_ == CharAt(CONST_3)_9_ &&
CONST_3 < Length_0_ &&
CharAt(CONST_2)_6_ == CharAt(CONST_2)_7_ &&
CONST_2 < Length_0_ &&
CharAt(CONST_1)_4_ == CharAt(CONST_1)_5_ &&
CONST_1 < Length_0_ &&
CharAt(CONST_0)_2_ == CharAt(CONST_0)_3_ &&
CONST_0 < Length_0_ &&
Length_0_ < (Length_1_ + CONST_1)
$$$$$$$$$$$$$$$$$$$$$$$$$$$$$$$$
Calling Z3str3

current query... 
(declare-const needle_1 String)
(declare-const haystack_2 String)


(assert (< ( +  (str.len needle_1) 1) ( +  (str.len haystack_2) 1)))
(assert (>= 10 (str.len needle_1)))
(assert (< 9 (str.len needle_1)))
(assert (not (= (str.at haystack_2 8) (str.at needle_1 8))))
(assert (< 8 (str.len needle_1)))
(assert (= (str.at haystack_2 7) (str.at needle_1 7)))
(assert (< 7 (str.len needle_1)))
(assert (= (str.at haystack_2 6) (str.at needle_1 6)))
(assert (< 6 (str.len needle_1)))
(assert (= (str.at haystack_2 5) (str.at needle_1 5)))
(assert (< 5 (str.len needle_1)))
(assert (= (str.at haystack_2 4) (str.at needle_1 4)))
(assert (< 4 (str.len needle_1)))
(assert (= (str.at haystack_2 3) (str.at needle_1 3)))
(assert (< 3 (str.len needle_1)))
(assert (= (str.at haystack_2 2) (str.at needle_1 2)))
(assert (< 2 (str.len needle_1)))
(assert (= (str.at haystack_2 1) (str.at needle_1 1)))
(assert (< 1 (str.len needle_1)))
(assert (= (str.at haystack_2 0) (str.at needle_1 0)))
(assert (< 0 (str.len needle_1)))
(assert (< (str.len needle_1) ( +  (str.len haystack_2) 1)))



======================
(define-fun needle_1 () String
  "BCDEFGHIJK")
(define-fun haystack_2 () String
  "BCDEFGHIALM")
Returned solutions: 
(define-fun needle_1 () String  "BCDEFGHIJK")
(define-fun haystack_2 () String  "BCDEFGHIALM")
*************************************
Satisfiable: true
needle_1 => "BCDEFGHIJK"
haystack_2 => "BCDEFGHIALM"
*************************************


====================================================== search constraint
depth limit reached: 23

====================================================== snapshot 
thread java.lang.Thread:{id:0,name:main,status:RUNNING,priority:5,isDaemon:false,lockCount:0,suspendCount:0}
  call stack:
	at strings.StringSearch.search_1(StringSearch.java:16)
	at strings.StringSearch.main(StringSearch.java:7)

numeric PC: constraint # = 21
CONST_10 >= Length_0_ &&
CONST_9 < Length_0_ &&
CharAt(CONST_8)_18_ != CharAt(CONST_8)_19_ &&
CONST_8 < Length_0_ &&
CharAt(CONST_7)_16_ == CharAt(CONST_7)_17_ &&
CONST_7 < Length_0_ &&
CharAt(CONST_6)_14_ == CharAt(CONST_6)_15_ &&
CONST_6 < Length_0_ &&
CharAt(CONST_5)_12_ == CharAt(CONST_5)_13_ &&
CONST_5 < Length_0_ &&
CharAt(CONST_4)_10_ == CharAt(CONST_4)_11_ &&
CONST_4 < Length_0_ &&
CharAt(CONST_3)_8_ == CharAt(CONST_3)_9_ &&
CONST_3 < Length_0_ &&
CharAt(CONST_2)_6_ == CharAt(CONST_2)_7_ &&
CONST_2 < Length_0_ &&
CharAt(CONST_1)_4_ == CharAt(CONST_1)_5_ &&
CONST_1 < Length_0_ &&
CharAt(CONST_0)_2_ == CharAt(CONST_0)_3_ &&
CONST_0 < Length_0_ &&
Length_0_ < (Length_1_ + CONST_1) -> true

string analysis: SPC # = 0
NPC constraint # = 21
CONST_10 >= Length_0_[10] &&
CONST_9 < Length_0_[10] &&
CharAt(CONST_8)_18_[0] != CharAt(CONST_8)_19_[1] &&
CONST_8 < Length_0_[10] &&
CharAt(CONST_7)_16_[0] == CharAt(CONST_7)_17_[0] &&
CONST_7 < Length_0_[10] &&
CharAt(CONST_6)_14_[0] == CharAt(CONST_6)_15_[0] &&
CONST_6 < Length_0_[10] &&
CharAt(CONST_5)_12_[0] == CharAt(CONST_5)_13_[0] &&
CONST_5 < Length_0_[10] &&
CharAt(CONST_4)_10_[0] == CharAt(CONST_4)_11_[0] &&
CONST_4 < Length_0_[10] &&
CharAt(CONST_3)_8_[0] == CharAt(CONST_3)_9_[0] &&
CONST_3 < Length_0_[10] &&
CharAt(CONST_2)_6_[0] == CharAt(CONST_2)_7_[0] &&
CONST_2 < Length_0_[10] &&
CharAt(CONST_1)_4_[0] == CharAt(CONST_1)_5_[0] &&
CONST_1 < Length_0_[10] &&
CharAt(CONST_0)_2_[0] == CharAt(CONST_0)_3_[0] &&
CONST_0 < Length_0_[10] &&
Length_0_[10] < (Length_1_[10] + CONST_1)
$$$$$$$$$$$$$$$$$$$$$$$$$$$$$$$$
Calling Z3str3

current query... 
(declare-const needle_1 String)
(declare-const haystack_2 String)


(assert (>= 10 (str.len needle_1)))
(assert (< 9 (str.len needle_1)))
(assert (not (= (str.at haystack_2 8) (str.at needle_1 8))))
(assert (< 8 (str.len needle_1)))
(assert (= (str.at haystack_2 7) (str.at needle_1 7)))
(assert (< 7 (str.len needle_1)))
(assert (= (str.at haystack_2 6) (str.at needle_1 6)))
(assert (< 6 (str.len needle_1)))
(assert (= (str.at haystack_2 5) (str.at needle_1 5)))
(assert (< 5 (str.len needle_1)))
(assert (= (str.at haystack_2 4) (str.at needle_1 4)))
(assert (< 4 (str.len needle_1)))
(assert (= (str.at haystack_2 3) (str.at needle_1 3)))
(assert (< 3 (str.len needle_1)))
(assert (= (str.at haystack_2 2) (str.at needle_1 2)))
(assert (< 2 (str.len needle_1)))
(assert (= (str.at haystack_2 1) (str.at needle_1 1)))
(assert (< 1 (str.len needle_1)))
(assert (= (str.at haystack_2 0) (str.at needle_1 0)))
(assert (< 0 (str.len needle_1)))
(assert (< (str.len needle_1) ( +  (str.len haystack_2) 1)))



======================
(define-fun needle_1 () String
  "BCDEFGHIJK")
(define-fun haystack_2 () String
  "BCDEFGHIAL")
Returned solutions: 
(define-fun needle_1 () String  "BCDEFGHIJK")
(define-fun haystack_2 () String  "BCDEFGHIAL")
*************************************
Satisfiable: true
needle_1 => "BCDEFGHIJK"
haystack_2 => "BCDEFGHIAL"
*************************************

numeric PC: constraint # = 20
CONST_9 < Length_0_[10] &&
CharAt(CONST_8)_18_[0] != CharAt(CONST_8)_19_[1] &&
CONST_8 < Length_0_[10] &&
CharAt(CONST_7)_16_[0] == CharAt(CONST_7)_17_[0] &&
CONST_7 < Length_0_[10] &&
CharAt(CONST_6)_14_[0] == CharAt(CONST_6)_15_[0] &&
CONST_6 < Length_0_[10] &&
CharAt(CONST_5)_12_[0] == CharAt(CONST_5)_13_[0] &&
CONST_5 < Length_0_[10] &&
CharAt(CONST_4)_10_[0] == CharAt(CONST_4)_11_[0] &&
CONST_4 < Length_0_[10] &&
CharAt(CONST_3)_8_[0] == CharAt(CONST_3)_9_[0] &&
CONST_3 < Length_0_[10] &&
CharAt(CONST_2)_6_[0] == CharAt(CONST_2)_7_[0] &&
CONST_2 < Length_0_[10] &&
CharAt(CONST_1)_4_[0] == CharAt(CONST_1)_5_[0] &&
CONST_1 < Length_0_[10] &&
CharAt(CONST_0)_2_[0] == CharAt(CONST_0)_3_[0] &&
CONST_0 < Length_0_[10] &&
Length_0_[10] < (Length_1_[10] + CONST_1) -> true

string analysis: SPC # = 0
NPC constraint # = 20
CONST_9 < Length_0_[10] &&
CharAt(CONST_8)_18_[0] != CharAt(CONST_8)_19_[1] &&
CONST_8 < Length_0_[10] &&
CharAt(CONST_7)_16_[0] == CharAt(CONST_7)_17_[0] &&
CONST_7 < Length_0_[10] &&
CharAt(CONST_6)_14_[0] == CharAt(CONST_6)_15_[0] &&
CONST_6 < Length_0_[10] &&
CharAt(CONST_5)_12_[0] == CharAt(CONST_5)_13_[0] &&
CONST_5 < Length_0_[10] &&
CharAt(CONST_4)_10_[0] == CharAt(CONST_4)_11_[0] &&
CONST_4 < Length_0_[10] &&
CharAt(CONST_3)_8_[0] == CharAt(CONST_3)_9_[0] &&
CONST_3 < Length_0_[10] &&
CharAt(CONST_2)_6_[0] == CharAt(CONST_2)_7_[0] &&
CONST_2 < Length_0_[10] &&
CharAt(CONST_1)_4_[0] == CharAt(CONST_1)_5_[0] &&
CONST_1 < Length_0_[10] &&
CharAt(CONST_0)_2_[0] == CharAt(CONST_0)_3_[0] &&
CONST_0 < Length_0_[10] &&
Length_0_[10] < (Length_1_[10] + CONST_1)
$$$$$$$$$$$$$$$$$$$$$$$$$$$$$$$$
Calling Z3str3

current query... 
(declare-const needle_1 String)
(declare-const haystack_2 String)


(assert (< 9 (str.len needle_1)))
(assert (not (= (str.at haystack_2 8) (str.at needle_1 8))))
(assert (< 8 (str.len needle_1)))
(assert (= (str.at haystack_2 7) (str.at needle_1 7)))
(assert (< 7 (str.len needle_1)))
(assert (= (str.at haystack_2 6) (str.at needle_1 6)))
(assert (< 6 (str.len needle_1)))
(assert (= (str.at haystack_2 5) (str.at needle_1 5)))
(assert (< 5 (str.len needle_1)))
(assert (= (str.at haystack_2 4) (str.at needle_1 4)))
(assert (< 4 (str.len needle_1)))
(assert (= (str.at haystack_2 3) (str.at needle_1 3)))
(assert (< 3 (str.len needle_1)))
(assert (= (str.at haystack_2 2) (str.at needle_1 2)))
(assert (< 2 (str.len needle_1)))
(assert (= (str.at haystack_2 1) (str.at needle_1 1)))
(assert (< 1 (str.len needle_1)))
(assert (= (str.at haystack_2 0) (str.at needle_1 0)))
(assert (< 0 (str.len needle_1)))
(assert (< (str.len needle_1) ( +  (str.len haystack_2) 1)))



======================
(define-fun needle_1 () String
  "BCDEFGHIJK")
(define-fun haystack_2 () String
  "BCDEFGHIAL")
Returned solutions: 
(define-fun needle_1 () String  "BCDEFGHIJK")
(define-fun haystack_2 () String  "BCDEFGHIAL")
*************************************
Satisfiable: true
needle_1 => "BCDEFGHIJK"
haystack_2 => "BCDEFGHIAL"
*************************************

numeric PC: constraint # = 21
(Length_0_ + CONST_1) >= (Length_1_ + CONST_1) &&
CONST_9 >= Length_0_ &&
CharAt(CONST_8)_18_ != CharAt(CONST_8)_19_ &&
CONST_8 < Length_0_ &&
CharAt(CONST_7)_16_ == CharAt(CONST_7)_17_ &&
CONST_7 < Length_0_ &&
CharAt(CONST_6)_14_ == CharAt(CONST_6)_15_ &&
CONST_6 < Length_0_ &&
CharAt(CONST_5)_12_ == CharAt(CONST_5)_13_ &&
CONST_5 < Length_0_ &&
CharAt(CONST_4)_10_ == CharAt(CONST_4)_11_ &&
CONST_4 < Length_0_ &&
CharAt(CONST_3)_8_ == CharAt(CONST_3)_9_ &&
CONST_3 < Length_0_ &&
CharAt(CONST_2)_6_ == CharAt(CONST_2)_7_ &&
CONST_2 < Length_0_ &&
CharAt(CONST_1)_4_ == CharAt(CONST_1)_5_ &&
CONST_1 < Length_0_ &&
CharAt(CONST_0)_2_ == CharAt(CONST_0)_3_ &&
CONST_0 < Length_0_ &&
Length_0_ < (Length_1_ + CONST_1) -> true

### PCs: total:61 sat:60 unsat:1

string analysis: SPC # = 0
NPC constraint # = 21
(Length_0_ + CONST_1) >= (Length_1_ + CONST_1) &&
CONST_9 >= Length_0_ &&
CharAt(CONST_8)_18_ != CharAt(CONST_8)_19_ &&
CONST_8 < Length_0_ &&
CharAt(CONST_7)_16_ == CharAt(CONST_7)_17_ &&
CONST_7 < Length_0_ &&
CharAt(CONST_6)_14_ == CharAt(CONST_6)_15_ &&
CONST_6 < Length_0_ &&
CharAt(CONST_5)_12_ == CharAt(CONST_5)_13_ &&
CONST_5 < Length_0_ &&
CharAt(CONST_4)_10_ == CharAt(CONST_4)_11_ &&
CONST_4 < Length_0_ &&
CharAt(CONST_3)_8_ == CharAt(CONST_3)_9_ &&
CONST_3 < Length_0_ &&
CharAt(CONST_2)_6_ == CharAt(CONST_2)_7_ &&
CONST_2 < Length_0_ &&
CharAt(CONST_1)_4_ == CharAt(CONST_1)_5_ &&
CONST_1 < Length_0_ &&
CharAt(CONST_0)_2_ == CharAt(CONST_0)_3_ &&
CONST_0 < Length_0_ &&
Length_0_ < (Length_1_ + CONST_1)
$$$$$$$$$$$$$$$$$$$$$$$$$$$$$$$$
Calling Z3str3

current query... 
(declare-const needle_1 String)
(declare-const haystack_2 String)


(assert (>= ( +  (str.len needle_1) 1) ( +  (str.len haystack_2) 1)))
(assert (>= 9 (str.len needle_1)))
(assert (not (= (str.at haystack_2 8) (str.at needle_1 8))))
(assert (< 8 (str.len needle_1)))
(assert (= (str.at haystack_2 7) (str.at needle_1 7)))
(assert (< 7 (str.len needle_1)))
(assert (= (str.at haystack_2 6) (str.at needle_1 6)))
(assert (< 6 (str.len needle_1)))
(assert (= (str.at haystack_2 5) (str.at needle_1 5)))
(assert (< 5 (str.len needle_1)))
(assert (= (str.at haystack_2 4) (str.at needle_1 4)))
(assert (< 4 (str.len needle_1)))
(assert (= (str.at haystack_2 3) (str.at needle_1 3)))
(assert (< 3 (str.len needle_1)))
(assert (= (str.at haystack_2 2) (str.at needle_1 2)))
(assert (< 2 (str.len needle_1)))
(assert (= (str.at haystack_2 1) (str.at needle_1 1)))
(assert (< 1 (str.len needle_1)))
(assert (= (str.at haystack_2 0) (str.at needle_1 0)))
(assert (< 0 (str.len needle_1)))
(assert (< (str.len needle_1) ( +  (str.len haystack_2) 1)))



======================
(define-fun needle_1 () String
  "BCDEFGHIJ")
(define-fun haystack_2 () String
  "BCDEFGHIA")
Returned solutions: 
(define-fun needle_1 () String  "BCDEFGHIJ")
(define-fun haystack_2 () String  "BCDEFGHIA")
*************************************
Satisfiable: true
needle_1 => "BCDEFGHIJ"
haystack_2 => "BCDEFGHIA"
*************************************

numeric PC: constraint # = 21
(Length_0_ + CONST_1) < (Length_1_ + CONST_1) &&
CONST_9 >= Length_0_ &&
CharAt(CONST_8)_18_ != CharAt(CONST_8)_19_ &&
CONST_8 < Length_0_ &&
CharAt(CONST_7)_16_ == CharAt(CONST_7)_17_ &&
CONST_7 < Length_0_ &&
CharAt(CONST_6)_14_ == CharAt(CONST_6)_15_ &&
CONST_6 < Length_0_ &&
CharAt(CONST_5)_12_ == CharAt(CONST_5)_13_ &&
CONST_5 < Length_0_ &&
CharAt(CONST_4)_10_ == CharAt(CONST_4)_11_ &&
CONST_4 < Length_0_ &&
CharAt(CONST_3)_8_ == CharAt(CONST_3)_9_ &&
CONST_3 < Length_0_ &&
CharAt(CONST_2)_6_ == CharAt(CONST_2)_7_ &&
CONST_2 < Length_0_ &&
CharAt(CONST_1)_4_ == CharAt(CONST_1)_5_ &&
CONST_1 < Length_0_ &&
CharAt(CONST_0)_2_ == CharAt(CONST_0)_3_ &&
CONST_0 < Length_0_ &&
Length_0_ < (Length_1_ + CONST_1) -> true

### PCs: total:62 sat:61 unsat:1

string analysis: SPC # = 0
NPC constraint # = 21
(Length_0_ + CONST_1) < (Length_1_ + CONST_1) &&
CONST_9 >= Length_0_ &&
CharAt(CONST_8)_18_ != CharAt(CONST_8)_19_ &&
CONST_8 < Length_0_ &&
CharAt(CONST_7)_16_ == CharAt(CONST_7)_17_ &&
CONST_7 < Length_0_ &&
CharAt(CONST_6)_14_ == CharAt(CONST_6)_15_ &&
CONST_6 < Length_0_ &&
CharAt(CONST_5)_12_ == CharAt(CONST_5)_13_ &&
CONST_5 < Length_0_ &&
CharAt(CONST_4)_10_ == CharAt(CONST_4)_11_ &&
CONST_4 < Length_0_ &&
CharAt(CONST_3)_8_ == CharAt(CONST_3)_9_ &&
CONST_3 < Length_0_ &&
CharAt(CONST_2)_6_ == CharAt(CONST_2)_7_ &&
CONST_2 < Length_0_ &&
CharAt(CONST_1)_4_ == CharAt(CONST_1)_5_ &&
CONST_1 < Length_0_ &&
CharAt(CONST_0)_2_ == CharAt(CONST_0)_3_ &&
CONST_0 < Length_0_ &&
Length_0_ < (Length_1_ + CONST_1)
$$$$$$$$$$$$$$$$$$$$$$$$$$$$$$$$
Calling Z3str3

current query... 
(declare-const needle_1 String)
(declare-const haystack_2 String)


(assert (< ( +  (str.len needle_1) 1) ( +  (str.len haystack_2) 1)))
(assert (>= 9 (str.len needle_1)))
(assert (not (= (str.at haystack_2 8) (str.at needle_1 8))))
(assert (< 8 (str.len needle_1)))
(assert (= (str.at haystack_2 7) (str.at needle_1 7)))
(assert (< 7 (str.len needle_1)))
(assert (= (str.at haystack_2 6) (str.at needle_1 6)))
(assert (< 6 (str.len needle_1)))
(assert (= (str.at haystack_2 5) (str.at needle_1 5)))
(assert (< 5 (str.len needle_1)))
(assert (= (str.at haystack_2 4) (str.at needle_1 4)))
(assert (< 4 (str.len needle_1)))
(assert (= (str.at haystack_2 3) (str.at needle_1 3)))
(assert (< 3 (str.len needle_1)))
(assert (= (str.at haystack_2 2) (str.at needle_1 2)))
(assert (< 2 (str.len needle_1)))
(assert (= (str.at haystack_2 1) (str.at needle_1 1)))
(assert (< 1 (str.len needle_1)))
(assert (= (str.at haystack_2 0) (str.at needle_1 0)))
(assert (< 0 (str.len needle_1)))
(assert (< (str.len needle_1) ( +  (str.len haystack_2) 1)))



======================
(define-fun needle_1 () String
  "BCDEFGHIJ")
(define-fun haystack_2 () String
  "BCDEFGHIAKL")
Returned solutions: 
(define-fun needle_1 () String  "BCDEFGHIJ")
(define-fun haystack_2 () String  "BCDEFGHIAKL")
*************************************
Satisfiable: true
needle_1 => "BCDEFGHIJ"
haystack_2 => "BCDEFGHIAKL"
*************************************

numeric PC: constraint # = 22
CONST_0 >= Length_0_ &&
(Length_0_ + CONST_1) < (Length_1_ + CONST_1) &&
CONST_9 >= Length_0_ &&
CharAt(CONST_8)_18_ != CharAt(CONST_8)_19_ &&
CONST_8 < Length_0_ &&
CharAt(CONST_7)_16_ == CharAt(CONST_7)_17_ &&
CONST_7 < Length_0_ &&
CharAt(CONST_6)_14_ == CharAt(CONST_6)_15_ &&
CONST_6 < Length_0_ &&
CharAt(CONST_5)_12_ == CharAt(CONST_5)_13_ &&
CONST_5 < Length_0_ &&
CharAt(CONST_4)_10_ == CharAt(CONST_4)_11_ &&
CONST_4 < Length_0_ &&
CharAt(CONST_3)_8_ == CharAt(CONST_3)_9_ &&
CONST_3 < Length_0_ &&
CharAt(CONST_2)_6_ == CharAt(CONST_2)_7_ &&
CONST_2 < Length_0_ &&
CharAt(CONST_1)_4_ == CharAt(CONST_1)_5_ &&
CONST_1 < Length_0_ &&
CharAt(CONST_0)_2_ == CharAt(CONST_0)_3_ &&
CONST_0 < Length_0_ &&
Length_0_ < (Length_1_ + CONST_1) -> false

### PCs: total:63 sat:61 unsat:2

numeric PC: constraint # = 21
(Length_0_ + CONST_1) < (Length_1_ + CONST_1) &&
CONST_9 >= Length_0_ &&
CharAt(CONST_8)_18_ != CharAt(CONST_8)_19_ &&
CONST_8 < Length_0_ &&
CharAt(CONST_7)_16_ == CharAt(CONST_7)_17_ &&
CONST_7 < Length_0_ &&
CharAt(CONST_6)_14_ == CharAt(CONST_6)_15_ &&
CONST_6 < Length_0_ &&
CharAt(CONST_5)_12_ == CharAt(CONST_5)_13_ &&
CONST_5 < Length_0_ &&
CharAt(CONST_4)_10_ == CharAt(CONST_4)_11_ &&
CONST_4 < Length_0_ &&
CharAt(CONST_3)_8_ == CharAt(CONST_3)_9_ &&
CONST_3 < Length_0_ &&
CharAt(CONST_2)_6_ == CharAt(CONST_2)_7_ &&
CONST_2 < Length_0_ &&
CharAt(CONST_1)_4_ == CharAt(CONST_1)_5_ &&
CONST_1 < Length_0_ &&
CharAt(CONST_0)_2_ == CharAt(CONST_0)_3_ &&
CONST_0 < Length_0_ &&
Length_0_ < (Length_1_ + CONST_1) -> true

### PCs: total:64 sat:62 unsat:2

string analysis: SPC # = 0
NPC constraint # = 21
(Length_0_ + CONST_1) < (Length_1_ + CONST_1) &&
CONST_9 >= Length_0_ &&
CharAt(CONST_8)_18_ != CharAt(CONST_8)_19_ &&
CONST_8 < Length_0_ &&
CharAt(CONST_7)_16_ == CharAt(CONST_7)_17_ &&
CONST_7 < Length_0_ &&
CharAt(CONST_6)_14_ == CharAt(CONST_6)_15_ &&
CONST_6 < Length_0_ &&
CharAt(CONST_5)_12_ == CharAt(CONST_5)_13_ &&
CONST_5 < Length_0_ &&
CharAt(CONST_4)_10_ == CharAt(CONST_4)_11_ &&
CONST_4 < Length_0_ &&
CharAt(CONST_3)_8_ == CharAt(CONST_3)_9_ &&
CONST_3 < Length_0_ &&
CharAt(CONST_2)_6_ == CharAt(CONST_2)_7_ &&
CONST_2 < Length_0_ &&
CharAt(CONST_1)_4_ == CharAt(CONST_1)_5_ &&
CONST_1 < Length_0_ &&
CharAt(CONST_0)_2_ == CharAt(CONST_0)_3_ &&
CONST_0 < Length_0_ &&
Length_0_ < (Length_1_ + CONST_1)
$$$$$$$$$$$$$$$$$$$$$$$$$$$$$$$$
Calling Z3str3

current query... 
(declare-const needle_1 String)
(declare-const haystack_2 String)


(assert (< ( +  (str.len needle_1) 1) ( +  (str.len haystack_2) 1)))
(assert (>= 9 (str.len needle_1)))
(assert (not (= (str.at haystack_2 8) (str.at needle_1 8))))
(assert (< 8 (str.len needle_1)))
(assert (= (str.at haystack_2 7) (str.at needle_1 7)))
(assert (< 7 (str.len needle_1)))
(assert (= (str.at haystack_2 6) (str.at needle_1 6)))
(assert (< 6 (str.len needle_1)))
(assert (= (str.at haystack_2 5) (str.at needle_1 5)))
(assert (< 5 (str.len needle_1)))
(assert (= (str.at haystack_2 4) (str.at needle_1 4)))
(assert (< 4 (str.len needle_1)))
(assert (= (str.at haystack_2 3) (str.at needle_1 3)))
(assert (< 3 (str.len needle_1)))
(assert (= (str.at haystack_2 2) (str.at needle_1 2)))
(assert (< 2 (str.len needle_1)))
(assert (= (str.at haystack_2 1) (str.at needle_1 1)))
(assert (< 1 (str.len needle_1)))
(assert (= (str.at haystack_2 0) (str.at needle_1 0)))
(assert (< 0 (str.len needle_1)))
(assert (< (str.len needle_1) ( +  (str.len haystack_2) 1)))



======================
(define-fun needle_1 () String
  "BCDEFGHIJ")
(define-fun haystack_2 () String
  "BCDEFGHIAKL")
Returned solutions: 
(define-fun needle_1 () String  "BCDEFGHIJ")
(define-fun haystack_2 () String  "BCDEFGHIAKL")
*************************************
Satisfiable: true
needle_1 => "BCDEFGHIJ"
haystack_2 => "BCDEFGHIAKL"
*************************************

numeric PC: constraint # = 22
CharAt(CONST_1)_4_ != CharAt(CONST_0)_3_ &&
(Length_0_ + CONST_1) < (Length_1_ + CONST_1) &&
CONST_9 >= Length_0_ &&
CharAt(CONST_8)_18_ != CharAt(CONST_8)_19_ &&
CONST_8 < Length_0_ &&
CharAt(CONST_7)_16_ == CharAt(CONST_7)_17_ &&
CONST_7 < Length_0_ &&
CharAt(CONST_6)_14_ == CharAt(CONST_6)_15_ &&
CONST_6 < Length_0_ &&
CharAt(CONST_5)_12_ == CharAt(CONST_5)_13_ &&
CONST_5 < Length_0_ &&
CharAt(CONST_4)_10_ == CharAt(CONST_4)_11_ &&
CONST_4 < Length_0_ &&
CharAt(CONST_3)_8_ == CharAt(CONST_3)_9_ &&
CONST_3 < Length_0_ &&
CharAt(CONST_2)_6_ == CharAt(CONST_2)_7_ &&
CONST_2 < Length_0_ &&
CharAt(CONST_1)_4_ == CharAt(CONST_1)_5_ &&
CONST_1 < Length_0_ &&
CharAt(CONST_0)_2_ == CharAt(CONST_0)_3_ &&
CONST_0 < Length_0_ &&
Length_0_ < (Length_1_ + CONST_1) -> true

### PCs: total:65 sat:63 unsat:2

string analysis: SPC # = 0
NPC constraint # = 22
CharAt(CONST_1)_4_ != CharAt(CONST_0)_3_ &&
(Length_0_ + CONST_1) < (Length_1_ + CONST_1) &&
CONST_9 >= Length_0_ &&
CharAt(CONST_8)_18_ != CharAt(CONST_8)_19_ &&
CONST_8 < Length_0_ &&
CharAt(CONST_7)_16_ == CharAt(CONST_7)_17_ &&
CONST_7 < Length_0_ &&
CharAt(CONST_6)_14_ == CharAt(CONST_6)_15_ &&
CONST_6 < Length_0_ &&
CharAt(CONST_5)_12_ == CharAt(CONST_5)_13_ &&
CONST_5 < Length_0_ &&
CharAt(CONST_4)_10_ == CharAt(CONST_4)_11_ &&
CONST_4 < Length_0_ &&
CharAt(CONST_3)_8_ == CharAt(CONST_3)_9_ &&
CONST_3 < Length_0_ &&
CharAt(CONST_2)_6_ == CharAt(CONST_2)_7_ &&
CONST_2 < Length_0_ &&
CharAt(CONST_1)_4_ == CharAt(CONST_1)_5_ &&
CONST_1 < Length_0_ &&
CharAt(CONST_0)_2_ == CharAt(CONST_0)_3_ &&
CONST_0 < Length_0_ &&
Length_0_ < (Length_1_ + CONST_1)
$$$$$$$$$$$$$$$$$$$$$$$$$$$$$$$$
Calling Z3str3

current query... 
(declare-const needle_1 String)
(declare-const haystack_2 String)


(assert (not (= (str.at haystack_2 1) (str.at needle_1 0))))
(assert (< ( +  (str.len needle_1) 1) ( +  (str.len haystack_2) 1)))
(assert (>= 9 (str.len needle_1)))
(assert (not (= (str.at haystack_2 8) (str.at needle_1 8))))
(assert (< 8 (str.len needle_1)))
(assert (= (str.at haystack_2 7) (str.at needle_1 7)))
(assert (< 7 (str.len needle_1)))
(assert (= (str.at haystack_2 6) (str.at needle_1 6)))
(assert (< 6 (str.len needle_1)))
(assert (= (str.at haystack_2 5) (str.at needle_1 5)))
(assert (< 5 (str.len needle_1)))
(assert (= (str.at haystack_2 4) (str.at needle_1 4)))
(assert (< 4 (str.len needle_1)))
(assert (= (str.at haystack_2 3) (str.at needle_1 3)))
(assert (< 3 (str.len needle_1)))
(assert (= (str.at haystack_2 2) (str.at needle_1 2)))
(assert (< 2 (str.len needle_1)))
(assert (= (str.at haystack_2 1) (str.at needle_1 1)))
(assert (< 1 (str.len needle_1)))
(assert (= (str.at haystack_2 0) (str.at needle_1 0)))
(assert (< 0 (str.len needle_1)))
(assert (< (str.len needle_1) ( +  (str.len haystack_2) 1)))



======================
(define-fun needle_1 () String
  "ABDEFGHIJ")
(define-fun haystack_2 () String
  "ABDEFGHICKL")
Returned solutions: 
(define-fun needle_1 () String  "ABDEFGHIJ")
(define-fun haystack_2 () String  "ABDEFGHICKL")
*************************************
Satisfiable: true
needle_1 => "ABDEFGHIJ"
haystack_2 => "ABDEFGHICKL"
*************************************

numeric PC: constraint # = 22
CharAt(CONST_1)_4_ == CharAt(CONST_0)_3_ &&
(Length_0_ + CONST_1) < (Length_1_ + CONST_1) &&
CONST_9 >= Length_0_ &&
CharAt(CONST_8)_18_ != CharAt(CONST_8)_19_ &&
CONST_8 < Length_0_ &&
CharAt(CONST_7)_16_ == CharAt(CONST_7)_17_ &&
CONST_7 < Length_0_ &&
CharAt(CONST_6)_14_ == CharAt(CONST_6)_15_ &&
CONST_6 < Length_0_ &&
CharAt(CONST_5)_12_ == CharAt(CONST_5)_13_ &&
CONST_5 < Length_0_ &&
CharAt(CONST_4)_10_ == CharAt(CONST_4)_11_ &&
CONST_4 < Length_0_ &&
CharAt(CONST_3)_8_ == CharAt(CONST_3)_9_ &&
CONST_3 < Length_0_ &&
CharAt(CONST_2)_6_ == CharAt(CONST_2)_7_ &&
CONST_2 < Length_0_ &&
CharAt(CONST_1)_4_ == CharAt(CONST_1)_5_ &&
CONST_1 < Length_0_ &&
CharAt(CONST_0)_2_ == CharAt(CONST_0)_3_ &&
CONST_0 < Length_0_ &&
Length_0_ < (Length_1_ + CONST_1) -> true

### PCs: total:66 sat:64 unsat:2

string analysis: SPC # = 0
NPC constraint # = 22
CharAt(CONST_1)_4_ == CharAt(CONST_0)_3_ &&
(Length_0_ + CONST_1) < (Length_1_ + CONST_1) &&
CONST_9 >= Length_0_ &&
CharAt(CONST_8)_18_ != CharAt(CONST_8)_19_ &&
CONST_8 < Length_0_ &&
CharAt(CONST_7)_16_ == CharAt(CONST_7)_17_ &&
CONST_7 < Length_0_ &&
CharAt(CONST_6)_14_ == CharAt(CONST_6)_15_ &&
CONST_6 < Length_0_ &&
CharAt(CONST_5)_12_ == CharAt(CONST_5)_13_ &&
CONST_5 < Length_0_ &&
CharAt(CONST_4)_10_ == CharAt(CONST_4)_11_ &&
CONST_4 < Length_0_ &&
CharAt(CONST_3)_8_ == CharAt(CONST_3)_9_ &&
CONST_3 < Length_0_ &&
CharAt(CONST_2)_6_ == CharAt(CONST_2)_7_ &&
CONST_2 < Length_0_ &&
CharAt(CONST_1)_4_ == CharAt(CONST_1)_5_ &&
CONST_1 < Length_0_ &&
CharAt(CONST_0)_2_ == CharAt(CONST_0)_3_ &&
CONST_0 < Length_0_ &&
Length_0_ < (Length_1_ + CONST_1)
$$$$$$$$$$$$$$$$$$$$$$$$$$$$$$$$
Calling Z3str3

current query... 
(declare-const needle_1 String)
(declare-const haystack_2 String)


(assert (= (str.at haystack_2 1) (str.at needle_1 0)))
(assert (< ( +  (str.len needle_1) 1) ( +  (str.len haystack_2) 1)))
(assert (>= 9 (str.len needle_1)))
(assert (not (= (str.at haystack_2 8) (str.at needle_1 8))))
(assert (< 8 (str.len needle_1)))
(assert (= (str.at haystack_2 7) (str.at needle_1 7)))
(assert (< 7 (str.len needle_1)))
(assert (= (str.at haystack_2 6) (str.at needle_1 6)))
(assert (< 6 (str.len needle_1)))
(assert (= (str.at haystack_2 5) (str.at needle_1 5)))
(assert (< 5 (str.len needle_1)))
(assert (= (str.at haystack_2 4) (str.at needle_1 4)))
(assert (< 4 (str.len needle_1)))
(assert (= (str.at haystack_2 3) (str.at needle_1 3)))
(assert (< 3 (str.len needle_1)))
(assert (= (str.at haystack_2 2) (str.at needle_1 2)))
(assert (< 2 (str.len needle_1)))
(assert (= (str.at haystack_2 1) (str.at needle_1 1)))
(assert (< 1 (str.len needle_1)))
(assert (= (str.at haystack_2 0) (str.at needle_1 0)))
(assert (< 0 (str.len needle_1)))
(assert (< (str.len needle_1) ( +  (str.len haystack_2) 1)))



======================
(define-fun needle_1 () String
  "AACDEFGHI")
(define-fun haystack_2 () String
  "AACDEFGHBJ")
Returned solutions: 
(define-fun needle_1 () String  "AACDEFGHI")
(define-fun haystack_2 () String  "AACDEFGHBJ")
*************************************
Satisfiable: true
needle_1 => "AACDEFGHI"
haystack_2 => "AACDEFGHBJ"
*************************************


====================================================== search constraint
depth limit reached: 23

====================================================== snapshot 
thread java.lang.Thread:{id:0,name:main,status:RUNNING,priority:5,isDaemon:false,lockCount:0,suspendCount:0}
  call stack:
	at strings.StringSearch.search_1(StringSearch.java:19)
	at strings.StringSearch.main(StringSearch.java:7)

numeric PC: constraint # = 21
(Length_0_ + CONST_1) < (Length_1_ + CONST_1) &&
CONST_9 >= Length_0_ &&
CharAt(CONST_8)_18_ != CharAt(CONST_8)_19_ &&
CONST_8 < Length_0_ &&
CharAt(CONST_7)_16_ == CharAt(CONST_7)_17_ &&
CONST_7 < Length_0_ &&
CharAt(CONST_6)_14_ == CharAt(CONST_6)_15_ &&
CONST_6 < Length_0_ &&
CharAt(CONST_5)_12_ == CharAt(CONST_5)_13_ &&
CONST_5 < Length_0_ &&
CharAt(CONST_4)_10_ == CharAt(CONST_4)_11_ &&
CONST_4 < Length_0_ &&
CharAt(CONST_3)_8_ == CharAt(CONST_3)_9_ &&
CONST_3 < Length_0_ &&
CharAt(CONST_2)_6_ == CharAt(CONST_2)_7_ &&
CONST_2 < Length_0_ &&
CharAt(CONST_1)_4_ == CharAt(CONST_1)_5_ &&
CONST_1 < Length_0_ &&
CharAt(CONST_0)_2_ == CharAt(CONST_0)_3_ &&
CONST_0 < Length_0_ &&
Length_0_ < (Length_1_ + CONST_1) -> true

string analysis: SPC # = 0
NPC constraint # = 21
(Length_0_[9] + CONST_1) < (Length_1_[10] + CONST_1) &&
CONST_9 >= Length_0_[9] &&
CharAt(CONST_8)_18_[0] != CharAt(CONST_8)_19_[1] &&
CONST_8 < Length_0_[9] &&
CharAt(CONST_7)_16_[0] == CharAt(CONST_7)_17_[0] &&
CONST_7 < Length_0_[9] &&
CharAt(CONST_6)_14_[0] == CharAt(CONST_6)_15_[0] &&
CONST_6 < Length_0_[9] &&
CharAt(CONST_5)_12_[0] == CharAt(CONST_5)_13_[0] &&
CONST_5 < Length_0_[9] &&
CharAt(CONST_4)_10_[0] == CharAt(CONST_4)_11_[0] &&
CONST_4 < Length_0_[9] &&
CharAt(CONST_3)_8_[0] == CharAt(CONST_3)_9_[0] &&
CONST_3 < Length_0_[9] &&
CharAt(CONST_2)_6_[0] == CharAt(CONST_2)_7_[0] &&
CONST_2 < Length_0_[9] &&
CharAt(CONST_1)_4_[0] == CharAt(CONST_1)_5_[0] &&
CONST_1 < Length_0_[9] &&
CharAt(CONST_0)_2_[0] == CharAt(CONST_0)_3_[0] &&
CONST_0 < Length_0_[9] &&
Length_0_[9] < (Length_1_[10] + CONST_1)
$$$$$$$$$$$$$$$$$$$$$$$$$$$$$$$$
Calling Z3str3

current query... 
(declare-const needle_1 String)
(declare-const haystack_2 String)


(assert (< ( +  (str.len needle_1) 1) ( +  (str.len haystack_2) 1)))
(assert (>= 9 (str.len needle_1)))
(assert (not (= (str.at haystack_2 8) (str.at needle_1 8))))
(assert (< 8 (str.len needle_1)))
(assert (= (str.at haystack_2 7) (str.at needle_1 7)))
(assert (< 7 (str.len needle_1)))
(assert (= (str.at haystack_2 6) (str.at needle_1 6)))
(assert (< 6 (str.len needle_1)))
(assert (= (str.at haystack_2 5) (str.at needle_1 5)))
(assert (< 5 (str.len needle_1)))
(assert (= (str.at haystack_2 4) (str.at needle_1 4)))
(assert (< 4 (str.len needle_1)))
(assert (= (str.at haystack_2 3) (str.at needle_1 3)))
(assert (< 3 (str.len needle_1)))
(assert (= (str.at haystack_2 2) (str.at needle_1 2)))
(assert (< 2 (str.len needle_1)))
(assert (= (str.at haystack_2 1) (str.at needle_1 1)))
(assert (< 1 (str.len needle_1)))
(assert (= (str.at haystack_2 0) (str.at needle_1 0)))
(assert (< 0 (str.len needle_1)))
(assert (< (str.len needle_1) ( +  (str.len haystack_2) 1)))



======================
(define-fun needle_1 () String
  "BCDEFGHIJ")
(define-fun haystack_2 () String
  "BCDEFGHIAKL")
Returned solutions: 
(define-fun needle_1 () String  "BCDEFGHIJ")
(define-fun haystack_2 () String  "BCDEFGHIAKL")
*************************************
Satisfiable: true
needle_1 => "BCDEFGHIJ"
haystack_2 => "BCDEFGHIAKL"
*************************************

0
test: This is a tttest haystack string for testing.
test This is a tttest haystack string for testing.
0
114514
0

====================================================== search constraint
depth limit reached: 23

====================================================== snapshot 
no live threads
numeric PC: constraint # = 21
(Length_0_ + CONST_1) >= (Length_1_ + CONST_1) &&
CONST_9 >= Length_0_ &&
CharAt(CONST_8)_18_ != CharAt(CONST_8)_19_ &&
CONST_8 < Length_0_ &&
CharAt(CONST_7)_16_ == CharAt(CONST_7)_17_ &&
CONST_7 < Length_0_ &&
CharAt(CONST_6)_14_ == CharAt(CONST_6)_15_ &&
CONST_6 < Length_0_ &&
CharAt(CONST_5)_12_ == CharAt(CONST_5)_13_ &&
CONST_5 < Length_0_ &&
CharAt(CONST_4)_10_ == CharAt(CONST_4)_11_ &&
CONST_4 < Length_0_ &&
CharAt(CONST_3)_8_ == CharAt(CONST_3)_9_ &&
CONST_3 < Length_0_ &&
CharAt(CONST_2)_6_ == CharAt(CONST_2)_7_ &&
CONST_2 < Length_0_ &&
CharAt(CONST_1)_4_ == CharAt(CONST_1)_5_ &&
CONST_1 < Length_0_ &&
CharAt(CONST_0)_2_ == CharAt(CONST_0)_3_ &&
CONST_0 < Length_0_ &&
Length_0_ < (Length_1_ + CONST_1) -> true

string analysis: SPC # = 0
NPC constraint # = 21
(Length_0_[9] + CONST_1) >= (Length_1_[9] + CONST_1) &&
CONST_9 >= Length_0_[9] &&
CharAt(CONST_8)_18_[0] != CharAt(CONST_8)_19_[1] &&
CONST_8 < Length_0_[9] &&
CharAt(CONST_7)_16_[0] == CharAt(CONST_7)_17_[0] &&
CONST_7 < Length_0_[9] &&
CharAt(CONST_6)_14_[0] == CharAt(CONST_6)_15_[0] &&
CONST_6 < Length_0_[9] &&
CharAt(CONST_5)_12_[0] == CharAt(CONST_5)_13_[0] &&
CONST_5 < Length_0_[9] &&
CharAt(CONST_4)_10_[0] == CharAt(CONST_4)_11_[0] &&
CONST_4 < Length_0_[9] &&
CharAt(CONST_3)_8_[0] == CharAt(CONST_3)_9_[0] &&
CONST_3 < Length_0_[9] &&
CharAt(CONST_2)_6_[0] == CharAt(CONST_2)_7_[0] &&
CONST_2 < Length_0_[9] &&
CharAt(CONST_1)_4_[0] == CharAt(CONST_1)_5_[0] &&
CONST_1 < Length_0_[9] &&
CharAt(CONST_0)_2_[0] == CharAt(CONST_0)_3_[0] &&
CONST_0 < Length_0_[9] &&
Length_0_[9] < (Length_1_[9] + CONST_1)
$$$$$$$$$$$$$$$$$$$$$$$$$$$$$$$$
Calling Z3str3

current query... 
(declare-const needle_1 String)
(declare-const haystack_2 String)


(assert (>= ( +  (str.len needle_1) 1) ( +  (str.len haystack_2) 1)))
(assert (>= 9 (str.len needle_1)))
(assert (not (= (str.at haystack_2 8) (str.at needle_1 8))))
(assert (< 8 (str.len needle_1)))
(assert (= (str.at haystack_2 7) (str.at needle_1 7)))
(assert (< 7 (str.len needle_1)))
(assert (= (str.at haystack_2 6) (str.at needle_1 6)))
(assert (< 6 (str.len needle_1)))
(assert (= (str.at haystack_2 5) (str.at needle_1 5)))
(assert (< 5 (str.len needle_1)))
(assert (= (str.at haystack_2 4) (str.at needle_1 4)))
(assert (< 4 (str.len needle_1)))
(assert (= (str.at haystack_2 3) (str.at needle_1 3)))
(assert (< 3 (str.len needle_1)))
(assert (= (str.at haystack_2 2) (str.at needle_1 2)))
(assert (< 2 (str.len needle_1)))
(assert (= (str.at haystack_2 1) (str.at needle_1 1)))
(assert (< 1 (str.len needle_1)))
(assert (= (str.at haystack_2 0) (str.at needle_1 0)))
(assert (< 0 (str.len needle_1)))
(assert (< (str.len needle_1) ( +  (str.len haystack_2) 1)))



======================
(define-fun needle_1 () String
  "BCDEFGHIJ")
(define-fun haystack_2 () String
  "BCDEFGHIA")
Returned solutions: 
(define-fun needle_1 () String  "BCDEFGHIJ")
(define-fun haystack_2 () String  "BCDEFGHIA")
*************************************
Satisfiable: true
needle_1 => "BCDEFGHIJ"
haystack_2 => "BCDEFGHIA"
*************************************

numeric PC: constraint # = 20
CONST_9 >= Length_0_[9] &&
CharAt(CONST_8)_18_[0] != CharAt(CONST_8)_19_[1] &&
CONST_8 < Length_0_[9] &&
CharAt(CONST_7)_16_[0] == CharAt(CONST_7)_17_[0] &&
CONST_7 < Length_0_[9] &&
CharAt(CONST_6)_14_[0] == CharAt(CONST_6)_15_[0] &&
CONST_6 < Length_0_[9] &&
CharAt(CONST_5)_12_[0] == CharAt(CONST_5)_13_[0] &&
CONST_5 < Length_0_[9] &&
CharAt(CONST_4)_10_[0] == CharAt(CONST_4)_11_[0] &&
CONST_4 < Length_0_[9] &&
CharAt(CONST_3)_8_[0] == CharAt(CONST_3)_9_[0] &&
CONST_3 < Length_0_[9] &&
CharAt(CONST_2)_6_[0] == CharAt(CONST_2)_7_[0] &&
CONST_2 < Length_0_[9] &&
CharAt(CONST_1)_4_[0] == CharAt(CONST_1)_5_[0] &&
CONST_1 < Length_0_[9] &&
CharAt(CONST_0)_2_[0] == CharAt(CONST_0)_3_[0] &&
CONST_0 < Length_0_[9] &&
Length_0_[9] < (Length_1_[9] + CONST_1) -> true

string analysis: SPC # = 0
NPC constraint # = 20
CONST_9 >= Length_0_[9] &&
CharAt(CONST_8)_18_[0] != CharAt(CONST_8)_19_[1] &&
CONST_8 < Length_0_[9] &&
CharAt(CONST_7)_16_[0] == CharAt(CONST_7)_17_[0] &&
CONST_7 < Length_0_[9] &&
CharAt(CONST_6)_14_[0] == CharAt(CONST_6)_15_[0] &&
CONST_6 < Length_0_[9] &&
CharAt(CONST_5)_12_[0] == CharAt(CONST_5)_13_[0] &&
CONST_5 < Length_0_[9] &&
CharAt(CONST_4)_10_[0] == CharAt(CONST_4)_11_[0] &&
CONST_4 < Length_0_[9] &&
CharAt(CONST_3)_8_[0] == CharAt(CONST_3)_9_[0] &&
CONST_3 < Length_0_[9] &&
CharAt(CONST_2)_6_[0] == CharAt(CONST_2)_7_[0] &&
CONST_2 < Length_0_[9] &&
CharAt(CONST_1)_4_[0] == CharAt(CONST_1)_5_[0] &&
CONST_1 < Length_0_[9] &&
CharAt(CONST_0)_2_[0] == CharAt(CONST_0)_3_[0] &&
CONST_0 < Length_0_[9] &&
Length_0_[9] < (Length_1_[9] + CONST_1)
$$$$$$$$$$$$$$$$$$$$$$$$$$$$$$$$
Calling Z3str3

current query... 
(declare-const needle_1 String)
(declare-const haystack_2 String)


(assert (>= 9 (str.len needle_1)))
(assert (not (= (str.at haystack_2 8) (str.at needle_1 8))))
(assert (< 8 (str.len needle_1)))
(assert (= (str.at haystack_2 7) (str.at needle_1 7)))
(assert (< 7 (str.len needle_1)))
(assert (= (str.at haystack_2 6) (str.at needle_1 6)))
(assert (< 6 (str.len needle_1)))
(assert (= (str.at haystack_2 5) (str.at needle_1 5)))
(assert (< 5 (str.len needle_1)))
(assert (= (str.at haystack_2 4) (str.at needle_1 4)))
(assert (< 4 (str.len needle_1)))
(assert (= (str.at haystack_2 3) (str.at needle_1 3)))
(assert (< 3 (str.len needle_1)))
(assert (= (str.at haystack_2 2) (str.at needle_1 2)))
(assert (< 2 (str.len needle_1)))
(assert (= (str.at haystack_2 1) (str.at needle_1 1)))
(assert (< 1 (str.len needle_1)))
(assert (= (str.at haystack_2 0) (str.at needle_1 0)))
(assert (< 0 (str.len needle_1)))
(assert (< (str.len needle_1) ( +  (str.len haystack_2) 1)))



======================
(define-fun needle_1 () String
  "BCDEFGHIJ")
(define-fun haystack_2 () String
  "BCDEFGHIA")
Returned solutions: 
(define-fun needle_1 () String  "BCDEFGHIJ")
(define-fun haystack_2 () String  "BCDEFGHIA")
*************************************
Satisfiable: true
needle_1 => "BCDEFGHIJ"
haystack_2 => "BCDEFGHIA"
*************************************

numeric PC: constraint # = 19
CharAt(CONST_8)_18_[0] != CharAt(CONST_8)_19_[1] &&
CONST_8 < Length_0_[9] &&
CharAt(CONST_7)_16_[0] == CharAt(CONST_7)_17_[0] &&
CONST_7 < Length_0_[9] &&
CharAt(CONST_6)_14_[0] == CharAt(CONST_6)_15_[0] &&
CONST_6 < Length_0_[9] &&
CharAt(CONST_5)_12_[0] == CharAt(CONST_5)_13_[0] &&
CONST_5 < Length_0_[9] &&
CharAt(CONST_4)_10_[0] == CharAt(CONST_4)_11_[0] &&
CONST_4 < Length_0_[9] &&
CharAt(CONST_3)_8_[0] == CharAt(CONST_3)_9_[0] &&
CONST_3 < Length_0_[9] &&
CharAt(CONST_2)_6_[0] == CharAt(CONST_2)_7_[0] &&
CONST_2 < Length_0_[9] &&
CharAt(CONST_1)_4_[0] == CharAt(CONST_1)_5_[0] &&
CONST_1 < Length_0_[9] &&
CharAt(CONST_0)_2_[0] == CharAt(CONST_0)_3_[0] &&
CONST_0 < Length_0_[9] &&
Length_0_[9] < (Length_1_[9] + CONST_1) -> true

string analysis: SPC # = 0
NPC constraint # = 19
CharAt(CONST_8)_18_[0] != CharAt(CONST_8)_19_[1] &&
CONST_8 < Length_0_[9] &&
CharAt(CONST_7)_16_[0] == CharAt(CONST_7)_17_[0] &&
CONST_7 < Length_0_[9] &&
CharAt(CONST_6)_14_[0] == CharAt(CONST_6)_15_[0] &&
CONST_6 < Length_0_[9] &&
CharAt(CONST_5)_12_[0] == CharAt(CONST_5)_13_[0] &&
CONST_5 < Length_0_[9] &&
CharAt(CONST_4)_10_[0] == CharAt(CONST_4)_11_[0] &&
CONST_4 < Length_0_[9] &&
CharAt(CONST_3)_8_[0] == CharAt(CONST_3)_9_[0] &&
CONST_3 < Length_0_[9] &&
CharAt(CONST_2)_6_[0] == CharAt(CONST_2)_7_[0] &&
CONST_2 < Length_0_[9] &&
CharAt(CONST_1)_4_[0] == CharAt(CONST_1)_5_[0] &&
CONST_1 < Length_0_[9] &&
CharAt(CONST_0)_2_[0] == CharAt(CONST_0)_3_[0] &&
CONST_0 < Length_0_[9] &&
Length_0_[9] < (Length_1_[9] + CONST_1)
$$$$$$$$$$$$$$$$$$$$$$$$$$$$$$$$
Calling Z3str3

current query... 
(declare-const needle_1 String)
(declare-const haystack_2 String)


(assert (not (= (str.at haystack_2 8) (str.at needle_1 8))))
(assert (< 8 (str.len needle_1)))
(assert (= (str.at haystack_2 7) (str.at needle_1 7)))
(assert (< 7 (str.len needle_1)))
(assert (= (str.at haystack_2 6) (str.at needle_1 6)))
(assert (< 6 (str.len needle_1)))
(assert (= (str.at haystack_2 5) (str.at needle_1 5)))
(assert (< 5 (str.len needle_1)))
(assert (= (str.at haystack_2 4) (str.at needle_1 4)))
(assert (< 4 (str.len needle_1)))
(assert (= (str.at haystack_2 3) (str.at needle_1 3)))
(assert (< 3 (str.len needle_1)))
(assert (= (str.at haystack_2 2) (str.at needle_1 2)))
(assert (< 2 (str.len needle_1)))
(assert (= (str.at haystack_2 1) (str.at needle_1 1)))
(assert (< 1 (str.len needle_1)))
(assert (= (str.at haystack_2 0) (str.at needle_1 0)))
(assert (< 0 (str.len needle_1)))
(assert (< (str.len needle_1) ( +  (str.len haystack_2) 1)))



======================
(define-fun needle_1 () String
  "BCDEFGHIJ")
(define-fun haystack_2 () String
  "BCDEFGHIA")
Returned solutions: 
(define-fun needle_1 () String  "BCDEFGHIJ")
(define-fun haystack_2 () String  "BCDEFGHIA")
*************************************
Satisfiable: true
needle_1 => "BCDEFGHIJ"
haystack_2 => "BCDEFGHIA"
*************************************

numeric PC: constraint # = 18
CONST_8 < Length_0_[9] &&
CharAt(CONST_7)_16_[0] == CharAt(CONST_7)_17_[0] &&
CONST_7 < Length_0_[9] &&
CharAt(CONST_6)_14_[0] == CharAt(CONST_6)_15_[0] &&
CONST_6 < Length_0_[9] &&
CharAt(CONST_5)_12_[0] == CharAt(CONST_5)_13_[0] &&
CONST_5 < Length_0_[9] &&
CharAt(CONST_4)_10_[0] == CharAt(CONST_4)_11_[0] &&
CONST_4 < Length_0_[9] &&
CharAt(CONST_3)_8_[0] == CharAt(CONST_3)_9_[0] &&
CONST_3 < Length_0_[9] &&
CharAt(CONST_2)_6_[0] == CharAt(CONST_2)_7_[0] &&
CONST_2 < Length_0_[9] &&
CharAt(CONST_1)_4_[0] == CharAt(CONST_1)_5_[0] &&
CONST_1 < Length_0_[9] &&
CharAt(CONST_0)_2_[0] == CharAt(CONST_0)_3_[0] &&
CONST_0 < Length_0_[9] &&
Length_0_[9] < (Length_1_[9] + CONST_1) -> true

string analysis: SPC # = 0
NPC constraint # = 18
CONST_8 < Length_0_[9] &&
CharAt(CONST_7)_16_[0] == CharAt(CONST_7)_17_[0] &&
CONST_7 < Length_0_[9] &&
CharAt(CONST_6)_14_[0] == CharAt(CONST_6)_15_[0] &&
CONST_6 < Length_0_[9] &&
CharAt(CONST_5)_12_[0] == CharAt(CONST_5)_13_[0] &&
CONST_5 < Length_0_[9] &&
CharAt(CONST_4)_10_[0] == CharAt(CONST_4)_11_[0] &&
CONST_4 < Length_0_[9] &&
CharAt(CONST_3)_8_[0] == CharAt(CONST_3)_9_[0] &&
CONST_3 < Length_0_[9] &&
CharAt(CONST_2)_6_[0] == CharAt(CONST_2)_7_[0] &&
CONST_2 < Length_0_[9] &&
CharAt(CONST_1)_4_[0] == CharAt(CONST_1)_5_[0] &&
CONST_1 < Length_0_[9] &&
CharAt(CONST_0)_2_[0] == CharAt(CONST_0)_3_[0] &&
CONST_0 < Length_0_[9] &&
Length_0_[9] < (Length_1_[9] + CONST_1)
$$$$$$$$$$$$$$$$$$$$$$$$$$$$$$$$
Calling Z3str3

current query... 
(declare-const needle_1 String)
(declare-const haystack_2 String)


(assert (< 8 (str.len needle_1)))
(assert (= (str.at haystack_2 7) (str.at needle_1 7)))
(assert (< 7 (str.len needle_1)))
(assert (= (str.at haystack_2 6) (str.at needle_1 6)))
(assert (< 6 (str.len needle_1)))
(assert (= (str.at haystack_2 5) (str.at needle_1 5)))
(assert (< 5 (str.len needle_1)))
(assert (= (str.at haystack_2 4) (str.at needle_1 4)))
(assert (< 4 (str.len needle_1)))
(assert (= (str.at haystack_2 3) (str.at needle_1 3)))
(assert (< 3 (str.len needle_1)))
(assert (= (str.at haystack_2 2) (str.at needle_1 2)))
(assert (< 2 (str.len needle_1)))
(assert (= (str.at haystack_2 1) (str.at needle_1 1)))
(assert (< 1 (str.len needle_1)))
(assert (= (str.at haystack_2 0) (str.at needle_1 0)))
(assert (< 0 (str.len needle_1)))
(assert (< (str.len needle_1) ( +  (str.len haystack_2) 1)))



======================
(define-fun needle_1 () String
  "ABCDEFGHIKM")
(define-fun haystack_2 () String
  "ABCDEFGHJLN")
Returned solutions: 
(define-fun needle_1 () String  "ABCDEFGHIKM")
(define-fun haystack_2 () String  "ABCDEFGHJLN")
*************************************
Satisfiable: true
needle_1 => "ABCDEFGHIKM"
haystack_2 => "ABCDEFGHJLN"
*************************************

numeric PC: constraint # = 19
(Length_0_ + CONST_1) >= (Length_1_ + CONST_1) &&
CONST_8 >= Length_0_ &&
CharAt(CONST_7)_16_ == CharAt(CONST_7)_17_ &&
CONST_7 < Length_0_ &&
CharAt(CONST_6)_14_ == CharAt(CONST_6)_15_ &&
CONST_6 < Length_0_ &&
CharAt(CONST_5)_12_ == CharAt(CONST_5)_13_ &&
CONST_5 < Length_0_ &&
CharAt(CONST_4)_10_ == CharAt(CONST_4)_11_ &&
CONST_4 < Length_0_ &&
CharAt(CONST_3)_8_ == CharAt(CONST_3)_9_ &&
CONST_3 < Length_0_ &&
CharAt(CONST_2)_6_ == CharAt(CONST_2)_7_ &&
CONST_2 < Length_0_ &&
CharAt(CONST_1)_4_ == CharAt(CONST_1)_5_ &&
CONST_1 < Length_0_ &&
CharAt(CONST_0)_2_ == CharAt(CONST_0)_3_ &&
CONST_0 < Length_0_ &&
Length_0_ < (Length_1_ + CONST_1) -> true

### PCs: total:67 sat:65 unsat:2

string analysis: SPC # = 0
NPC constraint # = 19
(Length_0_ + CONST_1) >= (Length_1_ + CONST_1) &&
CONST_8 >= Length_0_ &&
CharAt(CONST_7)_16_ == CharAt(CONST_7)_17_ &&
CONST_7 < Length_0_ &&
CharAt(CONST_6)_14_ == CharAt(CONST_6)_15_ &&
CONST_6 < Length_0_ &&
CharAt(CONST_5)_12_ == CharAt(CONST_5)_13_ &&
CONST_5 < Length_0_ &&
CharAt(CONST_4)_10_ == CharAt(CONST_4)_11_ &&
CONST_4 < Length_0_ &&
CharAt(CONST_3)_8_ == CharAt(CONST_3)_9_ &&
CONST_3 < Length_0_ &&
CharAt(CONST_2)_6_ == CharAt(CONST_2)_7_ &&
CONST_2 < Length_0_ &&
CharAt(CONST_1)_4_ == CharAt(CONST_1)_5_ &&
CONST_1 < Length_0_ &&
CharAt(CONST_0)_2_ == CharAt(CONST_0)_3_ &&
CONST_0 < Length_0_ &&
Length_0_ < (Length_1_ + CONST_1)
$$$$$$$$$$$$$$$$$$$$$$$$$$$$$$$$
Calling Z3str3

current query... 
(declare-const needle_1 String)
(declare-const haystack_2 String)


(assert (>= ( +  (str.len needle_1) 1) ( +  (str.len haystack_2) 1)))
(assert (>= 8 (str.len needle_1)))
(assert (= (str.at haystack_2 7) (str.at needle_1 7)))
(assert (< 7 (str.len needle_1)))
(assert (= (str.at haystack_2 6) (str.at needle_1 6)))
(assert (< 6 (str.len needle_1)))
(assert (= (str.at haystack_2 5) (str.at needle_1 5)))
(assert (< 5 (str.len needle_1)))
(assert (= (str.at haystack_2 4) (str.at needle_1 4)))
(assert (< 4 (str.len needle_1)))
(assert (= (str.at haystack_2 3) (str.at needle_1 3)))
(assert (< 3 (str.len needle_1)))
(assert (= (str.at haystack_2 2) (str.at needle_1 2)))
(assert (< 2 (str.len needle_1)))
(assert (= (str.at haystack_2 1) (str.at needle_1 1)))
(assert (< 1 (str.len needle_1)))
(assert (= (str.at haystack_2 0) (str.at needle_1 0)))
(assert (< 0 (str.len needle_1)))
(assert (< (str.len needle_1) ( +  (str.len haystack_2) 1)))



======================
(define-fun needle_1 () String
  "ABCDEFGH")
(define-fun haystack_2 () String
  "ABCDEFGH")
Returned solutions: 
(define-fun needle_1 () String  "ABCDEFGH")
(define-fun haystack_2 () String  "ABCDEFGH")
*************************************
Satisfiable: true
needle_1 => "ABCDEFGH"
haystack_2 => "ABCDEFGH"
*************************************

numeric PC: constraint # = 19
(Length_0_ + CONST_1) < (Length_1_ + CONST_1) &&
CONST_8 >= Length_0_ &&
CharAt(CONST_7)_16_ == CharAt(CONST_7)_17_ &&
CONST_7 < Length_0_ &&
CharAt(CONST_6)_14_ == CharAt(CONST_6)_15_ &&
CONST_6 < Length_0_ &&
CharAt(CONST_5)_12_ == CharAt(CONST_5)_13_ &&
CONST_5 < Length_0_ &&
CharAt(CONST_4)_10_ == CharAt(CONST_4)_11_ &&
CONST_4 < Length_0_ &&
CharAt(CONST_3)_8_ == CharAt(CONST_3)_9_ &&
CONST_3 < Length_0_ &&
CharAt(CONST_2)_6_ == CharAt(CONST_2)_7_ &&
CONST_2 < Length_0_ &&
CharAt(CONST_1)_4_ == CharAt(CONST_1)_5_ &&
CONST_1 < Length_0_ &&
CharAt(CONST_0)_2_ == CharAt(CONST_0)_3_ &&
CONST_0 < Length_0_ &&
Length_0_ < (Length_1_ + CONST_1) -> true

### PCs: total:68 sat:66 unsat:2

string analysis: SPC # = 0
NPC constraint # = 19
(Length_0_ + CONST_1) < (Length_1_ + CONST_1) &&
CONST_8 >= Length_0_ &&
CharAt(CONST_7)_16_ == CharAt(CONST_7)_17_ &&
CONST_7 < Length_0_ &&
CharAt(CONST_6)_14_ == CharAt(CONST_6)_15_ &&
CONST_6 < Length_0_ &&
CharAt(CONST_5)_12_ == CharAt(CONST_5)_13_ &&
CONST_5 < Length_0_ &&
CharAt(CONST_4)_10_ == CharAt(CONST_4)_11_ &&
CONST_4 < Length_0_ &&
CharAt(CONST_3)_8_ == CharAt(CONST_3)_9_ &&
CONST_3 < Length_0_ &&
CharAt(CONST_2)_6_ == CharAt(CONST_2)_7_ &&
CONST_2 < Length_0_ &&
CharAt(CONST_1)_4_ == CharAt(CONST_1)_5_ &&
CONST_1 < Length_0_ &&
CharAt(CONST_0)_2_ == CharAt(CONST_0)_3_ &&
CONST_0 < Length_0_ &&
Length_0_ < (Length_1_ + CONST_1)
$$$$$$$$$$$$$$$$$$$$$$$$$$$$$$$$
Calling Z3str3

current query... 
(declare-const needle_1 String)
(declare-const haystack_2 String)


(assert (< ( +  (str.len needle_1) 1) ( +  (str.len haystack_2) 1)))
(assert (>= 8 (str.len needle_1)))
(assert (= (str.at haystack_2 7) (str.at needle_1 7)))
(assert (< 7 (str.len needle_1)))
(assert (= (str.at haystack_2 6) (str.at needle_1 6)))
(assert (< 6 (str.len needle_1)))
(assert (= (str.at haystack_2 5) (str.at needle_1 5)))
(assert (< 5 (str.len needle_1)))
(assert (= (str.at haystack_2 4) (str.at needle_1 4)))
(assert (< 4 (str.len needle_1)))
(assert (= (str.at haystack_2 3) (str.at needle_1 3)))
(assert (< 3 (str.len needle_1)))
(assert (= (str.at haystack_2 2) (str.at needle_1 2)))
(assert (< 2 (str.len needle_1)))
(assert (= (str.at haystack_2 1) (str.at needle_1 1)))
(assert (< 1 (str.len needle_1)))
(assert (= (str.at haystack_2 0) (str.at needle_1 0)))
(assert (< 0 (str.len needle_1)))
(assert (< (str.len needle_1) ( +  (str.len haystack_2) 1)))



======================
(define-fun needle_1 () String
  "ABCDEFGH")
(define-fun haystack_2 () String
  "ABCDEFGHIJ")
Returned solutions: 
(define-fun needle_1 () String  "ABCDEFGH")
(define-fun haystack_2 () String  "ABCDEFGHIJ")
*************************************
Satisfiable: true
needle_1 => "ABCDEFGH"
haystack_2 => "ABCDEFGHIJ"
*************************************

numeric PC: constraint # = 20
CONST_0 >= Length_0_ &&
(Length_0_ + CONST_1) < (Length_1_ + CONST_1) &&
CONST_8 >= Length_0_ &&
CharAt(CONST_7)_16_ == CharAt(CONST_7)_17_ &&
CONST_7 < Length_0_ &&
CharAt(CONST_6)_14_ == CharAt(CONST_6)_15_ &&
CONST_6 < Length_0_ &&
CharAt(CONST_5)_12_ == CharAt(CONST_5)_13_ &&
CONST_5 < Length_0_ &&
CharAt(CONST_4)_10_ == CharAt(CONST_4)_11_ &&
CONST_4 < Length_0_ &&
CharAt(CONST_3)_8_ == CharAt(CONST_3)_9_ &&
CONST_3 < Length_0_ &&
CharAt(CONST_2)_6_ == CharAt(CONST_2)_7_ &&
CONST_2 < Length_0_ &&
CharAt(CONST_1)_4_ == CharAt(CONST_1)_5_ &&
CONST_1 < Length_0_ &&
CharAt(CONST_0)_2_ == CharAt(CONST_0)_3_ &&
CONST_0 < Length_0_ &&
Length_0_ < (Length_1_ + CONST_1) -> false

### PCs: total:69 sat:66 unsat:3

numeric PC: constraint # = 19
(Length_0_ + CONST_1) < (Length_1_ + CONST_1) &&
CONST_8 >= Length_0_ &&
CharAt(CONST_7)_16_ == CharAt(CONST_7)_17_ &&
CONST_7 < Length_0_ &&
CharAt(CONST_6)_14_ == CharAt(CONST_6)_15_ &&
CONST_6 < Length_0_ &&
CharAt(CONST_5)_12_ == CharAt(CONST_5)_13_ &&
CONST_5 < Length_0_ &&
CharAt(CONST_4)_10_ == CharAt(CONST_4)_11_ &&
CONST_4 < Length_0_ &&
CharAt(CONST_3)_8_ == CharAt(CONST_3)_9_ &&
CONST_3 < Length_0_ &&
CharAt(CONST_2)_6_ == CharAt(CONST_2)_7_ &&
CONST_2 < Length_0_ &&
CharAt(CONST_1)_4_ == CharAt(CONST_1)_5_ &&
CONST_1 < Length_0_ &&
CharAt(CONST_0)_2_ == CharAt(CONST_0)_3_ &&
CONST_0 < Length_0_ &&
Length_0_ < (Length_1_ + CONST_1) -> true

### PCs: total:70 sat:67 unsat:3

string analysis: SPC # = 0
NPC constraint # = 19
(Length_0_ + CONST_1) < (Length_1_ + CONST_1) &&
CONST_8 >= Length_0_ &&
CharAt(CONST_7)_16_ == CharAt(CONST_7)_17_ &&
CONST_7 < Length_0_ &&
CharAt(CONST_6)_14_ == CharAt(CONST_6)_15_ &&
CONST_6 < Length_0_ &&
CharAt(CONST_5)_12_ == CharAt(CONST_5)_13_ &&
CONST_5 < Length_0_ &&
CharAt(CONST_4)_10_ == CharAt(CONST_4)_11_ &&
CONST_4 < Length_0_ &&
CharAt(CONST_3)_8_ == CharAt(CONST_3)_9_ &&
CONST_3 < Length_0_ &&
CharAt(CONST_2)_6_ == CharAt(CONST_2)_7_ &&
CONST_2 < Length_0_ &&
CharAt(CONST_1)_4_ == CharAt(CONST_1)_5_ &&
CONST_1 < Length_0_ &&
CharAt(CONST_0)_2_ == CharAt(CONST_0)_3_ &&
CONST_0 < Length_0_ &&
Length_0_ < (Length_1_ + CONST_1)
$$$$$$$$$$$$$$$$$$$$$$$$$$$$$$$$
Calling Z3str3

current query... 
(declare-const needle_1 String)
(declare-const haystack_2 String)


(assert (< ( +  (str.len needle_1) 1) ( +  (str.len haystack_2) 1)))
(assert (>= 8 (str.len needle_1)))
(assert (= (str.at haystack_2 7) (str.at needle_1 7)))
(assert (< 7 (str.len needle_1)))
(assert (= (str.at haystack_2 6) (str.at needle_1 6)))
(assert (< 6 (str.len needle_1)))
(assert (= (str.at haystack_2 5) (str.at needle_1 5)))
(assert (< 5 (str.len needle_1)))
(assert (= (str.at haystack_2 4) (str.at needle_1 4)))
(assert (< 4 (str.len needle_1)))
(assert (= (str.at haystack_2 3) (str.at needle_1 3)))
(assert (< 3 (str.len needle_1)))
(assert (= (str.at haystack_2 2) (str.at needle_1 2)))
(assert (< 2 (str.len needle_1)))
(assert (= (str.at haystack_2 1) (str.at needle_1 1)))
(assert (< 1 (str.len needle_1)))
(assert (= (str.at haystack_2 0) (str.at needle_1 0)))
(assert (< 0 (str.len needle_1)))
(assert (< (str.len needle_1) ( +  (str.len haystack_2) 1)))



======================
(define-fun needle_1 () String
  "ABCDEFGH")
(define-fun haystack_2 () String
  "ABCDEFGHIJ")
Returned solutions: 
(define-fun needle_1 () String  "ABCDEFGH")
(define-fun haystack_2 () String  "ABCDEFGHIJ")
*************************************
Satisfiable: true
needle_1 => "ABCDEFGH"
haystack_2 => "ABCDEFGHIJ"
*************************************

numeric PC: constraint # = 20
CharAt(CONST_1)_4_ != CharAt(CONST_0)_3_ &&
(Length_0_ + CONST_1) < (Length_1_ + CONST_1) &&
CONST_8 >= Length_0_ &&
CharAt(CONST_7)_16_ == CharAt(CONST_7)_17_ &&
CONST_7 < Length_0_ &&
CharAt(CONST_6)_14_ == CharAt(CONST_6)_15_ &&
CONST_6 < Length_0_ &&
CharAt(CONST_5)_12_ == CharAt(CONST_5)_13_ &&
CONST_5 < Length_0_ &&
CharAt(CONST_4)_10_ == CharAt(CONST_4)_11_ &&
CONST_4 < Length_0_ &&
CharAt(CONST_3)_8_ == CharAt(CONST_3)_9_ &&
CONST_3 < Length_0_ &&
CharAt(CONST_2)_6_ == CharAt(CONST_2)_7_ &&
CONST_2 < Length_0_ &&
CharAt(CONST_1)_4_ == CharAt(CONST_1)_5_ &&
CONST_1 < Length_0_ &&
CharAt(CONST_0)_2_ == CharAt(CONST_0)_3_ &&
CONST_0 < Length_0_ &&
Length_0_ < (Length_1_ + CONST_1) -> true

### PCs: total:71 sat:68 unsat:3

string analysis: SPC # = 0
NPC constraint # = 20
CharAt(CONST_1)_4_ != CharAt(CONST_0)_3_ &&
(Length_0_ + CONST_1) < (Length_1_ + CONST_1) &&
CONST_8 >= Length_0_ &&
CharAt(CONST_7)_16_ == CharAt(CONST_7)_17_ &&
CONST_7 < Length_0_ &&
CharAt(CONST_6)_14_ == CharAt(CONST_6)_15_ &&
CONST_6 < Length_0_ &&
CharAt(CONST_5)_12_ == CharAt(CONST_5)_13_ &&
CONST_5 < Length_0_ &&
CharAt(CONST_4)_10_ == CharAt(CONST_4)_11_ &&
CONST_4 < Length_0_ &&
CharAt(CONST_3)_8_ == CharAt(CONST_3)_9_ &&
CONST_3 < Length_0_ &&
CharAt(CONST_2)_6_ == CharAt(CONST_2)_7_ &&
CONST_2 < Length_0_ &&
CharAt(CONST_1)_4_ == CharAt(CONST_1)_5_ &&
CONST_1 < Length_0_ &&
CharAt(CONST_0)_2_ == CharAt(CONST_0)_3_ &&
CONST_0 < Length_0_ &&
Length_0_ < (Length_1_ + CONST_1)
$$$$$$$$$$$$$$$$$$$$$$$$$$$$$$$$
Calling Z3str3

current query... 
(declare-const needle_1 String)
(declare-const haystack_2 String)


(assert (not (= (str.at haystack_2 1) (str.at needle_1 0))))
(assert (< ( +  (str.len needle_1) 1) ( +  (str.len haystack_2) 1)))
(assert (>= 8 (str.len needle_1)))
(assert (= (str.at haystack_2 7) (str.at needle_1 7)))
(assert (< 7 (str.len needle_1)))
(assert (= (str.at haystack_2 6) (str.at needle_1 6)))
(assert (< 6 (str.len needle_1)))
(assert (= (str.at haystack_2 5) (str.at needle_1 5)))
(assert (< 5 (str.len needle_1)))
(assert (= (str.at haystack_2 4) (str.at needle_1 4)))
(assert (< 4 (str.len needle_1)))
(assert (= (str.at haystack_2 3) (str.at needle_1 3)))
(assert (< 3 (str.len needle_1)))
(assert (= (str.at haystack_2 2) (str.at needle_1 2)))
(assert (< 2 (str.len needle_1)))
(assert (= (str.at haystack_2 1) (str.at needle_1 1)))
(assert (< 1 (str.len needle_1)))
(assert (= (str.at haystack_2 0) (str.at needle_1 0)))
(assert (< 0 (str.len needle_1)))
(assert (< (str.len needle_1) ( +  (str.len haystack_2) 1)))



======================
(define-fun needle_1 () String
  "ABCDEFGH")
(define-fun haystack_2 () String
  "ABCDEFGHI")
Returned solutions: 
(define-fun needle_1 () String  "ABCDEFGH")
(define-fun haystack_2 () String  "ABCDEFGHI")
*************************************
Satisfiable: true
needle_1 => "ABCDEFGH"
haystack_2 => "ABCDEFGHI"
*************************************

numeric PC: constraint # = 20
CharAt(CONST_1)_4_ == CharAt(CONST_0)_3_ &&
(Length_0_ + CONST_1) < (Length_1_ + CONST_1) &&
CONST_8 >= Length_0_ &&
CharAt(CONST_7)_16_ == CharAt(CONST_7)_17_ &&
CONST_7 < Length_0_ &&
CharAt(CONST_6)_14_ == CharAt(CONST_6)_15_ &&
CONST_6 < Length_0_ &&
CharAt(CONST_5)_12_ == CharAt(CONST_5)_13_ &&
CONST_5 < Length_0_ &&
CharAt(CONST_4)_10_ == CharAt(CONST_4)_11_ &&
CONST_4 < Length_0_ &&
CharAt(CONST_3)_8_ == CharAt(CONST_3)_9_ &&
CONST_3 < Length_0_ &&
CharAt(CONST_2)_6_ == CharAt(CONST_2)_7_ &&
CONST_2 < Length_0_ &&
CharAt(CONST_1)_4_ == CharAt(CONST_1)_5_ &&
CONST_1 < Length_0_ &&
CharAt(CONST_0)_2_ == CharAt(CONST_0)_3_ &&
CONST_0 < Length_0_ &&
Length_0_ < (Length_1_ + CONST_1) -> true

### PCs: total:72 sat:69 unsat:3

string analysis: SPC # = 0
NPC constraint # = 20
CharAt(CONST_1)_4_ == CharAt(CONST_0)_3_ &&
(Length_0_ + CONST_1) < (Length_1_ + CONST_1) &&
CONST_8 >= Length_0_ &&
CharAt(CONST_7)_16_ == CharAt(CONST_7)_17_ &&
CONST_7 < Length_0_ &&
CharAt(CONST_6)_14_ == CharAt(CONST_6)_15_ &&
CONST_6 < Length_0_ &&
CharAt(CONST_5)_12_ == CharAt(CONST_5)_13_ &&
CONST_5 < Length_0_ &&
CharAt(CONST_4)_10_ == CharAt(CONST_4)_11_ &&
CONST_4 < Length_0_ &&
CharAt(CONST_3)_8_ == CharAt(CONST_3)_9_ &&
CONST_3 < Length_0_ &&
CharAt(CONST_2)_6_ == CharAt(CONST_2)_7_ &&
CONST_2 < Length_0_ &&
CharAt(CONST_1)_4_ == CharAt(CONST_1)_5_ &&
CONST_1 < Length_0_ &&
CharAt(CONST_0)_2_ == CharAt(CONST_0)_3_ &&
CONST_0 < Length_0_ &&
Length_0_ < (Length_1_ + CONST_1)
$$$$$$$$$$$$$$$$$$$$$$$$$$$$$$$$
Calling Z3str3

current query... 
(declare-const needle_1 String)
(declare-const haystack_2 String)


(assert (= (str.at haystack_2 1) (str.at needle_1 0)))
(assert (< ( +  (str.len needle_1) 1) ( +  (str.len haystack_2) 1)))
(assert (>= 8 (str.len needle_1)))
(assert (= (str.at haystack_2 7) (str.at needle_1 7)))
(assert (< 7 (str.len needle_1)))
(assert (= (str.at haystack_2 6) (str.at needle_1 6)))
(assert (< 6 (str.len needle_1)))
(assert (= (str.at haystack_2 5) (str.at needle_1 5)))
(assert (< 5 (str.len needle_1)))
(assert (= (str.at haystack_2 4) (str.at needle_1 4)))
(assert (< 4 (str.len needle_1)))
(assert (= (str.at haystack_2 3) (str.at needle_1 3)))
(assert (< 3 (str.len needle_1)))
(assert (= (str.at haystack_2 2) (str.at needle_1 2)))
(assert (< 2 (str.len needle_1)))
(assert (= (str.at haystack_2 1) (str.at needle_1 1)))
(assert (< 1 (str.len needle_1)))
(assert (= (str.at haystack_2 0) (str.at needle_1 0)))
(assert (< 0 (str.len needle_1)))
(assert (< (str.len needle_1) ( +  (str.len haystack_2) 1)))



======================
(define-fun needle_1 () String
  "AABCDEFG")
(define-fun haystack_2 () String
  "AABCDEFGH")
Returned solutions: 
(define-fun needle_1 () String  "AABCDEFG")
(define-fun haystack_2 () String  "AABCDEFGH")
*************************************
Satisfiable: true
needle_1 => "AABCDEFG"
haystack_2 => "AABCDEFGH"
*************************************

numeric PC: constraint # = 21
CONST_1 >= Length_0_ &&
CharAt(CONST_1)_4_ == CharAt(CONST_0)_3_ &&
(Length_0_ + CONST_1) < (Length_1_ + CONST_1) &&
CONST_8 >= Length_0_ &&
CharAt(CONST_7)_16_ == CharAt(CONST_7)_17_ &&
CONST_7 < Length_0_ &&
CharAt(CONST_6)_14_ == CharAt(CONST_6)_15_ &&
CONST_6 < Length_0_ &&
CharAt(CONST_5)_12_ == CharAt(CONST_5)_13_ &&
CONST_5 < Length_0_ &&
CharAt(CONST_4)_10_ == CharAt(CONST_4)_11_ &&
CONST_4 < Length_0_ &&
CharAt(CONST_3)_8_ == CharAt(CONST_3)_9_ &&
CONST_3 < Length_0_ &&
CharAt(CONST_2)_6_ == CharAt(CONST_2)_7_ &&
CONST_2 < Length_0_ &&
CharAt(CONST_1)_4_ == CharAt(CONST_1)_5_ &&
CONST_1 < Length_0_ &&
CharAt(CONST_0)_2_ == CharAt(CONST_0)_3_ &&
CONST_0 < Length_0_ &&
Length_0_ < (Length_1_ + CONST_1) -> false

### PCs: total:73 sat:69 unsat:4

numeric PC: constraint # = 20
CharAt(CONST_1)_4_ == CharAt(CONST_0)_3_ &&
(Length_0_ + CONST_1) < (Length_1_ + CONST_1) &&
CONST_8 >= Length_0_ &&
CharAt(CONST_7)_16_ == CharAt(CONST_7)_17_ &&
CONST_7 < Length_0_ &&
CharAt(CONST_6)_14_ == CharAt(CONST_6)_15_ &&
CONST_6 < Length_0_ &&
CharAt(CONST_5)_12_ == CharAt(CONST_5)_13_ &&
CONST_5 < Length_0_ &&
CharAt(CONST_4)_10_ == CharAt(CONST_4)_11_ &&
CONST_4 < Length_0_ &&
CharAt(CONST_3)_8_ == CharAt(CONST_3)_9_ &&
CONST_3 < Length_0_ &&
CharAt(CONST_2)_6_ == CharAt(CONST_2)_7_ &&
CONST_2 < Length_0_ &&
CharAt(CONST_1)_4_ == CharAt(CONST_1)_5_ &&
CONST_1 < Length_0_ &&
CharAt(CONST_0)_2_ == CharAt(CONST_0)_3_ &&
CONST_0 < Length_0_ &&
Length_0_ < (Length_1_ + CONST_1) -> true

### PCs: total:74 sat:70 unsat:4

string analysis: SPC # = 0
NPC constraint # = 20
CharAt(CONST_1)_4_ == CharAt(CONST_0)_3_ &&
(Length_0_ + CONST_1) < (Length_1_ + CONST_1) &&
CONST_8 >= Length_0_ &&
CharAt(CONST_7)_16_ == CharAt(CONST_7)_17_ &&
CONST_7 < Length_0_ &&
CharAt(CONST_6)_14_ == CharAt(CONST_6)_15_ &&
CONST_6 < Length_0_ &&
CharAt(CONST_5)_12_ == CharAt(CONST_5)_13_ &&
CONST_5 < Length_0_ &&
CharAt(CONST_4)_10_ == CharAt(CONST_4)_11_ &&
CONST_4 < Length_0_ &&
CharAt(CONST_3)_8_ == CharAt(CONST_3)_9_ &&
CONST_3 < Length_0_ &&
CharAt(CONST_2)_6_ == CharAt(CONST_2)_7_ &&
CONST_2 < Length_0_ &&
CharAt(CONST_1)_4_ == CharAt(CONST_1)_5_ &&
CONST_1 < Length_0_ &&
CharAt(CONST_0)_2_ == CharAt(CONST_0)_3_ &&
CONST_0 < Length_0_ &&
Length_0_ < (Length_1_ + CONST_1)
$$$$$$$$$$$$$$$$$$$$$$$$$$$$$$$$
Calling Z3str3

current query... 
(declare-const needle_1 String)
(declare-const haystack_2 String)


(assert (= (str.at haystack_2 1) (str.at needle_1 0)))
(assert (< ( +  (str.len needle_1) 1) ( +  (str.len haystack_2) 1)))
(assert (>= 8 (str.len needle_1)))
(assert (= (str.at haystack_2 7) (str.at needle_1 7)))
(assert (< 7 (str.len needle_1)))
(assert (= (str.at haystack_2 6) (str.at needle_1 6)))
(assert (< 6 (str.len needle_1)))
(assert (= (str.at haystack_2 5) (str.at needle_1 5)))
(assert (< 5 (str.len needle_1)))
(assert (= (str.at haystack_2 4) (str.at needle_1 4)))
(assert (< 4 (str.len needle_1)))
(assert (= (str.at haystack_2 3) (str.at needle_1 3)))
(assert (< 3 (str.len needle_1)))
(assert (= (str.at haystack_2 2) (str.at needle_1 2)))
(assert (< 2 (str.len needle_1)))
(assert (= (str.at haystack_2 1) (str.at needle_1 1)))
(assert (< 1 (str.len needle_1)))
(assert (= (str.at haystack_2 0) (str.at needle_1 0)))
(assert (< 0 (str.len needle_1)))
(assert (< (str.len needle_1) ( +  (str.len haystack_2) 1)))



======================
(define-fun needle_1 () String
  "AABCDEFG")
(define-fun haystack_2 () String
  "AABCDEFGH")
Returned solutions: 
(define-fun needle_1 () String  "AABCDEFG")
(define-fun haystack_2 () String  "AABCDEFGH")
*************************************
Satisfiable: true
needle_1 => "AABCDEFG"
haystack_2 => "AABCDEFGH"
*************************************

numeric PC: constraint # = 21
CharAt(CONST_2)_6_ != CharAt(CONST_1)_5_ &&
CharAt(CONST_1)_4_ == CharAt(CONST_0)_3_ &&
(Length_0_ + CONST_1) < (Length_1_ + CONST_1) &&
CONST_8 >= Length_0_ &&
CharAt(CONST_7)_16_ == CharAt(CONST_7)_17_ &&
CONST_7 < Length_0_ &&
CharAt(CONST_6)_14_ == CharAt(CONST_6)_15_ &&
CONST_6 < Length_0_ &&
CharAt(CONST_5)_12_ == CharAt(CONST_5)_13_ &&
CONST_5 < Length_0_ &&
CharAt(CONST_4)_10_ == CharAt(CONST_4)_11_ &&
CONST_4 < Length_0_ &&
CharAt(CONST_3)_8_ == CharAt(CONST_3)_9_ &&
CONST_3 < Length_0_ &&
CharAt(CONST_2)_6_ == CharAt(CONST_2)_7_ &&
CONST_2 < Length_0_ &&
CharAt(CONST_1)_4_ == CharAt(CONST_1)_5_ &&
CONST_1 < Length_0_ &&
CharAt(CONST_0)_2_ == CharAt(CONST_0)_3_ &&
CONST_0 < Length_0_ &&
Length_0_ < (Length_1_ + CONST_1) -> true

### PCs: total:75 sat:71 unsat:4

string analysis: SPC # = 0
NPC constraint # = 21
CharAt(CONST_2)_6_ != CharAt(CONST_1)_5_ &&
CharAt(CONST_1)_4_ == CharAt(CONST_0)_3_ &&
(Length_0_ + CONST_1) < (Length_1_ + CONST_1) &&
CONST_8 >= Length_0_ &&
CharAt(CONST_7)_16_ == CharAt(CONST_7)_17_ &&
CONST_7 < Length_0_ &&
CharAt(CONST_6)_14_ == CharAt(CONST_6)_15_ &&
CONST_6 < Length_0_ &&
CharAt(CONST_5)_12_ == CharAt(CONST_5)_13_ &&
CONST_5 < Length_0_ &&
CharAt(CONST_4)_10_ == CharAt(CONST_4)_11_ &&
CONST_4 < Length_0_ &&
CharAt(CONST_3)_8_ == CharAt(CONST_3)_9_ &&
CONST_3 < Length_0_ &&
CharAt(CONST_2)_6_ == CharAt(CONST_2)_7_ &&
CONST_2 < Length_0_ &&
CharAt(CONST_1)_4_ == CharAt(CONST_1)_5_ &&
CONST_1 < Length_0_ &&
CharAt(CONST_0)_2_ == CharAt(CONST_0)_3_ &&
CONST_0 < Length_0_ &&
Length_0_ < (Length_1_ + CONST_1)
$$$$$$$$$$$$$$$$$$$$$$$$$$$$$$$$
Calling Z3str3

current query... 
(declare-const needle_1 String)
(declare-const haystack_2 String)


(assert (not (= (str.at haystack_2 2) (str.at needle_1 1))))
(assert (= (str.at haystack_2 1) (str.at needle_1 0)))
(assert (< ( +  (str.len needle_1) 1) ( +  (str.len haystack_2) 1)))
(assert (>= 8 (str.len needle_1)))
(assert (= (str.at haystack_2 7) (str.at needle_1 7)))
(assert (< 7 (str.len needle_1)))
(assert (= (str.at haystack_2 6) (str.at needle_1 6)))
(assert (< 6 (str.len needle_1)))
(assert (= (str.at haystack_2 5) (str.at needle_1 5)))
(assert (< 5 (str.len needle_1)))
(assert (= (str.at haystack_2 4) (str.at needle_1 4)))
(assert (< 4 (str.len needle_1)))
(assert (= (str.at haystack_2 3) (str.at needle_1 3)))
(assert (< 3 (str.len needle_1)))
(assert (= (str.at haystack_2 2) (str.at needle_1 2)))
(assert (< 2 (str.len needle_1)))
(assert (= (str.at haystack_2 1) (str.at needle_1 1)))
(assert (< 1 (str.len needle_1)))
(assert (= (str.at haystack_2 0) (str.at needle_1 0)))
(assert (< 0 (str.len needle_1)))
(assert (< (str.len needle_1) ( +  (str.len haystack_2) 1)))



======================
(define-fun needle_1 () String
  "AABCDEFG")
(define-fun haystack_2 () String
  "AABCDEFGHI")
Returned solutions: 
(define-fun needle_1 () String  "AABCDEFG")
(define-fun haystack_2 () String  "AABCDEFGHI")
*************************************
Satisfiable: true
needle_1 => "AABCDEFG"
haystack_2 => "AABCDEFGHI"
*************************************

numeric PC: constraint # = 21
CharAt(CONST_2)_6_ == CharAt(CONST_1)_5_ &&
CharAt(CONST_1)_4_ == CharAt(CONST_0)_3_ &&
(Length_0_ + CONST_1) < (Length_1_ + CONST_1) &&
CONST_8 >= Length_0_ &&
CharAt(CONST_7)_16_ == CharAt(CONST_7)_17_ &&
CONST_7 < Length_0_ &&
CharAt(CONST_6)_14_ == CharAt(CONST_6)_15_ &&
CONST_6 < Length_0_ &&
CharAt(CONST_5)_12_ == CharAt(CONST_5)_13_ &&
CONST_5 < Length_0_ &&
CharAt(CONST_4)_10_ == CharAt(CONST_4)_11_ &&
CONST_4 < Length_0_ &&
CharAt(CONST_3)_8_ == CharAt(CONST_3)_9_ &&
CONST_3 < Length_0_ &&
CharAt(CONST_2)_6_ == CharAt(CONST_2)_7_ &&
CONST_2 < Length_0_ &&
CharAt(CONST_1)_4_ == CharAt(CONST_1)_5_ &&
CONST_1 < Length_0_ &&
CharAt(CONST_0)_2_ == CharAt(CONST_0)_3_ &&
CONST_0 < Length_0_ &&
Length_0_ < (Length_1_ + CONST_1) -> true

### PCs: total:76 sat:72 unsat:4

string analysis: SPC # = 0
NPC constraint # = 21
CharAt(CONST_2)_6_ == CharAt(CONST_1)_5_ &&
CharAt(CONST_1)_4_ == CharAt(CONST_0)_3_ &&
(Length_0_ + CONST_1) < (Length_1_ + CONST_1) &&
CONST_8 >= Length_0_ &&
CharAt(CONST_7)_16_ == CharAt(CONST_7)_17_ &&
CONST_7 < Length_0_ &&
CharAt(CONST_6)_14_ == CharAt(CONST_6)_15_ &&
CONST_6 < Length_0_ &&
CharAt(CONST_5)_12_ == CharAt(CONST_5)_13_ &&
CONST_5 < Length_0_ &&
CharAt(CONST_4)_10_ == CharAt(CONST_4)_11_ &&
CONST_4 < Length_0_ &&
CharAt(CONST_3)_8_ == CharAt(CONST_3)_9_ &&
CONST_3 < Length_0_ &&
CharAt(CONST_2)_6_ == CharAt(CONST_2)_7_ &&
CONST_2 < Length_0_ &&
CharAt(CONST_1)_4_ == CharAt(CONST_1)_5_ &&
CONST_1 < Length_0_ &&
CharAt(CONST_0)_2_ == CharAt(CONST_0)_3_ &&
CONST_0 < Length_0_ &&
Length_0_ < (Length_1_ + CONST_1)
$$$$$$$$$$$$$$$$$$$$$$$$$$$$$$$$
Calling Z3str3

current query... 
(declare-const needle_1 String)
(declare-const haystack_2 String)


(assert (= (str.at haystack_2 2) (str.at needle_1 1)))
(assert (= (str.at haystack_2 1) (str.at needle_1 0)))
(assert (< ( +  (str.len needle_1) 1) ( +  (str.len haystack_2) 1)))
(assert (>= 8 (str.len needle_1)))
(assert (= (str.at haystack_2 7) (str.at needle_1 7)))
(assert (< 7 (str.len needle_1)))
(assert (= (str.at haystack_2 6) (str.at needle_1 6)))
(assert (< 6 (str.len needle_1)))
(assert (= (str.at haystack_2 5) (str.at needle_1 5)))
(assert (< 5 (str.len needle_1)))
(assert (= (str.at haystack_2 4) (str.at needle_1 4)))
(assert (< 4 (str.len needle_1)))
(assert (= (str.at haystack_2 3) (str.at needle_1 3)))
(assert (< 3 (str.len needle_1)))
(assert (= (str.at haystack_2 2) (str.at needle_1 2)))
(assert (< 2 (str.len needle_1)))
(assert (= (str.at haystack_2 1) (str.at needle_1 1)))
(assert (< 1 (str.len needle_1)))
(assert (= (str.at haystack_2 0) (str.at needle_1 0)))
(assert (< 0 (str.len needle_1)))
(assert (< (str.len needle_1) ( +  (str.len haystack_2) 1)))



======================
(define-fun needle_1 () String
  "AAABCDEF")
(define-fun haystack_2 () String
  "AAABCDEFGH")
Returned solutions: 
(define-fun needle_1 () String  "AAABCDEF")
(define-fun haystack_2 () String  "AAABCDEFGH")
*************************************
Satisfiable: true
needle_1 => "AAABCDEF"
haystack_2 => "AAABCDEFGH"
*************************************

numeric PC: constraint # = 22
CONST_2 >= Length_0_ &&
CharAt(CONST_2)_6_ == CharAt(CONST_1)_5_ &&
CharAt(CONST_1)_4_ == CharAt(CONST_0)_3_ &&
(Length_0_ + CONST_1) < (Length_1_ + CONST_1) &&
CONST_8 >= Length_0_ &&
CharAt(CONST_7)_16_ == CharAt(CONST_7)_17_ &&
CONST_7 < Length_0_ &&
CharAt(CONST_6)_14_ == CharAt(CONST_6)_15_ &&
CONST_6 < Length_0_ &&
CharAt(CONST_5)_12_ == CharAt(CONST_5)_13_ &&
CONST_5 < Length_0_ &&
CharAt(CONST_4)_10_ == CharAt(CONST_4)_11_ &&
CONST_4 < Length_0_ &&
CharAt(CONST_3)_8_ == CharAt(CONST_3)_9_ &&
CONST_3 < Length_0_ &&
CharAt(CONST_2)_6_ == CharAt(CONST_2)_7_ &&
CONST_2 < Length_0_ &&
CharAt(CONST_1)_4_ == CharAt(CONST_1)_5_ &&
CONST_1 < Length_0_ &&
CharAt(CONST_0)_2_ == CharAt(CONST_0)_3_ &&
CONST_0 < Length_0_ &&
Length_0_ < (Length_1_ + CONST_1) -> false

### PCs: total:77 sat:72 unsat:5

numeric PC: constraint # = 21
CharAt(CONST_2)_6_ == CharAt(CONST_1)_5_ &&
CharAt(CONST_1)_4_ == CharAt(CONST_0)_3_ &&
(Length_0_ + CONST_1) < (Length_1_ + CONST_1) &&
CONST_8 >= Length_0_ &&
CharAt(CONST_7)_16_ == CharAt(CONST_7)_17_ &&
CONST_7 < Length_0_ &&
CharAt(CONST_6)_14_ == CharAt(CONST_6)_15_ &&
CONST_6 < Length_0_ &&
CharAt(CONST_5)_12_ == CharAt(CONST_5)_13_ &&
CONST_5 < Length_0_ &&
CharAt(CONST_4)_10_ == CharAt(CONST_4)_11_ &&
CONST_4 < Length_0_ &&
CharAt(CONST_3)_8_ == CharAt(CONST_3)_9_ &&
CONST_3 < Length_0_ &&
CharAt(CONST_2)_6_ == CharAt(CONST_2)_7_ &&
CONST_2 < Length_0_ &&
CharAt(CONST_1)_4_ == CharAt(CONST_1)_5_ &&
CONST_1 < Length_0_ &&
CharAt(CONST_0)_2_ == CharAt(CONST_0)_3_ &&
CONST_0 < Length_0_ &&
Length_0_ < (Length_1_ + CONST_1) -> true

### PCs: total:78 sat:73 unsat:5

string analysis: SPC # = 0
NPC constraint # = 21
CharAt(CONST_2)_6_ == CharAt(CONST_1)_5_ &&
CharAt(CONST_1)_4_ == CharAt(CONST_0)_3_ &&
(Length_0_ + CONST_1) < (Length_1_ + CONST_1) &&
CONST_8 >= Length_0_ &&
CharAt(CONST_7)_16_ == CharAt(CONST_7)_17_ &&
CONST_7 < Length_0_ &&
CharAt(CONST_6)_14_ == CharAt(CONST_6)_15_ &&
CONST_6 < Length_0_ &&
CharAt(CONST_5)_12_ == CharAt(CONST_5)_13_ &&
CONST_5 < Length_0_ &&
CharAt(CONST_4)_10_ == CharAt(CONST_4)_11_ &&
CONST_4 < Length_0_ &&
CharAt(CONST_3)_8_ == CharAt(CONST_3)_9_ &&
CONST_3 < Length_0_ &&
CharAt(CONST_2)_6_ == CharAt(CONST_2)_7_ &&
CONST_2 < Length_0_ &&
CharAt(CONST_1)_4_ == CharAt(CONST_1)_5_ &&
CONST_1 < Length_0_ &&
CharAt(CONST_0)_2_ == CharAt(CONST_0)_3_ &&
CONST_0 < Length_0_ &&
Length_0_ < (Length_1_ + CONST_1)
$$$$$$$$$$$$$$$$$$$$$$$$$$$$$$$$
Calling Z3str3

current query... 
(declare-const needle_1 String)
(declare-const haystack_2 String)


(assert (= (str.at haystack_2 2) (str.at needle_1 1)))
(assert (= (str.at haystack_2 1) (str.at needle_1 0)))
(assert (< ( +  (str.len needle_1) 1) ( +  (str.len haystack_2) 1)))
(assert (>= 8 (str.len needle_1)))
(assert (= (str.at haystack_2 7) (str.at needle_1 7)))
(assert (< 7 (str.len needle_1)))
(assert (= (str.at haystack_2 6) (str.at needle_1 6)))
(assert (< 6 (str.len needle_1)))
(assert (= (str.at haystack_2 5) (str.at needle_1 5)))
(assert (< 5 (str.len needle_1)))
(assert (= (str.at haystack_2 4) (str.at needle_1 4)))
(assert (< 4 (str.len needle_1)))
(assert (= (str.at haystack_2 3) (str.at needle_1 3)))
(assert (< 3 (str.len needle_1)))
(assert (= (str.at haystack_2 2) (str.at needle_1 2)))
(assert (< 2 (str.len needle_1)))
(assert (= (str.at haystack_2 1) (str.at needle_1 1)))
(assert (< 1 (str.len needle_1)))
(assert (= (str.at haystack_2 0) (str.at needle_1 0)))
(assert (< 0 (str.len needle_1)))
(assert (< (str.len needle_1) ( +  (str.len haystack_2) 1)))



======================
(define-fun needle_1 () String
  "AAABCDEF")
(define-fun haystack_2 () String
  "AAABCDEFGH")
Returned solutions: 
(define-fun needle_1 () String  "AAABCDEF")
(define-fun haystack_2 () String  "AAABCDEFGH")
*************************************
Satisfiable: true
needle_1 => "AAABCDEF"
haystack_2 => "AAABCDEFGH"
*************************************

numeric PC: constraint # = 22
CharAt(CONST_3)_8_ != CharAt(CONST_2)_7_ &&
CharAt(CONST_2)_6_ == CharAt(CONST_1)_5_ &&
CharAt(CONST_1)_4_ == CharAt(CONST_0)_3_ &&
(Length_0_ + CONST_1) < (Length_1_ + CONST_1) &&
CONST_8 >= Length_0_ &&
CharAt(CONST_7)_16_ == CharAt(CONST_7)_17_ &&
CONST_7 < Length_0_ &&
CharAt(CONST_6)_14_ == CharAt(CONST_6)_15_ &&
CONST_6 < Length_0_ &&
CharAt(CONST_5)_12_ == CharAt(CONST_5)_13_ &&
CONST_5 < Length_0_ &&
CharAt(CONST_4)_10_ == CharAt(CONST_4)_11_ &&
CONST_4 < Length_0_ &&
CharAt(CONST_3)_8_ == CharAt(CONST_3)_9_ &&
CONST_3 < Length_0_ &&
CharAt(CONST_2)_6_ == CharAt(CONST_2)_7_ &&
CONST_2 < Length_0_ &&
CharAt(CONST_1)_4_ == CharAt(CONST_1)_5_ &&
CONST_1 < Length_0_ &&
CharAt(CONST_0)_2_ == CharAt(CONST_0)_3_ &&
CONST_0 < Length_0_ &&
Length_0_ < (Length_1_ + CONST_1) -> true

### PCs: total:79 sat:74 unsat:5

string analysis: SPC # = 0
NPC constraint # = 22
CharAt(CONST_3)_8_ != CharAt(CONST_2)_7_ &&
CharAt(CONST_2)_6_ == CharAt(CONST_1)_5_ &&
CharAt(CONST_1)_4_ == CharAt(CONST_0)_3_ &&
(Length_0_ + CONST_1) < (Length_1_ + CONST_1) &&
CONST_8 >= Length_0_ &&
CharAt(CONST_7)_16_ == CharAt(CONST_7)_17_ &&
CONST_7 < Length_0_ &&
CharAt(CONST_6)_14_ == CharAt(CONST_6)_15_ &&
CONST_6 < Length_0_ &&
CharAt(CONST_5)_12_ == CharAt(CONST_5)_13_ &&
CONST_5 < Length_0_ &&
CharAt(CONST_4)_10_ == CharAt(CONST_4)_11_ &&
CONST_4 < Length_0_ &&
CharAt(CONST_3)_8_ == CharAt(CONST_3)_9_ &&
CONST_3 < Length_0_ &&
CharAt(CONST_2)_6_ == CharAt(CONST_2)_7_ &&
CONST_2 < Length_0_ &&
CharAt(CONST_1)_4_ == CharAt(CONST_1)_5_ &&
CONST_1 < Length_0_ &&
CharAt(CONST_0)_2_ == CharAt(CONST_0)_3_ &&
CONST_0 < Length_0_ &&
Length_0_ < (Length_1_ + CONST_1)
$$$$$$$$$$$$$$$$$$$$$$$$$$$$$$$$
Calling Z3str3

current query... 
(declare-const needle_1 String)
(declare-const haystack_2 String)


(assert (not (= (str.at haystack_2 3) (str.at needle_1 2))))
(assert (= (str.at haystack_2 2) (str.at needle_1 1)))
(assert (= (str.at haystack_2 1) (str.at needle_1 0)))
(assert (< ( +  (str.len needle_1) 1) ( +  (str.len haystack_2) 1)))
(assert (>= 8 (str.len needle_1)))
(assert (= (str.at haystack_2 7) (str.at needle_1 7)))
(assert (< 7 (str.len needle_1)))
(assert (= (str.at haystack_2 6) (str.at needle_1 6)))
(assert (< 6 (str.len needle_1)))
(assert (= (str.at haystack_2 5) (str.at needle_1 5)))
(assert (< 5 (str.len needle_1)))
(assert (= (str.at haystack_2 4) (str.at needle_1 4)))
(assert (< 4 (str.len needle_1)))
(assert (= (str.at haystack_2 3) (str.at needle_1 3)))
(assert (< 3 (str.len needle_1)))
(assert (= (str.at haystack_2 2) (str.at needle_1 2)))
(assert (< 2 (str.len needle_1)))
(assert (= (str.at haystack_2 1) (str.at needle_1 1)))
(assert (< 1 (str.len needle_1)))
(assert (= (str.at haystack_2 0) (str.at needle_1 0)))
(assert (< 0 (str.len needle_1)))
(assert (< (str.len needle_1) ( +  (str.len haystack_2) 1)))



======================
(define-fun needle_1 () String
  "AAABCDEF")
(define-fun haystack_2 () String
  "AAABCDEFG")
Returned solutions: 
(define-fun needle_1 () String  "AAABCDEF")
(define-fun haystack_2 () String  "AAABCDEFG")
*************************************
Satisfiable: true
needle_1 => "AAABCDEF"
haystack_2 => "AAABCDEFG"
*************************************

numeric PC: constraint # = 22
CharAt(CONST_3)_8_ == CharAt(CONST_2)_7_ &&
CharAt(CONST_2)_6_ == CharAt(CONST_1)_5_ &&
CharAt(CONST_1)_4_ == CharAt(CONST_0)_3_ &&
(Length_0_ + CONST_1) < (Length_1_ + CONST_1) &&
CONST_8 >= Length_0_ &&
CharAt(CONST_7)_16_ == CharAt(CONST_7)_17_ &&
CONST_7 < Length_0_ &&
CharAt(CONST_6)_14_ == CharAt(CONST_6)_15_ &&
CONST_6 < Length_0_ &&
CharAt(CONST_5)_12_ == CharAt(CONST_5)_13_ &&
CONST_5 < Length_0_ &&
CharAt(CONST_4)_10_ == CharAt(CONST_4)_11_ &&
CONST_4 < Length_0_ &&
CharAt(CONST_3)_8_ == CharAt(CONST_3)_9_ &&
CONST_3 < Length_0_ &&
CharAt(CONST_2)_6_ == CharAt(CONST_2)_7_ &&
CONST_2 < Length_0_ &&
CharAt(CONST_1)_4_ == CharAt(CONST_1)_5_ &&
CONST_1 < Length_0_ &&
CharAt(CONST_0)_2_ == CharAt(CONST_0)_3_ &&
CONST_0 < Length_0_ &&
Length_0_ < (Length_1_ + CONST_1) -> true

### PCs: total:80 sat:75 unsat:5

string analysis: SPC # = 0
NPC constraint # = 22
CharAt(CONST_3)_8_ == CharAt(CONST_2)_7_ &&
CharAt(CONST_2)_6_ == CharAt(CONST_1)_5_ &&
CharAt(CONST_1)_4_ == CharAt(CONST_0)_3_ &&
(Length_0_ + CONST_1) < (Length_1_ + CONST_1) &&
CONST_8 >= Length_0_ &&
CharAt(CONST_7)_16_ == CharAt(CONST_7)_17_ &&
CONST_7 < Length_0_ &&
CharAt(CONST_6)_14_ == CharAt(CONST_6)_15_ &&
CONST_6 < Length_0_ &&
CharAt(CONST_5)_12_ == CharAt(CONST_5)_13_ &&
CONST_5 < Length_0_ &&
CharAt(CONST_4)_10_ == CharAt(CONST_4)_11_ &&
CONST_4 < Length_0_ &&
CharAt(CONST_3)_8_ == CharAt(CONST_3)_9_ &&
CONST_3 < Length_0_ &&
CharAt(CONST_2)_6_ == CharAt(CONST_2)_7_ &&
CONST_2 < Length_0_ &&
CharAt(CONST_1)_4_ == CharAt(CONST_1)_5_ &&
CONST_1 < Length_0_ &&
CharAt(CONST_0)_2_ == CharAt(CONST_0)_3_ &&
CONST_0 < Length_0_ &&
Length_0_ < (Length_1_ + CONST_1)
$$$$$$$$$$$$$$$$$$$$$$$$$$$$$$$$
Calling Z3str3

current query... 
(declare-const needle_1 String)
(declare-const haystack_2 String)


(assert (= (str.at haystack_2 3) (str.at needle_1 2)))
(assert (= (str.at haystack_2 2) (str.at needle_1 1)))
(assert (= (str.at haystack_2 1) (str.at needle_1 0)))
(assert (< ( +  (str.len needle_1) 1) ( +  (str.len haystack_2) 1)))
(assert (>= 8 (str.len needle_1)))
(assert (= (str.at haystack_2 7) (str.at needle_1 7)))
(assert (< 7 (str.len needle_1)))
(assert (= (str.at haystack_2 6) (str.at needle_1 6)))
(assert (< 6 (str.len needle_1)))
(assert (= (str.at haystack_2 5) (str.at needle_1 5)))
(assert (< 5 (str.len needle_1)))
(assert (= (str.at haystack_2 4) (str.at needle_1 4)))
(assert (< 4 (str.len needle_1)))
(assert (= (str.at haystack_2 3) (str.at needle_1 3)))
(assert (< 3 (str.len needle_1)))
(assert (= (str.at haystack_2 2) (str.at needle_1 2)))
(assert (< 2 (str.len needle_1)))
(assert (= (str.at haystack_2 1) (str.at needle_1 1)))
(assert (< 1 (str.len needle_1)))
(assert (= (str.at haystack_2 0) (str.at needle_1 0)))
(assert (< 0 (str.len needle_1)))
(assert (< (str.len needle_1) ( +  (str.len haystack_2) 1)))



======================
(define-fun needle_1 () String
  "AAAABCDE")
(define-fun haystack_2 () String
  "AAAABCDEFG")
Returned solutions: 
(define-fun needle_1 () String  "AAAABCDE")
(define-fun haystack_2 () String  "AAAABCDEFG")
*************************************
Satisfiable: true
needle_1 => "AAAABCDE"
haystack_2 => "AAAABCDEFG"
*************************************


====================================================== search constraint
depth limit reached: 23

====================================================== snapshot 
thread java.lang.Thread:{id:0,name:main,status:RUNNING,priority:5,isDaemon:false,lockCount:0,suspendCount:0}
  call stack:
	at strings.StringSearch.search_1(StringSearch.java:19)
	at strings.StringSearch.main(StringSearch.java:7)

numeric PC: constraint # = 21
CharAt(CONST_2)_6_ == CharAt(CONST_1)_5_ &&
CharAt(CONST_1)_4_ == CharAt(CONST_0)_3_ &&
(Length_0_ + CONST_1) < (Length_1_ + CONST_1) &&
CONST_8 >= Length_0_ &&
CharAt(CONST_7)_16_ == CharAt(CONST_7)_17_ &&
CONST_7 < Length_0_ &&
CharAt(CONST_6)_14_ == CharAt(CONST_6)_15_ &&
CONST_6 < Length_0_ &&
CharAt(CONST_5)_12_ == CharAt(CONST_5)_13_ &&
CONST_5 < Length_0_ &&
CharAt(CONST_4)_10_ == CharAt(CONST_4)_11_ &&
CONST_4 < Length_0_ &&
CharAt(CONST_3)_8_ == CharAt(CONST_3)_9_ &&
CONST_3 < Length_0_ &&
CharAt(CONST_2)_6_ == CharAt(CONST_2)_7_ &&
CONST_2 < Length_0_ &&
CharAt(CONST_1)_4_ == CharAt(CONST_1)_5_ &&
CONST_1 < Length_0_ &&
CharAt(CONST_0)_2_ == CharAt(CONST_0)_3_ &&
CONST_0 < Length_0_ &&
Length_0_ < (Length_1_ + CONST_1) -> true

string analysis: SPC # = 0
NPC constraint # = 21
CharAt(CONST_2)_6_[0] == CharAt(CONST_1)_5_[0] &&
CharAt(CONST_1)_4_[0] == CharAt(CONST_0)_3_[0] &&
(Length_0_[8] + CONST_1) < (Length_1_[9] + CONST_1) &&
CONST_8 >= Length_0_[8] &&
CharAt(CONST_7)_16_[0] == CharAt(CONST_7)_17_[0] &&
CONST_7 < Length_0_[8] &&
CharAt(CONST_6)_14_[0] == CharAt(CONST_6)_15_[0] &&
CONST_6 < Length_0_[8] &&
CharAt(CONST_5)_12_[0] == CharAt(CONST_5)_13_[0] &&
CONST_5 < Length_0_[8] &&
CharAt(CONST_4)_10_[0] == CharAt(CONST_4)_11_[0] &&
CONST_4 < Length_0_[8] &&
CharAt(CONST_3)_8_[0] == CharAt(CONST_3)_9_[0] &&
CONST_3 < Length_0_[8] &&
CharAt(CONST_2)_6_[0] == CharAt(CONST_2)_7_[0] &&
CONST_2 < Length_0_[8] &&
CharAt(CONST_1)_4_[0] == CharAt(CONST_1)_5_[0] &&
CONST_1 < Length_0_[8] &&
CharAt(CONST_0)_2_[0] == CharAt(CONST_0)_3_[0] &&
CONST_0 < Length_0_[8] &&
Length_0_[8] < (Length_1_[9] + CONST_1)
$$$$$$$$$$$$$$$$$$$$$$$$$$$$$$$$
Calling Z3str3

current query... 
(declare-const needle_1 String)
(declare-const haystack_2 String)


(assert (= (str.at haystack_2 2) (str.at needle_1 1)))
(assert (= (str.at haystack_2 1) (str.at needle_1 0)))
(assert (< ( +  (str.len needle_1) 1) ( +  (str.len haystack_2) 1)))
(assert (>= 8 (str.len needle_1)))
(assert (= (str.at haystack_2 7) (str.at needle_1 7)))
(assert (< 7 (str.len needle_1)))
(assert (= (str.at haystack_2 6) (str.at needle_1 6)))
(assert (< 6 (str.len needle_1)))
(assert (= (str.at haystack_2 5) (str.at needle_1 5)))
(assert (< 5 (str.len needle_1)))
(assert (= (str.at haystack_2 4) (str.at needle_1 4)))
(assert (< 4 (str.len needle_1)))
(assert (= (str.at haystack_2 3) (str.at needle_1 3)))
(assert (< 3 (str.len needle_1)))
(assert (= (str.at haystack_2 2) (str.at needle_1 2)))
(assert (< 2 (str.len needle_1)))
(assert (= (str.at haystack_2 1) (str.at needle_1 1)))
(assert (< 1 (str.len needle_1)))
(assert (= (str.at haystack_2 0) (str.at needle_1 0)))
(assert (< 0 (str.len needle_1)))
(assert (< (str.len needle_1) ( +  (str.len haystack_2) 1)))



======================
(define-fun needle_1 () String
  "AAABCDEF")
(define-fun haystack_2 () String
  "AAABCDEFGH")
Returned solutions: 
(define-fun needle_1 () String  "AAABCDEF")
(define-fun haystack_2 () String  "AAABCDEFGH")
*************************************
Satisfiable: true
needle_1 => "AAABCDEF"
haystack_2 => "AAABCDEFGH"
*************************************

numeric PC: constraint # = 22
CONST_2 >= Length_0_ &&
CharAt(CONST_2)_6_ != CharAt(CONST_1)_5_ &&
CharAt(CONST_1)_4_ == CharAt(CONST_0)_3_ &&
(Length_0_ + CONST_1) < (Length_1_ + CONST_1) &&
CONST_8 >= Length_0_ &&
CharAt(CONST_7)_16_ == CharAt(CONST_7)_17_ &&
CONST_7 < Length_0_ &&
CharAt(CONST_6)_14_ == CharAt(CONST_6)_15_ &&
CONST_6 < Length_0_ &&
CharAt(CONST_5)_12_ == CharAt(CONST_5)_13_ &&
CONST_5 < Length_0_ &&
CharAt(CONST_4)_10_ == CharAt(CONST_4)_11_ &&
CONST_4 < Length_0_ &&
CharAt(CONST_3)_8_ == CharAt(CONST_3)_9_ &&
CONST_3 < Length_0_ &&
CharAt(CONST_2)_6_ == CharAt(CONST_2)_7_ &&
CONST_2 < Length_0_ &&
CharAt(CONST_1)_4_ == CharAt(CONST_1)_5_ &&
CONST_1 < Length_0_ &&
CharAt(CONST_0)_2_ == CharAt(CONST_0)_3_ &&
CONST_0 < Length_0_ &&
Length_0_ < (Length_1_ + CONST_1) -> false

### PCs: total:81 sat:75 unsat:6

numeric PC: constraint # = 21
CharAt(CONST_2)_6_ != CharAt(CONST_1)_5_ &&
CharAt(CONST_1)_4_ == CharAt(CONST_0)_3_ &&
(Length_0_ + CONST_1) < (Length_1_ + CONST_1) &&
CONST_8 >= Length_0_ &&
CharAt(CONST_7)_16_ == CharAt(CONST_7)_17_ &&
CONST_7 < Length_0_ &&
CharAt(CONST_6)_14_ == CharAt(CONST_6)_15_ &&
CONST_6 < Length_0_ &&
CharAt(CONST_5)_12_ == CharAt(CONST_5)_13_ &&
CONST_5 < Length_0_ &&
CharAt(CONST_4)_10_ == CharAt(CONST_4)_11_ &&
CONST_4 < Length_0_ &&
CharAt(CONST_3)_8_ == CharAt(CONST_3)_9_ &&
CONST_3 < Length_0_ &&
CharAt(CONST_2)_6_ == CharAt(CONST_2)_7_ &&
CONST_2 < Length_0_ &&
CharAt(CONST_1)_4_ == CharAt(CONST_1)_5_ &&
CONST_1 < Length_0_ &&
CharAt(CONST_0)_2_ == CharAt(CONST_0)_3_ &&
CONST_0 < Length_0_ &&
Length_0_ < (Length_1_ + CONST_1) -> true

### PCs: total:82 sat:76 unsat:6

string analysis: SPC # = 0
NPC constraint # = 21
CharAt(CONST_2)_6_ != CharAt(CONST_1)_5_ &&
CharAt(CONST_1)_4_ == CharAt(CONST_0)_3_ &&
(Length_0_ + CONST_1) < (Length_1_ + CONST_1) &&
CONST_8 >= Length_0_ &&
CharAt(CONST_7)_16_ == CharAt(CONST_7)_17_ &&
CONST_7 < Length_0_ &&
CharAt(CONST_6)_14_ == CharAt(CONST_6)_15_ &&
CONST_6 < Length_0_ &&
CharAt(CONST_5)_12_ == CharAt(CONST_5)_13_ &&
CONST_5 < Length_0_ &&
CharAt(CONST_4)_10_ == CharAt(CONST_4)_11_ &&
CONST_4 < Length_0_ &&
CharAt(CONST_3)_8_ == CharAt(CONST_3)_9_ &&
CONST_3 < Length_0_ &&
CharAt(CONST_2)_6_ == CharAt(CONST_2)_7_ &&
CONST_2 < Length_0_ &&
CharAt(CONST_1)_4_ == CharAt(CONST_1)_5_ &&
CONST_1 < Length_0_ &&
CharAt(CONST_0)_2_ == CharAt(CONST_0)_3_ &&
CONST_0 < Length_0_ &&
Length_0_ < (Length_1_ + CONST_1)
$$$$$$$$$$$$$$$$$$$$$$$$$$$$$$$$
Calling Z3str3

current query... 
(declare-const needle_1 String)
(declare-const haystack_2 String)


(assert (not (= (str.at haystack_2 2) (str.at needle_1 1))))
(assert (= (str.at haystack_2 1) (str.at needle_1 0)))
(assert (< ( +  (str.len needle_1) 1) ( +  (str.len haystack_2) 1)))
(assert (>= 8 (str.len needle_1)))
(assert (= (str.at haystack_2 7) (str.at needle_1 7)))
(assert (< 7 (str.len needle_1)))
(assert (= (str.at haystack_2 6) (str.at needle_1 6)))
(assert (< 6 (str.len needle_1)))
(assert (= (str.at haystack_2 5) (str.at needle_1 5)))
(assert (< 5 (str.len needle_1)))
(assert (= (str.at haystack_2 4) (str.at needle_1 4)))
(assert (< 4 (str.len needle_1)))
(assert (= (str.at haystack_2 3) (str.at needle_1 3)))
(assert (< 3 (str.len needle_1)))
(assert (= (str.at haystack_2 2) (str.at needle_1 2)))
(assert (< 2 (str.len needle_1)))
(assert (= (str.at haystack_2 1) (str.at needle_1 1)))
(assert (< 1 (str.len needle_1)))
(assert (= (str.at haystack_2 0) (str.at needle_1 0)))
(assert (< 0 (str.len needle_1)))
(assert (< (str.len needle_1) ( +  (str.len haystack_2) 1)))



======================
(define-fun needle_1 () String
  "AABCDEFG")
(define-fun haystack_2 () String
  "AABCDEFGHI")
Returned solutions: 
(define-fun needle_1 () String  "AABCDEFG")
(define-fun haystack_2 () String  "AABCDEFGHI")
*************************************
Satisfiable: true
needle_1 => "AABCDEFG"
haystack_2 => "AABCDEFGHI"
*************************************

numeric PC: constraint # = 22
CONST_3 >= Length_0_ &&
CharAt(CONST_2)_6_ != CharAt(CONST_1)_5_ &&
CharAt(CONST_1)_4_ == CharAt(CONST_0)_3_ &&
(Length_0_ + CONST_1) < (Length_1_ + CONST_1) &&
CONST_8 >= Length_0_ &&
CharAt(CONST_7)_16_ == CharAt(CONST_7)_17_ &&
CONST_7 < Length_0_ &&
CharAt(CONST_6)_14_ == CharAt(CONST_6)_15_ &&
CONST_6 < Length_0_ &&
CharAt(CONST_5)_12_ == CharAt(CONST_5)_13_ &&
CONST_5 < Length_0_ &&
CharAt(CONST_4)_10_ == CharAt(CONST_4)_11_ &&
CONST_4 < Length_0_ &&
CharAt(CONST_3)_8_ == CharAt(CONST_3)_9_ &&
CONST_3 < Length_0_ &&
CharAt(CONST_2)_6_ == CharAt(CONST_2)_7_ &&
CONST_2 < Length_0_ &&
CharAt(CONST_1)_4_ == CharAt(CONST_1)_5_ &&
CONST_1 < Length_0_ &&
CharAt(CONST_0)_2_ == CharAt(CONST_0)_3_ &&
CONST_0 < Length_0_ &&
Length_0_ < (Length_1_ + CONST_1) -> false

### PCs: total:83 sat:76 unsat:7

numeric PC: constraint # = 21
CharAt(CONST_2)_6_ != CharAt(CONST_1)_5_ &&
CharAt(CONST_1)_4_ == CharAt(CONST_0)_3_ &&
(Length_0_ + CONST_1) < (Length_1_ + CONST_1) &&
CONST_8 >= Length_0_ &&
CharAt(CONST_7)_16_ == CharAt(CONST_7)_17_ &&
CONST_7 < Length_0_ &&
CharAt(CONST_6)_14_ == CharAt(CONST_6)_15_ &&
CONST_6 < Length_0_ &&
CharAt(CONST_5)_12_ == CharAt(CONST_5)_13_ &&
CONST_5 < Length_0_ &&
CharAt(CONST_4)_10_ == CharAt(CONST_4)_11_ &&
CONST_4 < Length_0_ &&
CharAt(CONST_3)_8_ == CharAt(CONST_3)_9_ &&
CONST_3 < Length_0_ &&
CharAt(CONST_2)_6_ == CharAt(CONST_2)_7_ &&
CONST_2 < Length_0_ &&
CharAt(CONST_1)_4_ == CharAt(CONST_1)_5_ &&
CONST_1 < Length_0_ &&
CharAt(CONST_0)_2_ == CharAt(CONST_0)_3_ &&
CONST_0 < Length_0_ &&
Length_0_ < (Length_1_ + CONST_1) -> true

### PCs: total:84 sat:77 unsat:7

string analysis: SPC # = 0
NPC constraint # = 21
CharAt(CONST_2)_6_ != CharAt(CONST_1)_5_ &&
CharAt(CONST_1)_4_ == CharAt(CONST_0)_3_ &&
(Length_0_ + CONST_1) < (Length_1_ + CONST_1) &&
CONST_8 >= Length_0_ &&
CharAt(CONST_7)_16_ == CharAt(CONST_7)_17_ &&
CONST_7 < Length_0_ &&
CharAt(CONST_6)_14_ == CharAt(CONST_6)_15_ &&
CONST_6 < Length_0_ &&
CharAt(CONST_5)_12_ == CharAt(CONST_5)_13_ &&
CONST_5 < Length_0_ &&
CharAt(CONST_4)_10_ == CharAt(CONST_4)_11_ &&
CONST_4 < Length_0_ &&
CharAt(CONST_3)_8_ == CharAt(CONST_3)_9_ &&
CONST_3 < Length_0_ &&
CharAt(CONST_2)_6_ == CharAt(CONST_2)_7_ &&
CONST_2 < Length_0_ &&
CharAt(CONST_1)_4_ == CharAt(CONST_1)_5_ &&
CONST_1 < Length_0_ &&
CharAt(CONST_0)_2_ == CharAt(CONST_0)_3_ &&
CONST_0 < Length_0_ &&
Length_0_ < (Length_1_ + CONST_1)
$$$$$$$$$$$$$$$$$$$$$$$$$$$$$$$$
Calling Z3str3

current query... 
(declare-const needle_1 String)
(declare-const haystack_2 String)


(assert (not (= (str.at haystack_2 2) (str.at needle_1 1))))
(assert (= (str.at haystack_2 1) (str.at needle_1 0)))
(assert (< ( +  (str.len needle_1) 1) ( +  (str.len haystack_2) 1)))
(assert (>= 8 (str.len needle_1)))
(assert (= (str.at haystack_2 7) (str.at needle_1 7)))
(assert (< 7 (str.len needle_1)))
(assert (= (str.at haystack_2 6) (str.at needle_1 6)))
(assert (< 6 (str.len needle_1)))
(assert (= (str.at haystack_2 5) (str.at needle_1 5)))
(assert (< 5 (str.len needle_1)))
(assert (= (str.at haystack_2 4) (str.at needle_1 4)))
(assert (< 4 (str.len needle_1)))
(assert (= (str.at haystack_2 3) (str.at needle_1 3)))
(assert (< 3 (str.len needle_1)))
(assert (= (str.at haystack_2 2) (str.at needle_1 2)))
(assert (< 2 (str.len needle_1)))
(assert (= (str.at haystack_2 1) (str.at needle_1 1)))
(assert (< 1 (str.len needle_1)))
(assert (= (str.at haystack_2 0) (str.at needle_1 0)))
(assert (< 0 (str.len needle_1)))
(assert (< (str.len needle_1) ( +  (str.len haystack_2) 1)))



======================
(define-fun needle_1 () String
  "AABCDEFG")
(define-fun haystack_2 () String
  "AABCDEFGHI")
Returned solutions: 
(define-fun needle_1 () String  "AABCDEFG")
(define-fun haystack_2 () String  "AABCDEFGHI")
*************************************
Satisfiable: true
needle_1 => "AABCDEFG"
haystack_2 => "AABCDEFGHI"
*************************************

numeric PC: constraint # = 22
CONST_4 >= Length_0_ &&
CharAt(CONST_2)_6_ != CharAt(CONST_1)_5_ &&
CharAt(CONST_1)_4_ == CharAt(CONST_0)_3_ &&
(Length_0_ + CONST_1) < (Length_1_ + CONST_1) &&
CONST_8 >= Length_0_ &&
CharAt(CONST_7)_16_ == CharAt(CONST_7)_17_ &&
CONST_7 < Length_0_ &&
CharAt(CONST_6)_14_ == CharAt(CONST_6)_15_ &&
CONST_6 < Length_0_ &&
CharAt(CONST_5)_12_ == CharAt(CONST_5)_13_ &&
CONST_5 < Length_0_ &&
CharAt(CONST_4)_10_ == CharAt(CONST_4)_11_ &&
CONST_4 < Length_0_ &&
CharAt(CONST_3)_8_ == CharAt(CONST_3)_9_ &&
CONST_3 < Length_0_ &&
CharAt(CONST_2)_6_ == CharAt(CONST_2)_7_ &&
CONST_2 < Length_0_ &&
CharAt(CONST_1)_4_ == CharAt(CONST_1)_5_ &&
CONST_1 < Length_0_ &&
CharAt(CONST_0)_2_ == CharAt(CONST_0)_3_ &&
CONST_0 < Length_0_ &&
Length_0_ < (Length_1_ + CONST_1) -> false

### PCs: total:85 sat:77 unsat:8

numeric PC: constraint # = 21
CharAt(CONST_2)_6_ != CharAt(CONST_1)_5_ &&
CharAt(CONST_1)_4_ == CharAt(CONST_0)_3_ &&
(Length_0_ + CONST_1) < (Length_1_ + CONST_1) &&
CONST_8 >= Length_0_ &&
CharAt(CONST_7)_16_ == CharAt(CONST_7)_17_ &&
CONST_7 < Length_0_ &&
CharAt(CONST_6)_14_ == CharAt(CONST_6)_15_ &&
CONST_6 < Length_0_ &&
CharAt(CONST_5)_12_ == CharAt(CONST_5)_13_ &&
CONST_5 < Length_0_ &&
CharAt(CONST_4)_10_ == CharAt(CONST_4)_11_ &&
CONST_4 < Length_0_ &&
CharAt(CONST_3)_8_ == CharAt(CONST_3)_9_ &&
CONST_3 < Length_0_ &&
CharAt(CONST_2)_6_ == CharAt(CONST_2)_7_ &&
CONST_2 < Length_0_ &&
CharAt(CONST_1)_4_ == CharAt(CONST_1)_5_ &&
CONST_1 < Length_0_ &&
CharAt(CONST_0)_2_ == CharAt(CONST_0)_3_ &&
CONST_0 < Length_0_ &&
Length_0_ < (Length_1_ + CONST_1) -> true

### PCs: total:86 sat:78 unsat:8

string analysis: SPC # = 0
NPC constraint # = 21
CharAt(CONST_2)_6_ != CharAt(CONST_1)_5_ &&
CharAt(CONST_1)_4_ == CharAt(CONST_0)_3_ &&
(Length_0_ + CONST_1) < (Length_1_ + CONST_1) &&
CONST_8 >= Length_0_ &&
CharAt(CONST_7)_16_ == CharAt(CONST_7)_17_ &&
CONST_7 < Length_0_ &&
CharAt(CONST_6)_14_ == CharAt(CONST_6)_15_ &&
CONST_6 < Length_0_ &&
CharAt(CONST_5)_12_ == CharAt(CONST_5)_13_ &&
CONST_5 < Length_0_ &&
CharAt(CONST_4)_10_ == CharAt(CONST_4)_11_ &&
CONST_4 < Length_0_ &&
CharAt(CONST_3)_8_ == CharAt(CONST_3)_9_ &&
CONST_3 < Length_0_ &&
CharAt(CONST_2)_6_ == CharAt(CONST_2)_7_ &&
CONST_2 < Length_0_ &&
CharAt(CONST_1)_4_ == CharAt(CONST_1)_5_ &&
CONST_1 < Length_0_ &&
CharAt(CONST_0)_2_ == CharAt(CONST_0)_3_ &&
CONST_0 < Length_0_ &&
Length_0_ < (Length_1_ + CONST_1)
$$$$$$$$$$$$$$$$$$$$$$$$$$$$$$$$
Calling Z3str3

current query... 
(declare-const needle_1 String)
(declare-const haystack_2 String)


(assert (not (= (str.at haystack_2 2) (str.at needle_1 1))))
(assert (= (str.at haystack_2 1) (str.at needle_1 0)))
(assert (< ( +  (str.len needle_1) 1) ( +  (str.len haystack_2) 1)))
(assert (>= 8 (str.len needle_1)))
(assert (= (str.at haystack_2 7) (str.at needle_1 7)))
(assert (< 7 (str.len needle_1)))
(assert (= (str.at haystack_2 6) (str.at needle_1 6)))
(assert (< 6 (str.len needle_1)))
(assert (= (str.at haystack_2 5) (str.at needle_1 5)))
(assert (< 5 (str.len needle_1)))
(assert (= (str.at haystack_2 4) (str.at needle_1 4)))
(assert (< 4 (str.len needle_1)))
(assert (= (str.at haystack_2 3) (str.at needle_1 3)))
(assert (< 3 (str.len needle_1)))
(assert (= (str.at haystack_2 2) (str.at needle_1 2)))
(assert (< 2 (str.len needle_1)))
(assert (= (str.at haystack_2 1) (str.at needle_1 1)))
(assert (< 1 (str.len needle_1)))
(assert (= (str.at haystack_2 0) (str.at needle_1 0)))
(assert (< 0 (str.len needle_1)))
(assert (< (str.len needle_1) ( +  (str.len haystack_2) 1)))



======================
(define-fun needle_1 () String
  "AABCDEFG")
(define-fun haystack_2 () String
  "AABCDEFGHI")
Returned solutions: 
(define-fun needle_1 () String  "AABCDEFG")
(define-fun haystack_2 () String  "AABCDEFGHI")
*************************************
Satisfiable: true
needle_1 => "AABCDEFG"
haystack_2 => "AABCDEFGHI"
*************************************

numeric PC: constraint # = 22
CONST_5 >= Length_0_ &&
CharAt(CONST_2)_6_ != CharAt(CONST_1)_5_ &&
CharAt(CONST_1)_4_ == CharAt(CONST_0)_3_ &&
(Length_0_ + CONST_1) < (Length_1_ + CONST_1) &&
CONST_8 >= Length_0_ &&
CharAt(CONST_7)_16_ == CharAt(CONST_7)_17_ &&
CONST_7 < Length_0_ &&
CharAt(CONST_6)_14_ == CharAt(CONST_6)_15_ &&
CONST_6 < Length_0_ &&
CharAt(CONST_5)_12_ == CharAt(CONST_5)_13_ &&
CONST_5 < Length_0_ &&
CharAt(CONST_4)_10_ == CharAt(CONST_4)_11_ &&
CONST_4 < Length_0_ &&
CharAt(CONST_3)_8_ == CharAt(CONST_3)_9_ &&
CONST_3 < Length_0_ &&
CharAt(CONST_2)_6_ == CharAt(CONST_2)_7_ &&
CONST_2 < Length_0_ &&
CharAt(CONST_1)_4_ == CharAt(CONST_1)_5_ &&
CONST_1 < Length_0_ &&
CharAt(CONST_0)_2_ == CharAt(CONST_0)_3_ &&
CONST_0 < Length_0_ &&
Length_0_ < (Length_1_ + CONST_1) -> false

### PCs: total:87 sat:78 unsat:9

numeric PC: constraint # = 21
CharAt(CONST_2)_6_ != CharAt(CONST_1)_5_ &&
CharAt(CONST_1)_4_ == CharAt(CONST_0)_3_ &&
(Length_0_ + CONST_1) < (Length_1_ + CONST_1) &&
CONST_8 >= Length_0_ &&
CharAt(CONST_7)_16_ == CharAt(CONST_7)_17_ &&
CONST_7 < Length_0_ &&
CharAt(CONST_6)_14_ == CharAt(CONST_6)_15_ &&
CONST_6 < Length_0_ &&
CharAt(CONST_5)_12_ == CharAt(CONST_5)_13_ &&
CONST_5 < Length_0_ &&
CharAt(CONST_4)_10_ == CharAt(CONST_4)_11_ &&
CONST_4 < Length_0_ &&
CharAt(CONST_3)_8_ == CharAt(CONST_3)_9_ &&
CONST_3 < Length_0_ &&
CharAt(CONST_2)_6_ == CharAt(CONST_2)_7_ &&
CONST_2 < Length_0_ &&
CharAt(CONST_1)_4_ == CharAt(CONST_1)_5_ &&
CONST_1 < Length_0_ &&
CharAt(CONST_0)_2_ == CharAt(CONST_0)_3_ &&
CONST_0 < Length_0_ &&
Length_0_ < (Length_1_ + CONST_1) -> true

### PCs: total:88 sat:79 unsat:9

string analysis: SPC # = 0
NPC constraint # = 21
CharAt(CONST_2)_6_ != CharAt(CONST_1)_5_ &&
CharAt(CONST_1)_4_ == CharAt(CONST_0)_3_ &&
(Length_0_ + CONST_1) < (Length_1_ + CONST_1) &&
CONST_8 >= Length_0_ &&
CharAt(CONST_7)_16_ == CharAt(CONST_7)_17_ &&
CONST_7 < Length_0_ &&
CharAt(CONST_6)_14_ == CharAt(CONST_6)_15_ &&
CONST_6 < Length_0_ &&
CharAt(CONST_5)_12_ == CharAt(CONST_5)_13_ &&
CONST_5 < Length_0_ &&
CharAt(CONST_4)_10_ == CharAt(CONST_4)_11_ &&
CONST_4 < Length_0_ &&
CharAt(CONST_3)_8_ == CharAt(CONST_3)_9_ &&
CONST_3 < Length_0_ &&
CharAt(CONST_2)_6_ == CharAt(CONST_2)_7_ &&
CONST_2 < Length_0_ &&
CharAt(CONST_1)_4_ == CharAt(CONST_1)_5_ &&
CONST_1 < Length_0_ &&
CharAt(CONST_0)_2_ == CharAt(CONST_0)_3_ &&
CONST_0 < Length_0_ &&
Length_0_ < (Length_1_ + CONST_1)
$$$$$$$$$$$$$$$$$$$$$$$$$$$$$$$$
Calling Z3str3

current query... 
(declare-const needle_1 String)
(declare-const haystack_2 String)


(assert (not (= (str.at haystack_2 2) (str.at needle_1 1))))
(assert (= (str.at haystack_2 1) (str.at needle_1 0)))
(assert (< ( +  (str.len needle_1) 1) ( +  (str.len haystack_2) 1)))
(assert (>= 8 (str.len needle_1)))
(assert (= (str.at haystack_2 7) (str.at needle_1 7)))
(assert (< 7 (str.len needle_1)))
(assert (= (str.at haystack_2 6) (str.at needle_1 6)))
(assert (< 6 (str.len needle_1)))
(assert (= (str.at haystack_2 5) (str.at needle_1 5)))
(assert (< 5 (str.len needle_1)))
(assert (= (str.at haystack_2 4) (str.at needle_1 4)))
(assert (< 4 (str.len needle_1)))
(assert (= (str.at haystack_2 3) (str.at needle_1 3)))
(assert (< 3 (str.len needle_1)))
(assert (= (str.at haystack_2 2) (str.at needle_1 2)))
(assert (< 2 (str.len needle_1)))
(assert (= (str.at haystack_2 1) (str.at needle_1 1)))
(assert (< 1 (str.len needle_1)))
(assert (= (str.at haystack_2 0) (str.at needle_1 0)))
(assert (< 0 (str.len needle_1)))
(assert (< (str.len needle_1) ( +  (str.len haystack_2) 1)))



======================
(define-fun needle_1 () String
  "AABCDEFG")
(define-fun haystack_2 () String
  "AABCDEFGHI")
Returned solutions: 
(define-fun needle_1 () String  "AABCDEFG")
(define-fun haystack_2 () String  "AABCDEFGHI")
*************************************
Satisfiable: true
needle_1 => "AABCDEFG"
haystack_2 => "AABCDEFGHI"
*************************************

numeric PC: constraint # = 22
CONST_6 >= Length_0_ &&
CharAt(CONST_2)_6_ != CharAt(CONST_1)_5_ &&
CharAt(CONST_1)_4_ == CharAt(CONST_0)_3_ &&
(Length_0_ + CONST_1) < (Length_1_ + CONST_1) &&
CONST_8 >= Length_0_ &&
CharAt(CONST_7)_16_ == CharAt(CONST_7)_17_ &&
CONST_7 < Length_0_ &&
CharAt(CONST_6)_14_ == CharAt(CONST_6)_15_ &&
CONST_6 < Length_0_ &&
CharAt(CONST_5)_12_ == CharAt(CONST_5)_13_ &&
CONST_5 < Length_0_ &&
CharAt(CONST_4)_10_ == CharAt(CONST_4)_11_ &&
CONST_4 < Length_0_ &&
CharAt(CONST_3)_8_ == CharAt(CONST_3)_9_ &&
CONST_3 < Length_0_ &&
CharAt(CONST_2)_6_ == CharAt(CONST_2)_7_ &&
CONST_2 < Length_0_ &&
CharAt(CONST_1)_4_ == CharAt(CONST_1)_5_ &&
CONST_1 < Length_0_ &&
CharAt(CONST_0)_2_ == CharAt(CONST_0)_3_ &&
CONST_0 < Length_0_ &&
Length_0_ < (Length_1_ + CONST_1) -> false

### PCs: total:89 sat:79 unsat:10

numeric PC: constraint # = 21
CharAt(CONST_2)_6_ != CharAt(CONST_1)_5_ &&
CharAt(CONST_1)_4_ == CharAt(CONST_0)_3_ &&
(Length_0_ + CONST_1) < (Length_1_ + CONST_1) &&
CONST_8 >= Length_0_ &&
CharAt(CONST_7)_16_ == CharAt(CONST_7)_17_ &&
CONST_7 < Length_0_ &&
CharAt(CONST_6)_14_ == CharAt(CONST_6)_15_ &&
CONST_6 < Length_0_ &&
CharAt(CONST_5)_12_ == CharAt(CONST_5)_13_ &&
CONST_5 < Length_0_ &&
CharAt(CONST_4)_10_ == CharAt(CONST_4)_11_ &&
CONST_4 < Length_0_ &&
CharAt(CONST_3)_8_ == CharAt(CONST_3)_9_ &&
CONST_3 < Length_0_ &&
CharAt(CONST_2)_6_ == CharAt(CONST_2)_7_ &&
CONST_2 < Length_0_ &&
CharAt(CONST_1)_4_ == CharAt(CONST_1)_5_ &&
CONST_1 < Length_0_ &&
CharAt(CONST_0)_2_ == CharAt(CONST_0)_3_ &&
CONST_0 < Length_0_ &&
Length_0_ < (Length_1_ + CONST_1) -> true

### PCs: total:90 sat:80 unsat:10

string analysis: SPC # = 0
NPC constraint # = 21
CharAt(CONST_2)_6_ != CharAt(CONST_1)_5_ &&
CharAt(CONST_1)_4_ == CharAt(CONST_0)_3_ &&
(Length_0_ + CONST_1) < (Length_1_ + CONST_1) &&
CONST_8 >= Length_0_ &&
CharAt(CONST_7)_16_ == CharAt(CONST_7)_17_ &&
CONST_7 < Length_0_ &&
CharAt(CONST_6)_14_ == CharAt(CONST_6)_15_ &&
CONST_6 < Length_0_ &&
CharAt(CONST_5)_12_ == CharAt(CONST_5)_13_ &&
CONST_5 < Length_0_ &&
CharAt(CONST_4)_10_ == CharAt(CONST_4)_11_ &&
CONST_4 < Length_0_ &&
CharAt(CONST_3)_8_ == CharAt(CONST_3)_9_ &&
CONST_3 < Length_0_ &&
CharAt(CONST_2)_6_ == CharAt(CONST_2)_7_ &&
CONST_2 < Length_0_ &&
CharAt(CONST_1)_4_ == CharAt(CONST_1)_5_ &&
CONST_1 < Length_0_ &&
CharAt(CONST_0)_2_ == CharAt(CONST_0)_3_ &&
CONST_0 < Length_0_ &&
Length_0_ < (Length_1_ + CONST_1)
$$$$$$$$$$$$$$$$$$$$$$$$$$$$$$$$
Calling Z3str3

current query... 
(declare-const needle_1 String)
(declare-const haystack_2 String)


(assert (not (= (str.at haystack_2 2) (str.at needle_1 1))))
(assert (= (str.at haystack_2 1) (str.at needle_1 0)))
(assert (< ( +  (str.len needle_1) 1) ( +  (str.len haystack_2) 1)))
(assert (>= 8 (str.len needle_1)))
(assert (= (str.at haystack_2 7) (str.at needle_1 7)))
(assert (< 7 (str.len needle_1)))
(assert (= (str.at haystack_2 6) (str.at needle_1 6)))
(assert (< 6 (str.len needle_1)))
(assert (= (str.at haystack_2 5) (str.at needle_1 5)))
(assert (< 5 (str.len needle_1)))
(assert (= (str.at haystack_2 4) (str.at needle_1 4)))
(assert (< 4 (str.len needle_1)))
(assert (= (str.at haystack_2 3) (str.at needle_1 3)))
(assert (< 3 (str.len needle_1)))
(assert (= (str.at haystack_2 2) (str.at needle_1 2)))
(assert (< 2 (str.len needle_1)))
(assert (= (str.at haystack_2 1) (str.at needle_1 1)))
(assert (< 1 (str.len needle_1)))
(assert (= (str.at haystack_2 0) (str.at needle_1 0)))
(assert (< 0 (str.len needle_1)))
(assert (< (str.len needle_1) ( +  (str.len haystack_2) 1)))



======================
(define-fun needle_1 () String
  "AABCDEFG")
(define-fun haystack_2 () String
  "AABCDEFGHI")
Returned solutions: 
(define-fun needle_1 () String  "AABCDEFG")
(define-fun haystack_2 () String  "AABCDEFGHI")
*************************************
Satisfiable: true
needle_1 => "AABCDEFG"
haystack_2 => "AABCDEFGHI"
*************************************

numeric PC: constraint # = 22
CONST_7 >= Length_0_ &&
CharAt(CONST_2)_6_ != CharAt(CONST_1)_5_ &&
CharAt(CONST_1)_4_ == CharAt(CONST_0)_3_ &&
(Length_0_ + CONST_1) < (Length_1_ + CONST_1) &&
CONST_8 >= Length_0_ &&
CharAt(CONST_7)_16_ == CharAt(CONST_7)_17_ &&
CONST_7 < Length_0_ &&
CharAt(CONST_6)_14_ == CharAt(CONST_6)_15_ &&
CONST_6 < Length_0_ &&
CharAt(CONST_5)_12_ == CharAt(CONST_5)_13_ &&
CONST_5 < Length_0_ &&
CharAt(CONST_4)_10_ == CharAt(CONST_4)_11_ &&
CONST_4 < Length_0_ &&
CharAt(CONST_3)_8_ == CharAt(CONST_3)_9_ &&
CONST_3 < Length_0_ &&
CharAt(CONST_2)_6_ == CharAt(CONST_2)_7_ &&
CONST_2 < Length_0_ &&
CharAt(CONST_1)_4_ == CharAt(CONST_1)_5_ &&
CONST_1 < Length_0_ &&
CharAt(CONST_0)_2_ == CharAt(CONST_0)_3_ &&
CONST_0 < Length_0_ &&
Length_0_ < (Length_1_ + CONST_1) -> false

### PCs: total:91 sat:80 unsat:11

numeric PC: constraint # = 21
CharAt(CONST_2)_6_ != CharAt(CONST_1)_5_ &&
CharAt(CONST_1)_4_ == CharAt(CONST_0)_3_ &&
(Length_0_ + CONST_1) < (Length_1_ + CONST_1) &&
CONST_8 >= Length_0_ &&
CharAt(CONST_7)_16_ == CharAt(CONST_7)_17_ &&
CONST_7 < Length_0_ &&
CharAt(CONST_6)_14_ == CharAt(CONST_6)_15_ &&
CONST_6 < Length_0_ &&
CharAt(CONST_5)_12_ == CharAt(CONST_5)_13_ &&
CONST_5 < Length_0_ &&
CharAt(CONST_4)_10_ == CharAt(CONST_4)_11_ &&
CONST_4 < Length_0_ &&
CharAt(CONST_3)_8_ == CharAt(CONST_3)_9_ &&
CONST_3 < Length_0_ &&
CharAt(CONST_2)_6_ == CharAt(CONST_2)_7_ &&
CONST_2 < Length_0_ &&
CharAt(CONST_1)_4_ == CharAt(CONST_1)_5_ &&
CONST_1 < Length_0_ &&
CharAt(CONST_0)_2_ == CharAt(CONST_0)_3_ &&
CONST_0 < Length_0_ &&
Length_0_ < (Length_1_ + CONST_1) -> true

### PCs: total:92 sat:81 unsat:11

string analysis: SPC # = 0
NPC constraint # = 21
CharAt(CONST_2)_6_ != CharAt(CONST_1)_5_ &&
CharAt(CONST_1)_4_ == CharAt(CONST_0)_3_ &&
(Length_0_ + CONST_1) < (Length_1_ + CONST_1) &&
CONST_8 >= Length_0_ &&
CharAt(CONST_7)_16_ == CharAt(CONST_7)_17_ &&
CONST_7 < Length_0_ &&
CharAt(CONST_6)_14_ == CharAt(CONST_6)_15_ &&
CONST_6 < Length_0_ &&
CharAt(CONST_5)_12_ == CharAt(CONST_5)_13_ &&
CONST_5 < Length_0_ &&
CharAt(CONST_4)_10_ == CharAt(CONST_4)_11_ &&
CONST_4 < Length_0_ &&
CharAt(CONST_3)_8_ == CharAt(CONST_3)_9_ &&
CONST_3 < Length_0_ &&
CharAt(CONST_2)_6_ == CharAt(CONST_2)_7_ &&
CONST_2 < Length_0_ &&
CharAt(CONST_1)_4_ == CharAt(CONST_1)_5_ &&
CONST_1 < Length_0_ &&
CharAt(CONST_0)_2_ == CharAt(CONST_0)_3_ &&
CONST_0 < Length_0_ &&
Length_0_ < (Length_1_ + CONST_1)
$$$$$$$$$$$$$$$$$$$$$$$$$$$$$$$$
Calling Z3str3

current query... 
(declare-const needle_1 String)
(declare-const haystack_2 String)


(assert (not (= (str.at haystack_2 2) (str.at needle_1 1))))
(assert (= (str.at haystack_2 1) (str.at needle_1 0)))
(assert (< ( +  (str.len needle_1) 1) ( +  (str.len haystack_2) 1)))
(assert (>= 8 (str.len needle_1)))
(assert (= (str.at haystack_2 7) (str.at needle_1 7)))
(assert (< 7 (str.len needle_1)))
(assert (= (str.at haystack_2 6) (str.at needle_1 6)))
(assert (< 6 (str.len needle_1)))
(assert (= (str.at haystack_2 5) (str.at needle_1 5)))
(assert (< 5 (str.len needle_1)))
(assert (= (str.at haystack_2 4) (str.at needle_1 4)))
(assert (< 4 (str.len needle_1)))
(assert (= (str.at haystack_2 3) (str.at needle_1 3)))
(assert (< 3 (str.len needle_1)))
(assert (= (str.at haystack_2 2) (str.at needle_1 2)))
(assert (< 2 (str.len needle_1)))
(assert (= (str.at haystack_2 1) (str.at needle_1 1)))
(assert (< 1 (str.len needle_1)))
(assert (= (str.at haystack_2 0) (str.at needle_1 0)))
(assert (< 0 (str.len needle_1)))
(assert (< (str.len needle_1) ( +  (str.len haystack_2) 1)))



======================
(define-fun needle_1 () String
  "AABCDEFG")
(define-fun haystack_2 () String
  "AABCDEFGHI")
Returned solutions: 
(define-fun needle_1 () String  "AABCDEFG")
(define-fun haystack_2 () String  "AABCDEFGHI")
*************************************
Satisfiable: true
needle_1 => "AABCDEFG"
haystack_2 => "AABCDEFGHI"
*************************************

numeric PC: constraint # = 21
CharAt(CONST_2)_6_ != CharAt(CONST_1)_5_ &&
CharAt(CONST_1)_4_ == CharAt(CONST_0)_3_ &&
(Length_0_ + CONST_1) < (Length_1_ + CONST_1) &&
CONST_8 >= Length_0_ &&
CharAt(CONST_7)_16_ == CharAt(CONST_7)_17_ &&
CONST_7 < Length_0_ &&
CharAt(CONST_6)_14_ == CharAt(CONST_6)_15_ &&
CONST_6 < Length_0_ &&
CharAt(CONST_5)_12_ == CharAt(CONST_5)_13_ &&
CONST_5 < Length_0_ &&
CharAt(CONST_4)_10_ == CharAt(CONST_4)_11_ &&
CONST_4 < Length_0_ &&
CharAt(CONST_3)_8_ == CharAt(CONST_3)_9_ &&
CONST_3 < Length_0_ &&
CharAt(CONST_2)_6_ == CharAt(CONST_2)_7_ &&
CONST_2 < Length_0_ &&
CharAt(CONST_1)_4_ == CharAt(CONST_1)_5_ &&
CONST_1 < Length_0_ &&
CharAt(CONST_0)_2_ == CharAt(CONST_0)_3_ &&
CONST_0 < Length_0_ &&
Length_0_ < (Length_1_ + CONST_1) -> true

### PCs: total:93 sat:82 unsat:11

string analysis: SPC # = 0
NPC constraint # = 21
CharAt(CONST_2)_6_ != CharAt(CONST_1)_5_ &&
CharAt(CONST_1)_4_ == CharAt(CONST_0)_3_ &&
(Length_0_ + CONST_1) < (Length_1_ + CONST_1) &&
CONST_8 >= Length_0_ &&
CharAt(CONST_7)_16_ == CharAt(CONST_7)_17_ &&
CONST_7 < Length_0_ &&
CharAt(CONST_6)_14_ == CharAt(CONST_6)_15_ &&
CONST_6 < Length_0_ &&
CharAt(CONST_5)_12_ == CharAt(CONST_5)_13_ &&
CONST_5 < Length_0_ &&
CharAt(CONST_4)_10_ == CharAt(CONST_4)_11_ &&
CONST_4 < Length_0_ &&
CharAt(CONST_3)_8_ == CharAt(CONST_3)_9_ &&
CONST_3 < Length_0_ &&
CharAt(CONST_2)_6_ == CharAt(CONST_2)_7_ &&
CONST_2 < Length_0_ &&
CharAt(CONST_1)_4_ == CharAt(CONST_1)_5_ &&
CONST_1 < Length_0_ &&
CharAt(CONST_0)_2_ == CharAt(CONST_0)_3_ &&
CONST_0 < Length_0_ &&
Length_0_ < (Length_1_ + CONST_1)
$$$$$$$$$$$$$$$$$$$$$$$$$$$$$$$$
Calling Z3str3

current query... 
(declare-const needle_1 String)
(declare-const haystack_2 String)


(assert (not (= (str.at haystack_2 2) (str.at needle_1 1))))
(assert (= (str.at haystack_2 1) (str.at needle_1 0)))
(assert (< ( +  (str.len needle_1) 1) ( +  (str.len haystack_2) 1)))
(assert (>= 8 (str.len needle_1)))
(assert (= (str.at haystack_2 7) (str.at needle_1 7)))
(assert (< 7 (str.len needle_1)))
(assert (= (str.at haystack_2 6) (str.at needle_1 6)))
(assert (< 6 (str.len needle_1)))
(assert (= (str.at haystack_2 5) (str.at needle_1 5)))
(assert (< 5 (str.len needle_1)))
(assert (= (str.at haystack_2 4) (str.at needle_1 4)))
(assert (< 4 (str.len needle_1)))
(assert (= (str.at haystack_2 3) (str.at needle_1 3)))
(assert (< 3 (str.len needle_1)))
(assert (= (str.at haystack_2 2) (str.at needle_1 2)))
(assert (< 2 (str.len needle_1)))
(assert (= (str.at haystack_2 1) (str.at needle_1 1)))
(assert (< 1 (str.len needle_1)))
(assert (= (str.at haystack_2 0) (str.at needle_1 0)))
(assert (< 0 (str.len needle_1)))
(assert (< (str.len needle_1) ( +  (str.len haystack_2) 1)))



======================
(define-fun needle_1 () String
  "AABCDEFG")
(define-fun haystack_2 () String
  "AABCDEFGHI")
Returned solutions: 
(define-fun needle_1 () String  "AABCDEFG")
(define-fun haystack_2 () String  "AABCDEFGHI")
*************************************
Satisfiable: true
needle_1 => "AABCDEFG"
haystack_2 => "AABCDEFGHI"
*************************************

numeric PC: constraint # = 22
CONST_8 < Length_0_ &&
CharAt(CONST_2)_6_ != CharAt(CONST_1)_5_ &&
CharAt(CONST_1)_4_ == CharAt(CONST_0)_3_ &&
(Length_0_ + CONST_1) < (Length_1_ + CONST_1) &&
CONST_8 >= Length_0_ &&
CharAt(CONST_7)_16_ == CharAt(CONST_7)_17_ &&
CONST_7 < Length_0_ &&
CharAt(CONST_6)_14_ == CharAt(CONST_6)_15_ &&
CONST_6 < Length_0_ &&
CharAt(CONST_5)_12_ == CharAt(CONST_5)_13_ &&
CONST_5 < Length_0_ &&
CharAt(CONST_4)_10_ == CharAt(CONST_4)_11_ &&
CONST_4 < Length_0_ &&
CharAt(CONST_3)_8_ == CharAt(CONST_3)_9_ &&
CONST_3 < Length_0_ &&
CharAt(CONST_2)_6_ == CharAt(CONST_2)_7_ &&
CONST_2 < Length_0_ &&
CharAt(CONST_1)_4_ == CharAt(CONST_1)_5_ &&
CONST_1 < Length_0_ &&
CharAt(CONST_0)_2_ == CharAt(CONST_0)_3_ &&
CONST_0 < Length_0_ &&
Length_0_ < (Length_1_ + CONST_1) -> false

### PCs: total:94 sat:82 unsat:12

numeric PC: constraint # = 22
(Length_0_ + CONST_2) >= (Length_1_ + CONST_1) &&
CharAt(CONST_2)_6_ != CharAt(CONST_1)_5_ &&
CharAt(CONST_1)_4_ == CharAt(CONST_0)_3_ &&
(Length_0_ + CONST_1) < (Length_1_ + CONST_1) &&
CONST_8 >= Length_0_ &&
CharAt(CONST_7)_16_ == CharAt(CONST_7)_17_ &&
CONST_7 < Length_0_ &&
CharAt(CONST_6)_14_ == CharAt(CONST_6)_15_ &&
CONST_6 < Length_0_ &&
CharAt(CONST_5)_12_ == CharAt(CONST_5)_13_ &&
CONST_5 < Length_0_ &&
CharAt(CONST_4)_10_ == CharAt(CONST_4)_11_ &&
CONST_4 < Length_0_ &&
CharAt(CONST_3)_8_ == CharAt(CONST_3)_9_ &&
CONST_3 < Length_0_ &&
CharAt(CONST_2)_6_ == CharAt(CONST_2)_7_ &&
CONST_2 < Length_0_ &&
CharAt(CONST_1)_4_ == CharAt(CONST_1)_5_ &&
CONST_1 < Length_0_ &&
CharAt(CONST_0)_2_ == CharAt(CONST_0)_3_ &&
CONST_0 < Length_0_ &&
Length_0_ < (Length_1_ + CONST_1) -> true

### PCs: total:95 sat:83 unsat:12

string analysis: SPC # = 0
NPC constraint # = 22
(Length_0_ + CONST_2) >= (Length_1_ + CONST_1) &&
CharAt(CONST_2)_6_ != CharAt(CONST_1)_5_ &&
CharAt(CONST_1)_4_ == CharAt(CONST_0)_3_ &&
(Length_0_ + CONST_1) < (Length_1_ + CONST_1) &&
CONST_8 >= Length_0_ &&
CharAt(CONST_7)_16_ == CharAt(CONST_7)_17_ &&
CONST_7 < Length_0_ &&
CharAt(CONST_6)_14_ == CharAt(CONST_6)_15_ &&
CONST_6 < Length_0_ &&
CharAt(CONST_5)_12_ == CharAt(CONST_5)_13_ &&
CONST_5 < Length_0_ &&
CharAt(CONST_4)_10_ == CharAt(CONST_4)_11_ &&
CONST_4 < Length_0_ &&
CharAt(CONST_3)_8_ == CharAt(CONST_3)_9_ &&
CONST_3 < Length_0_ &&
CharAt(CONST_2)_6_ == CharAt(CONST_2)_7_ &&
CONST_2 < Length_0_ &&
CharAt(CONST_1)_4_ == CharAt(CONST_1)_5_ &&
CONST_1 < Length_0_ &&
CharAt(CONST_0)_2_ == CharAt(CONST_0)_3_ &&
CONST_0 < Length_0_ &&
Length_0_ < (Length_1_ + CONST_1)
$$$$$$$$$$$$$$$$$$$$$$$$$$$$$$$$
Calling Z3str3

current query... 
(declare-const needle_1 String)
(declare-const haystack_2 String)


(assert (>= ( +  (str.len needle_1) 2) ( +  (str.len haystack_2) 1)))
(assert (not (= (str.at haystack_2 2) (str.at needle_1 1))))
(assert (= (str.at haystack_2 1) (str.at needle_1 0)))
(assert (< ( +  (str.len needle_1) 1) ( +  (str.len haystack_2) 1)))
(assert (>= 8 (str.len needle_1)))
(assert (= (str.at haystack_2 7) (str.at needle_1 7)))
(assert (< 7 (str.len needle_1)))
(assert (= (str.at haystack_2 6) (str.at needle_1 6)))
(assert (< 6 (str.len needle_1)))
(assert (= (str.at haystack_2 5) (str.at needle_1 5)))
(assert (< 5 (str.len needle_1)))
(assert (= (str.at haystack_2 4) (str.at needle_1 4)))
(assert (< 4 (str.len needle_1)))
(assert (= (str.at haystack_2 3) (str.at needle_1 3)))
(assert (< 3 (str.len needle_1)))
(assert (= (str.at haystack_2 2) (str.at needle_1 2)))
(assert (< 2 (str.len needle_1)))
(assert (= (str.at haystack_2 1) (str.at needle_1 1)))
(assert (< 1 (str.len needle_1)))
(assert (= (str.at haystack_2 0) (str.at needle_1 0)))
(assert (< 0 (str.len needle_1)))
(assert (< (str.len needle_1) ( +  (str.len haystack_2) 1)))



======================
(define-fun needle_1 () String
  "AABCDEFG")
(define-fun haystack_2 () String
  "AABCDEFGH")
Returned solutions: 
(define-fun needle_1 () String  "AABCDEFG")
(define-fun haystack_2 () String  "AABCDEFGH")
*************************************
Satisfiable: true
needle_1 => "AABCDEFG"
haystack_2 => "AABCDEFGH"
*************************************

numeric PC: constraint # = 22
(Length_0_ + CONST_2) < (Length_1_ + CONST_1) &&
CharAt(CONST_2)_6_ != CharAt(CONST_1)_5_ &&
CharAt(CONST_1)_4_ == CharAt(CONST_0)_3_ &&
(Length_0_ + CONST_1) < (Length_1_ + CONST_1) &&
CONST_8 >= Length_0_ &&
CharAt(CONST_7)_16_ == CharAt(CONST_7)_17_ &&
CONST_7 < Length_0_ &&
CharAt(CONST_6)_14_ == CharAt(CONST_6)_15_ &&
CONST_6 < Length_0_ &&
CharAt(CONST_5)_12_ == CharAt(CONST_5)_13_ &&
CONST_5 < Length_0_ &&
CharAt(CONST_4)_10_ == CharAt(CONST_4)_11_ &&
CONST_4 < Length_0_ &&
CharAt(CONST_3)_8_ == CharAt(CONST_3)_9_ &&
CONST_3 < Length_0_ &&
CharAt(CONST_2)_6_ == CharAt(CONST_2)_7_ &&
CONST_2 < Length_0_ &&
CharAt(CONST_1)_4_ == CharAt(CONST_1)_5_ &&
CONST_1 < Length_0_ &&
CharAt(CONST_0)_2_ == CharAt(CONST_0)_3_ &&
CONST_0 < Length_0_ &&
Length_0_ < (Length_1_ + CONST_1) -> true

### PCs: total:96 sat:84 unsat:12

string analysis: SPC # = 0
NPC constraint # = 22
(Length_0_ + CONST_2) < (Length_1_ + CONST_1) &&
CharAt(CONST_2)_6_ != CharAt(CONST_1)_5_ &&
CharAt(CONST_1)_4_ == CharAt(CONST_0)_3_ &&
(Length_0_ + CONST_1) < (Length_1_ + CONST_1) &&
CONST_8 >= Length_0_ &&
CharAt(CONST_7)_16_ == CharAt(CONST_7)_17_ &&
CONST_7 < Length_0_ &&
CharAt(CONST_6)_14_ == CharAt(CONST_6)_15_ &&
CONST_6 < Length_0_ &&
CharAt(CONST_5)_12_ == CharAt(CONST_5)_13_ &&
CONST_5 < Length_0_ &&
CharAt(CONST_4)_10_ == CharAt(CONST_4)_11_ &&
CONST_4 < Length_0_ &&
CharAt(CONST_3)_8_ == CharAt(CONST_3)_9_ &&
CONST_3 < Length_0_ &&
CharAt(CONST_2)_6_ == CharAt(CONST_2)_7_ &&
CONST_2 < Length_0_ &&
CharAt(CONST_1)_4_ == CharAt(CONST_1)_5_ &&
CONST_1 < Length_0_ &&
CharAt(CONST_0)_2_ == CharAt(CONST_0)_3_ &&
CONST_0 < Length_0_ &&
Length_0_ < (Length_1_ + CONST_1)
$$$$$$$$$$$$$$$$$$$$$$$$$$$$$$$$
Calling Z3str3

current query... 
(declare-const needle_1 String)
(declare-const haystack_2 String)


(assert (< ( +  (str.len needle_1) 2) ( +  (str.len haystack_2) 1)))
(assert (not (= (str.at haystack_2 2) (str.at needle_1 1))))
(assert (= (str.at haystack_2 1) (str.at needle_1 0)))
(assert (< ( +  (str.len needle_1) 1) ( +  (str.len haystack_2) 1)))
(assert (>= 8 (str.len needle_1)))
(assert (= (str.at haystack_2 7) (str.at needle_1 7)))
(assert (< 7 (str.len needle_1)))
(assert (= (str.at haystack_2 6) (str.at needle_1 6)))
(assert (< 6 (str.len needle_1)))
(assert (= (str.at haystack_2 5) (str.at needle_1 5)))
(assert (< 5 (str.len needle_1)))
(assert (= (str.at haystack_2 4) (str.at needle_1 4)))
(assert (< 4 (str.len needle_1)))
(assert (= (str.at haystack_2 3) (str.at needle_1 3)))
(assert (< 3 (str.len needle_1)))
(assert (= (str.at haystack_2 2) (str.at needle_1 2)))
(assert (< 2 (str.len needle_1)))
(assert (= (str.at haystack_2 1) (str.at needle_1 1)))
(assert (< 1 (str.len needle_1)))
(assert (= (str.at haystack_2 0) (str.at needle_1 0)))
(assert (< 0 (str.len needle_1)))
(assert (< (str.len needle_1) ( +  (str.len haystack_2) 1)))



======================
(define-fun needle_1 () String
  "AABCDEFG")
(define-fun haystack_2 () String
  "AABCDEFGHI")
Returned solutions: 
(define-fun needle_1 () String  "AABCDEFG")
(define-fun haystack_2 () String  "AABCDEFGHI")
*************************************
Satisfiable: true
needle_1 => "AABCDEFG"
haystack_2 => "AABCDEFGHI"
*************************************


====================================================== search constraint
depth limit reached: 23

====================================================== snapshot 
thread java.lang.Thread:{id:0,name:main,status:RUNNING,priority:5,isDaemon:false,lockCount:0,suspendCount:0}
  call stack:
	at strings.StringSearch.search_1(StringSearch.java:16)
	at strings.StringSearch.main(StringSearch.java:7)

numeric PC: constraint # = 21
CharAt(CONST_2)_6_ != CharAt(CONST_1)_5_ &&
CharAt(CONST_1)_4_ == CharAt(CONST_0)_3_ &&
(Length_0_ + CONST_1) < (Length_1_ + CONST_1) &&
CONST_8 >= Length_0_ &&
CharAt(CONST_7)_16_ == CharAt(CONST_7)_17_ &&
CONST_7 < Length_0_ &&
CharAt(CONST_6)_14_ == CharAt(CONST_6)_15_ &&
CONST_6 < Length_0_ &&
CharAt(CONST_5)_12_ == CharAt(CONST_5)_13_ &&
CONST_5 < Length_0_ &&
CharAt(CONST_4)_10_ == CharAt(CONST_4)_11_ &&
CONST_4 < Length_0_ &&
CharAt(CONST_3)_8_ == CharAt(CONST_3)_9_ &&
CONST_3 < Length_0_ &&
CharAt(CONST_2)_6_ == CharAt(CONST_2)_7_ &&
CONST_2 < Length_0_ &&
CharAt(CONST_1)_4_ == CharAt(CONST_1)_5_ &&
CONST_1 < Length_0_ &&
CharAt(CONST_0)_2_ == CharAt(CONST_0)_3_ &&
CONST_0 < Length_0_ &&
Length_0_ < (Length_1_ + CONST_1) -> true

string analysis: SPC # = 0
NPC constraint # = 21
CharAt(CONST_2)_6_[0] != CharAt(CONST_1)_5_[1] &&
CharAt(CONST_1)_4_[1] == CharAt(CONST_0)_3_[1] &&
(Length_0_[8] + CONST_1) < (Length_1_[9] + CONST_1) &&
CONST_8 >= Length_0_[8] &&
CharAt(CONST_7)_16_[0] == CharAt(CONST_7)_17_[0] &&
CONST_7 < Length_0_[8] &&
CharAt(CONST_6)_14_[0] == CharAt(CONST_6)_15_[0] &&
CONST_6 < Length_0_[8] &&
CharAt(CONST_5)_12_[0] == CharAt(CONST_5)_13_[0] &&
CONST_5 < Length_0_[8] &&
CharAt(CONST_4)_10_[0] == CharAt(CONST_4)_11_[0] &&
CONST_4 < Length_0_[8] &&
CharAt(CONST_3)_8_[0] == CharAt(CONST_3)_9_[0] &&
CONST_3 < Length_0_[8] &&
CharAt(CONST_2)_6_[0] == CharAt(CONST_2)_7_[0] &&
CONST_2 < Length_0_[8] &&
CharAt(CONST_1)_4_[1] == CharAt(CONST_1)_5_[1] &&
CONST_1 < Length_0_[8] &&
CharAt(CONST_0)_2_[1] == CharAt(CONST_0)_3_[1] &&
CONST_0 < Length_0_[8] &&
Length_0_[8] < (Length_1_[9] + CONST_1)
$$$$$$$$$$$$$$$$$$$$$$$$$$$$$$$$
Calling Z3str3

current query... 
(declare-const needle_1 String)
(declare-const haystack_2 String)


(assert (not (= (str.at haystack_2 2) (str.at needle_1 1))))
(assert (= (str.at haystack_2 1) (str.at needle_1 0)))
(assert (< ( +  (str.len needle_1) 1) ( +  (str.len haystack_2) 1)))
(assert (>= 8 (str.len needle_1)))
(assert (= (str.at haystack_2 7) (str.at needle_1 7)))
(assert (< 7 (str.len needle_1)))
(assert (= (str.at haystack_2 6) (str.at needle_1 6)))
(assert (< 6 (str.len needle_1)))
(assert (= (str.at haystack_2 5) (str.at needle_1 5)))
(assert (< 5 (str.len needle_1)))
(assert (= (str.at haystack_2 4) (str.at needle_1 4)))
(assert (< 4 (str.len needle_1)))
(assert (= (str.at haystack_2 3) (str.at needle_1 3)))
(assert (< 3 (str.len needle_1)))
(assert (= (str.at haystack_2 2) (str.at needle_1 2)))
(assert (< 2 (str.len needle_1)))
(assert (= (str.at haystack_2 1) (str.at needle_1 1)))
(assert (< 1 (str.len needle_1)))
(assert (= (str.at haystack_2 0) (str.at needle_1 0)))
(assert (< 0 (str.len needle_1)))
(assert (< (str.len needle_1) ( +  (str.len haystack_2) 1)))



======================
(define-fun needle_1 () String
  "AABCDEFG")
(define-fun haystack_2 () String
  "AABCDEFGHI")
Returned solutions: 
(define-fun needle_1 () String  "AABCDEFG")
(define-fun haystack_2 () String  "AABCDEFGHI")
*************************************
Satisfiable: true
needle_1 => "AABCDEFG"
haystack_2 => "AABCDEFGHI"
*************************************

numeric PC: constraint # = 20
CharAt(CONST_1)_4_[1] == CharAt(CONST_0)_3_[1] &&
(Length_0_[8] + CONST_1) < (Length_1_[9] + CONST_1) &&
CONST_8 >= Length_0_[8] &&
CharAt(CONST_7)_16_[0] == CharAt(CONST_7)_17_[0] &&
CONST_7 < Length_0_[8] &&
CharAt(CONST_6)_14_[0] == CharAt(CONST_6)_15_[0] &&
CONST_6 < Length_0_[8] &&
CharAt(CONST_5)_12_[0] == CharAt(CONST_5)_13_[0] &&
CONST_5 < Length_0_[8] &&
CharAt(CONST_4)_10_[0] == CharAt(CONST_4)_11_[0] &&
CONST_4 < Length_0_[8] &&
CharAt(CONST_3)_8_[0] == CharAt(CONST_3)_9_[0] &&
CONST_3 < Length_0_[8] &&
CharAt(CONST_2)_6_[0] == CharAt(CONST_2)_7_[0] &&
CONST_2 < Length_0_[8] &&
CharAt(CONST_1)_4_[1] == CharAt(CONST_1)_5_[1] &&
CONST_1 < Length_0_[8] &&
CharAt(CONST_0)_2_[1] == CharAt(CONST_0)_3_[1] &&
CONST_0 < Length_0_[8] &&
Length_0_[8] < (Length_1_[9] + CONST_1) -> true

string analysis: SPC # = 0
NPC constraint # = 20
CharAt(CONST_1)_4_[0] == CharAt(CONST_0)_3_[0] &&
(Length_0_[8] + CONST_1) < (Length_1_[9] + CONST_1) &&
CONST_8 >= Length_0_[8] &&
CharAt(CONST_7)_16_[0] == CharAt(CONST_7)_17_[0] &&
CONST_7 < Length_0_[8] &&
CharAt(CONST_6)_14_[0] == CharAt(CONST_6)_15_[0] &&
CONST_6 < Length_0_[8] &&
CharAt(CONST_5)_12_[0] == CharAt(CONST_5)_13_[0] &&
CONST_5 < Length_0_[8] &&
CharAt(CONST_4)_10_[0] == CharAt(CONST_4)_11_[0] &&
CONST_4 < Length_0_[8] &&
CharAt(CONST_3)_8_[0] == CharAt(CONST_3)_9_[0] &&
CONST_3 < Length_0_[8] &&
CharAt(CONST_2)_6_[0] == CharAt(CONST_2)_7_[0] &&
CONST_2 < Length_0_[8] &&
CharAt(CONST_1)_4_[0] == CharAt(CONST_1)_5_[0] &&
CONST_1 < Length_0_[8] &&
CharAt(CONST_0)_2_[0] == CharAt(CONST_0)_3_[0] &&
CONST_0 < Length_0_[8] &&
Length_0_[8] < (Length_1_[9] + CONST_1)
$$$$$$$$$$$$$$$$$$$$$$$$$$$$$$$$
Calling Z3str3

current query... 
(declare-const needle_1 String)
(declare-const haystack_2 String)


(assert (= (str.at haystack_2 1) (str.at needle_1 0)))
(assert (< ( +  (str.len needle_1) 1) ( +  (str.len haystack_2) 1)))
(assert (>= 8 (str.len needle_1)))
(assert (= (str.at haystack_2 7) (str.at needle_1 7)))
(assert (< 7 (str.len needle_1)))
(assert (= (str.at haystack_2 6) (str.at needle_1 6)))
(assert (< 6 (str.len needle_1)))
(assert (= (str.at haystack_2 5) (str.at needle_1 5)))
(assert (< 5 (str.len needle_1)))
(assert (= (str.at haystack_2 4) (str.at needle_1 4)))
(assert (< 4 (str.len needle_1)))
(assert (= (str.at haystack_2 3) (str.at needle_1 3)))
(assert (< 3 (str.len needle_1)))
(assert (= (str.at haystack_2 2) (str.at needle_1 2)))
(assert (< 2 (str.len needle_1)))
(assert (= (str.at haystack_2 1) (str.at needle_1 1)))
(assert (< 1 (str.len needle_1)))
(assert (= (str.at haystack_2 0) (str.at needle_1 0)))
(assert (< 0 (str.len needle_1)))
(assert (< (str.len needle_1) ( +  (str.len haystack_2) 1)))



======================
(define-fun needle_1 () String
  "AABCDEFG")
(define-fun haystack_2 () String
  "AABCDEFGH")
Returned solutions: 
(define-fun needle_1 () String  "AABCDEFG")
(define-fun haystack_2 () String  "AABCDEFGH")
*************************************
Satisfiable: true
needle_1 => "AABCDEFG"
haystack_2 => "AABCDEFGH"
*************************************

numeric PC: constraint # = 21
CONST_1 >= Length_0_ &&
CharAt(CONST_1)_4_ != CharAt(CONST_0)_3_ &&
(Length_0_ + CONST_1) < (Length_1_ + CONST_1) &&
CONST_8 >= Length_0_ &&
CharAt(CONST_7)_16_ == CharAt(CONST_7)_17_ &&
CONST_7 < Length_0_ &&
CharAt(CONST_6)_14_ == CharAt(CONST_6)_15_ &&
CONST_6 < Length_0_ &&
CharAt(CONST_5)_12_ == CharAt(CONST_5)_13_ &&
CONST_5 < Length_0_ &&
CharAt(CONST_4)_10_ == CharAt(CONST_4)_11_ &&
CONST_4 < Length_0_ &&
CharAt(CONST_3)_8_ == CharAt(CONST_3)_9_ &&
CONST_3 < Length_0_ &&
CharAt(CONST_2)_6_ == CharAt(CONST_2)_7_ &&
CONST_2 < Length_0_ &&
CharAt(CONST_1)_4_ == CharAt(CONST_1)_5_ &&
CONST_1 < Length_0_ &&
CharAt(CONST_0)_2_ == CharAt(CONST_0)_3_ &&
CONST_0 < Length_0_ &&
Length_0_ < (Length_1_ + CONST_1) -> false

### PCs: total:97 sat:84 unsat:13

numeric PC: constraint # = 20
CharAt(CONST_1)_4_ != CharAt(CONST_0)_3_ &&
(Length_0_ + CONST_1) < (Length_1_ + CONST_1) &&
CONST_8 >= Length_0_ &&
CharAt(CONST_7)_16_ == CharAt(CONST_7)_17_ &&
CONST_7 < Length_0_ &&
CharAt(CONST_6)_14_ == CharAt(CONST_6)_15_ &&
CONST_6 < Length_0_ &&
CharAt(CONST_5)_12_ == CharAt(CONST_5)_13_ &&
CONST_5 < Length_0_ &&
CharAt(CONST_4)_10_ == CharAt(CONST_4)_11_ &&
CONST_4 < Length_0_ &&
CharAt(CONST_3)_8_ == CharAt(CONST_3)_9_ &&
CONST_3 < Length_0_ &&
CharAt(CONST_2)_6_ == CharAt(CONST_2)_7_ &&
CONST_2 < Length_0_ &&
CharAt(CONST_1)_4_ == CharAt(CONST_1)_5_ &&
CONST_1 < Length_0_ &&
CharAt(CONST_0)_2_ == CharAt(CONST_0)_3_ &&
CONST_0 < Length_0_ &&
Length_0_ < (Length_1_ + CONST_1) -> true

### PCs: total:98 sat:85 unsat:13

string analysis: SPC # = 0
NPC constraint # = 20
CharAt(CONST_1)_4_ != CharAt(CONST_0)_3_ &&
(Length_0_ + CONST_1) < (Length_1_ + CONST_1) &&
CONST_8 >= Length_0_ &&
CharAt(CONST_7)_16_ == CharAt(CONST_7)_17_ &&
CONST_7 < Length_0_ &&
CharAt(CONST_6)_14_ == CharAt(CONST_6)_15_ &&
CONST_6 < Length_0_ &&
CharAt(CONST_5)_12_ == CharAt(CONST_5)_13_ &&
CONST_5 < Length_0_ &&
CharAt(CONST_4)_10_ == CharAt(CONST_4)_11_ &&
CONST_4 < Length_0_ &&
CharAt(CONST_3)_8_ == CharAt(CONST_3)_9_ &&
CONST_3 < Length_0_ &&
CharAt(CONST_2)_6_ == CharAt(CONST_2)_7_ &&
CONST_2 < Length_0_ &&
CharAt(CONST_1)_4_ == CharAt(CONST_1)_5_ &&
CONST_1 < Length_0_ &&
CharAt(CONST_0)_2_ == CharAt(CONST_0)_3_ &&
CONST_0 < Length_0_ &&
Length_0_ < (Length_1_ + CONST_1)
$$$$$$$$$$$$$$$$$$$$$$$$$$$$$$$$
Calling Z3str3

current query... 
(declare-const needle_1 String)
(declare-const haystack_2 String)


(assert (not (= (str.at haystack_2 1) (str.at needle_1 0))))
(assert (< ( +  (str.len needle_1) 1) ( +  (str.len haystack_2) 1)))
(assert (>= 8 (str.len needle_1)))
(assert (= (str.at haystack_2 7) (str.at needle_1 7)))
(assert (< 7 (str.len needle_1)))
(assert (= (str.at haystack_2 6) (str.at needle_1 6)))
(assert (< 6 (str.len needle_1)))
(assert (= (str.at haystack_2 5) (str.at needle_1 5)))
(assert (< 5 (str.len needle_1)))
(assert (= (str.at haystack_2 4) (str.at needle_1 4)))
(assert (< 4 (str.len needle_1)))
(assert (= (str.at haystack_2 3) (str.at needle_1 3)))
(assert (< 3 (str.len needle_1)))
(assert (= (str.at haystack_2 2) (str.at needle_1 2)))
(assert (< 2 (str.len needle_1)))
(assert (= (str.at haystack_2 1) (str.at needle_1 1)))
(assert (< 1 (str.len needle_1)))
(assert (= (str.at haystack_2 0) (str.at needle_1 0)))
(assert (< 0 (str.len needle_1)))
(assert (< (str.len needle_1) ( +  (str.len haystack_2) 1)))



======================
(define-fun needle_1 () String
  "ABCDEFGH")
(define-fun haystack_2 () String
  "ABCDEFGHI")
Returned solutions: 
(define-fun needle_1 () String  "ABCDEFGH")
(define-fun haystack_2 () String  "ABCDEFGHI")
*************************************
Satisfiable: true
needle_1 => "ABCDEFGH"
haystack_2 => "ABCDEFGHI"
*************************************

numeric PC: constraint # = 21
CONST_2 >= Length_0_ &&
CharAt(CONST_1)_4_ != CharAt(CONST_0)_3_ &&
(Length_0_ + CONST_1) < (Length_1_ + CONST_1) &&
CONST_8 >= Length_0_ &&
CharAt(CONST_7)_16_ == CharAt(CONST_7)_17_ &&
CONST_7 < Length_0_ &&
CharAt(CONST_6)_14_ == CharAt(CONST_6)_15_ &&
CONST_6 < Length_0_ &&
CharAt(CONST_5)_12_ == CharAt(CONST_5)_13_ &&
CONST_5 < Length_0_ &&
CharAt(CONST_4)_10_ == CharAt(CONST_4)_11_ &&
CONST_4 < Length_0_ &&
CharAt(CONST_3)_8_ == CharAt(CONST_3)_9_ &&
CONST_3 < Length_0_ &&
CharAt(CONST_2)_6_ == CharAt(CONST_2)_7_ &&
CONST_2 < Length_0_ &&
CharAt(CONST_1)_4_ == CharAt(CONST_1)_5_ &&
CONST_1 < Length_0_ &&
CharAt(CONST_0)_2_ == CharAt(CONST_0)_3_ &&
CONST_0 < Length_0_ &&
Length_0_ < (Length_1_ + CONST_1) -> false

### PCs: total:99 sat:85 unsat:14

numeric PC: constraint # = 20
CharAt(CONST_1)_4_ != CharAt(CONST_0)_3_ &&
(Length_0_ + CONST_1) < (Length_1_ + CONST_1) &&
CONST_8 >= Length_0_ &&
CharAt(CONST_7)_16_ == CharAt(CONST_7)_17_ &&
CONST_7 < Length_0_ &&
CharAt(CONST_6)_14_ == CharAt(CONST_6)_15_ &&
CONST_6 < Length_0_ &&
CharAt(CONST_5)_12_ == CharAt(CONST_5)_13_ &&
CONST_5 < Length_0_ &&
CharAt(CONST_4)_10_ == CharAt(CONST_4)_11_ &&
CONST_4 < Length_0_ &&
CharAt(CONST_3)_8_ == CharAt(CONST_3)_9_ &&
CONST_3 < Length_0_ &&
CharAt(CONST_2)_6_ == CharAt(CONST_2)_7_ &&
CONST_2 < Length_0_ &&
CharAt(CONST_1)_4_ == CharAt(CONST_1)_5_ &&
CONST_1 < Length_0_ &&
CharAt(CONST_0)_2_ == CharAt(CONST_0)_3_ &&
CONST_0 < Length_0_ &&
Length_0_ < (Length_1_ + CONST_1) -> true

### PCs: total:100 sat:86 unsat:14

string analysis: SPC # = 0
NPC constraint # = 20
CharAt(CONST_1)_4_ != CharAt(CONST_0)_3_ &&
(Length_0_ + CONST_1) < (Length_1_ + CONST_1) &&
CONST_8 >= Length_0_ &&
CharAt(CONST_7)_16_ == CharAt(CONST_7)_17_ &&
CONST_7 < Length_0_ &&
CharAt(CONST_6)_14_ == CharAt(CONST_6)_15_ &&
CONST_6 < Length_0_ &&
CharAt(CONST_5)_12_ == CharAt(CONST_5)_13_ &&
CONST_5 < Length_0_ &&
CharAt(CONST_4)_10_ == CharAt(CONST_4)_11_ &&
CONST_4 < Length_0_ &&
CharAt(CONST_3)_8_ == CharAt(CONST_3)_9_ &&
CONST_3 < Length_0_ &&
CharAt(CONST_2)_6_ == CharAt(CONST_2)_7_ &&
CONST_2 < Length_0_ &&
CharAt(CONST_1)_4_ == CharAt(CONST_1)_5_ &&
CONST_1 < Length_0_ &&
CharAt(CONST_0)_2_ == CharAt(CONST_0)_3_ &&
CONST_0 < Length_0_ &&
Length_0_ < (Length_1_ + CONST_1)
$$$$$$$$$$$$$$$$$$$$$$$$$$$$$$$$
Calling Z3str3

current query... 
(declare-const needle_1 String)
(declare-const haystack_2 String)


(assert (not (= (str.at haystack_2 1) (str.at needle_1 0))))
(assert (< ( +  (str.len needle_1) 1) ( +  (str.len haystack_2) 1)))
(assert (>= 8 (str.len needle_1)))
(assert (= (str.at haystack_2 7) (str.at needle_1 7)))
(assert (< 7 (str.len needle_1)))
(assert (= (str.at haystack_2 6) (str.at needle_1 6)))
(assert (< 6 (str.len needle_1)))
(assert (= (str.at haystack_2 5) (str.at needle_1 5)))
(assert (< 5 (str.len needle_1)))
(assert (= (str.at haystack_2 4) (str.at needle_1 4)))
(assert (< 4 (str.len needle_1)))
(assert (= (str.at haystack_2 3) (str.at needle_1 3)))
(assert (< 3 (str.len needle_1)))
(assert (= (str.at haystack_2 2) (str.at needle_1 2)))
(assert (< 2 (str.len needle_1)))
(assert (= (str.at haystack_2 1) (str.at needle_1 1)))
(assert (< 1 (str.len needle_1)))
(assert (= (str.at haystack_2 0) (str.at needle_1 0)))
(assert (< 0 (str.len needle_1)))
(assert (< (str.len needle_1) ( +  (str.len haystack_2) 1)))



======================
(define-fun needle_1 () String
  "ABCDEFGH")
(define-fun haystack_2 () String
  "ABCDEFGHI")
Returned solutions: 
(define-fun needle_1 () String  "ABCDEFGH")
(define-fun haystack_2 () String  "ABCDEFGHI")
*************************************
Satisfiable: true
needle_1 => "ABCDEFGH"
haystack_2 => "ABCDEFGHI"
*************************************

numeric PC: constraint # = 21
CONST_3 >= Length_0_ &&
CharAt(CONST_1)_4_ != CharAt(CONST_0)_3_ &&
(Length_0_ + CONST_1) < (Length_1_ + CONST_1) &&
CONST_8 >= Length_0_ &&
CharAt(CONST_7)_16_ == CharAt(CONST_7)_17_ &&
CONST_7 < Length_0_ &&
CharAt(CONST_6)_14_ == CharAt(CONST_6)_15_ &&
CONST_6 < Length_0_ &&
CharAt(CONST_5)_12_ == CharAt(CONST_5)_13_ &&
CONST_5 < Length_0_ &&
CharAt(CONST_4)_10_ == CharAt(CONST_4)_11_ &&
CONST_4 < Length_0_ &&
CharAt(CONST_3)_8_ == CharAt(CONST_3)_9_ &&
CONST_3 < Length_0_ &&
CharAt(CONST_2)_6_ == CharAt(CONST_2)_7_ &&
CONST_2 < Length_0_ &&
CharAt(CONST_1)_4_ == CharAt(CONST_1)_5_ &&
CONST_1 < Length_0_ &&
CharAt(CONST_0)_2_ == CharAt(CONST_0)_3_ &&
CONST_0 < Length_0_ &&
Length_0_ < (Length_1_ + CONST_1) -> false

### PCs: total:101 sat:86 unsat:15

numeric PC: constraint # = 20
CharAt(CONST_1)_4_ != CharAt(CONST_0)_3_ &&
(Length_0_ + CONST_1) < (Length_1_ + CONST_1) &&
CONST_8 >= Length_0_ &&
CharAt(CONST_7)_16_ == CharAt(CONST_7)_17_ &&
CONST_7 < Length_0_ &&
CharAt(CONST_6)_14_ == CharAt(CONST_6)_15_ &&
CONST_6 < Length_0_ &&
CharAt(CONST_5)_12_ == CharAt(CONST_5)_13_ &&
CONST_5 < Length_0_ &&
CharAt(CONST_4)_10_ == CharAt(CONST_4)_11_ &&
CONST_4 < Length_0_ &&
CharAt(CONST_3)_8_ == CharAt(CONST_3)_9_ &&
CONST_3 < Length_0_ &&
CharAt(CONST_2)_6_ == CharAt(CONST_2)_7_ &&
CONST_2 < Length_0_ &&
CharAt(CONST_1)_4_ == CharAt(CONST_1)_5_ &&
CONST_1 < Length_0_ &&
CharAt(CONST_0)_2_ == CharAt(CONST_0)_3_ &&
CONST_0 < Length_0_ &&
Length_0_ < (Length_1_ + CONST_1) -> true

### PCs: total:102 sat:87 unsat:15

string analysis: SPC # = 0
NPC constraint # = 20
CharAt(CONST_1)_4_ != CharAt(CONST_0)_3_ &&
(Length_0_ + CONST_1) < (Length_1_ + CONST_1) &&
CONST_8 >= Length_0_ &&
CharAt(CONST_7)_16_ == CharAt(CONST_7)_17_ &&
CONST_7 < Length_0_ &&
CharAt(CONST_6)_14_ == CharAt(CONST_6)_15_ &&
CONST_6 < Length_0_ &&
CharAt(CONST_5)_12_ == CharAt(CONST_5)_13_ &&
CONST_5 < Length_0_ &&
CharAt(CONST_4)_10_ == CharAt(CONST_4)_11_ &&
CONST_4 < Length_0_ &&
CharAt(CONST_3)_8_ == CharAt(CONST_3)_9_ &&
CONST_3 < Length_0_ &&
CharAt(CONST_2)_6_ == CharAt(CONST_2)_7_ &&
CONST_2 < Length_0_ &&
CharAt(CONST_1)_4_ == CharAt(CONST_1)_5_ &&
CONST_1 < Length_0_ &&
CharAt(CONST_0)_2_ == CharAt(CONST_0)_3_ &&
CONST_0 < Length_0_ &&
Length_0_ < (Length_1_ + CONST_1)
$$$$$$$$$$$$$$$$$$$$$$$$$$$$$$$$
Calling Z3str3

current query... 
(declare-const needle_1 String)
(declare-const haystack_2 String)


(assert (not (= (str.at haystack_2 1) (str.at needle_1 0))))
(assert (< ( +  (str.len needle_1) 1) ( +  (str.len haystack_2) 1)))
(assert (>= 8 (str.len needle_1)))
(assert (= (str.at haystack_2 7) (str.at needle_1 7)))
(assert (< 7 (str.len needle_1)))
(assert (= (str.at haystack_2 6) (str.at needle_1 6)))
(assert (< 6 (str.len needle_1)))
(assert (= (str.at haystack_2 5) (str.at needle_1 5)))
(assert (< 5 (str.len needle_1)))
(assert (= (str.at haystack_2 4) (str.at needle_1 4)))
(assert (< 4 (str.len needle_1)))
(assert (= (str.at haystack_2 3) (str.at needle_1 3)))
(assert (< 3 (str.len needle_1)))
(assert (= (str.at haystack_2 2) (str.at needle_1 2)))
(assert (< 2 (str.len needle_1)))
(assert (= (str.at haystack_2 1) (str.at needle_1 1)))
(assert (< 1 (str.len needle_1)))
(assert (= (str.at haystack_2 0) (str.at needle_1 0)))
(assert (< 0 (str.len needle_1)))
(assert (< (str.len needle_1) ( +  (str.len haystack_2) 1)))



======================
(define-fun needle_1 () String
  "ABCDEFGH")
(define-fun haystack_2 () String
  "ABCDEFGHI")
Returned solutions: 
(define-fun needle_1 () String  "ABCDEFGH")
(define-fun haystack_2 () String  "ABCDEFGHI")
*************************************
Satisfiable: true
needle_1 => "ABCDEFGH"
haystack_2 => "ABCDEFGHI"
*************************************

numeric PC: constraint # = 21
CONST_4 >= Length_0_ &&
CharAt(CONST_1)_4_ != CharAt(CONST_0)_3_ &&
(Length_0_ + CONST_1) < (Length_1_ + CONST_1) &&
CONST_8 >= Length_0_ &&
CharAt(CONST_7)_16_ == CharAt(CONST_7)_17_ &&
CONST_7 < Length_0_ &&
CharAt(CONST_6)_14_ == CharAt(CONST_6)_15_ &&
CONST_6 < Length_0_ &&
CharAt(CONST_5)_12_ == CharAt(CONST_5)_13_ &&
CONST_5 < Length_0_ &&
CharAt(CONST_4)_10_ == CharAt(CONST_4)_11_ &&
CONST_4 < Length_0_ &&
CharAt(CONST_3)_8_ == CharAt(CONST_3)_9_ &&
CONST_3 < Length_0_ &&
CharAt(CONST_2)_6_ == CharAt(CONST_2)_7_ &&
CONST_2 < Length_0_ &&
CharAt(CONST_1)_4_ == CharAt(CONST_1)_5_ &&
CONST_1 < Length_0_ &&
CharAt(CONST_0)_2_ == CharAt(CONST_0)_3_ &&
CONST_0 < Length_0_ &&
Length_0_ < (Length_1_ + CONST_1) -> false

### PCs: total:103 sat:87 unsat:16

numeric PC: constraint # = 20
CharAt(CONST_1)_4_ != CharAt(CONST_0)_3_ &&
(Length_0_ + CONST_1) < (Length_1_ + CONST_1) &&
CONST_8 >= Length_0_ &&
CharAt(CONST_7)_16_ == CharAt(CONST_7)_17_ &&
CONST_7 < Length_0_ &&
CharAt(CONST_6)_14_ == CharAt(CONST_6)_15_ &&
CONST_6 < Length_0_ &&
CharAt(CONST_5)_12_ == CharAt(CONST_5)_13_ &&
CONST_5 < Length_0_ &&
CharAt(CONST_4)_10_ == CharAt(CONST_4)_11_ &&
CONST_4 < Length_0_ &&
CharAt(CONST_3)_8_ == CharAt(CONST_3)_9_ &&
CONST_3 < Length_0_ &&
CharAt(CONST_2)_6_ == CharAt(CONST_2)_7_ &&
CONST_2 < Length_0_ &&
CharAt(CONST_1)_4_ == CharAt(CONST_1)_5_ &&
CONST_1 < Length_0_ &&
CharAt(CONST_0)_2_ == CharAt(CONST_0)_3_ &&
CONST_0 < Length_0_ &&
Length_0_ < (Length_1_ + CONST_1) -> true

### PCs: total:104 sat:88 unsat:16

string analysis: SPC # = 0
NPC constraint # = 20
CharAt(CONST_1)_4_ != CharAt(CONST_0)_3_ &&
(Length_0_ + CONST_1) < (Length_1_ + CONST_1) &&
CONST_8 >= Length_0_ &&
CharAt(CONST_7)_16_ == CharAt(CONST_7)_17_ &&
CONST_7 < Length_0_ &&
CharAt(CONST_6)_14_ == CharAt(CONST_6)_15_ &&
CONST_6 < Length_0_ &&
CharAt(CONST_5)_12_ == CharAt(CONST_5)_13_ &&
CONST_5 < Length_0_ &&
CharAt(CONST_4)_10_ == CharAt(CONST_4)_11_ &&
CONST_4 < Length_0_ &&
CharAt(CONST_3)_8_ == CharAt(CONST_3)_9_ &&
CONST_3 < Length_0_ &&
CharAt(CONST_2)_6_ == CharAt(CONST_2)_7_ &&
CONST_2 < Length_0_ &&
CharAt(CONST_1)_4_ == CharAt(CONST_1)_5_ &&
CONST_1 < Length_0_ &&
CharAt(CONST_0)_2_ == CharAt(CONST_0)_3_ &&
CONST_0 < Length_0_ &&
Length_0_ < (Length_1_ + CONST_1)
$$$$$$$$$$$$$$$$$$$$$$$$$$$$$$$$
Calling Z3str3

current query... 
(declare-const needle_1 String)
(declare-const haystack_2 String)


(assert (not (= (str.at haystack_2 1) (str.at needle_1 0))))
(assert (< ( +  (str.len needle_1) 1) ( +  (str.len haystack_2) 1)))
(assert (>= 8 (str.len needle_1)))
(assert (= (str.at haystack_2 7) (str.at needle_1 7)))
(assert (< 7 (str.len needle_1)))
(assert (= (str.at haystack_2 6) (str.at needle_1 6)))
(assert (< 6 (str.len needle_1)))
(assert (= (str.at haystack_2 5) (str.at needle_1 5)))
(assert (< 5 (str.len needle_1)))
(assert (= (str.at haystack_2 4) (str.at needle_1 4)))
(assert (< 4 (str.len needle_1)))
(assert (= (str.at haystack_2 3) (str.at needle_1 3)))
(assert (< 3 (str.len needle_1)))
(assert (= (str.at haystack_2 2) (str.at needle_1 2)))
(assert (< 2 (str.len needle_1)))
(assert (= (str.at haystack_2 1) (str.at needle_1 1)))
(assert (< 1 (str.len needle_1)))
(assert (= (str.at haystack_2 0) (str.at needle_1 0)))
(assert (< 0 (str.len needle_1)))
(assert (< (str.len needle_1) ( +  (str.len haystack_2) 1)))



======================
(define-fun needle_1 () String
  "ABCDEFGH")
(define-fun haystack_2 () String
  "ABCDEFGHI")
Returned solutions: 
(define-fun needle_1 () String  "ABCDEFGH")
(define-fun haystack_2 () String  "ABCDEFGHI")
*************************************
Satisfiable: true
needle_1 => "ABCDEFGH"
haystack_2 => "ABCDEFGHI"
*************************************

numeric PC: constraint # = 21
CONST_5 >= Length_0_ &&
CharAt(CONST_1)_4_ != CharAt(CONST_0)_3_ &&
(Length_0_ + CONST_1) < (Length_1_ + CONST_1) &&
CONST_8 >= Length_0_ &&
CharAt(CONST_7)_16_ == CharAt(CONST_7)_17_ &&
CONST_7 < Length_0_ &&
CharAt(CONST_6)_14_ == CharAt(CONST_6)_15_ &&
CONST_6 < Length_0_ &&
CharAt(CONST_5)_12_ == CharAt(CONST_5)_13_ &&
CONST_5 < Length_0_ &&
CharAt(CONST_4)_10_ == CharAt(CONST_4)_11_ &&
CONST_4 < Length_0_ &&
CharAt(CONST_3)_8_ == CharAt(CONST_3)_9_ &&
CONST_3 < Length_0_ &&
CharAt(CONST_2)_6_ == CharAt(CONST_2)_7_ &&
CONST_2 < Length_0_ &&
CharAt(CONST_1)_4_ == CharAt(CONST_1)_5_ &&
CONST_1 < Length_0_ &&
CharAt(CONST_0)_2_ == CharAt(CONST_0)_3_ &&
CONST_0 < Length_0_ &&
Length_0_ < (Length_1_ + CONST_1) -> false

### PCs: total:105 sat:88 unsat:17

numeric PC: constraint # = 20
CharAt(CONST_1)_4_ != CharAt(CONST_0)_3_ &&
(Length_0_ + CONST_1) < (Length_1_ + CONST_1) &&
CONST_8 >= Length_0_ &&
CharAt(CONST_7)_16_ == CharAt(CONST_7)_17_ &&
CONST_7 < Length_0_ &&
CharAt(CONST_6)_14_ == CharAt(CONST_6)_15_ &&
CONST_6 < Length_0_ &&
CharAt(CONST_5)_12_ == CharAt(CONST_5)_13_ &&
CONST_5 < Length_0_ &&
CharAt(CONST_4)_10_ == CharAt(CONST_4)_11_ &&
CONST_4 < Length_0_ &&
CharAt(CONST_3)_8_ == CharAt(CONST_3)_9_ &&
CONST_3 < Length_0_ &&
CharAt(CONST_2)_6_ == CharAt(CONST_2)_7_ &&
CONST_2 < Length_0_ &&
CharAt(CONST_1)_4_ == CharAt(CONST_1)_5_ &&
CONST_1 < Length_0_ &&
CharAt(CONST_0)_2_ == CharAt(CONST_0)_3_ &&
CONST_0 < Length_0_ &&
Length_0_ < (Length_1_ + CONST_1) -> true

### PCs: total:106 sat:89 unsat:17

string analysis: SPC # = 0
NPC constraint # = 20
CharAt(CONST_1)_4_ != CharAt(CONST_0)_3_ &&
(Length_0_ + CONST_1) < (Length_1_ + CONST_1) &&
CONST_8 >= Length_0_ &&
CharAt(CONST_7)_16_ == CharAt(CONST_7)_17_ &&
CONST_7 < Length_0_ &&
CharAt(CONST_6)_14_ == CharAt(CONST_6)_15_ &&
CONST_6 < Length_0_ &&
CharAt(CONST_5)_12_ == CharAt(CONST_5)_13_ &&
CONST_5 < Length_0_ &&
CharAt(CONST_4)_10_ == CharAt(CONST_4)_11_ &&
CONST_4 < Length_0_ &&
CharAt(CONST_3)_8_ == CharAt(CONST_3)_9_ &&
CONST_3 < Length_0_ &&
CharAt(CONST_2)_6_ == CharAt(CONST_2)_7_ &&
CONST_2 < Length_0_ &&
CharAt(CONST_1)_4_ == CharAt(CONST_1)_5_ &&
CONST_1 < Length_0_ &&
CharAt(CONST_0)_2_ == CharAt(CONST_0)_3_ &&
CONST_0 < Length_0_ &&
Length_0_ < (Length_1_ + CONST_1)
$$$$$$$$$$$$$$$$$$$$$$$$$$$$$$$$
Calling Z3str3

current query... 
(declare-const needle_1 String)
(declare-const haystack_2 String)


(assert (not (= (str.at haystack_2 1) (str.at needle_1 0))))
(assert (< ( +  (str.len needle_1) 1) ( +  (str.len haystack_2) 1)))
(assert (>= 8 (str.len needle_1)))
(assert (= (str.at haystack_2 7) (str.at needle_1 7)))
(assert (< 7 (str.len needle_1)))
(assert (= (str.at haystack_2 6) (str.at needle_1 6)))
(assert (< 6 (str.len needle_1)))
(assert (= (str.at haystack_2 5) (str.at needle_1 5)))
(assert (< 5 (str.len needle_1)))
(assert (= (str.at haystack_2 4) (str.at needle_1 4)))
(assert (< 4 (str.len needle_1)))
(assert (= (str.at haystack_2 3) (str.at needle_1 3)))
(assert (< 3 (str.len needle_1)))
(assert (= (str.at haystack_2 2) (str.at needle_1 2)))
(assert (< 2 (str.len needle_1)))
(assert (= (str.at haystack_2 1) (str.at needle_1 1)))
(assert (< 1 (str.len needle_1)))
(assert (= (str.at haystack_2 0) (str.at needle_1 0)))
(assert (< 0 (str.len needle_1)))
(assert (< (str.len needle_1) ( +  (str.len haystack_2) 1)))



======================
(define-fun needle_1 () String
  "ABCDEFGH")
(define-fun haystack_2 () String
  "ABCDEFGHI")
Returned solutions: 
(define-fun needle_1 () String  "ABCDEFGH")
(define-fun haystack_2 () String  "ABCDEFGHI")
*************************************
Satisfiable: true
needle_1 => "ABCDEFGH"
haystack_2 => "ABCDEFGHI"
*************************************

numeric PC: constraint # = 21
CONST_6 >= Length_0_ &&
CharAt(CONST_1)_4_ != CharAt(CONST_0)_3_ &&
(Length_0_ + CONST_1) < (Length_1_ + CONST_1) &&
CONST_8 >= Length_0_ &&
CharAt(CONST_7)_16_ == CharAt(CONST_7)_17_ &&
CONST_7 < Length_0_ &&
CharAt(CONST_6)_14_ == CharAt(CONST_6)_15_ &&
CONST_6 < Length_0_ &&
CharAt(CONST_5)_12_ == CharAt(CONST_5)_13_ &&
CONST_5 < Length_0_ &&
CharAt(CONST_4)_10_ == CharAt(CONST_4)_11_ &&
CONST_4 < Length_0_ &&
CharAt(CONST_3)_8_ == CharAt(CONST_3)_9_ &&
CONST_3 < Length_0_ &&
CharAt(CONST_2)_6_ == CharAt(CONST_2)_7_ &&
CONST_2 < Length_0_ &&
CharAt(CONST_1)_4_ == CharAt(CONST_1)_5_ &&
CONST_1 < Length_0_ &&
CharAt(CONST_0)_2_ == CharAt(CONST_0)_3_ &&
CONST_0 < Length_0_ &&
Length_0_ < (Length_1_ + CONST_1) -> false

### PCs: total:107 sat:89 unsat:18

numeric PC: constraint # = 20
CharAt(CONST_1)_4_ != CharAt(CONST_0)_3_ &&
(Length_0_ + CONST_1) < (Length_1_ + CONST_1) &&
CONST_8 >= Length_0_ &&
CharAt(CONST_7)_16_ == CharAt(CONST_7)_17_ &&
CONST_7 < Length_0_ &&
CharAt(CONST_6)_14_ == CharAt(CONST_6)_15_ &&
CONST_6 < Length_0_ &&
CharAt(CONST_5)_12_ == CharAt(CONST_5)_13_ &&
CONST_5 < Length_0_ &&
CharAt(CONST_4)_10_ == CharAt(CONST_4)_11_ &&
CONST_4 < Length_0_ &&
CharAt(CONST_3)_8_ == CharAt(CONST_3)_9_ &&
CONST_3 < Length_0_ &&
CharAt(CONST_2)_6_ == CharAt(CONST_2)_7_ &&
CONST_2 < Length_0_ &&
CharAt(CONST_1)_4_ == CharAt(CONST_1)_5_ &&
CONST_1 < Length_0_ &&
CharAt(CONST_0)_2_ == CharAt(CONST_0)_3_ &&
CONST_0 < Length_0_ &&
Length_0_ < (Length_1_ + CONST_1) -> true

### PCs: total:108 sat:90 unsat:18

string analysis: SPC # = 0
NPC constraint # = 20
CharAt(CONST_1)_4_ != CharAt(CONST_0)_3_ &&
(Length_0_ + CONST_1) < (Length_1_ + CONST_1) &&
CONST_8 >= Length_0_ &&
CharAt(CONST_7)_16_ == CharAt(CONST_7)_17_ &&
CONST_7 < Length_0_ &&
CharAt(CONST_6)_14_ == CharAt(CONST_6)_15_ &&
CONST_6 < Length_0_ &&
CharAt(CONST_5)_12_ == CharAt(CONST_5)_13_ &&
CONST_5 < Length_0_ &&
CharAt(CONST_4)_10_ == CharAt(CONST_4)_11_ &&
CONST_4 < Length_0_ &&
CharAt(CONST_3)_8_ == CharAt(CONST_3)_9_ &&
CONST_3 < Length_0_ &&
CharAt(CONST_2)_6_ == CharAt(CONST_2)_7_ &&
CONST_2 < Length_0_ &&
CharAt(CONST_1)_4_ == CharAt(CONST_1)_5_ &&
CONST_1 < Length_0_ &&
CharAt(CONST_0)_2_ == CharAt(CONST_0)_3_ &&
CONST_0 < Length_0_ &&
Length_0_ < (Length_1_ + CONST_1)
$$$$$$$$$$$$$$$$$$$$$$$$$$$$$$$$
Calling Z3str3

current query... 
(declare-const needle_1 String)
(declare-const haystack_2 String)


(assert (not (= (str.at haystack_2 1) (str.at needle_1 0))))
(assert (< ( +  (str.len needle_1) 1) ( +  (str.len haystack_2) 1)))
(assert (>= 8 (str.len needle_1)))
(assert (= (str.at haystack_2 7) (str.at needle_1 7)))
(assert (< 7 (str.len needle_1)))
(assert (= (str.at haystack_2 6) (str.at needle_1 6)))
(assert (< 6 (str.len needle_1)))
(assert (= (str.at haystack_2 5) (str.at needle_1 5)))
(assert (< 5 (str.len needle_1)))
(assert (= (str.at haystack_2 4) (str.at needle_1 4)))
(assert (< 4 (str.len needle_1)))
(assert (= (str.at haystack_2 3) (str.at needle_1 3)))
(assert (< 3 (str.len needle_1)))
(assert (= (str.at haystack_2 2) (str.at needle_1 2)))
(assert (< 2 (str.len needle_1)))
(assert (= (str.at haystack_2 1) (str.at needle_1 1)))
(assert (< 1 (str.len needle_1)))
(assert (= (str.at haystack_2 0) (str.at needle_1 0)))
(assert (< 0 (str.len needle_1)))
(assert (< (str.len needle_1) ( +  (str.len haystack_2) 1)))



======================
(define-fun needle_1 () String
  "ABCDEFGH")
(define-fun haystack_2 () String
  "ABCDEFGHI")
Returned solutions: 
(define-fun needle_1 () String  "ABCDEFGH")
(define-fun haystack_2 () String  "ABCDEFGHI")
*************************************
Satisfiable: true
needle_1 => "ABCDEFGH"
haystack_2 => "ABCDEFGHI"
*************************************

numeric PC: constraint # = 21
CONST_7 >= Length_0_ &&
CharAt(CONST_1)_4_ != CharAt(CONST_0)_3_ &&
(Length_0_ + CONST_1) < (Length_1_ + CONST_1) &&
CONST_8 >= Length_0_ &&
CharAt(CONST_7)_16_ == CharAt(CONST_7)_17_ &&
CONST_7 < Length_0_ &&
CharAt(CONST_6)_14_ == CharAt(CONST_6)_15_ &&
CONST_6 < Length_0_ &&
CharAt(CONST_5)_12_ == CharAt(CONST_5)_13_ &&
CONST_5 < Length_0_ &&
CharAt(CONST_4)_10_ == CharAt(CONST_4)_11_ &&
CONST_4 < Length_0_ &&
CharAt(CONST_3)_8_ == CharAt(CONST_3)_9_ &&
CONST_3 < Length_0_ &&
CharAt(CONST_2)_6_ == CharAt(CONST_2)_7_ &&
CONST_2 < Length_0_ &&
CharAt(CONST_1)_4_ == CharAt(CONST_1)_5_ &&
CONST_1 < Length_0_ &&
CharAt(CONST_0)_2_ == CharAt(CONST_0)_3_ &&
CONST_0 < Length_0_ &&
Length_0_ < (Length_1_ + CONST_1) -> false

### PCs: total:109 sat:90 unsat:19

numeric PC: constraint # = 20
CharAt(CONST_1)_4_ != CharAt(CONST_0)_3_ &&
(Length_0_ + CONST_1) < (Length_1_ + CONST_1) &&
CONST_8 >= Length_0_ &&
CharAt(CONST_7)_16_ == CharAt(CONST_7)_17_ &&
CONST_7 < Length_0_ &&
CharAt(CONST_6)_14_ == CharAt(CONST_6)_15_ &&
CONST_6 < Length_0_ &&
CharAt(CONST_5)_12_ == CharAt(CONST_5)_13_ &&
CONST_5 < Length_0_ &&
CharAt(CONST_4)_10_ == CharAt(CONST_4)_11_ &&
CONST_4 < Length_0_ &&
CharAt(CONST_3)_8_ == CharAt(CONST_3)_9_ &&
CONST_3 < Length_0_ &&
CharAt(CONST_2)_6_ == CharAt(CONST_2)_7_ &&
CONST_2 < Length_0_ &&
CharAt(CONST_1)_4_ == CharAt(CONST_1)_5_ &&
CONST_1 < Length_0_ &&
CharAt(CONST_0)_2_ == CharAt(CONST_0)_3_ &&
CONST_0 < Length_0_ &&
Length_0_ < (Length_1_ + CONST_1) -> true

### PCs: total:110 sat:91 unsat:19

string analysis: SPC # = 0
NPC constraint # = 20
CharAt(CONST_1)_4_ != CharAt(CONST_0)_3_ &&
(Length_0_ + CONST_1) < (Length_1_ + CONST_1) &&
CONST_8 >= Length_0_ &&
CharAt(CONST_7)_16_ == CharAt(CONST_7)_17_ &&
CONST_7 < Length_0_ &&
CharAt(CONST_6)_14_ == CharAt(CONST_6)_15_ &&
CONST_6 < Length_0_ &&
CharAt(CONST_5)_12_ == CharAt(CONST_5)_13_ &&
CONST_5 < Length_0_ &&
CharAt(CONST_4)_10_ == CharAt(CONST_4)_11_ &&
CONST_4 < Length_0_ &&
CharAt(CONST_3)_8_ == CharAt(CONST_3)_9_ &&
CONST_3 < Length_0_ &&
CharAt(CONST_2)_6_ == CharAt(CONST_2)_7_ &&
CONST_2 < Length_0_ &&
CharAt(CONST_1)_4_ == CharAt(CONST_1)_5_ &&
CONST_1 < Length_0_ &&
CharAt(CONST_0)_2_ == CharAt(CONST_0)_3_ &&
CONST_0 < Length_0_ &&
Length_0_ < (Length_1_ + CONST_1)
$$$$$$$$$$$$$$$$$$$$$$$$$$$$$$$$
Calling Z3str3

current query... 
(declare-const needle_1 String)
(declare-const haystack_2 String)


(assert (not (= (str.at haystack_2 1) (str.at needle_1 0))))
(assert (< ( +  (str.len needle_1) 1) ( +  (str.len haystack_2) 1)))
(assert (>= 8 (str.len needle_1)))
(assert (= (str.at haystack_2 7) (str.at needle_1 7)))
(assert (< 7 (str.len needle_1)))
(assert (= (str.at haystack_2 6) (str.at needle_1 6)))
(assert (< 6 (str.len needle_1)))
(assert (= (str.at haystack_2 5) (str.at needle_1 5)))
(assert (< 5 (str.len needle_1)))
(assert (= (str.at haystack_2 4) (str.at needle_1 4)))
(assert (< 4 (str.len needle_1)))
(assert (= (str.at haystack_2 3) (str.at needle_1 3)))
(assert (< 3 (str.len needle_1)))
(assert (= (str.at haystack_2 2) (str.at needle_1 2)))
(assert (< 2 (str.len needle_1)))
(assert (= (str.at haystack_2 1) (str.at needle_1 1)))
(assert (< 1 (str.len needle_1)))
(assert (= (str.at haystack_2 0) (str.at needle_1 0)))
(assert (< 0 (str.len needle_1)))
(assert (< (str.len needle_1) ( +  (str.len haystack_2) 1)))



======================
(define-fun needle_1 () String
  "ABCDEFGH")
(define-fun haystack_2 () String
  "ABCDEFGHI")
Returned solutions: 
(define-fun needle_1 () String  "ABCDEFGH")
(define-fun haystack_2 () String  "ABCDEFGHI")
*************************************
Satisfiable: true
needle_1 => "ABCDEFGH"
haystack_2 => "ABCDEFGHI"
*************************************

numeric PC: constraint # = 20
CharAt(CONST_1)_4_ != CharAt(CONST_0)_3_ &&
(Length_0_ + CONST_1) < (Length_1_ + CONST_1) &&
CONST_8 >= Length_0_ &&
CharAt(CONST_7)_16_ == CharAt(CONST_7)_17_ &&
CONST_7 < Length_0_ &&
CharAt(CONST_6)_14_ == CharAt(CONST_6)_15_ &&
CONST_6 < Length_0_ &&
CharAt(CONST_5)_12_ == CharAt(CONST_5)_13_ &&
CONST_5 < Length_0_ &&
CharAt(CONST_4)_10_ == CharAt(CONST_4)_11_ &&
CONST_4 < Length_0_ &&
CharAt(CONST_3)_8_ == CharAt(CONST_3)_9_ &&
CONST_3 < Length_0_ &&
CharAt(CONST_2)_6_ == CharAt(CONST_2)_7_ &&
CONST_2 < Length_0_ &&
CharAt(CONST_1)_4_ == CharAt(CONST_1)_5_ &&
CONST_1 < Length_0_ &&
CharAt(CONST_0)_2_ == CharAt(CONST_0)_3_ &&
CONST_0 < Length_0_ &&
Length_0_ < (Length_1_ + CONST_1) -> true

### PCs: total:111 sat:92 unsat:19

string analysis: SPC # = 0
NPC constraint # = 20
CharAt(CONST_1)_4_ != CharAt(CONST_0)_3_ &&
(Length_0_ + CONST_1) < (Length_1_ + CONST_1) &&
CONST_8 >= Length_0_ &&
CharAt(CONST_7)_16_ == CharAt(CONST_7)_17_ &&
CONST_7 < Length_0_ &&
CharAt(CONST_6)_14_ == CharAt(CONST_6)_15_ &&
CONST_6 < Length_0_ &&
CharAt(CONST_5)_12_ == CharAt(CONST_5)_13_ &&
CONST_5 < Length_0_ &&
CharAt(CONST_4)_10_ == CharAt(CONST_4)_11_ &&
CONST_4 < Length_0_ &&
CharAt(CONST_3)_8_ == CharAt(CONST_3)_9_ &&
CONST_3 < Length_0_ &&
CharAt(CONST_2)_6_ == CharAt(CONST_2)_7_ &&
CONST_2 < Length_0_ &&
CharAt(CONST_1)_4_ == CharAt(CONST_1)_5_ &&
CONST_1 < Length_0_ &&
CharAt(CONST_0)_2_ == CharAt(CONST_0)_3_ &&
CONST_0 < Length_0_ &&
Length_0_ < (Length_1_ + CONST_1)
$$$$$$$$$$$$$$$$$$$$$$$$$$$$$$$$
Calling Z3str3

current query... 
(declare-const needle_1 String)
(declare-const haystack_2 String)


(assert (not (= (str.at haystack_2 1) (str.at needle_1 0))))
(assert (< ( +  (str.len needle_1) 1) ( +  (str.len haystack_2) 1)))
(assert (>= 8 (str.len needle_1)))
(assert (= (str.at haystack_2 7) (str.at needle_1 7)))
(assert (< 7 (str.len needle_1)))
(assert (= (str.at haystack_2 6) (str.at needle_1 6)))
(assert (< 6 (str.len needle_1)))
(assert (= (str.at haystack_2 5) (str.at needle_1 5)))
(assert (< 5 (str.len needle_1)))
(assert (= (str.at haystack_2 4) (str.at needle_1 4)))
(assert (< 4 (str.len needle_1)))
(assert (= (str.at haystack_2 3) (str.at needle_1 3)))
(assert (< 3 (str.len needle_1)))
(assert (= (str.at haystack_2 2) (str.at needle_1 2)))
(assert (< 2 (str.len needle_1)))
(assert (= (str.at haystack_2 1) (str.at needle_1 1)))
(assert (< 1 (str.len needle_1)))
(assert (= (str.at haystack_2 0) (str.at needle_1 0)))
(assert (< 0 (str.len needle_1)))
(assert (< (str.len needle_1) ( +  (str.len haystack_2) 1)))



======================
(define-fun needle_1 () String
  "ABCDEFGH")
(define-fun haystack_2 () String
  "ABCDEFGHI")
Returned solutions: 
(define-fun needle_1 () String  "ABCDEFGH")
(define-fun haystack_2 () String  "ABCDEFGHI")
*************************************
Satisfiable: true
needle_1 => "ABCDEFGH"
haystack_2 => "ABCDEFGHI"
*************************************

numeric PC: constraint # = 21
CONST_8 < Length_0_ &&
CharAt(CONST_1)_4_ != CharAt(CONST_0)_3_ &&
(Length_0_ + CONST_1) < (Length_1_ + CONST_1) &&
CONST_8 >= Length_0_ &&
CharAt(CONST_7)_16_ == CharAt(CONST_7)_17_ &&
CONST_7 < Length_0_ &&
CharAt(CONST_6)_14_ == CharAt(CONST_6)_15_ &&
CONST_6 < Length_0_ &&
CharAt(CONST_5)_12_ == CharAt(CONST_5)_13_ &&
CONST_5 < Length_0_ &&
CharAt(CONST_4)_10_ == CharAt(CONST_4)_11_ &&
CONST_4 < Length_0_ &&
CharAt(CONST_3)_8_ == CharAt(CONST_3)_9_ &&
CONST_3 < Length_0_ &&
CharAt(CONST_2)_6_ == CharAt(CONST_2)_7_ &&
CONST_2 < Length_0_ &&
CharAt(CONST_1)_4_ == CharAt(CONST_1)_5_ &&
CONST_1 < Length_0_ &&
CharAt(CONST_0)_2_ == CharAt(CONST_0)_3_ &&
CONST_0 < Length_0_ &&
Length_0_ < (Length_1_ + CONST_1) -> false

### PCs: total:112 sat:92 unsat:20

numeric PC: constraint # = 21
(Length_0_ + CONST_2) >= (Length_1_ + CONST_1) &&
CharAt(CONST_1)_4_ != CharAt(CONST_0)_3_ &&
(Length_0_ + CONST_1) < (Length_1_ + CONST_1) &&
CONST_8 >= Length_0_ &&
CharAt(CONST_7)_16_ == CharAt(CONST_7)_17_ &&
CONST_7 < Length_0_ &&
CharAt(CONST_6)_14_ == CharAt(CONST_6)_15_ &&
CONST_6 < Length_0_ &&
CharAt(CONST_5)_12_ == CharAt(CONST_5)_13_ &&
CONST_5 < Length_0_ &&
CharAt(CONST_4)_10_ == CharAt(CONST_4)_11_ &&
CONST_4 < Length_0_ &&
CharAt(CONST_3)_8_ == CharAt(CONST_3)_9_ &&
CONST_3 < Length_0_ &&
CharAt(CONST_2)_6_ == CharAt(CONST_2)_7_ &&
CONST_2 < Length_0_ &&
CharAt(CONST_1)_4_ == CharAt(CONST_1)_5_ &&
CONST_1 < Length_0_ &&
CharAt(CONST_0)_2_ == CharAt(CONST_0)_3_ &&
CONST_0 < Length_0_ &&
Length_0_ < (Length_1_ + CONST_1) -> true

### PCs: total:113 sat:93 unsat:20

string analysis: SPC # = 0
NPC constraint # = 21
(Length_0_ + CONST_2) >= (Length_1_ + CONST_1) &&
CharAt(CONST_1)_4_ != CharAt(CONST_0)_3_ &&
(Length_0_ + CONST_1) < (Length_1_ + CONST_1) &&
CONST_8 >= Length_0_ &&
CharAt(CONST_7)_16_ == CharAt(CONST_7)_17_ &&
CONST_7 < Length_0_ &&
CharAt(CONST_6)_14_ == CharAt(CONST_6)_15_ &&
CONST_6 < Length_0_ &&
CharAt(CONST_5)_12_ == CharAt(CONST_5)_13_ &&
CONST_5 < Length_0_ &&
CharAt(CONST_4)_10_ == CharAt(CONST_4)_11_ &&
CONST_4 < Length_0_ &&
CharAt(CONST_3)_8_ == CharAt(CONST_3)_9_ &&
CONST_3 < Length_0_ &&
CharAt(CONST_2)_6_ == CharAt(CONST_2)_7_ &&
CONST_2 < Length_0_ &&
CharAt(CONST_1)_4_ == CharAt(CONST_1)_5_ &&
CONST_1 < Length_0_ &&
CharAt(CONST_0)_2_ == CharAt(CONST_0)_3_ &&
CONST_0 < Length_0_ &&
Length_0_ < (Length_1_ + CONST_1)
$$$$$$$$$$$$$$$$$$$$$$$$$$$$$$$$
Calling Z3str3

current query... 
(declare-const needle_1 String)
(declare-const haystack_2 String)


(assert (>= ( +  (str.len needle_1) 2) ( +  (str.len haystack_2) 1)))
(assert (not (= (str.at haystack_2 1) (str.at needle_1 0))))
(assert (< ( +  (str.len needle_1) 1) ( +  (str.len haystack_2) 1)))
(assert (>= 8 (str.len needle_1)))
(assert (= (str.at haystack_2 7) (str.at needle_1 7)))
(assert (< 7 (str.len needle_1)))
(assert (= (str.at haystack_2 6) (str.at needle_1 6)))
(assert (< 6 (str.len needle_1)))
(assert (= (str.at haystack_2 5) (str.at needle_1 5)))
(assert (< 5 (str.len needle_1)))
(assert (= (str.at haystack_2 4) (str.at needle_1 4)))
(assert (< 4 (str.len needle_1)))
(assert (= (str.at haystack_2 3) (str.at needle_1 3)))
(assert (< 3 (str.len needle_1)))
(assert (= (str.at haystack_2 2) (str.at needle_1 2)))
(assert (< 2 (str.len needle_1)))
(assert (= (str.at haystack_2 1) (str.at needle_1 1)))
(assert (< 1 (str.len needle_1)))
(assert (= (str.at haystack_2 0) (str.at needle_1 0)))
(assert (< 0 (str.len needle_1)))
(assert (< (str.len needle_1) ( +  (str.len haystack_2) 1)))



======================
(define-fun needle_1 () String
  "ABCDEFGH")
(define-fun haystack_2 () String
  "ABCDEFGHI")
Returned solutions: 
(define-fun needle_1 () String  "ABCDEFGH")
(define-fun haystack_2 () String  "ABCDEFGHI")
*************************************
Satisfiable: true
needle_1 => "ABCDEFGH"
haystack_2 => "ABCDEFGHI"
*************************************

numeric PC: constraint # = 21
(Length_0_ + CONST_2) < (Length_1_ + CONST_1) &&
CharAt(CONST_1)_4_ != CharAt(CONST_0)_3_ &&
(Length_0_ + CONST_1) < (Length_1_ + CONST_1) &&
CONST_8 >= Length_0_ &&
CharAt(CONST_7)_16_ == CharAt(CONST_7)_17_ &&
CONST_7 < Length_0_ &&
CharAt(CONST_6)_14_ == CharAt(CONST_6)_15_ &&
CONST_6 < Length_0_ &&
CharAt(CONST_5)_12_ == CharAt(CONST_5)_13_ &&
CONST_5 < Length_0_ &&
CharAt(CONST_4)_10_ == CharAt(CONST_4)_11_ &&
CONST_4 < Length_0_ &&
CharAt(CONST_3)_8_ == CharAt(CONST_3)_9_ &&
CONST_3 < Length_0_ &&
CharAt(CONST_2)_6_ == CharAt(CONST_2)_7_ &&
CONST_2 < Length_0_ &&
CharAt(CONST_1)_4_ == CharAt(CONST_1)_5_ &&
CONST_1 < Length_0_ &&
CharAt(CONST_0)_2_ == CharAt(CONST_0)_3_ &&
CONST_0 < Length_0_ &&
Length_0_ < (Length_1_ + CONST_1) -> true

### PCs: total:114 sat:94 unsat:20

string analysis: SPC # = 0
NPC constraint # = 21
(Length_0_ + CONST_2) < (Length_1_ + CONST_1) &&
CharAt(CONST_1)_4_ != CharAt(CONST_0)_3_ &&
(Length_0_ + CONST_1) < (Length_1_ + CONST_1) &&
CONST_8 >= Length_0_ &&
CharAt(CONST_7)_16_ == CharAt(CONST_7)_17_ &&
CONST_7 < Length_0_ &&
CharAt(CONST_6)_14_ == CharAt(CONST_6)_15_ &&
CONST_6 < Length_0_ &&
CharAt(CONST_5)_12_ == CharAt(CONST_5)_13_ &&
CONST_5 < Length_0_ &&
CharAt(CONST_4)_10_ == CharAt(CONST_4)_11_ &&
CONST_4 < Length_0_ &&
CharAt(CONST_3)_8_ == CharAt(CONST_3)_9_ &&
CONST_3 < Length_0_ &&
CharAt(CONST_2)_6_ == CharAt(CONST_2)_7_ &&
CONST_2 < Length_0_ &&
CharAt(CONST_1)_4_ == CharAt(CONST_1)_5_ &&
CONST_1 < Length_0_ &&
CharAt(CONST_0)_2_ == CharAt(CONST_0)_3_ &&
CONST_0 < Length_0_ &&
Length_0_ < (Length_1_ + CONST_1)
$$$$$$$$$$$$$$$$$$$$$$$$$$$$$$$$
Calling Z3str3

current query... 
(declare-const needle_1 String)
(declare-const haystack_2 String)


(assert (< ( +  (str.len needle_1) 2) ( +  (str.len haystack_2) 1)))
(assert (not (= (str.at haystack_2 1) (str.at needle_1 0))))
(assert (< ( +  (str.len needle_1) 1) ( +  (str.len haystack_2) 1)))
(assert (>= 8 (str.len needle_1)))
(assert (= (str.at haystack_2 7) (str.at needle_1 7)))
(assert (< 7 (str.len needle_1)))
(assert (= (str.at haystack_2 6) (str.at needle_1 6)))
(assert (< 6 (str.len needle_1)))
(assert (= (str.at haystack_2 5) (str.at needle_1 5)))
(assert (< 5 (str.len needle_1)))
(assert (= (str.at haystack_2 4) (str.at needle_1 4)))
(assert (< 4 (str.len needle_1)))
(assert (= (str.at haystack_2 3) (str.at needle_1 3)))
(assert (< 3 (str.len needle_1)))
(assert (= (str.at haystack_2 2) (str.at needle_1 2)))
(assert (< 2 (str.len needle_1)))
(assert (= (str.at haystack_2 1) (str.at needle_1 1)))
(assert (< 1 (str.len needle_1)))
(assert (= (str.at haystack_2 0) (str.at needle_1 0)))
(assert (< 0 (str.len needle_1)))
(assert (< (str.len needle_1) ( +  (str.len haystack_2) 1)))



======================
(define-fun needle_1 () String
  "ABCDEFGH")
(define-fun haystack_2 () String
  "ABCDEFGHIJ")
Returned solutions: 
(define-fun needle_1 () String  "ABCDEFGH")
(define-fun haystack_2 () String  "ABCDEFGHIJ")
*************************************
Satisfiable: true
needle_1 => "ABCDEFGH"
haystack_2 => "ABCDEFGHIJ"
*************************************

numeric PC: constraint # = 22
CONST_0 >= Length_0_ &&
(Length_0_ + CONST_2) < (Length_1_ + CONST_1) &&
CharAt(CONST_1)_4_ != CharAt(CONST_0)_3_ &&
(Length_0_ + CONST_1) < (Length_1_ + CONST_1) &&
CONST_8 >= Length_0_ &&
CharAt(CONST_7)_16_ == CharAt(CONST_7)_17_ &&
CONST_7 < Length_0_ &&
CharAt(CONST_6)_14_ == CharAt(CONST_6)_15_ &&
CONST_6 < Length_0_ &&
CharAt(CONST_5)_12_ == CharAt(CONST_5)_13_ &&
CONST_5 < Length_0_ &&
CharAt(CONST_4)_10_ == CharAt(CONST_4)_11_ &&
CONST_4 < Length_0_ &&
CharAt(CONST_3)_8_ == CharAt(CONST_3)_9_ &&
CONST_3 < Length_0_ &&
CharAt(CONST_2)_6_ == CharAt(CONST_2)_7_ &&
CONST_2 < Length_0_ &&
CharAt(CONST_1)_4_ == CharAt(CONST_1)_5_ &&
CONST_1 < Length_0_ &&
CharAt(CONST_0)_2_ == CharAt(CONST_0)_3_ &&
CONST_0 < Length_0_ &&
Length_0_ < (Length_1_ + CONST_1) -> false

### PCs: total:115 sat:94 unsat:21

numeric PC: constraint # = 21
(Length_0_ + CONST_2) < (Length_1_ + CONST_1) &&
CharAt(CONST_1)_4_ != CharAt(CONST_0)_3_ &&
(Length_0_ + CONST_1) < (Length_1_ + CONST_1) &&
CONST_8 >= Length_0_ &&
CharAt(CONST_7)_16_ == CharAt(CONST_7)_17_ &&
CONST_7 < Length_0_ &&
CharAt(CONST_6)_14_ == CharAt(CONST_6)_15_ &&
CONST_6 < Length_0_ &&
CharAt(CONST_5)_12_ == CharAt(CONST_5)_13_ &&
CONST_5 < Length_0_ &&
CharAt(CONST_4)_10_ == CharAt(CONST_4)_11_ &&
CONST_4 < Length_0_ &&
CharAt(CONST_3)_8_ == CharAt(CONST_3)_9_ &&
CONST_3 < Length_0_ &&
CharAt(CONST_2)_6_ == CharAt(CONST_2)_7_ &&
CONST_2 < Length_0_ &&
CharAt(CONST_1)_4_ == CharAt(CONST_1)_5_ &&
CONST_1 < Length_0_ &&
CharAt(CONST_0)_2_ == CharAt(CONST_0)_3_ &&
CONST_0 < Length_0_ &&
Length_0_ < (Length_1_ + CONST_1) -> true

### PCs: total:116 sat:95 unsat:21

string analysis: SPC # = 0
NPC constraint # = 21
(Length_0_ + CONST_2) < (Length_1_ + CONST_1) &&
CharAt(CONST_1)_4_ != CharAt(CONST_0)_3_ &&
(Length_0_ + CONST_1) < (Length_1_ + CONST_1) &&
CONST_8 >= Length_0_ &&
CharAt(CONST_7)_16_ == CharAt(CONST_7)_17_ &&
CONST_7 < Length_0_ &&
CharAt(CONST_6)_14_ == CharAt(CONST_6)_15_ &&
CONST_6 < Length_0_ &&
CharAt(CONST_5)_12_ == CharAt(CONST_5)_13_ &&
CONST_5 < Length_0_ &&
CharAt(CONST_4)_10_ == CharAt(CONST_4)_11_ &&
CONST_4 < Length_0_ &&
CharAt(CONST_3)_8_ == CharAt(CONST_3)_9_ &&
CONST_3 < Length_0_ &&
CharAt(CONST_2)_6_ == CharAt(CONST_2)_7_ &&
CONST_2 < Length_0_ &&
CharAt(CONST_1)_4_ == CharAt(CONST_1)_5_ &&
CONST_1 < Length_0_ &&
CharAt(CONST_0)_2_ == CharAt(CONST_0)_3_ &&
CONST_0 < Length_0_ &&
Length_0_ < (Length_1_ + CONST_1)
$$$$$$$$$$$$$$$$$$$$$$$$$$$$$$$$
Calling Z3str3

current query... 
(declare-const needle_1 String)
(declare-const haystack_2 String)


(assert (< ( +  (str.len needle_1) 2) ( +  (str.len haystack_2) 1)))
(assert (not (= (str.at haystack_2 1) (str.at needle_1 0))))
(assert (< ( +  (str.len needle_1) 1) ( +  (str.len haystack_2) 1)))
(assert (>= 8 (str.len needle_1)))
(assert (= (str.at haystack_2 7) (str.at needle_1 7)))
(assert (< 7 (str.len needle_1)))
(assert (= (str.at haystack_2 6) (str.at needle_1 6)))
(assert (< 6 (str.len needle_1)))
(assert (= (str.at haystack_2 5) (str.at needle_1 5)))
(assert (< 5 (str.len needle_1)))
(assert (= (str.at haystack_2 4) (str.at needle_1 4)))
(assert (< 4 (str.len needle_1)))
(assert (= (str.at haystack_2 3) (str.at needle_1 3)))
(assert (< 3 (str.len needle_1)))
(assert (= (str.at haystack_2 2) (str.at needle_1 2)))
(assert (< 2 (str.len needle_1)))
(assert (= (str.at haystack_2 1) (str.at needle_1 1)))
(assert (< 1 (str.len needle_1)))
(assert (= (str.at haystack_2 0) (str.at needle_1 0)))
(assert (< 0 (str.len needle_1)))
(assert (< (str.len needle_1) ( +  (str.len haystack_2) 1)))



======================
(define-fun needle_1 () String
  "ABCDEFGH")
(define-fun haystack_2 () String
  "ABCDEFGHIJ")
Returned solutions: 
(define-fun needle_1 () String  "ABCDEFGH")
(define-fun haystack_2 () String  "ABCDEFGHIJ")
*************************************
Satisfiable: true
needle_1 => "ABCDEFGH"
haystack_2 => "ABCDEFGHIJ"
*************************************

numeric PC: constraint # = 22
CharAt(CONST_2)_6_ != CharAt(CONST_0)_3_ &&
(Length_0_ + CONST_2) < (Length_1_ + CONST_1) &&
CharAt(CONST_1)_4_ != CharAt(CONST_0)_3_ &&
(Length_0_ + CONST_1) < (Length_1_ + CONST_1) &&
CONST_8 >= Length_0_ &&
CharAt(CONST_7)_16_ == CharAt(CONST_7)_17_ &&
CONST_7 < Length_0_ &&
CharAt(CONST_6)_14_ == CharAt(CONST_6)_15_ &&
CONST_6 < Length_0_ &&
CharAt(CONST_5)_12_ == CharAt(CONST_5)_13_ &&
CONST_5 < Length_0_ &&
CharAt(CONST_4)_10_ == CharAt(CONST_4)_11_ &&
CONST_4 < Length_0_ &&
CharAt(CONST_3)_8_ == CharAt(CONST_3)_9_ &&
CONST_3 < Length_0_ &&
CharAt(CONST_2)_6_ == CharAt(CONST_2)_7_ &&
CONST_2 < Length_0_ &&
CharAt(CONST_1)_4_ == CharAt(CONST_1)_5_ &&
CONST_1 < Length_0_ &&
CharAt(CONST_0)_2_ == CharAt(CONST_0)_3_ &&
CONST_0 < Length_0_ &&
Length_0_ < (Length_1_ + CONST_1) -> true

### PCs: total:117 sat:96 unsat:21

string analysis: SPC # = 0
NPC constraint # = 22
CharAt(CONST_2)_6_ != CharAt(CONST_0)_3_ &&
(Length_0_ + CONST_2) < (Length_1_ + CONST_1) &&
CharAt(CONST_1)_4_ != CharAt(CONST_0)_3_ &&
(Length_0_ + CONST_1) < (Length_1_ + CONST_1) &&
CONST_8 >= Length_0_ &&
CharAt(CONST_7)_16_ == CharAt(CONST_7)_17_ &&
CONST_7 < Length_0_ &&
CharAt(CONST_6)_14_ == CharAt(CONST_6)_15_ &&
CONST_6 < Length_0_ &&
CharAt(CONST_5)_12_ == CharAt(CONST_5)_13_ &&
CONST_5 < Length_0_ &&
CharAt(CONST_4)_10_ == CharAt(CONST_4)_11_ &&
CONST_4 < Length_0_ &&
CharAt(CONST_3)_8_ == CharAt(CONST_3)_9_ &&
CONST_3 < Length_0_ &&
CharAt(CONST_2)_6_ == CharAt(CONST_2)_7_ &&
CONST_2 < Length_0_ &&
CharAt(CONST_1)_4_ == CharAt(CONST_1)_5_ &&
CONST_1 < Length_0_ &&
CharAt(CONST_0)_2_ == CharAt(CONST_0)_3_ &&
CONST_0 < Length_0_ &&
Length_0_ < (Length_1_ + CONST_1)
$$$$$$$$$$$$$$$$$$$$$$$$$$$$$$$$
Calling Z3str3

current query... 
(declare-const needle_1 String)
(declare-const haystack_2 String)


(assert (not (= (str.at haystack_2 2) (str.at needle_1 0))))
(assert (< ( +  (str.len needle_1) 2) ( +  (str.len haystack_2) 1)))
(assert (not (= (str.at haystack_2 1) (str.at needle_1 0))))
(assert (< ( +  (str.len needle_1) 1) ( +  (str.len haystack_2) 1)))
(assert (>= 8 (str.len needle_1)))
(assert (= (str.at haystack_2 7) (str.at needle_1 7)))
(assert (< 7 (str.len needle_1)))
(assert (= (str.at haystack_2 6) (str.at needle_1 6)))
(assert (< 6 (str.len needle_1)))
(assert (= (str.at haystack_2 5) (str.at needle_1 5)))
(assert (< 5 (str.len needle_1)))
(assert (= (str.at haystack_2 4) (str.at needle_1 4)))
(assert (< 4 (str.len needle_1)))
(assert (= (str.at haystack_2 3) (str.at needle_1 3)))
(assert (< 3 (str.len needle_1)))
(assert (= (str.at haystack_2 2) (str.at needle_1 2)))
(assert (< 2 (str.len needle_1)))
(assert (= (str.at haystack_2 1) (str.at needle_1 1)))
(assert (< 1 (str.len needle_1)))
(assert (= (str.at haystack_2 0) (str.at needle_1 0)))
(assert (< 0 (str.len needle_1)))
(assert (< (str.len needle_1) ( +  (str.len haystack_2) 1)))



======================
(define-fun needle_1 () String
  "ABCDEFGH")
(define-fun haystack_2 () String
  "ABCDEFGHIJ")
Returned solutions: 
(define-fun needle_1 () String  "ABCDEFGH")
(define-fun haystack_2 () String  "ABCDEFGHIJ")
*************************************
Satisfiable: true
needle_1 => "ABCDEFGH"
haystack_2 => "ABCDEFGHIJ"
*************************************

numeric PC: constraint # = 22
CharAt(CONST_2)_6_ == CharAt(CONST_0)_3_ &&
(Length_0_ + CONST_2) < (Length_1_ + CONST_1) &&
CharAt(CONST_1)_4_ != CharAt(CONST_0)_3_ &&
(Length_0_ + CONST_1) < (Length_1_ + CONST_1) &&
CONST_8 >= Length_0_ &&
CharAt(CONST_7)_16_ == CharAt(CONST_7)_17_ &&
CONST_7 < Length_0_ &&
CharAt(CONST_6)_14_ == CharAt(CONST_6)_15_ &&
CONST_6 < Length_0_ &&
CharAt(CONST_5)_12_ == CharAt(CONST_5)_13_ &&
CONST_5 < Length_0_ &&
CharAt(CONST_4)_10_ == CharAt(CONST_4)_11_ &&
CONST_4 < Length_0_ &&
CharAt(CONST_3)_8_ == CharAt(CONST_3)_9_ &&
CONST_3 < Length_0_ &&
CharAt(CONST_2)_6_ == CharAt(CONST_2)_7_ &&
CONST_2 < Length_0_ &&
CharAt(CONST_1)_4_ == CharAt(CONST_1)_5_ &&
CONST_1 < Length_0_ &&
CharAt(CONST_0)_2_ == CharAt(CONST_0)_3_ &&
CONST_0 < Length_0_ &&
Length_0_ < (Length_1_ + CONST_1) -> true

### PCs: total:118 sat:97 unsat:21

string analysis: SPC # = 0
NPC constraint # = 22
CharAt(CONST_2)_6_ == CharAt(CONST_0)_3_ &&
(Length_0_ + CONST_2) < (Length_1_ + CONST_1) &&
CharAt(CONST_1)_4_ != CharAt(CONST_0)_3_ &&
(Length_0_ + CONST_1) < (Length_1_ + CONST_1) &&
CONST_8 >= Length_0_ &&
CharAt(CONST_7)_16_ == CharAt(CONST_7)_17_ &&
CONST_7 < Length_0_ &&
CharAt(CONST_6)_14_ == CharAt(CONST_6)_15_ &&
CONST_6 < Length_0_ &&
CharAt(CONST_5)_12_ == CharAt(CONST_5)_13_ &&
CONST_5 < Length_0_ &&
CharAt(CONST_4)_10_ == CharAt(CONST_4)_11_ &&
CONST_4 < Length_0_ &&
CharAt(CONST_3)_8_ == CharAt(CONST_3)_9_ &&
CONST_3 < Length_0_ &&
CharAt(CONST_2)_6_ == CharAt(CONST_2)_7_ &&
CONST_2 < Length_0_ &&
CharAt(CONST_1)_4_ == CharAt(CONST_1)_5_ &&
CONST_1 < Length_0_ &&
CharAt(CONST_0)_2_ == CharAt(CONST_0)_3_ &&
CONST_0 < Length_0_ &&
Length_0_ < (Length_1_ + CONST_1)
$$$$$$$$$$$$$$$$$$$$$$$$$$$$$$$$
Calling Z3str3

current query... 
(declare-const needle_1 String)
(declare-const haystack_2 String)


(assert (= (str.at haystack_2 2) (str.at needle_1 0)))
(assert (< ( +  (str.len needle_1) 2) ( +  (str.len haystack_2) 1)))
(assert (not (= (str.at haystack_2 1) (str.at needle_1 0))))
(assert (< ( +  (str.len needle_1) 1) ( +  (str.len haystack_2) 1)))
(assert (>= 8 (str.len needle_1)))
(assert (= (str.at haystack_2 7) (str.at needle_1 7)))
(assert (< 7 (str.len needle_1)))
(assert (= (str.at haystack_2 6) (str.at needle_1 6)))
(assert (< 6 (str.len needle_1)))
(assert (= (str.at haystack_2 5) (str.at needle_1 5)))
(assert (< 5 (str.len needle_1)))
(assert (= (str.at haystack_2 4) (str.at needle_1 4)))
(assert (< 4 (str.len needle_1)))
(assert (= (str.at haystack_2 3) (str.at needle_1 3)))
(assert (< 3 (str.len needle_1)))
(assert (= (str.at haystack_2 2) (str.at needle_1 2)))
(assert (< 2 (str.len needle_1)))
(assert (= (str.at haystack_2 1) (str.at needle_1 1)))
(assert (< 1 (str.len needle_1)))
(assert (= (str.at haystack_2 0) (str.at needle_1 0)))
(assert (< 0 (str.len needle_1)))
(assert (< (str.len needle_1) ( +  (str.len haystack_2) 1)))



======================
(define-fun needle_1 () String
  "BABCDEFG")
(define-fun haystack_2 () String
  "BABCDEFGHI")
Returned solutions: 
(define-fun needle_1 () String  "BABCDEFG")
(define-fun haystack_2 () String  "BABCDEFGHI")
*************************************
Satisfiable: true
needle_1 => "BABCDEFG"
haystack_2 => "BABCDEFGHI"
*************************************


====================================================== search constraint
depth limit reached: 23

====================================================== snapshot 
thread java.lang.Thread:{id:0,name:main,status:RUNNING,priority:5,isDaemon:false,lockCount:0,suspendCount:0}
  call stack:
	at strings.StringSearch.search_1(StringSearch.java:19)
	at strings.StringSearch.main(StringSearch.java:7)

numeric PC: constraint # = 21
(Length_0_ + CONST_2) < (Length_1_ + CONST_1) &&
CharAt(CONST_1)_4_ != CharAt(CONST_0)_3_ &&
(Length_0_ + CONST_1) < (Length_1_ + CONST_1) &&
CONST_8 >= Length_0_ &&
CharAt(CONST_7)_16_ == CharAt(CONST_7)_17_ &&
CONST_7 < Length_0_ &&
CharAt(CONST_6)_14_ == CharAt(CONST_6)_15_ &&
CONST_6 < Length_0_ &&
CharAt(CONST_5)_12_ == CharAt(CONST_5)_13_ &&
CONST_5 < Length_0_ &&
CharAt(CONST_4)_10_ == CharAt(CONST_4)_11_ &&
CONST_4 < Length_0_ &&
CharAt(CONST_3)_8_ == CharAt(CONST_3)_9_ &&
CONST_3 < Length_0_ &&
CharAt(CONST_2)_6_ == CharAt(CONST_2)_7_ &&
CONST_2 < Length_0_ &&
CharAt(CONST_1)_4_ == CharAt(CONST_1)_5_ &&
CONST_1 < Length_0_ &&
CharAt(CONST_0)_2_ == CharAt(CONST_0)_3_ &&
CONST_0 < Length_0_ &&
Length_0_ < (Length_1_ + CONST_1) -> true

string analysis: SPC # = 0
NPC constraint # = 21
(Length_0_[8] + CONST_2) < (Length_1_[10] + CONST_1) &&
CharAt(CONST_1)_4_[0] != CharAt(CONST_0)_3_[1] &&
(Length_0_[8] + CONST_1) < (Length_1_[10] + CONST_1) &&
CONST_8 >= Length_0_[8] &&
CharAt(CONST_7)_16_[0] == CharAt(CONST_7)_17_[0] &&
CONST_7 < Length_0_[8] &&
CharAt(CONST_6)_14_[0] == CharAt(CONST_6)_15_[0] &&
CONST_6 < Length_0_[8] &&
CharAt(CONST_5)_12_[0] == CharAt(CONST_5)_13_[0] &&
CONST_5 < Length_0_[8] &&
CharAt(CONST_4)_10_[0] == CharAt(CONST_4)_11_[0] &&
CONST_4 < Length_0_[8] &&
CharAt(CONST_3)_8_[0] == CharAt(CONST_3)_9_[0] &&
CONST_3 < Length_0_[8] &&
CharAt(CONST_2)_6_[0] == CharAt(CONST_2)_7_[0] &&
CONST_2 < Length_0_[8] &&
CharAt(CONST_1)_4_[0] == CharAt(CONST_1)_5_[0] &&
CONST_1 < Length_0_[8] &&
CharAt(CONST_0)_2_[1] == CharAt(CONST_0)_3_[1] &&
CONST_0 < Length_0_[8] &&
Length_0_[8] < (Length_1_[10] + CONST_1)
$$$$$$$$$$$$$$$$$$$$$$$$$$$$$$$$
Calling Z3str3

current query... 
(declare-const needle_1 String)
(declare-const haystack_2 String)


(assert (< ( +  (str.len needle_1) 2) ( +  (str.len haystack_2) 1)))
(assert (not (= (str.at haystack_2 1) (str.at needle_1 0))))
(assert (< ( +  (str.len needle_1) 1) ( +  (str.len haystack_2) 1)))
(assert (>= 8 (str.len needle_1)))
(assert (= (str.at haystack_2 7) (str.at needle_1 7)))
(assert (< 7 (str.len needle_1)))
(assert (= (str.at haystack_2 6) (str.at needle_1 6)))
(assert (< 6 (str.len needle_1)))
(assert (= (str.at haystack_2 5) (str.at needle_1 5)))
(assert (< 5 (str.len needle_1)))
(assert (= (str.at haystack_2 4) (str.at needle_1 4)))
(assert (< 4 (str.len needle_1)))
(assert (= (str.at haystack_2 3) (str.at needle_1 3)))
(assert (< 3 (str.len needle_1)))
(assert (= (str.at haystack_2 2) (str.at needle_1 2)))
(assert (< 2 (str.len needle_1)))
(assert (= (str.at haystack_2 1) (str.at needle_1 1)))
(assert (< 1 (str.len needle_1)))
(assert (= (str.at haystack_2 0) (str.at needle_1 0)))
(assert (< 0 (str.len needle_1)))
(assert (< (str.len needle_1) ( +  (str.len haystack_2) 1)))



======================
(define-fun needle_1 () String
  "ABCDEFGH")
(define-fun haystack_2 () String
  "ABCDEFGHIJ")
Returned solutions: 
(define-fun needle_1 () String  "ABCDEFGH")
(define-fun haystack_2 () String  "ABCDEFGHIJ")
*************************************
Satisfiable: true
needle_1 => "ABCDEFGH"
haystack_2 => "ABCDEFGHIJ"
*************************************

1
test: This is a tttest haystack string for testing.
test This is a tttest haystack string for testing.
0
114514
0

====================================================== search constraint
depth limit reached: 23

====================================================== snapshot 
no live threads
numeric PC: constraint # = 21
(Length_0_ + CONST_2) >= (Length_1_ + CONST_1) &&
CharAt(CONST_1)_4_ != CharAt(CONST_0)_3_ &&
(Length_0_ + CONST_1) < (Length_1_ + CONST_1) &&
CONST_8 >= Length_0_ &&
CharAt(CONST_7)_16_ == CharAt(CONST_7)_17_ &&
CONST_7 < Length_0_ &&
CharAt(CONST_6)_14_ == CharAt(CONST_6)_15_ &&
CONST_6 < Length_0_ &&
CharAt(CONST_5)_12_ == CharAt(CONST_5)_13_ &&
CONST_5 < Length_0_ &&
CharAt(CONST_4)_10_ == CharAt(CONST_4)_11_ &&
CONST_4 < Length_0_ &&
CharAt(CONST_3)_8_ == CharAt(CONST_3)_9_ &&
CONST_3 < Length_0_ &&
CharAt(CONST_2)_6_ == CharAt(CONST_2)_7_ &&
CONST_2 < Length_0_ &&
CharAt(CONST_1)_4_ == CharAt(CONST_1)_5_ &&
CONST_1 < Length_0_ &&
CharAt(CONST_0)_2_ == CharAt(CONST_0)_3_ &&
CONST_0 < Length_0_ &&
Length_0_ < (Length_1_ + CONST_1) -> true

string analysis: SPC # = 0
NPC constraint # = 21
(Length_0_[8] + CONST_2) >= (Length_1_[9] + CONST_1) &&
CharAt(CONST_1)_4_[0] != CharAt(CONST_0)_3_[1] &&
(Length_0_[8] + CONST_1) < (Length_1_[9] + CONST_1) &&
CONST_8 >= Length_0_[8] &&
CharAt(CONST_7)_16_[0] == CharAt(CONST_7)_17_[0] &&
CONST_7 < Length_0_[8] &&
CharAt(CONST_6)_14_[0] == CharAt(CONST_6)_15_[0] &&
CONST_6 < Length_0_[8] &&
CharAt(CONST_5)_12_[0] == CharAt(CONST_5)_13_[0] &&
CONST_5 < Length_0_[8] &&
CharAt(CONST_4)_10_[0] == CharAt(CONST_4)_11_[0] &&
CONST_4 < Length_0_[8] &&
CharAt(CONST_3)_8_[0] == CharAt(CONST_3)_9_[0] &&
CONST_3 < Length_0_[8] &&
CharAt(CONST_2)_6_[0] == CharAt(CONST_2)_7_[0] &&
CONST_2 < Length_0_[8] &&
CharAt(CONST_1)_4_[0] == CharAt(CONST_1)_5_[0] &&
CONST_1 < Length_0_[8] &&
CharAt(CONST_0)_2_[1] == CharAt(CONST_0)_3_[1] &&
CONST_0 < Length_0_[8] &&
Length_0_[8] < (Length_1_[9] + CONST_1)
$$$$$$$$$$$$$$$$$$$$$$$$$$$$$$$$
Calling Z3str3

current query... 
(declare-const needle_1 String)
(declare-const haystack_2 String)


(assert (>= ( +  (str.len needle_1) 2) ( +  (str.len haystack_2) 1)))
(assert (not (= (str.at haystack_2 1) (str.at needle_1 0))))
(assert (< ( +  (str.len needle_1) 1) ( +  (str.len haystack_2) 1)))
(assert (>= 8 (str.len needle_1)))
(assert (= (str.at haystack_2 7) (str.at needle_1 7)))
(assert (< 7 (str.len needle_1)))
(assert (= (str.at haystack_2 6) (str.at needle_1 6)))
(assert (< 6 (str.len needle_1)))
(assert (= (str.at haystack_2 5) (str.at needle_1 5)))
(assert (< 5 (str.len needle_1)))
(assert (= (str.at haystack_2 4) (str.at needle_1 4)))
(assert (< 4 (str.len needle_1)))
(assert (= (str.at haystack_2 3) (str.at needle_1 3)))
(assert (< 3 (str.len needle_1)))
(assert (= (str.at haystack_2 2) (str.at needle_1 2)))
(assert (< 2 (str.len needle_1)))
(assert (= (str.at haystack_2 1) (str.at needle_1 1)))
(assert (< 1 (str.len needle_1)))
(assert (= (str.at haystack_2 0) (str.at needle_1 0)))
(assert (< 0 (str.len needle_1)))
(assert (< (str.len needle_1) ( +  (str.len haystack_2) 1)))



======================
(define-fun needle_1 () String
  "ABCDEFGH")
(define-fun haystack_2 () String
  "ABCDEFGHI")
Returned solutions: 
(define-fun needle_1 () String  "ABCDEFGH")
(define-fun haystack_2 () String  "ABCDEFGHI")
*************************************
Satisfiable: true
needle_1 => "ABCDEFGH"
haystack_2 => "ABCDEFGHI"
*************************************

numeric PC: constraint # = 20
CharAt(CONST_1)_4_[0] != CharAt(CONST_0)_3_[1] &&
(Length_0_[8] + CONST_1) < (Length_1_[9] + CONST_1) &&
CONST_8 >= Length_0_[8] &&
CharAt(CONST_7)_16_[0] == CharAt(CONST_7)_17_[0] &&
CONST_7 < Length_0_[8] &&
CharAt(CONST_6)_14_[0] == CharAt(CONST_6)_15_[0] &&
CONST_6 < Length_0_[8] &&
CharAt(CONST_5)_12_[0] == CharAt(CONST_5)_13_[0] &&
CONST_5 < Length_0_[8] &&
CharAt(CONST_4)_10_[0] == CharAt(CONST_4)_11_[0] &&
CONST_4 < Length_0_[8] &&
CharAt(CONST_3)_8_[0] == CharAt(CONST_3)_9_[0] &&
CONST_3 < Length_0_[8] &&
CharAt(CONST_2)_6_[0] == CharAt(CONST_2)_7_[0] &&
CONST_2 < Length_0_[8] &&
CharAt(CONST_1)_4_[0] == CharAt(CONST_1)_5_[0] &&
CONST_1 < Length_0_[8] &&
CharAt(CONST_0)_2_[1] == CharAt(CONST_0)_3_[1] &&
CONST_0 < Length_0_[8] &&
Length_0_[8] < (Length_1_[9] + CONST_1) -> true

string analysis: SPC # = 0
NPC constraint # = 20
CharAt(CONST_1)_4_[0] != CharAt(CONST_0)_3_[1] &&
(Length_0_[8] + CONST_1) < (Length_1_[9] + CONST_1) &&
CONST_8 >= Length_0_[8] &&
CharAt(CONST_7)_16_[0] == CharAt(CONST_7)_17_[0] &&
CONST_7 < Length_0_[8] &&
CharAt(CONST_6)_14_[0] == CharAt(CONST_6)_15_[0] &&
CONST_6 < Length_0_[8] &&
CharAt(CONST_5)_12_[0] == CharAt(CONST_5)_13_[0] &&
CONST_5 < Length_0_[8] &&
CharAt(CONST_4)_10_[0] == CharAt(CONST_4)_11_[0] &&
CONST_4 < Length_0_[8] &&
CharAt(CONST_3)_8_[0] == CharAt(CONST_3)_9_[0] &&
CONST_3 < Length_0_[8] &&
CharAt(CONST_2)_6_[0] == CharAt(CONST_2)_7_[0] &&
CONST_2 < Length_0_[8] &&
CharAt(CONST_1)_4_[0] == CharAt(CONST_1)_5_[0] &&
CONST_1 < Length_0_[8] &&
CharAt(CONST_0)_2_[1] == CharAt(CONST_0)_3_[1] &&
CONST_0 < Length_0_[8] &&
Length_0_[8] < (Length_1_[9] + CONST_1)
$$$$$$$$$$$$$$$$$$$$$$$$$$$$$$$$
Calling Z3str3

current query... 
(declare-const needle_1 String)
(declare-const haystack_2 String)


(assert (not (= (str.at haystack_2 1) (str.at needle_1 0))))
(assert (< ( +  (str.len needle_1) 1) ( +  (str.len haystack_2) 1)))
(assert (>= 8 (str.len needle_1)))
(assert (= (str.at haystack_2 7) (str.at needle_1 7)))
(assert (< 7 (str.len needle_1)))
(assert (= (str.at haystack_2 6) (str.at needle_1 6)))
(assert (< 6 (str.len needle_1)))
(assert (= (str.at haystack_2 5) (str.at needle_1 5)))
(assert (< 5 (str.len needle_1)))
(assert (= (str.at haystack_2 4) (str.at needle_1 4)))
(assert (< 4 (str.len needle_1)))
(assert (= (str.at haystack_2 3) (str.at needle_1 3)))
(assert (< 3 (str.len needle_1)))
(assert (= (str.at haystack_2 2) (str.at needle_1 2)))
(assert (< 2 (str.len needle_1)))
(assert (= (str.at haystack_2 1) (str.at needle_1 1)))
(assert (< 1 (str.len needle_1)))
(assert (= (str.at haystack_2 0) (str.at needle_1 0)))
(assert (< 0 (str.len needle_1)))
(assert (< (str.len needle_1) ( +  (str.len haystack_2) 1)))



======================
(define-fun needle_1 () String
  "ABCDEFGH")
(define-fun haystack_2 () String
  "ABCDEFGHI")
Returned solutions: 
(define-fun needle_1 () String  "ABCDEFGH")
(define-fun haystack_2 () String  "ABCDEFGHI")
*************************************
Satisfiable: true
needle_1 => "ABCDEFGH"
haystack_2 => "ABCDEFGHI"
*************************************

numeric PC: constraint # = 19
(Length_0_[8] + CONST_1) < (Length_1_[9] + CONST_1) &&
CONST_8 >= Length_0_[8] &&
CharAt(CONST_7)_16_[0] == CharAt(CONST_7)_17_[0] &&
CONST_7 < Length_0_[8] &&
CharAt(CONST_6)_14_[0] == CharAt(CONST_6)_15_[0] &&
CONST_6 < Length_0_[8] &&
CharAt(CONST_5)_12_[0] == CharAt(CONST_5)_13_[0] &&
CONST_5 < Length_0_[8] &&
CharAt(CONST_4)_10_[0] == CharAt(CONST_4)_11_[0] &&
CONST_4 < Length_0_[8] &&
CharAt(CONST_3)_8_[0] == CharAt(CONST_3)_9_[0] &&
CONST_3 < Length_0_[8] &&
CharAt(CONST_2)_6_[0] == CharAt(CONST_2)_7_[0] &&
CONST_2 < Length_0_[8] &&
CharAt(CONST_1)_4_[0] == CharAt(CONST_1)_5_[0] &&
CONST_1 < Length_0_[8] &&
CharAt(CONST_0)_2_[1] == CharAt(CONST_0)_3_[1] &&
CONST_0 < Length_0_[8] &&
Length_0_[8] < (Length_1_[9] + CONST_1) -> true

string analysis: SPC # = 0
NPC constraint # = 19
(Length_0_[8] + CONST_1) < (Length_1_[9] + CONST_1) &&
CONST_8 >= Length_0_[8] &&
CharAt(CONST_7)_16_[0] == CharAt(CONST_7)_17_[0] &&
CONST_7 < Length_0_[8] &&
CharAt(CONST_6)_14_[0] == CharAt(CONST_6)_15_[0] &&
CONST_6 < Length_0_[8] &&
CharAt(CONST_5)_12_[0] == CharAt(CONST_5)_13_[0] &&
CONST_5 < Length_0_[8] &&
CharAt(CONST_4)_10_[0] == CharAt(CONST_4)_11_[0] &&
CONST_4 < Length_0_[8] &&
CharAt(CONST_3)_8_[0] == CharAt(CONST_3)_9_[0] &&
CONST_3 < Length_0_[8] &&
CharAt(CONST_2)_6_[0] == CharAt(CONST_2)_7_[0] &&
CONST_2 < Length_0_[8] &&
CharAt(CONST_1)_4_[0] == CharAt(CONST_1)_5_[0] &&
CONST_1 < Length_0_[8] &&
CharAt(CONST_0)_2_[0] == CharAt(CONST_0)_3_[0] &&
CONST_0 < Length_0_[8] &&
Length_0_[8] < (Length_1_[9] + CONST_1)
$$$$$$$$$$$$$$$$$$$$$$$$$$$$$$$$
Calling Z3str3

current query... 
(declare-const needle_1 String)
(declare-const haystack_2 String)


(assert (< ( +  (str.len needle_1) 1) ( +  (str.len haystack_2) 1)))
(assert (>= 8 (str.len needle_1)))
(assert (= (str.at haystack_2 7) (str.at needle_1 7)))
(assert (< 7 (str.len needle_1)))
(assert (= (str.at haystack_2 6) (str.at needle_1 6)))
(assert (< 6 (str.len needle_1)))
(assert (= (str.at haystack_2 5) (str.at needle_1 5)))
(assert (< 5 (str.len needle_1)))
(assert (= (str.at haystack_2 4) (str.at needle_1 4)))
(assert (< 4 (str.len needle_1)))
(assert (= (str.at haystack_2 3) (str.at needle_1 3)))
(assert (< 3 (str.len needle_1)))
(assert (= (str.at haystack_2 2) (str.at needle_1 2)))
(assert (< 2 (str.len needle_1)))
(assert (= (str.at haystack_2 1) (str.at needle_1 1)))
(assert (< 1 (str.len needle_1)))
(assert (= (str.at haystack_2 0) (str.at needle_1 0)))
(assert (< 0 (str.len needle_1)))
(assert (< (str.len needle_1) ( +  (str.len haystack_2) 1)))



======================
(define-fun needle_1 () String
  "ABCDEFGH")
(define-fun haystack_2 () String
  "ABCDEFGHIJ")
Returned solutions: 
(define-fun needle_1 () String  "ABCDEFGH")
(define-fun haystack_2 () String  "ABCDEFGHIJ")
*************************************
Satisfiable: true
needle_1 => "ABCDEFGH"
haystack_2 => "ABCDEFGHIJ"
*************************************

1
test: This is a tttest haystack string for testing.
test This is a tttest haystack string for testing.
0
114514
0
numeric PC: constraint # = 19
(Length_0_ + CONST_1) >= (Length_1_ + CONST_1) &&
CONST_8 >= Length_0_ &&
CharAt(CONST_7)_16_ == CharAt(CONST_7)_17_ &&
CONST_7 < Length_0_ &&
CharAt(CONST_6)_14_ == CharAt(CONST_6)_15_ &&
CONST_6 < Length_0_ &&
CharAt(CONST_5)_12_ == CharAt(CONST_5)_13_ &&
CONST_5 < Length_0_ &&
CharAt(CONST_4)_10_ == CharAt(CONST_4)_11_ &&
CONST_4 < Length_0_ &&
CharAt(CONST_3)_8_ == CharAt(CONST_3)_9_ &&
CONST_3 < Length_0_ &&
CharAt(CONST_2)_6_ == CharAt(CONST_2)_7_ &&
CONST_2 < Length_0_ &&
CharAt(CONST_1)_4_ == CharAt(CONST_1)_5_ &&
CONST_1 < Length_0_ &&
CharAt(CONST_0)_2_ == CharAt(CONST_0)_3_ &&
CONST_0 < Length_0_ &&
Length_0_ < (Length_1_ + CONST_1) -> true

string analysis: SPC # = 0
NPC constraint # = 19
(Length_0_[8] + CONST_1) >= (Length_1_[8] + CONST_1) &&
CONST_8 >= Length_0_[8] &&
CharAt(CONST_7)_16_[0] == CharAt(CONST_7)_17_[0] &&
CONST_7 < Length_0_[8] &&
CharAt(CONST_6)_14_[0] == CharAt(CONST_6)_15_[0] &&
CONST_6 < Length_0_[8] &&
CharAt(CONST_5)_12_[0] == CharAt(CONST_5)_13_[0] &&
CONST_5 < Length_0_[8] &&
CharAt(CONST_4)_10_[0] == CharAt(CONST_4)_11_[0] &&
CONST_4 < Length_0_[8] &&
CharAt(CONST_3)_8_[0] == CharAt(CONST_3)_9_[0] &&
CONST_3 < Length_0_[8] &&
CharAt(CONST_2)_6_[0] == CharAt(CONST_2)_7_[0] &&
CONST_2 < Length_0_[8] &&
CharAt(CONST_1)_4_[0] == CharAt(CONST_1)_5_[0] &&
CONST_1 < Length_0_[8] &&
CharAt(CONST_0)_2_[0] == CharAt(CONST_0)_3_[0] &&
CONST_0 < Length_0_[8] &&
Length_0_[8] < (Length_1_[8] + CONST_1)
$$$$$$$$$$$$$$$$$$$$$$$$$$$$$$$$
Calling Z3str3

current query... 
(declare-const needle_1 String)
(declare-const haystack_2 String)


(assert (>= ( +  (str.len needle_1) 1) ( +  (str.len haystack_2) 1)))
(assert (>= 8 (str.len needle_1)))
(assert (= (str.at haystack_2 7) (str.at needle_1 7)))
(assert (< 7 (str.len needle_1)))
(assert (= (str.at haystack_2 6) (str.at needle_1 6)))
(assert (< 6 (str.len needle_1)))
(assert (= (str.at haystack_2 5) (str.at needle_1 5)))
(assert (< 5 (str.len needle_1)))
(assert (= (str.at haystack_2 4) (str.at needle_1 4)))
(assert (< 4 (str.len needle_1)))
(assert (= (str.at haystack_2 3) (str.at needle_1 3)))
(assert (< 3 (str.len needle_1)))
(assert (= (str.at haystack_2 2) (str.at needle_1 2)))
(assert (< 2 (str.len needle_1)))
(assert (= (str.at haystack_2 1) (str.at needle_1 1)))
(assert (< 1 (str.len needle_1)))
(assert (= (str.at haystack_2 0) (str.at needle_1 0)))
(assert (< 0 (str.len needle_1)))
(assert (< (str.len needle_1) ( +  (str.len haystack_2) 1)))



======================
(define-fun needle_1 () String
  "ABCDEFGH")
(define-fun haystack_2 () String
  "ABCDEFGH")
Returned solutions: 
(define-fun needle_1 () String  "ABCDEFGH")
(define-fun haystack_2 () String  "ABCDEFGH")
*************************************
Satisfiable: true
needle_1 => "ABCDEFGH"
haystack_2 => "ABCDEFGH"
*************************************

numeric PC: constraint # = 18
CONST_8 >= Length_0_[8] &&
CharAt(CONST_7)_16_[0] == CharAt(CONST_7)_17_[0] &&
CONST_7 < Length_0_[8] &&
CharAt(CONST_6)_14_[0] == CharAt(CONST_6)_15_[0] &&
CONST_6 < Length_0_[8] &&
CharAt(CONST_5)_12_[0] == CharAt(CONST_5)_13_[0] &&
CONST_5 < Length_0_[8] &&
CharAt(CONST_4)_10_[0] == CharAt(CONST_4)_11_[0] &&
CONST_4 < Length_0_[8] &&
CharAt(CONST_3)_8_[0] == CharAt(CONST_3)_9_[0] &&
CONST_3 < Length_0_[8] &&
CharAt(CONST_2)_6_[0] == CharAt(CONST_2)_7_[0] &&
CONST_2 < Length_0_[8] &&
CharAt(CONST_1)_4_[0] == CharAt(CONST_1)_5_[0] &&
CONST_1 < Length_0_[8] &&
CharAt(CONST_0)_2_[0] == CharAt(CONST_0)_3_[0] &&
CONST_0 < Length_0_[8] &&
Length_0_[8] < (Length_1_[8] + CONST_1) -> true

string analysis: SPC # = 0
NPC constraint # = 18
CONST_8 >= Length_0_[8] &&
CharAt(CONST_7)_16_[0] == CharAt(CONST_7)_17_[0] &&
CONST_7 < Length_0_[8] &&
CharAt(CONST_6)_14_[0] == CharAt(CONST_6)_15_[0] &&
CONST_6 < Length_0_[8] &&
CharAt(CONST_5)_12_[0] == CharAt(CONST_5)_13_[0] &&
CONST_5 < Length_0_[8] &&
CharAt(CONST_4)_10_[0] == CharAt(CONST_4)_11_[0] &&
CONST_4 < Length_0_[8] &&
CharAt(CONST_3)_8_[0] == CharAt(CONST_3)_9_[0] &&
CONST_3 < Length_0_[8] &&
CharAt(CONST_2)_6_[0] == CharAt(CONST_2)_7_[0] &&
CONST_2 < Length_0_[8] &&
CharAt(CONST_1)_4_[0] == CharAt(CONST_1)_5_[0] &&
CONST_1 < Length_0_[8] &&
CharAt(CONST_0)_2_[0] == CharAt(CONST_0)_3_[0] &&
CONST_0 < Length_0_[8] &&
Length_0_[8] < (Length_1_[8] + CONST_1)
$$$$$$$$$$$$$$$$$$$$$$$$$$$$$$$$
Calling Z3str3

current query... 
(declare-const needle_1 String)
(declare-const haystack_2 String)


(assert (>= 8 (str.len needle_1)))
(assert (= (str.at haystack_2 7) (str.at needle_1 7)))
(assert (< 7 (str.len needle_1)))
(assert (= (str.at haystack_2 6) (str.at needle_1 6)))
(assert (< 6 (str.len needle_1)))
(assert (= (str.at haystack_2 5) (str.at needle_1 5)))
(assert (< 5 (str.len needle_1)))
(assert (= (str.at haystack_2 4) (str.at needle_1 4)))
(assert (< 4 (str.len needle_1)))
(assert (= (str.at haystack_2 3) (str.at needle_1 3)))
(assert (< 3 (str.len needle_1)))
(assert (= (str.at haystack_2 2) (str.at needle_1 2)))
(assert (< 2 (str.len needle_1)))
(assert (= (str.at haystack_2 1) (str.at needle_1 1)))
(assert (< 1 (str.len needle_1)))
(assert (= (str.at haystack_2 0) (str.at needle_1 0)))
(assert (< 0 (str.len needle_1)))
(assert (< (str.len needle_1) ( +  (str.len haystack_2) 1)))



======================
(define-fun needle_1 () String
  "ABCDEFGH")
(define-fun haystack_2 () String
  "ABCDEFGH")
Returned solutions: 
(define-fun needle_1 () String  "ABCDEFGH")
(define-fun haystack_2 () String  "ABCDEFGH")
*************************************
Satisfiable: true
needle_1 => "ABCDEFGH"
haystack_2 => "ABCDEFGH"
*************************************

numeric PC: constraint # = 17
CharAt(CONST_7)_16_[0] == CharAt(CONST_7)_17_[0] &&
CONST_7 < Length_0_[8] &&
CharAt(CONST_6)_14_[0] == CharAt(CONST_6)_15_[0] &&
CONST_6 < Length_0_[8] &&
CharAt(CONST_5)_12_[0] == CharAt(CONST_5)_13_[0] &&
CONST_5 < Length_0_[8] &&
CharAt(CONST_4)_10_[0] == CharAt(CONST_4)_11_[0] &&
CONST_4 < Length_0_[8] &&
CharAt(CONST_3)_8_[0] == CharAt(CONST_3)_9_[0] &&
CONST_3 < Length_0_[8] &&
CharAt(CONST_2)_6_[0] == CharAt(CONST_2)_7_[0] &&
CONST_2 < Length_0_[8] &&
CharAt(CONST_1)_4_[0] == CharAt(CONST_1)_5_[0] &&
CONST_1 < Length_0_[8] &&
CharAt(CONST_0)_2_[0] == CharAt(CONST_0)_3_[0] &&
CONST_0 < Length_0_[8] &&
Length_0_[8] < (Length_1_[8] + CONST_1) -> true

string analysis: SPC # = 0
NPC constraint # = 17
CharAt(CONST_7)_16_[0] == CharAt(CONST_7)_17_[0] &&
CONST_7 < Length_0_[8] &&
CharAt(CONST_6)_14_[0] == CharAt(CONST_6)_15_[0] &&
CONST_6 < Length_0_[8] &&
CharAt(CONST_5)_12_[0] == CharAt(CONST_5)_13_[0] &&
CONST_5 < Length_0_[8] &&
CharAt(CONST_4)_10_[0] == CharAt(CONST_4)_11_[0] &&
CONST_4 < Length_0_[8] &&
CharAt(CONST_3)_8_[0] == CharAt(CONST_3)_9_[0] &&
CONST_3 < Length_0_[8] &&
CharAt(CONST_2)_6_[0] == CharAt(CONST_2)_7_[0] &&
CONST_2 < Length_0_[8] &&
CharAt(CONST_1)_4_[0] == CharAt(CONST_1)_5_[0] &&
CONST_1 < Length_0_[8] &&
CharAt(CONST_0)_2_[0] == CharAt(CONST_0)_3_[0] &&
CONST_0 < Length_0_[8] &&
Length_0_[8] < (Length_1_[8] + CONST_1)
$$$$$$$$$$$$$$$$$$$$$$$$$$$$$$$$
Calling Z3str3

current query... 
(declare-const needle_1 String)
(declare-const haystack_2 String)


(assert (= (str.at haystack_2 7) (str.at needle_1 7)))
(assert (< 7 (str.len needle_1)))
(assert (= (str.at haystack_2 6) (str.at needle_1 6)))
(assert (< 6 (str.len needle_1)))
(assert (= (str.at haystack_2 5) (str.at needle_1 5)))
(assert (< 5 (str.len needle_1)))
(assert (= (str.at haystack_2 4) (str.at needle_1 4)))
(assert (< 4 (str.len needle_1)))
(assert (= (str.at haystack_2 3) (str.at needle_1 3)))
(assert (< 3 (str.len needle_1)))
(assert (= (str.at haystack_2 2) (str.at needle_1 2)))
(assert (< 2 (str.len needle_1)))
(assert (= (str.at haystack_2 1) (str.at needle_1 1)))
(assert (< 1 (str.len needle_1)))
(assert (= (str.at haystack_2 0) (str.at needle_1 0)))
(assert (< 0 (str.len needle_1)))
(assert (< (str.len needle_1) ( +  (str.len haystack_2) 1)))



======================
(define-fun needle_1 () String
  "ABCDEFGH")
(define-fun haystack_2 () String
  "ABCDEFGH")
Returned solutions: 
(define-fun needle_1 () String  "ABCDEFGH")
(define-fun haystack_2 () String  "ABCDEFGH")
*************************************
Satisfiable: true
needle_1 => "ABCDEFGH"
haystack_2 => "ABCDEFGH"
*************************************

numeric PC: constraint # = 18
CONST_8 >= Length_0_ &&
CharAt(CONST_7)_16_ != CharAt(CONST_7)_17_ &&
CONST_7 < Length_0_ &&
CharAt(CONST_6)_14_ == CharAt(CONST_6)_15_ &&
CONST_6 < Length_0_ &&
CharAt(CONST_5)_12_ == CharAt(CONST_5)_13_ &&
CONST_5 < Length_0_ &&
CharAt(CONST_4)_10_ == CharAt(CONST_4)_11_ &&
CONST_4 < Length_0_ &&
CharAt(CONST_3)_8_ == CharAt(CONST_3)_9_ &&
CONST_3 < Length_0_ &&
CharAt(CONST_2)_6_ == CharAt(CONST_2)_7_ &&
CONST_2 < Length_0_ &&
CharAt(CONST_1)_4_ == CharAt(CONST_1)_5_ &&
CONST_1 < Length_0_ &&
CharAt(CONST_0)_2_ == CharAt(CONST_0)_3_ &&
CONST_0 < Length_0_ &&
Length_0_ < (Length_1_ + CONST_1) -> true

### PCs: total:119 sat:98 unsat:21

string analysis: SPC # = 0
NPC constraint # = 18
CONST_8 >= Length_0_ &&
CharAt(CONST_7)_16_ != CharAt(CONST_7)_17_ &&
CONST_7 < Length_0_ &&
CharAt(CONST_6)_14_ == CharAt(CONST_6)_15_ &&
CONST_6 < Length_0_ &&
CharAt(CONST_5)_12_ == CharAt(CONST_5)_13_ &&
CONST_5 < Length_0_ &&
CharAt(CONST_4)_10_ == CharAt(CONST_4)_11_ &&
CONST_4 < Length_0_ &&
CharAt(CONST_3)_8_ == CharAt(CONST_3)_9_ &&
CONST_3 < Length_0_ &&
CharAt(CONST_2)_6_ == CharAt(CONST_2)_7_ &&
CONST_2 < Length_0_ &&
CharAt(CONST_1)_4_ == CharAt(CONST_1)_5_ &&
CONST_1 < Length_0_ &&
CharAt(CONST_0)_2_ == CharAt(CONST_0)_3_ &&
CONST_0 < Length_0_ &&
Length_0_ < (Length_1_ + CONST_1)
$$$$$$$$$$$$$$$$$$$$$$$$$$$$$$$$
Calling Z3str3

current query... 
(declare-const needle_1 String)
(declare-const haystack_2 String)


(assert (>= 8 (str.len needle_1)))
(assert (not (= (str.at haystack_2 7) (str.at needle_1 7))))
(assert (< 7 (str.len needle_1)))
(assert (= (str.at haystack_2 6) (str.at needle_1 6)))
(assert (< 6 (str.len needle_1)))
(assert (= (str.at haystack_2 5) (str.at needle_1 5)))
(assert (< 5 (str.len needle_1)))
(assert (= (str.at haystack_2 4) (str.at needle_1 4)))
(assert (< 4 (str.len needle_1)))
(assert (= (str.at haystack_2 3) (str.at needle_1 3)))
(assert (< 3 (str.len needle_1)))
(assert (= (str.at haystack_2 2) (str.at needle_1 2)))
(assert (< 2 (str.len needle_1)))
(assert (= (str.at haystack_2 1) (str.at needle_1 1)))
(assert (< 1 (str.len needle_1)))
(assert (= (str.at haystack_2 0) (str.at needle_1 0)))
(assert (< 0 (str.len needle_1)))
(assert (< (str.len needle_1) ( +  (str.len haystack_2) 1)))



======================
(define-fun needle_1 () String
  "BCDEFGHI")
(define-fun haystack_2 () String
  "BCDEFGHA")
Returned solutions: 
(define-fun needle_1 () String  "BCDEFGHI")
(define-fun haystack_2 () String  "BCDEFGHA")
*************************************
Satisfiable: true
needle_1 => "BCDEFGHI"
haystack_2 => "BCDEFGHA"
*************************************

numeric PC: constraint # = 18
CONST_8 < Length_0_ &&
CharAt(CONST_7)_16_ != CharAt(CONST_7)_17_ &&
CONST_7 < Length_0_ &&
CharAt(CONST_6)_14_ == CharAt(CONST_6)_15_ &&
CONST_6 < Length_0_ &&
CharAt(CONST_5)_12_ == CharAt(CONST_5)_13_ &&
CONST_5 < Length_0_ &&
CharAt(CONST_4)_10_ == CharAt(CONST_4)_11_ &&
CONST_4 < Length_0_ &&
CharAt(CONST_3)_8_ == CharAt(CONST_3)_9_ &&
CONST_3 < Length_0_ &&
CharAt(CONST_2)_6_ == CharAt(CONST_2)_7_ &&
CONST_2 < Length_0_ &&
CharAt(CONST_1)_4_ == CharAt(CONST_1)_5_ &&
CONST_1 < Length_0_ &&
CharAt(CONST_0)_2_ == CharAt(CONST_0)_3_ &&
CONST_0 < Length_0_ &&
Length_0_ < (Length_1_ + CONST_1) -> true

### PCs: total:120 sat:99 unsat:21

string analysis: SPC # = 0
NPC constraint # = 18
CONST_8 < Length_0_ &&
CharAt(CONST_7)_16_ != CharAt(CONST_7)_17_ &&
CONST_7 < Length_0_ &&
CharAt(CONST_6)_14_ == CharAt(CONST_6)_15_ &&
CONST_6 < Length_0_ &&
CharAt(CONST_5)_12_ == CharAt(CONST_5)_13_ &&
CONST_5 < Length_0_ &&
CharAt(CONST_4)_10_ == CharAt(CONST_4)_11_ &&
CONST_4 < Length_0_ &&
CharAt(CONST_3)_8_ == CharAt(CONST_3)_9_ &&
CONST_3 < Length_0_ &&
CharAt(CONST_2)_6_ == CharAt(CONST_2)_7_ &&
CONST_2 < Length_0_ &&
CharAt(CONST_1)_4_ == CharAt(CONST_1)_5_ &&
CONST_1 < Length_0_ &&
CharAt(CONST_0)_2_ == CharAt(CONST_0)_3_ &&
CONST_0 < Length_0_ &&
Length_0_ < (Length_1_ + CONST_1)
$$$$$$$$$$$$$$$$$$$$$$$$$$$$$$$$
Calling Z3str3

current query... 
(declare-const needle_1 String)
(declare-const haystack_2 String)


(assert (< 8 (str.len needle_1)))
(assert (not (= (str.at haystack_2 7) (str.at needle_1 7))))
(assert (< 7 (str.len needle_1)))
(assert (= (str.at haystack_2 6) (str.at needle_1 6)))
(assert (< 6 (str.len needle_1)))
(assert (= (str.at haystack_2 5) (str.at needle_1 5)))
(assert (< 5 (str.len needle_1)))
(assert (= (str.at haystack_2 4) (str.at needle_1 4)))
(assert (< 4 (str.len needle_1)))
(assert (= (str.at haystack_2 3) (str.at needle_1 3)))
(assert (< 3 (str.len needle_1)))
(assert (= (str.at haystack_2 2) (str.at needle_1 2)))
(assert (< 2 (str.len needle_1)))
(assert (= (str.at haystack_2 1) (str.at needle_1 1)))
(assert (< 1 (str.len needle_1)))
(assert (= (str.at haystack_2 0) (str.at needle_1 0)))
(assert (< 0 (str.len needle_1)))
(assert (< (str.len needle_1) ( +  (str.len haystack_2) 1)))



======================
(define-fun needle_1 () String
  "BCDEFGHIJLN")
(define-fun haystack_2 () String
  "BCDEFGHAKMO")
Returned solutions: 
(define-fun needle_1 () String  "BCDEFGHIJLN")
(define-fun haystack_2 () String  "BCDEFGHAKMO")
*************************************
Satisfiable: true
needle_1 => "BCDEFGHIJLN"
haystack_2 => "BCDEFGHAKMO"
*************************************

numeric PC: constraint # = 19
CONST_9 >= Length_0_ &&
CONST_8 < Length_0_ &&
CharAt(CONST_7)_16_ != CharAt(CONST_7)_17_ &&
CONST_7 < Length_0_ &&
CharAt(CONST_6)_14_ == CharAt(CONST_6)_15_ &&
CONST_6 < Length_0_ &&
CharAt(CONST_5)_12_ == CharAt(CONST_5)_13_ &&
CONST_5 < Length_0_ &&
CharAt(CONST_4)_10_ == CharAt(CONST_4)_11_ &&
CONST_4 < Length_0_ &&
CharAt(CONST_3)_8_ == CharAt(CONST_3)_9_ &&
CONST_3 < Length_0_ &&
CharAt(CONST_2)_6_ == CharAt(CONST_2)_7_ &&
CONST_2 < Length_0_ &&
CharAt(CONST_1)_4_ == CharAt(CONST_1)_5_ &&
CONST_1 < Length_0_ &&
CharAt(CONST_0)_2_ == CharAt(CONST_0)_3_ &&
CONST_0 < Length_0_ &&
Length_0_ < (Length_1_ + CONST_1) -> true

### PCs: total:121 sat:100 unsat:21

string analysis: SPC # = 0
NPC constraint # = 19
CONST_9 >= Length_0_ &&
CONST_8 < Length_0_ &&
CharAt(CONST_7)_16_ != CharAt(CONST_7)_17_ &&
CONST_7 < Length_0_ &&
CharAt(CONST_6)_14_ == CharAt(CONST_6)_15_ &&
CONST_6 < Length_0_ &&
CharAt(CONST_5)_12_ == CharAt(CONST_5)_13_ &&
CONST_5 < Length_0_ &&
CharAt(CONST_4)_10_ == CharAt(CONST_4)_11_ &&
CONST_4 < Length_0_ &&
CharAt(CONST_3)_8_ == CharAt(CONST_3)_9_ &&
CONST_3 < Length_0_ &&
CharAt(CONST_2)_6_ == CharAt(CONST_2)_7_ &&
CONST_2 < Length_0_ &&
CharAt(CONST_1)_4_ == CharAt(CONST_1)_5_ &&
CONST_1 < Length_0_ &&
CharAt(CONST_0)_2_ == CharAt(CONST_0)_3_ &&
CONST_0 < Length_0_ &&
Length_0_ < (Length_1_ + CONST_1)
$$$$$$$$$$$$$$$$$$$$$$$$$$$$$$$$
Calling Z3str3

current query... 
(declare-const needle_1 String)
(declare-const haystack_2 String)


(assert (>= 9 (str.len needle_1)))
(assert (< 8 (str.len needle_1)))
(assert (not (= (str.at haystack_2 7) (str.at needle_1 7))))
(assert (< 7 (str.len needle_1)))
(assert (= (str.at haystack_2 6) (str.at needle_1 6)))
(assert (< 6 (str.len needle_1)))
(assert (= (str.at haystack_2 5) (str.at needle_1 5)))
(assert (< 5 (str.len needle_1)))
(assert (= (str.at haystack_2 4) (str.at needle_1 4)))
(assert (< 4 (str.len needle_1)))
(assert (= (str.at haystack_2 3) (str.at needle_1 3)))
(assert (< 3 (str.len needle_1)))
(assert (= (str.at haystack_2 2) (str.at needle_1 2)))
(assert (< 2 (str.len needle_1)))
(assert (= (str.at haystack_2 1) (str.at needle_1 1)))
(assert (< 1 (str.len needle_1)))
(assert (= (str.at haystack_2 0) (str.at needle_1 0)))
(assert (< 0 (str.len needle_1)))
(assert (< (str.len needle_1) ( +  (str.len haystack_2) 1)))



======================
(define-fun needle_1 () String
  "BCDEFGHIJ")
(define-fun haystack_2 () String
  "BCDEFGHAK")
Returned solutions: 
(define-fun needle_1 () String  "BCDEFGHIJ")
(define-fun haystack_2 () String  "BCDEFGHAK")
*************************************
Satisfiable: true
needle_1 => "BCDEFGHIJ"
haystack_2 => "BCDEFGHAK"
*************************************

numeric PC: constraint # = 19
CONST_9 < Length_0_ &&
CONST_8 < Length_0_ &&
CharAt(CONST_7)_16_ != CharAt(CONST_7)_17_ &&
CONST_7 < Length_0_ &&
CharAt(CONST_6)_14_ == CharAt(CONST_6)_15_ &&
CONST_6 < Length_0_ &&
CharAt(CONST_5)_12_ == CharAt(CONST_5)_13_ &&
CONST_5 < Length_0_ &&
CharAt(CONST_4)_10_ == CharAt(CONST_4)_11_ &&
CONST_4 < Length_0_ &&
CharAt(CONST_3)_8_ == CharAt(CONST_3)_9_ &&
CONST_3 < Length_0_ &&
CharAt(CONST_2)_6_ == CharAt(CONST_2)_7_ &&
CONST_2 < Length_0_ &&
CharAt(CONST_1)_4_ == CharAt(CONST_1)_5_ &&
CONST_1 < Length_0_ &&
CharAt(CONST_0)_2_ == CharAt(CONST_0)_3_ &&
CONST_0 < Length_0_ &&
Length_0_ < (Length_1_ + CONST_1) -> true

### PCs: total:122 sat:101 unsat:21

string analysis: SPC # = 0
NPC constraint # = 19
CONST_9 < Length_0_ &&
CONST_8 < Length_0_ &&
CharAt(CONST_7)_16_ != CharAt(CONST_7)_17_ &&
CONST_7 < Length_0_ &&
CharAt(CONST_6)_14_ == CharAt(CONST_6)_15_ &&
CONST_6 < Length_0_ &&
CharAt(CONST_5)_12_ == CharAt(CONST_5)_13_ &&
CONST_5 < Length_0_ &&
CharAt(CONST_4)_10_ == CharAt(CONST_4)_11_ &&
CONST_4 < Length_0_ &&
CharAt(CONST_3)_8_ == CharAt(CONST_3)_9_ &&
CONST_3 < Length_0_ &&
CharAt(CONST_2)_6_ == CharAt(CONST_2)_7_ &&
CONST_2 < Length_0_ &&
CharAt(CONST_1)_4_ == CharAt(CONST_1)_5_ &&
CONST_1 < Length_0_ &&
CharAt(CONST_0)_2_ == CharAt(CONST_0)_3_ &&
CONST_0 < Length_0_ &&
Length_0_ < (Length_1_ + CONST_1)
$$$$$$$$$$$$$$$$$$$$$$$$$$$$$$$$
Calling Z3str3

current query... 
(declare-const needle_1 String)
(declare-const haystack_2 String)


(assert (< 9 (str.len needle_1)))
(assert (< 8 (str.len needle_1)))
(assert (not (= (str.at haystack_2 7) (str.at needle_1 7))))
(assert (< 7 (str.len needle_1)))
(assert (= (str.at haystack_2 6) (str.at needle_1 6)))
(assert (< 6 (str.len needle_1)))
(assert (= (str.at haystack_2 5) (str.at needle_1 5)))
(assert (< 5 (str.len needle_1)))
(assert (= (str.at haystack_2 4) (str.at needle_1 4)))
(assert (< 4 (str.len needle_1)))
(assert (= (str.at haystack_2 3) (str.at needle_1 3)))
(assert (< 3 (str.len needle_1)))
(assert (= (str.at haystack_2 2) (str.at needle_1 2)))
(assert (< 2 (str.len needle_1)))
(assert (= (str.at haystack_2 1) (str.at needle_1 1)))
(assert (< 1 (str.len needle_1)))
(assert (= (str.at haystack_2 0) (str.at needle_1 0)))
(assert (< 0 (str.len needle_1)))
(assert (< (str.len needle_1) ( +  (str.len haystack_2) 1)))



======================
(define-fun needle_1 () String
  "BCDEFGHIJLN")
(define-fun haystack_2 () String
  "BCDEFGHAKMO")
Returned solutions: 
(define-fun needle_1 () String  "BCDEFGHIJLN")
(define-fun haystack_2 () String  "BCDEFGHAKMO")
*************************************
Satisfiable: true
needle_1 => "BCDEFGHIJLN"
haystack_2 => "BCDEFGHAKMO"
*************************************

numeric PC: constraint # = 20
CONST_10 >= Length_0_ &&
CONST_9 < Length_0_ &&
CONST_8 < Length_0_ &&
CharAt(CONST_7)_16_ != CharAt(CONST_7)_17_ &&
CONST_7 < Length_0_ &&
CharAt(CONST_6)_14_ == CharAt(CONST_6)_15_ &&
CONST_6 < Length_0_ &&
CharAt(CONST_5)_12_ == CharAt(CONST_5)_13_ &&
CONST_5 < Length_0_ &&
CharAt(CONST_4)_10_ == CharAt(CONST_4)_11_ &&
CONST_4 < Length_0_ &&
CharAt(CONST_3)_8_ == CharAt(CONST_3)_9_ &&
CONST_3 < Length_0_ &&
CharAt(CONST_2)_6_ == CharAt(CONST_2)_7_ &&
CONST_2 < Length_0_ &&
CharAt(CONST_1)_4_ == CharAt(CONST_1)_5_ &&
CONST_1 < Length_0_ &&
CharAt(CONST_0)_2_ == CharAt(CONST_0)_3_ &&
CONST_0 < Length_0_ &&
Length_0_ < (Length_1_ + CONST_1) -> true

### PCs: total:123 sat:102 unsat:21

string analysis: SPC # = 0
NPC constraint # = 20
CONST_10 >= Length_0_ &&
CONST_9 < Length_0_ &&
CONST_8 < Length_0_ &&
CharAt(CONST_7)_16_ != CharAt(CONST_7)_17_ &&
CONST_7 < Length_0_ &&
CharAt(CONST_6)_14_ == CharAt(CONST_6)_15_ &&
CONST_6 < Length_0_ &&
CharAt(CONST_5)_12_ == CharAt(CONST_5)_13_ &&
CONST_5 < Length_0_ &&
CharAt(CONST_4)_10_ == CharAt(CONST_4)_11_ &&
CONST_4 < Length_0_ &&
CharAt(CONST_3)_8_ == CharAt(CONST_3)_9_ &&
CONST_3 < Length_0_ &&
CharAt(CONST_2)_6_ == CharAt(CONST_2)_7_ &&
CONST_2 < Length_0_ &&
CharAt(CONST_1)_4_ == CharAt(CONST_1)_5_ &&
CONST_1 < Length_0_ &&
CharAt(CONST_0)_2_ == CharAt(CONST_0)_3_ &&
CONST_0 < Length_0_ &&
Length_0_ < (Length_1_ + CONST_1)
$$$$$$$$$$$$$$$$$$$$$$$$$$$$$$$$
Calling Z3str3

current query... 
(declare-const needle_1 String)
(declare-const haystack_2 String)


(assert (>= 10 (str.len needle_1)))
(assert (< 9 (str.len needle_1)))
(assert (< 8 (str.len needle_1)))
(assert (not (= (str.at haystack_2 7) (str.at needle_1 7))))
(assert (< 7 (str.len needle_1)))
(assert (= (str.at haystack_2 6) (str.at needle_1 6)))
(assert (< 6 (str.len needle_1)))
(assert (= (str.at haystack_2 5) (str.at needle_1 5)))
(assert (< 5 (str.len needle_1)))
(assert (= (str.at haystack_2 4) (str.at needle_1 4)))
(assert (< 4 (str.len needle_1)))
(assert (= (str.at haystack_2 3) (str.at needle_1 3)))
(assert (< 3 (str.len needle_1)))
(assert (= (str.at haystack_2 2) (str.at needle_1 2)))
(assert (< 2 (str.len needle_1)))
(assert (= (str.at haystack_2 1) (str.at needle_1 1)))
(assert (< 1 (str.len needle_1)))
(assert (= (str.at haystack_2 0) (str.at needle_1 0)))
(assert (< 0 (str.len needle_1)))
(assert (< (str.len needle_1) ( +  (str.len haystack_2) 1)))



======================
(define-fun needle_1 () String
  "BCDEFGHIJK")
(define-fun haystack_2 () String
  "BCDEFGHALMN")
Returned solutions: 
(define-fun needle_1 () String  "BCDEFGHIJK")
(define-fun haystack_2 () String  "BCDEFGHALMN")
*************************************
Satisfiable: true
needle_1 => "BCDEFGHIJK"
haystack_2 => "BCDEFGHALMN"
*************************************

numeric PC: constraint # = 20
CONST_10 < Length_0_ &&
CONST_9 < Length_0_ &&
CONST_8 < Length_0_ &&
CharAt(CONST_7)_16_ != CharAt(CONST_7)_17_ &&
CONST_7 < Length_0_ &&
CharAt(CONST_6)_14_ == CharAt(CONST_6)_15_ &&
CONST_6 < Length_0_ &&
CharAt(CONST_5)_12_ == CharAt(CONST_5)_13_ &&
CONST_5 < Length_0_ &&
CharAt(CONST_4)_10_ == CharAt(CONST_4)_11_ &&
CONST_4 < Length_0_ &&
CharAt(CONST_3)_8_ == CharAt(CONST_3)_9_ &&
CONST_3 < Length_0_ &&
CharAt(CONST_2)_6_ == CharAt(CONST_2)_7_ &&
CONST_2 < Length_0_ &&
CharAt(CONST_1)_4_ == CharAt(CONST_1)_5_ &&
CONST_1 < Length_0_ &&
CharAt(CONST_0)_2_ == CharAt(CONST_0)_3_ &&
CONST_0 < Length_0_ &&
Length_0_ < (Length_1_ + CONST_1) -> true

### PCs: total:124 sat:103 unsat:21

string analysis: SPC # = 0
NPC constraint # = 20
CONST_10 < Length_0_ &&
CONST_9 < Length_0_ &&
CONST_8 < Length_0_ &&
CharAt(CONST_7)_16_ != CharAt(CONST_7)_17_ &&
CONST_7 < Length_0_ &&
CharAt(CONST_6)_14_ == CharAt(CONST_6)_15_ &&
CONST_6 < Length_0_ &&
CharAt(CONST_5)_12_ == CharAt(CONST_5)_13_ &&
CONST_5 < Length_0_ &&
CharAt(CONST_4)_10_ == CharAt(CONST_4)_11_ &&
CONST_4 < Length_0_ &&
CharAt(CONST_3)_8_ == CharAt(CONST_3)_9_ &&
CONST_3 < Length_0_ &&
CharAt(CONST_2)_6_ == CharAt(CONST_2)_7_ &&
CONST_2 < Length_0_ &&
CharAt(CONST_1)_4_ == CharAt(CONST_1)_5_ &&
CONST_1 < Length_0_ &&
CharAt(CONST_0)_2_ == CharAt(CONST_0)_3_ &&
CONST_0 < Length_0_ &&
Length_0_ < (Length_1_ + CONST_1)
$$$$$$$$$$$$$$$$$$$$$$$$$$$$$$$$
Calling Z3str3

current query... 
(declare-const needle_1 String)
(declare-const haystack_2 String)


(assert (< 10 (str.len needle_1)))
(assert (< 9 (str.len needle_1)))
(assert (< 8 (str.len needle_1)))
(assert (not (= (str.at haystack_2 7) (str.at needle_1 7))))
(assert (< 7 (str.len needle_1)))
(assert (= (str.at haystack_2 6) (str.at needle_1 6)))
(assert (< 6 (str.len needle_1)))
(assert (= (str.at haystack_2 5) (str.at needle_1 5)))
(assert (< 5 (str.len needle_1)))
(assert (= (str.at haystack_2 4) (str.at needle_1 4)))
(assert (< 4 (str.len needle_1)))
(assert (= (str.at haystack_2 3) (str.at needle_1 3)))
(assert (< 3 (str.len needle_1)))
(assert (= (str.at haystack_2 2) (str.at needle_1 2)))
(assert (< 2 (str.len needle_1)))
(assert (= (str.at haystack_2 1) (str.at needle_1 1)))
(assert (< 1 (str.len needle_1)))
(assert (= (str.at haystack_2 0) (str.at needle_1 0)))
(assert (< 0 (str.len needle_1)))
(assert (< (str.len needle_1) ( +  (str.len haystack_2) 1)))



======================
(define-fun needle_1 () String
  "BCDEFGHIJLN")
(define-fun haystack_2 () String
  "BCDEFGHAKMO")
Returned solutions: 
(define-fun needle_1 () String  "BCDEFGHIJLN")
(define-fun haystack_2 () String  "BCDEFGHAKMO")
*************************************
Satisfiable: true
needle_1 => "BCDEFGHIJLN"
haystack_2 => "BCDEFGHAKMO"
*************************************

numeric PC: constraint # = 21
CONST_11 >= Length_0_ &&
CONST_10 < Length_0_ &&
CONST_9 < Length_0_ &&
CONST_8 < Length_0_ &&
CharAt(CONST_7)_16_ != CharAt(CONST_7)_17_ &&
CONST_7 < Length_0_ &&
CharAt(CONST_6)_14_ == CharAt(CONST_6)_15_ &&
CONST_6 < Length_0_ &&
CharAt(CONST_5)_12_ == CharAt(CONST_5)_13_ &&
CONST_5 < Length_0_ &&
CharAt(CONST_4)_10_ == CharAt(CONST_4)_11_ &&
CONST_4 < Length_0_ &&
CharAt(CONST_3)_8_ == CharAt(CONST_3)_9_ &&
CONST_3 < Length_0_ &&
CharAt(CONST_2)_6_ == CharAt(CONST_2)_7_ &&
CONST_2 < Length_0_ &&
CharAt(CONST_1)_4_ == CharAt(CONST_1)_5_ &&
CONST_1 < Length_0_ &&
CharAt(CONST_0)_2_ == CharAt(CONST_0)_3_ &&
CONST_0 < Length_0_ &&
Length_0_ < (Length_1_ + CONST_1) -> true

### PCs: total:125 sat:104 unsat:21

string analysis: SPC # = 0
NPC constraint # = 21
CONST_11 >= Length_0_ &&
CONST_10 < Length_0_ &&
CONST_9 < Length_0_ &&
CONST_8 < Length_0_ &&
CharAt(CONST_7)_16_ != CharAt(CONST_7)_17_ &&
CONST_7 < Length_0_ &&
CharAt(CONST_6)_14_ == CharAt(CONST_6)_15_ &&
CONST_6 < Length_0_ &&
CharAt(CONST_5)_12_ == CharAt(CONST_5)_13_ &&
CONST_5 < Length_0_ &&
CharAt(CONST_4)_10_ == CharAt(CONST_4)_11_ &&
CONST_4 < Length_0_ &&
CharAt(CONST_3)_8_ == CharAt(CONST_3)_9_ &&
CONST_3 < Length_0_ &&
CharAt(CONST_2)_6_ == CharAt(CONST_2)_7_ &&
CONST_2 < Length_0_ &&
CharAt(CONST_1)_4_ == CharAt(CONST_1)_5_ &&
CONST_1 < Length_0_ &&
CharAt(CONST_0)_2_ == CharAt(CONST_0)_3_ &&
CONST_0 < Length_0_ &&
Length_0_ < (Length_1_ + CONST_1)
$$$$$$$$$$$$$$$$$$$$$$$$$$$$$$$$
Calling Z3str3

current query... 
(declare-const needle_1 String)
(declare-const haystack_2 String)


(assert (>= 11 (str.len needle_1)))
(assert (< 10 (str.len needle_1)))
(assert (< 9 (str.len needle_1)))
(assert (< 8 (str.len needle_1)))
(assert (not (= (str.at haystack_2 7) (str.at needle_1 7))))
(assert (< 7 (str.len needle_1)))
(assert (= (str.at haystack_2 6) (str.at needle_1 6)))
(assert (< 6 (str.len needle_1)))
(assert (= (str.at haystack_2 5) (str.at needle_1 5)))
(assert (< 5 (str.len needle_1)))
(assert (= (str.at haystack_2 4) (str.at needle_1 4)))
(assert (< 4 (str.len needle_1)))
(assert (= (str.at haystack_2 3) (str.at needle_1 3)))
(assert (< 3 (str.len needle_1)))
(assert (= (str.at haystack_2 2) (str.at needle_1 2)))
(assert (< 2 (str.len needle_1)))
(assert (= (str.at haystack_2 1) (str.at needle_1 1)))
(assert (< 1 (str.len needle_1)))
(assert (= (str.at haystack_2 0) (str.at needle_1 0)))
(assert (< 0 (str.len needle_1)))
(assert (< (str.len needle_1) ( +  (str.len haystack_2) 1)))



======================
(define-fun needle_1 () String
  "BCDEFGHIJKL")
(define-fun haystack_2 () String
  "BCDEFGHAMNO")
Returned solutions: 
(define-fun needle_1 () String  "BCDEFGHIJKL")
(define-fun haystack_2 () String  "BCDEFGHAMNO")
*************************************
Satisfiable: true
needle_1 => "BCDEFGHIJKL"
haystack_2 => "BCDEFGHAMNO"
*************************************

numeric PC: constraint # = 21
CONST_11 < Length_0_ &&
CONST_10 < Length_0_ &&
CONST_9 < Length_0_ &&
CONST_8 < Length_0_ &&
CharAt(CONST_7)_16_ != CharAt(CONST_7)_17_ &&
CONST_7 < Length_0_ &&
CharAt(CONST_6)_14_ == CharAt(CONST_6)_15_ &&
CONST_6 < Length_0_ &&
CharAt(CONST_5)_12_ == CharAt(CONST_5)_13_ &&
CONST_5 < Length_0_ &&
CharAt(CONST_4)_10_ == CharAt(CONST_4)_11_ &&
CONST_4 < Length_0_ &&
CharAt(CONST_3)_8_ == CharAt(CONST_3)_9_ &&
CONST_3 < Length_0_ &&
CharAt(CONST_2)_6_ == CharAt(CONST_2)_7_ &&
CONST_2 < Length_0_ &&
CharAt(CONST_1)_4_ == CharAt(CONST_1)_5_ &&
CONST_1 < Length_0_ &&
CharAt(CONST_0)_2_ == CharAt(CONST_0)_3_ &&
CONST_0 < Length_0_ &&
Length_0_ < (Length_1_ + CONST_1) -> true

### PCs: total:126 sat:105 unsat:21

string analysis: SPC # = 0
NPC constraint # = 21
CONST_11 < Length_0_ &&
CONST_10 < Length_0_ &&
CONST_9 < Length_0_ &&
CONST_8 < Length_0_ &&
CharAt(CONST_7)_16_ != CharAt(CONST_7)_17_ &&
CONST_7 < Length_0_ &&
CharAt(CONST_6)_14_ == CharAt(CONST_6)_15_ &&
CONST_6 < Length_0_ &&
CharAt(CONST_5)_12_ == CharAt(CONST_5)_13_ &&
CONST_5 < Length_0_ &&
CharAt(CONST_4)_10_ == CharAt(CONST_4)_11_ &&
CONST_4 < Length_0_ &&
CharAt(CONST_3)_8_ == CharAt(CONST_3)_9_ &&
CONST_3 < Length_0_ &&
CharAt(CONST_2)_6_ == CharAt(CONST_2)_7_ &&
CONST_2 < Length_0_ &&
CharAt(CONST_1)_4_ == CharAt(CONST_1)_5_ &&
CONST_1 < Length_0_ &&
CharAt(CONST_0)_2_ == CharAt(CONST_0)_3_ &&
CONST_0 < Length_0_ &&
Length_0_ < (Length_1_ + CONST_1)
$$$$$$$$$$$$$$$$$$$$$$$$$$$$$$$$
Calling Z3str3

current query... 
(declare-const needle_1 String)
(declare-const haystack_2 String)


(assert (< 11 (str.len needle_1)))
(assert (< 10 (str.len needle_1)))
(assert (< 9 (str.len needle_1)))
(assert (< 8 (str.len needle_1)))
(assert (not (= (str.at haystack_2 7) (str.at needle_1 7))))
(assert (< 7 (str.len needle_1)))
(assert (= (str.at haystack_2 6) (str.at needle_1 6)))
(assert (< 6 (str.len needle_1)))
(assert (= (str.at haystack_2 5) (str.at needle_1 5)))
(assert (< 5 (str.len needle_1)))
(assert (= (str.at haystack_2 4) (str.at needle_1 4)))
(assert (< 4 (str.len needle_1)))
(assert (= (str.at haystack_2 3) (str.at needle_1 3)))
(assert (< 3 (str.len needle_1)))
(assert (= (str.at haystack_2 2) (str.at needle_1 2)))
(assert (< 2 (str.len needle_1)))
(assert (= (str.at haystack_2 1) (str.at needle_1 1)))
(assert (< 1 (str.len needle_1)))
(assert (= (str.at haystack_2 0) (str.at needle_1 0)))
(assert (< 0 (str.len needle_1)))
(assert (< (str.len needle_1) ( +  (str.len haystack_2) 1)))



======================
(define-fun needle_1 () String
  "BCDEFGHIJLNP")
(define-fun haystack_2 () String
  "BCDEFGHAKMOQ")
Returned solutions: 
(define-fun needle_1 () String  "BCDEFGHIJLNP")
(define-fun haystack_2 () String  "BCDEFGHAKMOQ")
*************************************
Satisfiable: true
needle_1 => "BCDEFGHIJLNP"
haystack_2 => "BCDEFGHAKMOQ"
*************************************

numeric PC: constraint # = 22
CONST_12 >= Length_0_ &&
CONST_11 < Length_0_ &&
CONST_10 < Length_0_ &&
CONST_9 < Length_0_ &&
CONST_8 < Length_0_ &&
CharAt(CONST_7)_16_ != CharAt(CONST_7)_17_ &&
CONST_7 < Length_0_ &&
CharAt(CONST_6)_14_ == CharAt(CONST_6)_15_ &&
CONST_6 < Length_0_ &&
CharAt(CONST_5)_12_ == CharAt(CONST_5)_13_ &&
CONST_5 < Length_0_ &&
CharAt(CONST_4)_10_ == CharAt(CONST_4)_11_ &&
CONST_4 < Length_0_ &&
CharAt(CONST_3)_8_ == CharAt(CONST_3)_9_ &&
CONST_3 < Length_0_ &&
CharAt(CONST_2)_6_ == CharAt(CONST_2)_7_ &&
CONST_2 < Length_0_ &&
CharAt(CONST_1)_4_ == CharAt(CONST_1)_5_ &&
CONST_1 < Length_0_ &&
CharAt(CONST_0)_2_ == CharAt(CONST_0)_3_ &&
CONST_0 < Length_0_ &&
Length_0_ < (Length_1_ + CONST_1) -> true

### PCs: total:127 sat:106 unsat:21

string analysis: SPC # = 0
NPC constraint # = 22
CONST_12 >= Length_0_ &&
CONST_11 < Length_0_ &&
CONST_10 < Length_0_ &&
CONST_9 < Length_0_ &&
CONST_8 < Length_0_ &&
CharAt(CONST_7)_16_ != CharAt(CONST_7)_17_ &&
CONST_7 < Length_0_ &&
CharAt(CONST_6)_14_ == CharAt(CONST_6)_15_ &&
CONST_6 < Length_0_ &&
CharAt(CONST_5)_12_ == CharAt(CONST_5)_13_ &&
CONST_5 < Length_0_ &&
CharAt(CONST_4)_10_ == CharAt(CONST_4)_11_ &&
CONST_4 < Length_0_ &&
CharAt(CONST_3)_8_ == CharAt(CONST_3)_9_ &&
CONST_3 < Length_0_ &&
CharAt(CONST_2)_6_ == CharAt(CONST_2)_7_ &&
CONST_2 < Length_0_ &&
CharAt(CONST_1)_4_ == CharAt(CONST_1)_5_ &&
CONST_1 < Length_0_ &&
CharAt(CONST_0)_2_ == CharAt(CONST_0)_3_ &&
CONST_0 < Length_0_ &&
Length_0_ < (Length_1_ + CONST_1)
$$$$$$$$$$$$$$$$$$$$$$$$$$$$$$$$
Calling Z3str3

current query... 
(declare-const needle_1 String)
(declare-const haystack_2 String)


(assert (>= 12 (str.len needle_1)))
(assert (< 11 (str.len needle_1)))
(assert (< 10 (str.len needle_1)))
(assert (< 9 (str.len needle_1)))
(assert (< 8 (str.len needle_1)))
(assert (not (= (str.at haystack_2 7) (str.at needle_1 7))))
(assert (< 7 (str.len needle_1)))
(assert (= (str.at haystack_2 6) (str.at needle_1 6)))
(assert (< 6 (str.len needle_1)))
(assert (= (str.at haystack_2 5) (str.at needle_1 5)))
(assert (< 5 (str.len needle_1)))
(assert (= (str.at haystack_2 4) (str.at needle_1 4)))
(assert (< 4 (str.len needle_1)))
(assert (= (str.at haystack_2 3) (str.at needle_1 3)))
(assert (< 3 (str.len needle_1)))
(assert (= (str.at haystack_2 2) (str.at needle_1 2)))
(assert (< 2 (str.len needle_1)))
(assert (= (str.at haystack_2 1) (str.at needle_1 1)))
(assert (< 1 (str.len needle_1)))
(assert (= (str.at haystack_2 0) (str.at needle_1 0)))
(assert (< 0 (str.len needle_1)))
(assert (< (str.len needle_1) ( +  (str.len haystack_2) 1)))



======================
(define-fun needle_1 () String
  "BCDEFGHIJKLM")
(define-fun haystack_2 () String
  "BCDEFGHANOPQ")
Returned solutions: 
(define-fun needle_1 () String  "BCDEFGHIJKLM")
(define-fun haystack_2 () String  "BCDEFGHANOPQ")
*************************************
Satisfiable: true
needle_1 => "BCDEFGHIJKLM"
haystack_2 => "BCDEFGHANOPQ"
*************************************

numeric PC: constraint # = 22
CONST_12 < Length_0_ &&
CONST_11 < Length_0_ &&
CONST_10 < Length_0_ &&
CONST_9 < Length_0_ &&
CONST_8 < Length_0_ &&
CharAt(CONST_7)_16_ != CharAt(CONST_7)_17_ &&
CONST_7 < Length_0_ &&
CharAt(CONST_6)_14_ == CharAt(CONST_6)_15_ &&
CONST_6 < Length_0_ &&
CharAt(CONST_5)_12_ == CharAt(CONST_5)_13_ &&
CONST_5 < Length_0_ &&
CharAt(CONST_4)_10_ == CharAt(CONST_4)_11_ &&
CONST_4 < Length_0_ &&
CharAt(CONST_3)_8_ == CharAt(CONST_3)_9_ &&
CONST_3 < Length_0_ &&
CharAt(CONST_2)_6_ == CharAt(CONST_2)_7_ &&
CONST_2 < Length_0_ &&
CharAt(CONST_1)_4_ == CharAt(CONST_1)_5_ &&
CONST_1 < Length_0_ &&
CharAt(CONST_0)_2_ == CharAt(CONST_0)_3_ &&
CONST_0 < Length_0_ &&
Length_0_ < (Length_1_ + CONST_1) -> true

### PCs: total:128 sat:107 unsat:21

string analysis: SPC # = 0
NPC constraint # = 22
CONST_12 < Length_0_ &&
CONST_11 < Length_0_ &&
CONST_10 < Length_0_ &&
CONST_9 < Length_0_ &&
CONST_8 < Length_0_ &&
CharAt(CONST_7)_16_ != CharAt(CONST_7)_17_ &&
CONST_7 < Length_0_ &&
CharAt(CONST_6)_14_ == CharAt(CONST_6)_15_ &&
CONST_6 < Length_0_ &&
CharAt(CONST_5)_12_ == CharAt(CONST_5)_13_ &&
CONST_5 < Length_0_ &&
CharAt(CONST_4)_10_ == CharAt(CONST_4)_11_ &&
CONST_4 < Length_0_ &&
CharAt(CONST_3)_8_ == CharAt(CONST_3)_9_ &&
CONST_3 < Length_0_ &&
CharAt(CONST_2)_6_ == CharAt(CONST_2)_7_ &&
CONST_2 < Length_0_ &&
CharAt(CONST_1)_4_ == CharAt(CONST_1)_5_ &&
CONST_1 < Length_0_ &&
CharAt(CONST_0)_2_ == CharAt(CONST_0)_3_ &&
CONST_0 < Length_0_ &&
Length_0_ < (Length_1_ + CONST_1)
$$$$$$$$$$$$$$$$$$$$$$$$$$$$$$$$
Calling Z3str3

current query... 
(declare-const needle_1 String)
(declare-const haystack_2 String)


(assert (< 12 (str.len needle_1)))
(assert (< 11 (str.len needle_1)))
(assert (< 10 (str.len needle_1)))
(assert (< 9 (str.len needle_1)))
(assert (< 8 (str.len needle_1)))
(assert (not (= (str.at haystack_2 7) (str.at needle_1 7))))
(assert (< 7 (str.len needle_1)))
(assert (= (str.at haystack_2 6) (str.at needle_1 6)))
(assert (< 6 (str.len needle_1)))
(assert (= (str.at haystack_2 5) (str.at needle_1 5)))
(assert (< 5 (str.len needle_1)))
(assert (= (str.at haystack_2 4) (str.at needle_1 4)))
(assert (< 4 (str.len needle_1)))
(assert (= (str.at haystack_2 3) (str.at needle_1 3)))
(assert (< 3 (str.len needle_1)))
(assert (= (str.at haystack_2 2) (str.at needle_1 2)))
(assert (< 2 (str.len needle_1)))
(assert (= (str.at haystack_2 1) (str.at needle_1 1)))
(assert (< 1 (str.len needle_1)))
(assert (= (str.at haystack_2 0) (str.at needle_1 0)))
(assert (< 0 (str.len needle_1)))
(assert (< (str.len needle_1) ( +  (str.len haystack_2) 1)))



======================
(define-fun needle_1 () String
  "BCDEFGHIJLNPR")
(define-fun haystack_2 () String
  "BCDEFGHAKMOQS")
Returned solutions: 
(define-fun needle_1 () String  "BCDEFGHIJLNPR")
(define-fun haystack_2 () String  "BCDEFGHAKMOQS")
*************************************
Satisfiable: true
needle_1 => "BCDEFGHIJLNPR"
haystack_2 => "BCDEFGHAKMOQS"
*************************************


====================================================== search constraint
depth limit reached: 23

====================================================== snapshot 
thread java.lang.Thread:{id:0,name:main,status:RUNNING,priority:5,isDaemon:false,lockCount:0,suspendCount:0}
  call stack:
	at strings.StringSearch.search_1(StringSearch.java:18)
	at strings.StringSearch.main(StringSearch.java:7)

numeric PC: constraint # = 21
CONST_11 < Length_0_ &&
CONST_10 < Length_0_ &&
CONST_9 < Length_0_ &&
CONST_8 < Length_0_ &&
CharAt(CONST_7)_16_ != CharAt(CONST_7)_17_ &&
CONST_7 < Length_0_ &&
CharAt(CONST_6)_14_ == CharAt(CONST_6)_15_ &&
CONST_6 < Length_0_ &&
CharAt(CONST_5)_12_ == CharAt(CONST_5)_13_ &&
CONST_5 < Length_0_ &&
CharAt(CONST_4)_10_ == CharAt(CONST_4)_11_ &&
CONST_4 < Length_0_ &&
CharAt(CONST_3)_8_ == CharAt(CONST_3)_9_ &&
CONST_3 < Length_0_ &&
CharAt(CONST_2)_6_ == CharAt(CONST_2)_7_ &&
CONST_2 < Length_0_ &&
CharAt(CONST_1)_4_ == CharAt(CONST_1)_5_ &&
CONST_1 < Length_0_ &&
CharAt(CONST_0)_2_ == CharAt(CONST_0)_3_ &&
CONST_0 < Length_0_ &&
Length_0_ < (Length_1_ + CONST_1) -> true

string analysis: SPC # = 0
NPC constraint # = 21
CONST_11 < Length_0_[12] &&
CONST_10 < Length_0_[12] &&
CONST_9 < Length_0_[12] &&
CONST_8 < Length_0_[12] &&
CharAt(CONST_7)_16_[0] != CharAt(CONST_7)_17_[1] &&
CONST_7 < Length_0_[12] &&
CharAt(CONST_6)_14_[0] == CharAt(CONST_6)_15_[0] &&
CONST_6 < Length_0_[12] &&
CharAt(CONST_5)_12_[0] == CharAt(CONST_5)_13_[0] &&
CONST_5 < Length_0_[12] &&
CharAt(CONST_4)_10_[0] == CharAt(CONST_4)_11_[0] &&
CONST_4 < Length_0_[12] &&
CharAt(CONST_3)_8_[0] == CharAt(CONST_3)_9_[0] &&
CONST_3 < Length_0_[12] &&
CharAt(CONST_2)_6_[0] == CharAt(CONST_2)_7_[0] &&
CONST_2 < Length_0_[12] &&
CharAt(CONST_1)_4_[0] == CharAt(CONST_1)_5_[0] &&
CONST_1 < Length_0_[12] &&
CharAt(CONST_0)_2_[0] == CharAt(CONST_0)_3_[0] &&
CONST_0 < Length_0_[12] &&
Length_0_[12] < (Length_1_[12] + CONST_1)
$$$$$$$$$$$$$$$$$$$$$$$$$$$$$$$$
Calling Z3str3

current query... 
(declare-const needle_1 String)
(declare-const haystack_2 String)


(assert (< 11 (str.len needle_1)))
(assert (< 10 (str.len needle_1)))
(assert (< 9 (str.len needle_1)))
(assert (< 8 (str.len needle_1)))
(assert (not (= (str.at haystack_2 7) (str.at needle_1 7))))
(assert (< 7 (str.len needle_1)))
(assert (= (str.at haystack_2 6) (str.at needle_1 6)))
(assert (< 6 (str.len needle_1)))
(assert (= (str.at haystack_2 5) (str.at needle_1 5)))
(assert (< 5 (str.len needle_1)))
(assert (= (str.at haystack_2 4) (str.at needle_1 4)))
(assert (< 4 (str.len needle_1)))
(assert (= (str.at haystack_2 3) (str.at needle_1 3)))
(assert (< 3 (str.len needle_1)))
(assert (= (str.at haystack_2 2) (str.at needle_1 2)))
(assert (< 2 (str.len needle_1)))
(assert (= (str.at haystack_2 1) (str.at needle_1 1)))
(assert (< 1 (str.len needle_1)))
(assert (= (str.at haystack_2 0) (str.at needle_1 0)))
(assert (< 0 (str.len needle_1)))
(assert (< (str.len needle_1) ( +  (str.len haystack_2) 1)))



======================
(define-fun needle_1 () String
  "BCDEFGHIJLNP")
(define-fun haystack_2 () String
  "BCDEFGHAKMOQ")
Returned solutions: 
(define-fun needle_1 () String  "BCDEFGHIJLNP")
(define-fun haystack_2 () String  "BCDEFGHAKMOQ")
*************************************
Satisfiable: true
needle_1 => "BCDEFGHIJLNP"
haystack_2 => "BCDEFGHAKMOQ"
*************************************

numeric PC: constraint # = 22
(Length_0_ + CONST_1) >= (Length_1_ + CONST_1) &&
CONST_11 >= Length_0_ &&
CONST_10 < Length_0_ &&
CONST_9 < Length_0_ &&
CONST_8 < Length_0_ &&
CharAt(CONST_7)_16_ != CharAt(CONST_7)_17_ &&
CONST_7 < Length_0_ &&
CharAt(CONST_6)_14_ == CharAt(CONST_6)_15_ &&
CONST_6 < Length_0_ &&
CharAt(CONST_5)_12_ == CharAt(CONST_5)_13_ &&
CONST_5 < Length_0_ &&
CharAt(CONST_4)_10_ == CharAt(CONST_4)_11_ &&
CONST_4 < Length_0_ &&
CharAt(CONST_3)_8_ == CharAt(CONST_3)_9_ &&
CONST_3 < Length_0_ &&
CharAt(CONST_2)_6_ == CharAt(CONST_2)_7_ &&
CONST_2 < Length_0_ &&
CharAt(CONST_1)_4_ == CharAt(CONST_1)_5_ &&
CONST_1 < Length_0_ &&
CharAt(CONST_0)_2_ == CharAt(CONST_0)_3_ &&
CONST_0 < Length_0_ &&
Length_0_ < (Length_1_ + CONST_1) -> true

### PCs: total:129 sat:108 unsat:21

string analysis: SPC # = 0
NPC constraint # = 22
(Length_0_ + CONST_1) >= (Length_1_ + CONST_1) &&
CONST_11 >= Length_0_ &&
CONST_10 < Length_0_ &&
CONST_9 < Length_0_ &&
CONST_8 < Length_0_ &&
CharAt(CONST_7)_16_ != CharAt(CONST_7)_17_ &&
CONST_7 < Length_0_ &&
CharAt(CONST_6)_14_ == CharAt(CONST_6)_15_ &&
CONST_6 < Length_0_ &&
CharAt(CONST_5)_12_ == CharAt(CONST_5)_13_ &&
CONST_5 < Length_0_ &&
CharAt(CONST_4)_10_ == CharAt(CONST_4)_11_ &&
CONST_4 < Length_0_ &&
CharAt(CONST_3)_8_ == CharAt(CONST_3)_9_ &&
CONST_3 < Length_0_ &&
CharAt(CONST_2)_6_ == CharAt(CONST_2)_7_ &&
CONST_2 < Length_0_ &&
CharAt(CONST_1)_4_ == CharAt(CONST_1)_5_ &&
CONST_1 < Length_0_ &&
CharAt(CONST_0)_2_ == CharAt(CONST_0)_3_ &&
CONST_0 < Length_0_ &&
Length_0_ < (Length_1_ + CONST_1)
$$$$$$$$$$$$$$$$$$$$$$$$$$$$$$$$
Calling Z3str3

current query... 
(declare-const needle_1 String)
(declare-const haystack_2 String)


(assert (>= ( +  (str.len needle_1) 1) ( +  (str.len haystack_2) 1)))
(assert (>= 11 (str.len needle_1)))
(assert (< 10 (str.len needle_1)))
(assert (< 9 (str.len needle_1)))
(assert (< 8 (str.len needle_1)))
(assert (not (= (str.at haystack_2 7) (str.at needle_1 7))))
(assert (< 7 (str.len needle_1)))
(assert (= (str.at haystack_2 6) (str.at needle_1 6)))
(assert (< 6 (str.len needle_1)))
(assert (= (str.at haystack_2 5) (str.at needle_1 5)))
(assert (< 5 (str.len needle_1)))
(assert (= (str.at haystack_2 4) (str.at needle_1 4)))
(assert (< 4 (str.len needle_1)))
(assert (= (str.at haystack_2 3) (str.at needle_1 3)))
(assert (< 3 (str.len needle_1)))
(assert (= (str.at haystack_2 2) (str.at needle_1 2)))
(assert (< 2 (str.len needle_1)))
(assert (= (str.at haystack_2 1) (str.at needle_1 1)))
(assert (< 1 (str.len needle_1)))
(assert (= (str.at haystack_2 0) (str.at needle_1 0)))
(assert (< 0 (str.len needle_1)))
(assert (< (str.len needle_1) ( +  (str.len haystack_2) 1)))



======================
(define-fun needle_1 () String
  "BCDEFGHIJKL")
(define-fun haystack_2 () String
  "BCDEFGHAMNO")
Returned solutions: 
(define-fun needle_1 () String  "BCDEFGHIJKL")
(define-fun haystack_2 () String  "BCDEFGHAMNO")
*************************************
Satisfiable: true
needle_1 => "BCDEFGHIJKL"
haystack_2 => "BCDEFGHAMNO"
*************************************

numeric PC: constraint # = 22
(Length_0_ + CONST_1) < (Length_1_ + CONST_1) &&
CONST_11 >= Length_0_ &&
CONST_10 < Length_0_ &&
CONST_9 < Length_0_ &&
CONST_8 < Length_0_ &&
CharAt(CONST_7)_16_ != CharAt(CONST_7)_17_ &&
CONST_7 < Length_0_ &&
CharAt(CONST_6)_14_ == CharAt(CONST_6)_15_ &&
CONST_6 < Length_0_ &&
CharAt(CONST_5)_12_ == CharAt(CONST_5)_13_ &&
CONST_5 < Length_0_ &&
CharAt(CONST_4)_10_ == CharAt(CONST_4)_11_ &&
CONST_4 < Length_0_ &&
CharAt(CONST_3)_8_ == CharAt(CONST_3)_9_ &&
CONST_3 < Length_0_ &&
CharAt(CONST_2)_6_ == CharAt(CONST_2)_7_ &&
CONST_2 < Length_0_ &&
CharAt(CONST_1)_4_ == CharAt(CONST_1)_5_ &&
CONST_1 < Length_0_ &&
CharAt(CONST_0)_2_ == CharAt(CONST_0)_3_ &&
CONST_0 < Length_0_ &&
Length_0_ < (Length_1_ + CONST_1) -> true

### PCs: total:130 sat:109 unsat:21

string analysis: SPC # = 0
NPC constraint # = 22
(Length_0_ + CONST_1) < (Length_1_ + CONST_1) &&
CONST_11 >= Length_0_ &&
CONST_10 < Length_0_ &&
CONST_9 < Length_0_ &&
CONST_8 < Length_0_ &&
CharAt(CONST_7)_16_ != CharAt(CONST_7)_17_ &&
CONST_7 < Length_0_ &&
CharAt(CONST_6)_14_ == CharAt(CONST_6)_15_ &&
CONST_6 < Length_0_ &&
CharAt(CONST_5)_12_ == CharAt(CONST_5)_13_ &&
CONST_5 < Length_0_ &&
CharAt(CONST_4)_10_ == CharAt(CONST_4)_11_ &&
CONST_4 < Length_0_ &&
CharAt(CONST_3)_8_ == CharAt(CONST_3)_9_ &&
CONST_3 < Length_0_ &&
CharAt(CONST_2)_6_ == CharAt(CONST_2)_7_ &&
CONST_2 < Length_0_ &&
CharAt(CONST_1)_4_ == CharAt(CONST_1)_5_ &&
CONST_1 < Length_0_ &&
CharAt(CONST_0)_2_ == CharAt(CONST_0)_3_ &&
CONST_0 < Length_0_ &&
Length_0_ < (Length_1_ + CONST_1)
$$$$$$$$$$$$$$$$$$$$$$$$$$$$$$$$
Calling Z3str3

current query... 
(declare-const needle_1 String)
(declare-const haystack_2 String)


(assert (< ( +  (str.len needle_1) 1) ( +  (str.len haystack_2) 1)))
(assert (>= 11 (str.len needle_1)))
(assert (< 10 (str.len needle_1)))
(assert (< 9 (str.len needle_1)))
(assert (< 8 (str.len needle_1)))
(assert (not (= (str.at haystack_2 7) (str.at needle_1 7))))
(assert (< 7 (str.len needle_1)))
(assert (= (str.at haystack_2 6) (str.at needle_1 6)))
(assert (< 6 (str.len needle_1)))
(assert (= (str.at haystack_2 5) (str.at needle_1 5)))
(assert (< 5 (str.len needle_1)))
(assert (= (str.at haystack_2 4) (str.at needle_1 4)))
(assert (< 4 (str.len needle_1)))
(assert (= (str.at haystack_2 3) (str.at needle_1 3)))
(assert (< 3 (str.len needle_1)))
(assert (= (str.at haystack_2 2) (str.at needle_1 2)))
(assert (< 2 (str.len needle_1)))
(assert (= (str.at haystack_2 1) (str.at needle_1 1)))
(assert (< 1 (str.len needle_1)))
(assert (= (str.at haystack_2 0) (str.at needle_1 0)))
(assert (< 0 (str.len needle_1)))
(assert (< (str.len needle_1) ( +  (str.len haystack_2) 1)))



======================
(define-fun needle_1 () String
  "BCDEFGHIJKL")
(define-fun haystack_2 () String
  "BCDEFGHAMNOP")
Returned solutions: 
(define-fun needle_1 () String  "BCDEFGHIJKL")
(define-fun haystack_2 () String  "BCDEFGHAMNOP")
*************************************
Satisfiable: true
needle_1 => "BCDEFGHIJKL"
haystack_2 => "BCDEFGHAMNOP"
*************************************


====================================================== search constraint
depth limit reached: 23

====================================================== snapshot 
thread java.lang.Thread:{id:0,name:main,status:RUNNING,priority:5,isDaemon:false,lockCount:0,suspendCount:0}
  call stack:
	at strings.StringSearch.search_1(StringSearch.java:16)
	at strings.StringSearch.main(StringSearch.java:7)

numeric PC: constraint # = 21
CONST_11 >= Length_0_ &&
CONST_10 < Length_0_ &&
CONST_9 < Length_0_ &&
CONST_8 < Length_0_ &&
CharAt(CONST_7)_16_ != CharAt(CONST_7)_17_ &&
CONST_7 < Length_0_ &&
CharAt(CONST_6)_14_ == CharAt(CONST_6)_15_ &&
CONST_6 < Length_0_ &&
CharAt(CONST_5)_12_ == CharAt(CONST_5)_13_ &&
CONST_5 < Length_0_ &&
CharAt(CONST_4)_10_ == CharAt(CONST_4)_11_ &&
CONST_4 < Length_0_ &&
CharAt(CONST_3)_8_ == CharAt(CONST_3)_9_ &&
CONST_3 < Length_0_ &&
CharAt(CONST_2)_6_ == CharAt(CONST_2)_7_ &&
CONST_2 < Length_0_ &&
CharAt(CONST_1)_4_ == CharAt(CONST_1)_5_ &&
CONST_1 < Length_0_ &&
CharAt(CONST_0)_2_ == CharAt(CONST_0)_3_ &&
CONST_0 < Length_0_ &&
Length_0_ < (Length_1_ + CONST_1) -> true

string analysis: SPC # = 0
NPC constraint # = 21
CONST_11 >= Length_0_[11] &&
CONST_10 < Length_0_[11] &&
CONST_9 < Length_0_[11] &&
CONST_8 < Length_0_[11] &&
CharAt(CONST_7)_16_[0] != CharAt(CONST_7)_17_[1] &&
CONST_7 < Length_0_[11] &&
CharAt(CONST_6)_14_[0] == CharAt(CONST_6)_15_[0] &&
CONST_6 < Length_0_[11] &&
CharAt(CONST_5)_12_[0] == CharAt(CONST_5)_13_[0] &&
CONST_5 < Length_0_[11] &&
CharAt(CONST_4)_10_[0] == CharAt(CONST_4)_11_[0] &&
CONST_4 < Length_0_[11] &&
CharAt(CONST_3)_8_[0] == CharAt(CONST_3)_9_[0] &&
CONST_3 < Length_0_[11] &&
CharAt(CONST_2)_6_[0] == CharAt(CONST_2)_7_[0] &&
CONST_2 < Length_0_[11] &&
CharAt(CONST_1)_4_[0] == CharAt(CONST_1)_5_[0] &&
CONST_1 < Length_0_[11] &&
CharAt(CONST_0)_2_[0] == CharAt(CONST_0)_3_[0] &&
CONST_0 < Length_0_[11] &&
Length_0_[11] < (Length_1_[11] + CONST_1)
$$$$$$$$$$$$$$$$$$$$$$$$$$$$$$$$
Calling Z3str3

current query... 
(declare-const needle_1 String)
(declare-const haystack_2 String)


(assert (>= 11 (str.len needle_1)))
(assert (< 10 (str.len needle_1)))
(assert (< 9 (str.len needle_1)))
(assert (< 8 (str.len needle_1)))
(assert (not (= (str.at haystack_2 7) (str.at needle_1 7))))
(assert (< 7 (str.len needle_1)))
(assert (= (str.at haystack_2 6) (str.at needle_1 6)))
(assert (< 6 (str.len needle_1)))
(assert (= (str.at haystack_2 5) (str.at needle_1 5)))
(assert (< 5 (str.len needle_1)))
(assert (= (str.at haystack_2 4) (str.at needle_1 4)))
(assert (< 4 (str.len needle_1)))
(assert (= (str.at haystack_2 3) (str.at needle_1 3)))
(assert (< 3 (str.len needle_1)))
(assert (= (str.at haystack_2 2) (str.at needle_1 2)))
(assert (< 2 (str.len needle_1)))
(assert (= (str.at haystack_2 1) (str.at needle_1 1)))
(assert (< 1 (str.len needle_1)))
(assert (= (str.at haystack_2 0) (str.at needle_1 0)))
(assert (< 0 (str.len needle_1)))
(assert (< (str.len needle_1) ( +  (str.len haystack_2) 1)))



======================
(define-fun needle_1 () String
  "BCDEFGHIJKL")
(define-fun haystack_2 () String
  "BCDEFGHAMNO")
Returned solutions: 
(define-fun needle_1 () String  "BCDEFGHIJKL")
(define-fun haystack_2 () String  "BCDEFGHAMNO")
*************************************
Satisfiable: true
needle_1 => "BCDEFGHIJKL"
haystack_2 => "BCDEFGHAMNO"
*************************************

numeric PC: constraint # = 20
CONST_10 < Length_0_[11] &&
CONST_9 < Length_0_[11] &&
CONST_8 < Length_0_[11] &&
CharAt(CONST_7)_16_[0] != CharAt(CONST_7)_17_[1] &&
CONST_7 < Length_0_[11] &&
CharAt(CONST_6)_14_[0] == CharAt(CONST_6)_15_[0] &&
CONST_6 < Length_0_[11] &&
CharAt(CONST_5)_12_[0] == CharAt(CONST_5)_13_[0] &&
CONST_5 < Length_0_[11] &&
CharAt(CONST_4)_10_[0] == CharAt(CONST_4)_11_[0] &&
CONST_4 < Length_0_[11] &&
CharAt(CONST_3)_8_[0] == CharAt(CONST_3)_9_[0] &&
CONST_3 < Length_0_[11] &&
CharAt(CONST_2)_6_[0] == CharAt(CONST_2)_7_[0] &&
CONST_2 < Length_0_[11] &&
CharAt(CONST_1)_4_[0] == CharAt(CONST_1)_5_[0] &&
CONST_1 < Length_0_[11] &&
CharAt(CONST_0)_2_[0] == CharAt(CONST_0)_3_[0] &&
CONST_0 < Length_0_[11] &&
Length_0_[11] < (Length_1_[11] + CONST_1) -> true

string analysis: SPC # = 0
NPC constraint # = 20
CONST_10 < Length_0_[11] &&
CONST_9 < Length_0_[11] &&
CONST_8 < Length_0_[11] &&
CharAt(CONST_7)_16_[0] != CharAt(CONST_7)_17_[1] &&
CONST_7 < Length_0_[11] &&
CharAt(CONST_6)_14_[0] == CharAt(CONST_6)_15_[0] &&
CONST_6 < Length_0_[11] &&
CharAt(CONST_5)_12_[0] == CharAt(CONST_5)_13_[0] &&
CONST_5 < Length_0_[11] &&
CharAt(CONST_4)_10_[0] == CharAt(CONST_4)_11_[0] &&
CONST_4 < Length_0_[11] &&
CharAt(CONST_3)_8_[0] == CharAt(CONST_3)_9_[0] &&
CONST_3 < Length_0_[11] &&
CharAt(CONST_2)_6_[0] == CharAt(CONST_2)_7_[0] &&
CONST_2 < Length_0_[11] &&
CharAt(CONST_1)_4_[0] == CharAt(CONST_1)_5_[0] &&
CONST_1 < Length_0_[11] &&
CharAt(CONST_0)_2_[0] == CharAt(CONST_0)_3_[0] &&
CONST_0 < Length_0_[11] &&
Length_0_[11] < (Length_1_[11] + CONST_1)
$$$$$$$$$$$$$$$$$$$$$$$$$$$$$$$$
Calling Z3str3

current query... 
(declare-const needle_1 String)
(declare-const haystack_2 String)


(assert (< 10 (str.len needle_1)))
(assert (< 9 (str.len needle_1)))
(assert (< 8 (str.len needle_1)))
(assert (not (= (str.at haystack_2 7) (str.at needle_1 7))))
(assert (< 7 (str.len needle_1)))
(assert (= (str.at haystack_2 6) (str.at needle_1 6)))
(assert (< 6 (str.len needle_1)))
(assert (= (str.at haystack_2 5) (str.at needle_1 5)))
(assert (< 5 (str.len needle_1)))
(assert (= (str.at haystack_2 4) (str.at needle_1 4)))
(assert (< 4 (str.len needle_1)))
(assert (= (str.at haystack_2 3) (str.at needle_1 3)))
(assert (< 3 (str.len needle_1)))
(assert (= (str.at haystack_2 2) (str.at needle_1 2)))
(assert (< 2 (str.len needle_1)))
(assert (= (str.at haystack_2 1) (str.at needle_1 1)))
(assert (< 1 (str.len needle_1)))
(assert (= (str.at haystack_2 0) (str.at needle_1 0)))
(assert (< 0 (str.len needle_1)))
(assert (< (str.len needle_1) ( +  (str.len haystack_2) 1)))



======================
(define-fun needle_1 () String
  "BCDEFGHIJLN")
(define-fun haystack_2 () String
  "BCDEFGHAKMO")
Returned solutions: 
(define-fun needle_1 () String  "BCDEFGHIJLN")
(define-fun haystack_2 () String  "BCDEFGHAKMO")
*************************************
Satisfiable: true
needle_1 => "BCDEFGHIJLN"
haystack_2 => "BCDEFGHAKMO"
*************************************

numeric PC: constraint # = 21
(Length_0_ + CONST_1) >= (Length_1_ + CONST_1) &&
CONST_10 >= Length_0_ &&
CONST_9 < Length_0_ &&
CONST_8 < Length_0_ &&
CharAt(CONST_7)_16_ != CharAt(CONST_7)_17_ &&
CONST_7 < Length_0_ &&
CharAt(CONST_6)_14_ == CharAt(CONST_6)_15_ &&
CONST_6 < Length_0_ &&
CharAt(CONST_5)_12_ == CharAt(CONST_5)_13_ &&
CONST_5 < Length_0_ &&
CharAt(CONST_4)_10_ == CharAt(CONST_4)_11_ &&
CONST_4 < Length_0_ &&
CharAt(CONST_3)_8_ == CharAt(CONST_3)_9_ &&
CONST_3 < Length_0_ &&
CharAt(CONST_2)_6_ == CharAt(CONST_2)_7_ &&
CONST_2 < Length_0_ &&
CharAt(CONST_1)_4_ == CharAt(CONST_1)_5_ &&
CONST_1 < Length_0_ &&
CharAt(CONST_0)_2_ == CharAt(CONST_0)_3_ &&
CONST_0 < Length_0_ &&
Length_0_ < (Length_1_ + CONST_1) -> true

### PCs: total:131 sat:110 unsat:21

string analysis: SPC # = 0
NPC constraint # = 21
(Length_0_ + CONST_1) >= (Length_1_ + CONST_1) &&
CONST_10 >= Length_0_ &&
CONST_9 < Length_0_ &&
CONST_8 < Length_0_ &&
CharAt(CONST_7)_16_ != CharAt(CONST_7)_17_ &&
CONST_7 < Length_0_ &&
CharAt(CONST_6)_14_ == CharAt(CONST_6)_15_ &&
CONST_6 < Length_0_ &&
CharAt(CONST_5)_12_ == CharAt(CONST_5)_13_ &&
CONST_5 < Length_0_ &&
CharAt(CONST_4)_10_ == CharAt(CONST_4)_11_ &&
CONST_4 < Length_0_ &&
CharAt(CONST_3)_8_ == CharAt(CONST_3)_9_ &&
CONST_3 < Length_0_ &&
CharAt(CONST_2)_6_ == CharAt(CONST_2)_7_ &&
CONST_2 < Length_0_ &&
CharAt(CONST_1)_4_ == CharAt(CONST_1)_5_ &&
CONST_1 < Length_0_ &&
CharAt(CONST_0)_2_ == CharAt(CONST_0)_3_ &&
CONST_0 < Length_0_ &&
Length_0_ < (Length_1_ + CONST_1)
$$$$$$$$$$$$$$$$$$$$$$$$$$$$$$$$
Calling Z3str3

current query... 
(declare-const needle_1 String)
(declare-const haystack_2 String)


(assert (>= ( +  (str.len needle_1) 1) ( +  (str.len haystack_2) 1)))
(assert (>= 10 (str.len needle_1)))
(assert (< 9 (str.len needle_1)))
(assert (< 8 (str.len needle_1)))
(assert (not (= (str.at haystack_2 7) (str.at needle_1 7))))
(assert (< 7 (str.len needle_1)))
(assert (= (str.at haystack_2 6) (str.at needle_1 6)))
(assert (< 6 (str.len needle_1)))
(assert (= (str.at haystack_2 5) (str.at needle_1 5)))
(assert (< 5 (str.len needle_1)))
(assert (= (str.at haystack_2 4) (str.at needle_1 4)))
(assert (< 4 (str.len needle_1)))
(assert (= (str.at haystack_2 3) (str.at needle_1 3)))
(assert (< 3 (str.len needle_1)))
(assert (= (str.at haystack_2 2) (str.at needle_1 2)))
(assert (< 2 (str.len needle_1)))
(assert (= (str.at haystack_2 1) (str.at needle_1 1)))
(assert (< 1 (str.len needle_1)))
(assert (= (str.at haystack_2 0) (str.at needle_1 0)))
(assert (< 0 (str.len needle_1)))
(assert (< (str.len needle_1) ( +  (str.len haystack_2) 1)))



======================
(define-fun needle_1 () String
  "BCDEFGHIJK")
(define-fun haystack_2 () String
  "BCDEFGHALM")
Returned solutions: 
(define-fun needle_1 () String  "BCDEFGHIJK")
(define-fun haystack_2 () String  "BCDEFGHALM")
*************************************
Satisfiable: true
needle_1 => "BCDEFGHIJK"
haystack_2 => "BCDEFGHALM"
*************************************

numeric PC: constraint # = 21
(Length_0_ + CONST_1) < (Length_1_ + CONST_1) &&
CONST_10 >= Length_0_ &&
CONST_9 < Length_0_ &&
CONST_8 < Length_0_ &&
CharAt(CONST_7)_16_ != CharAt(CONST_7)_17_ &&
CONST_7 < Length_0_ &&
CharAt(CONST_6)_14_ == CharAt(CONST_6)_15_ &&
CONST_6 < Length_0_ &&
CharAt(CONST_5)_12_ == CharAt(CONST_5)_13_ &&
CONST_5 < Length_0_ &&
CharAt(CONST_4)_10_ == CharAt(CONST_4)_11_ &&
CONST_4 < Length_0_ &&
CharAt(CONST_3)_8_ == CharAt(CONST_3)_9_ &&
CONST_3 < Length_0_ &&
CharAt(CONST_2)_6_ == CharAt(CONST_2)_7_ &&
CONST_2 < Length_0_ &&
CharAt(CONST_1)_4_ == CharAt(CONST_1)_5_ &&
CONST_1 < Length_0_ &&
CharAt(CONST_0)_2_ == CharAt(CONST_0)_3_ &&
CONST_0 < Length_0_ &&
Length_0_ < (Length_1_ + CONST_1) -> true

### PCs: total:132 sat:111 unsat:21

string analysis: SPC # = 0
NPC constraint # = 21
(Length_0_ + CONST_1) < (Length_1_ + CONST_1) &&
CONST_10 >= Length_0_ &&
CONST_9 < Length_0_ &&
CONST_8 < Length_0_ &&
CharAt(CONST_7)_16_ != CharAt(CONST_7)_17_ &&
CONST_7 < Length_0_ &&
CharAt(CONST_6)_14_ == CharAt(CONST_6)_15_ &&
CONST_6 < Length_0_ &&
CharAt(CONST_5)_12_ == CharAt(CONST_5)_13_ &&
CONST_5 < Length_0_ &&
CharAt(CONST_4)_10_ == CharAt(CONST_4)_11_ &&
CONST_4 < Length_0_ &&
CharAt(CONST_3)_8_ == CharAt(CONST_3)_9_ &&
CONST_3 < Length_0_ &&
CharAt(CONST_2)_6_ == CharAt(CONST_2)_7_ &&
CONST_2 < Length_0_ &&
CharAt(CONST_1)_4_ == CharAt(CONST_1)_5_ &&
CONST_1 < Length_0_ &&
CharAt(CONST_0)_2_ == CharAt(CONST_0)_3_ &&
CONST_0 < Length_0_ &&
Length_0_ < (Length_1_ + CONST_1)
$$$$$$$$$$$$$$$$$$$$$$$$$$$$$$$$
Calling Z3str3

current query... 
(declare-const needle_1 String)
(declare-const haystack_2 String)


(assert (< ( +  (str.len needle_1) 1) ( +  (str.len haystack_2) 1)))
(assert (>= 10 (str.len needle_1)))
(assert (< 9 (str.len needle_1)))
(assert (< 8 (str.len needle_1)))
(assert (not (= (str.at haystack_2 7) (str.at needle_1 7))))
(assert (< 7 (str.len needle_1)))
(assert (= (str.at haystack_2 6) (str.at needle_1 6)))
(assert (< 6 (str.len needle_1)))
(assert (= (str.at haystack_2 5) (str.at needle_1 5)))
(assert (< 5 (str.len needle_1)))
(assert (= (str.at haystack_2 4) (str.at needle_1 4)))
(assert (< 4 (str.len needle_1)))
(assert (= (str.at haystack_2 3) (str.at needle_1 3)))
(assert (< 3 (str.len needle_1)))
(assert (= (str.at haystack_2 2) (str.at needle_1 2)))
(assert (< 2 (str.len needle_1)))
(assert (= (str.at haystack_2 1) (str.at needle_1 1)))
(assert (< 1 (str.len needle_1)))
(assert (= (str.at haystack_2 0) (str.at needle_1 0)))
(assert (< 0 (str.len needle_1)))
(assert (< (str.len needle_1) ( +  (str.len haystack_2) 1)))



======================
(define-fun needle_1 () String
  "BCDEFGHIJK")
(define-fun haystack_2 () String
  "BCDEFGHALMN")
Returned solutions: 
(define-fun needle_1 () String  "BCDEFGHIJK")
(define-fun haystack_2 () String  "BCDEFGHALMN")
*************************************
Satisfiable: true
needle_1 => "BCDEFGHIJK"
haystack_2 => "BCDEFGHALMN"
*************************************

numeric PC: constraint # = 22
CONST_0 >= Length_0_ &&
(Length_0_ + CONST_1) < (Length_1_ + CONST_1) &&
CONST_10 >= Length_0_ &&
CONST_9 < Length_0_ &&
CONST_8 < Length_0_ &&
CharAt(CONST_7)_16_ != CharAt(CONST_7)_17_ &&
CONST_7 < Length_0_ &&
CharAt(CONST_6)_14_ == CharAt(CONST_6)_15_ &&
CONST_6 < Length_0_ &&
CharAt(CONST_5)_12_ == CharAt(CONST_5)_13_ &&
CONST_5 < Length_0_ &&
CharAt(CONST_4)_10_ == CharAt(CONST_4)_11_ &&
CONST_4 < Length_0_ &&
CharAt(CONST_3)_8_ == CharAt(CONST_3)_9_ &&
CONST_3 < Length_0_ &&
CharAt(CONST_2)_6_ == CharAt(CONST_2)_7_ &&
CONST_2 < Length_0_ &&
CharAt(CONST_1)_4_ == CharAt(CONST_1)_5_ &&
CONST_1 < Length_0_ &&
CharAt(CONST_0)_2_ == CharAt(CONST_0)_3_ &&
CONST_0 < Length_0_ &&
Length_0_ < (Length_1_ + CONST_1) -> false

### PCs: total:133 sat:111 unsat:22

numeric PC: constraint # = 21
(Length_0_ + CONST_1) < (Length_1_ + CONST_1) &&
CONST_10 >= Length_0_ &&
CONST_9 < Length_0_ &&
CONST_8 < Length_0_ &&
CharAt(CONST_7)_16_ != CharAt(CONST_7)_17_ &&
CONST_7 < Length_0_ &&
CharAt(CONST_6)_14_ == CharAt(CONST_6)_15_ &&
CONST_6 < Length_0_ &&
CharAt(CONST_5)_12_ == CharAt(CONST_5)_13_ &&
CONST_5 < Length_0_ &&
CharAt(CONST_4)_10_ == CharAt(CONST_4)_11_ &&
CONST_4 < Length_0_ &&
CharAt(CONST_3)_8_ == CharAt(CONST_3)_9_ &&
CONST_3 < Length_0_ &&
CharAt(CONST_2)_6_ == CharAt(CONST_2)_7_ &&
CONST_2 < Length_0_ &&
CharAt(CONST_1)_4_ == CharAt(CONST_1)_5_ &&
CONST_1 < Length_0_ &&
CharAt(CONST_0)_2_ == CharAt(CONST_0)_3_ &&
CONST_0 < Length_0_ &&
Length_0_ < (Length_1_ + CONST_1) -> true

### PCs: total:134 sat:112 unsat:22

string analysis: SPC # = 0
NPC constraint # = 21
(Length_0_ + CONST_1) < (Length_1_ + CONST_1) &&
CONST_10 >= Length_0_ &&
CONST_9 < Length_0_ &&
CONST_8 < Length_0_ &&
CharAt(CONST_7)_16_ != CharAt(CONST_7)_17_ &&
CONST_7 < Length_0_ &&
CharAt(CONST_6)_14_ == CharAt(CONST_6)_15_ &&
CONST_6 < Length_0_ &&
CharAt(CONST_5)_12_ == CharAt(CONST_5)_13_ &&
CONST_5 < Length_0_ &&
CharAt(CONST_4)_10_ == CharAt(CONST_4)_11_ &&
CONST_4 < Length_0_ &&
CharAt(CONST_3)_8_ == CharAt(CONST_3)_9_ &&
CONST_3 < Length_0_ &&
CharAt(CONST_2)_6_ == CharAt(CONST_2)_7_ &&
CONST_2 < Length_0_ &&
CharAt(CONST_1)_4_ == CharAt(CONST_1)_5_ &&
CONST_1 < Length_0_ &&
CharAt(CONST_0)_2_ == CharAt(CONST_0)_3_ &&
CONST_0 < Length_0_ &&
Length_0_ < (Length_1_ + CONST_1)
$$$$$$$$$$$$$$$$$$$$$$$$$$$$$$$$
Calling Z3str3

current query... 
(declare-const needle_1 String)
(declare-const haystack_2 String)


(assert (< ( +  (str.len needle_1) 1) ( +  (str.len haystack_2) 1)))
(assert (>= 10 (str.len needle_1)))
(assert (< 9 (str.len needle_1)))
(assert (< 8 (str.len needle_1)))
(assert (not (= (str.at haystack_2 7) (str.at needle_1 7))))
(assert (< 7 (str.len needle_1)))
(assert (= (str.at haystack_2 6) (str.at needle_1 6)))
(assert (< 6 (str.len needle_1)))
(assert (= (str.at haystack_2 5) (str.at needle_1 5)))
(assert (< 5 (str.len needle_1)))
(assert (= (str.at haystack_2 4) (str.at needle_1 4)))
(assert (< 4 (str.len needle_1)))
(assert (= (str.at haystack_2 3) (str.at needle_1 3)))
(assert (< 3 (str.len needle_1)))
(assert (= (str.at haystack_2 2) (str.at needle_1 2)))
(assert (< 2 (str.len needle_1)))
(assert (= (str.at haystack_2 1) (str.at needle_1 1)))
(assert (< 1 (str.len needle_1)))
(assert (= (str.at haystack_2 0) (str.at needle_1 0)))
(assert (< 0 (str.len needle_1)))
(assert (< (str.len needle_1) ( +  (str.len haystack_2) 1)))



======================
(define-fun needle_1 () String
  "BCDEFGHIJK")
(define-fun haystack_2 () String
  "BCDEFGHALMN")
Returned solutions: 
(define-fun needle_1 () String  "BCDEFGHIJK")
(define-fun haystack_2 () String  "BCDEFGHALMN")
*************************************
Satisfiable: true
needle_1 => "BCDEFGHIJK"
haystack_2 => "BCDEFGHALMN"
*************************************

numeric PC: constraint # = 22
CharAt(CONST_1)_4_ != CharAt(CONST_0)_3_ &&
(Length_0_ + CONST_1) < (Length_1_ + CONST_1) &&
CONST_10 >= Length_0_ &&
CONST_9 < Length_0_ &&
CONST_8 < Length_0_ &&
CharAt(CONST_7)_16_ != CharAt(CONST_7)_17_ &&
CONST_7 < Length_0_ &&
CharAt(CONST_6)_14_ == CharAt(CONST_6)_15_ &&
CONST_6 < Length_0_ &&
CharAt(CONST_5)_12_ == CharAt(CONST_5)_13_ &&
CONST_5 < Length_0_ &&
CharAt(CONST_4)_10_ == CharAt(CONST_4)_11_ &&
CONST_4 < Length_0_ &&
CharAt(CONST_3)_8_ == CharAt(CONST_3)_9_ &&
CONST_3 < Length_0_ &&
CharAt(CONST_2)_6_ == CharAt(CONST_2)_7_ &&
CONST_2 < Length_0_ &&
CharAt(CONST_1)_4_ == CharAt(CONST_1)_5_ &&
CONST_1 < Length_0_ &&
CharAt(CONST_0)_2_ == CharAt(CONST_0)_3_ &&
CONST_0 < Length_0_ &&
Length_0_ < (Length_1_ + CONST_1) -> true

### PCs: total:135 sat:113 unsat:22

string analysis: SPC # = 0
NPC constraint # = 22
CharAt(CONST_1)_4_ != CharAt(CONST_0)_3_ &&
(Length_0_ + CONST_1) < (Length_1_ + CONST_1) &&
CONST_10 >= Length_0_ &&
CONST_9 < Length_0_ &&
CONST_8 < Length_0_ &&
CharAt(CONST_7)_16_ != CharAt(CONST_7)_17_ &&
CONST_7 < Length_0_ &&
CharAt(CONST_6)_14_ == CharAt(CONST_6)_15_ &&
CONST_6 < Length_0_ &&
CharAt(CONST_5)_12_ == CharAt(CONST_5)_13_ &&
CONST_5 < Length_0_ &&
CharAt(CONST_4)_10_ == CharAt(CONST_4)_11_ &&
CONST_4 < Length_0_ &&
CharAt(CONST_3)_8_ == CharAt(CONST_3)_9_ &&
CONST_3 < Length_0_ &&
CharAt(CONST_2)_6_ == CharAt(CONST_2)_7_ &&
CONST_2 < Length_0_ &&
CharAt(CONST_1)_4_ == CharAt(CONST_1)_5_ &&
CONST_1 < Length_0_ &&
CharAt(CONST_0)_2_ == CharAt(CONST_0)_3_ &&
CONST_0 < Length_0_ &&
Length_0_ < (Length_1_ + CONST_1)
$$$$$$$$$$$$$$$$$$$$$$$$$$$$$$$$
Calling Z3str3

current query... 
(declare-const needle_1 String)
(declare-const haystack_2 String)


(assert (not (= (str.at haystack_2 1) (str.at needle_1 0))))
(assert (< ( +  (str.len needle_1) 1) ( +  (str.len haystack_2) 1)))
(assert (>= 10 (str.len needle_1)))
(assert (< 9 (str.len needle_1)))
(assert (< 8 (str.len needle_1)))
(assert (not (= (str.at haystack_2 7) (str.at needle_1 7))))
(assert (< 7 (str.len needle_1)))
(assert (= (str.at haystack_2 6) (str.at needle_1 6)))
(assert (< 6 (str.len needle_1)))
(assert (= (str.at haystack_2 5) (str.at needle_1 5)))
(assert (< 5 (str.len needle_1)))
(assert (= (str.at haystack_2 4) (str.at needle_1 4)))
(assert (< 4 (str.len needle_1)))
(assert (= (str.at haystack_2 3) (str.at needle_1 3)))
(assert (< 3 (str.len needle_1)))
(assert (= (str.at haystack_2 2) (str.at needle_1 2)))
(assert (< 2 (str.len needle_1)))
(assert (= (str.at haystack_2 1) (str.at needle_1 1)))
(assert (< 1 (str.len needle_1)))
(assert (= (str.at haystack_2 0) (str.at needle_1 0)))
(assert (< 0 (str.len needle_1)))
(assert (< (str.len needle_1) ( +  (str.len haystack_2) 1)))



======================
(define-fun needle_1 () String
  "ABDEFGHIJK")
(define-fun haystack_2 () String
  "ABDEFGHCLMN")
Returned solutions: 
(define-fun needle_1 () String  "ABDEFGHIJK")
(define-fun haystack_2 () String  "ABDEFGHCLMN")
*************************************
Satisfiable: true
needle_1 => "ABDEFGHIJK"
haystack_2 => "ABDEFGHCLMN"
*************************************

numeric PC: constraint # = 22
CharAt(CONST_1)_4_ == CharAt(CONST_0)_3_ &&
(Length_0_ + CONST_1) < (Length_1_ + CONST_1) &&
CONST_10 >= Length_0_ &&
CONST_9 < Length_0_ &&
CONST_8 < Length_0_ &&
CharAt(CONST_7)_16_ != CharAt(CONST_7)_17_ &&
CONST_7 < Length_0_ &&
CharAt(CONST_6)_14_ == CharAt(CONST_6)_15_ &&
CONST_6 < Length_0_ &&
CharAt(CONST_5)_12_ == CharAt(CONST_5)_13_ &&
CONST_5 < Length_0_ &&
CharAt(CONST_4)_10_ == CharAt(CONST_4)_11_ &&
CONST_4 < Length_0_ &&
CharAt(CONST_3)_8_ == CharAt(CONST_3)_9_ &&
CONST_3 < Length_0_ &&
CharAt(CONST_2)_6_ == CharAt(CONST_2)_7_ &&
CONST_2 < Length_0_ &&
CharAt(CONST_1)_4_ == CharAt(CONST_1)_5_ &&
CONST_1 < Length_0_ &&
CharAt(CONST_0)_2_ == CharAt(CONST_0)_3_ &&
CONST_0 < Length_0_ &&
Length_0_ < (Length_1_ + CONST_1) -> true

### PCs: total:136 sat:114 unsat:22

string analysis: SPC # = 0
NPC constraint # = 22
CharAt(CONST_1)_4_ == CharAt(CONST_0)_3_ &&
(Length_0_ + CONST_1) < (Length_1_ + CONST_1) &&
CONST_10 >= Length_0_ &&
CONST_9 < Length_0_ &&
CONST_8 < Length_0_ &&
CharAt(CONST_7)_16_ != CharAt(CONST_7)_17_ &&
CONST_7 < Length_0_ &&
CharAt(CONST_6)_14_ == CharAt(CONST_6)_15_ &&
CONST_6 < Length_0_ &&
CharAt(CONST_5)_12_ == CharAt(CONST_5)_13_ &&
CONST_5 < Length_0_ &&
CharAt(CONST_4)_10_ == CharAt(CONST_4)_11_ &&
CONST_4 < Length_0_ &&
CharAt(CONST_3)_8_ == CharAt(CONST_3)_9_ &&
CONST_3 < Length_0_ &&
CharAt(CONST_2)_6_ == CharAt(CONST_2)_7_ &&
CONST_2 < Length_0_ &&
CharAt(CONST_1)_4_ == CharAt(CONST_1)_5_ &&
CONST_1 < Length_0_ &&
CharAt(CONST_0)_2_ == CharAt(CONST_0)_3_ &&
CONST_0 < Length_0_ &&
Length_0_ < (Length_1_ + CONST_1)
$$$$$$$$$$$$$$$$$$$$$$$$$$$$$$$$
Calling Z3str3

current query... 
(declare-const needle_1 String)
(declare-const haystack_2 String)


(assert (= (str.at haystack_2 1) (str.at needle_1 0)))
(assert (< ( +  (str.len needle_1) 1) ( +  (str.len haystack_2) 1)))
(assert (>= 10 (str.len needle_1)))
(assert (< 9 (str.len needle_1)))
(assert (< 8 (str.len needle_1)))
(assert (not (= (str.at haystack_2 7) (str.at needle_1 7))))
(assert (< 7 (str.len needle_1)))
(assert (= (str.at haystack_2 6) (str.at needle_1 6)))
(assert (< 6 (str.len needle_1)))
(assert (= (str.at haystack_2 5) (str.at needle_1 5)))
(assert (< 5 (str.len needle_1)))
(assert (= (str.at haystack_2 4) (str.at needle_1 4)))
(assert (< 4 (str.len needle_1)))
(assert (= (str.at haystack_2 3) (str.at needle_1 3)))
(assert (< 3 (str.len needle_1)))
(assert (= (str.at haystack_2 2) (str.at needle_1 2)))
(assert (< 2 (str.len needle_1)))
(assert (= (str.at haystack_2 1) (str.at needle_1 1)))
(assert (< 1 (str.len needle_1)))
(assert (= (str.at haystack_2 0) (str.at needle_1 0)))
(assert (< 0 (str.len needle_1)))
(assert (< (str.len needle_1) ( +  (str.len haystack_2) 1)))



======================
(define-fun needle_1 () String
  "AACDEFGHIJ")
(define-fun haystack_2 () String
  "AACDEFGBKLM")
Returned solutions: 
(define-fun needle_1 () String  "AACDEFGHIJ")
(define-fun haystack_2 () String  "AACDEFGBKLM")
*************************************
Satisfiable: true
needle_1 => "AACDEFGHIJ"
haystack_2 => "AACDEFGBKLM"
*************************************


====================================================== search constraint
depth limit reached: 23

====================================================== snapshot 
thread java.lang.Thread:{id:0,name:main,status:RUNNING,priority:5,isDaemon:false,lockCount:0,suspendCount:0}
  call stack:
	at strings.StringSearch.search_1(StringSearch.java:19)
	at strings.StringSearch.main(StringSearch.java:7)

numeric PC: constraint # = 21
(Length_0_ + CONST_1) < (Length_1_ + CONST_1) &&
CONST_10 >= Length_0_ &&
CONST_9 < Length_0_ &&
CONST_8 < Length_0_ &&
CharAt(CONST_7)_16_ != CharAt(CONST_7)_17_ &&
CONST_7 < Length_0_ &&
CharAt(CONST_6)_14_ == CharAt(CONST_6)_15_ &&
CONST_6 < Length_0_ &&
CharAt(CONST_5)_12_ == CharAt(CONST_5)_13_ &&
CONST_5 < Length_0_ &&
CharAt(CONST_4)_10_ == CharAt(CONST_4)_11_ &&
CONST_4 < Length_0_ &&
CharAt(CONST_3)_8_ == CharAt(CONST_3)_9_ &&
CONST_3 < Length_0_ &&
CharAt(CONST_2)_6_ == CharAt(CONST_2)_7_ &&
CONST_2 < Length_0_ &&
CharAt(CONST_1)_4_ == CharAt(CONST_1)_5_ &&
CONST_1 < Length_0_ &&
CharAt(CONST_0)_2_ == CharAt(CONST_0)_3_ &&
CONST_0 < Length_0_ &&
Length_0_ < (Length_1_ + CONST_1) -> true

string analysis: SPC # = 0
NPC constraint # = 21
(Length_0_[10] + CONST_1) < (Length_1_[11] + CONST_1) &&
CONST_10 >= Length_0_[10] &&
CONST_9 < Length_0_[10] &&
CONST_8 < Length_0_[10] &&
CharAt(CONST_7)_16_[0] != CharAt(CONST_7)_17_[1] &&
CONST_7 < Length_0_[10] &&
CharAt(CONST_6)_14_[0] == CharAt(CONST_6)_15_[0] &&
CONST_6 < Length_0_[10] &&
CharAt(CONST_5)_12_[0] == CharAt(CONST_5)_13_[0] &&
CONST_5 < Length_0_[10] &&
CharAt(CONST_4)_10_[0] == CharAt(CONST_4)_11_[0] &&
CONST_4 < Length_0_[10] &&
CharAt(CONST_3)_8_[0] == CharAt(CONST_3)_9_[0] &&
CONST_3 < Length_0_[10] &&
CharAt(CONST_2)_6_[0] == CharAt(CONST_2)_7_[0] &&
CONST_2 < Length_0_[10] &&
CharAt(CONST_1)_4_[0] == CharAt(CONST_1)_5_[0] &&
CONST_1 < Length_0_[10] &&
CharAt(CONST_0)_2_[0] == CharAt(CONST_0)_3_[0] &&
CONST_0 < Length_0_[10] &&
Length_0_[10] < (Length_1_[11] + CONST_1)
$$$$$$$$$$$$$$$$$$$$$$$$$$$$$$$$
Calling Z3str3

current query... 
(declare-const needle_1 String)
(declare-const haystack_2 String)


(assert (< ( +  (str.len needle_1) 1) ( +  (str.len haystack_2) 1)))
(assert (>= 10 (str.len needle_1)))
(assert (< 9 (str.len needle_1)))
(assert (< 8 (str.len needle_1)))
(assert (not (= (str.at haystack_2 7) (str.at needle_1 7))))
(assert (< 7 (str.len needle_1)))
(assert (= (str.at haystack_2 6) (str.at needle_1 6)))
(assert (< 6 (str.len needle_1)))
(assert (= (str.at haystack_2 5) (str.at needle_1 5)))
(assert (< 5 (str.len needle_1)))
(assert (= (str.at haystack_2 4) (str.at needle_1 4)))
(assert (< 4 (str.len needle_1)))
(assert (= (str.at haystack_2 3) (str.at needle_1 3)))
(assert (< 3 (str.len needle_1)))
(assert (= (str.at haystack_2 2) (str.at needle_1 2)))
(assert (< 2 (str.len needle_1)))
(assert (= (str.at haystack_2 1) (str.at needle_1 1)))
(assert (< 1 (str.len needle_1)))
(assert (= (str.at haystack_2 0) (str.at needle_1 0)))
(assert (< 0 (str.len needle_1)))
(assert (< (str.len needle_1) ( +  (str.len haystack_2) 1)))



======================
(define-fun needle_1 () String
  "BCDEFGHIJK")
(define-fun haystack_2 () String
  "BCDEFGHALMN")
Returned solutions: 
(define-fun needle_1 () String  "BCDEFGHIJK")
(define-fun haystack_2 () String  "BCDEFGHALMN")
*************************************
Satisfiable: true
needle_1 => "BCDEFGHIJK"
haystack_2 => "BCDEFGHALMN"
*************************************

0
test: This is a tttest haystack string for testing.
test This is a tttest haystack string for testing.
0
114514
0

====================================================== search constraint
depth limit reached: 23

====================================================== snapshot 
no live threads
numeric PC: constraint # = 21
(Length_0_ + CONST_1) >= (Length_1_ + CONST_1) &&
CONST_10 >= Length_0_ &&
CONST_9 < Length_0_ &&
CONST_8 < Length_0_ &&
CharAt(CONST_7)_16_ != CharAt(CONST_7)_17_ &&
CONST_7 < Length_0_ &&
CharAt(CONST_6)_14_ == CharAt(CONST_6)_15_ &&
CONST_6 < Length_0_ &&
CharAt(CONST_5)_12_ == CharAt(CONST_5)_13_ &&
CONST_5 < Length_0_ &&
CharAt(CONST_4)_10_ == CharAt(CONST_4)_11_ &&
CONST_4 < Length_0_ &&
CharAt(CONST_3)_8_ == CharAt(CONST_3)_9_ &&
CONST_3 < Length_0_ &&
CharAt(CONST_2)_6_ == CharAt(CONST_2)_7_ &&
CONST_2 < Length_0_ &&
CharAt(CONST_1)_4_ == CharAt(CONST_1)_5_ &&
CONST_1 < Length_0_ &&
CharAt(CONST_0)_2_ == CharAt(CONST_0)_3_ &&
CONST_0 < Length_0_ &&
Length_0_ < (Length_1_ + CONST_1) -> true

string analysis: SPC # = 0
NPC constraint # = 21
(Length_0_[10] + CONST_1) >= (Length_1_[10] + CONST_1) &&
CONST_10 >= Length_0_[10] &&
CONST_9 < Length_0_[10] &&
CONST_8 < Length_0_[10] &&
CharAt(CONST_7)_16_[0] != CharAt(CONST_7)_17_[1] &&
CONST_7 < Length_0_[10] &&
CharAt(CONST_6)_14_[0] == CharAt(CONST_6)_15_[0] &&
CONST_6 < Length_0_[10] &&
CharAt(CONST_5)_12_[0] == CharAt(CONST_5)_13_[0] &&
CONST_5 < Length_0_[10] &&
CharAt(CONST_4)_10_[0] == CharAt(CONST_4)_11_[0] &&
CONST_4 < Length_0_[10] &&
CharAt(CONST_3)_8_[0] == CharAt(CONST_3)_9_[0] &&
CONST_3 < Length_0_[10] &&
CharAt(CONST_2)_6_[0] == CharAt(CONST_2)_7_[0] &&
CONST_2 < Length_0_[10] &&
CharAt(CONST_1)_4_[0] == CharAt(CONST_1)_5_[0] &&
CONST_1 < Length_0_[10] &&
CharAt(CONST_0)_2_[0] == CharAt(CONST_0)_3_[0] &&
CONST_0 < Length_0_[10] &&
Length_0_[10] < (Length_1_[10] + CONST_1)
$$$$$$$$$$$$$$$$$$$$$$$$$$$$$$$$
Calling Z3str3

current query... 
(declare-const needle_1 String)
(declare-const haystack_2 String)


(assert (>= ( +  (str.len needle_1) 1) ( +  (str.len haystack_2) 1)))
(assert (>= 10 (str.len needle_1)))
(assert (< 9 (str.len needle_1)))
(assert (< 8 (str.len needle_1)))
(assert (not (= (str.at haystack_2 7) (str.at needle_1 7))))
(assert (< 7 (str.len needle_1)))
(assert (= (str.at haystack_2 6) (str.at needle_1 6)))
(assert (< 6 (str.len needle_1)))
(assert (= (str.at haystack_2 5) (str.at needle_1 5)))
(assert (< 5 (str.len needle_1)))
(assert (= (str.at haystack_2 4) (str.at needle_1 4)))
(assert (< 4 (str.len needle_1)))
(assert (= (str.at haystack_2 3) (str.at needle_1 3)))
(assert (< 3 (str.len needle_1)))
(assert (= (str.at haystack_2 2) (str.at needle_1 2)))
(assert (< 2 (str.len needle_1)))
(assert (= (str.at haystack_2 1) (str.at needle_1 1)))
(assert (< 1 (str.len needle_1)))
(assert (= (str.at haystack_2 0) (str.at needle_1 0)))
(assert (< 0 (str.len needle_1)))
(assert (< (str.len needle_1) ( +  (str.len haystack_2) 1)))



======================
(define-fun needle_1 () String
  "BCDEFGHIJK")
(define-fun haystack_2 () String
  "BCDEFGHALM")
Returned solutions: 
(define-fun needle_1 () String  "BCDEFGHIJK")
(define-fun haystack_2 () String  "BCDEFGHALM")
*************************************
Satisfiable: true
needle_1 => "BCDEFGHIJK"
haystack_2 => "BCDEFGHALM"
*************************************

numeric PC: constraint # = 20
CONST_10 >= Length_0_[10] &&
CONST_9 < Length_0_[10] &&
CONST_8 < Length_0_[10] &&
CharAt(CONST_7)_16_[0] != CharAt(CONST_7)_17_[1] &&
CONST_7 < Length_0_[10] &&
CharAt(CONST_6)_14_[0] == CharAt(CONST_6)_15_[0] &&
CONST_6 < Length_0_[10] &&
CharAt(CONST_5)_12_[0] == CharAt(CONST_5)_13_[0] &&
CONST_5 < Length_0_[10] &&
CharAt(CONST_4)_10_[0] == CharAt(CONST_4)_11_[0] &&
CONST_4 < Length_0_[10] &&
CharAt(CONST_3)_8_[0] == CharAt(CONST_3)_9_[0] &&
CONST_3 < Length_0_[10] &&
CharAt(CONST_2)_6_[0] == CharAt(CONST_2)_7_[0] &&
CONST_2 < Length_0_[10] &&
CharAt(CONST_1)_4_[0] == CharAt(CONST_1)_5_[0] &&
CONST_1 < Length_0_[10] &&
CharAt(CONST_0)_2_[0] == CharAt(CONST_0)_3_[0] &&
CONST_0 < Length_0_[10] &&
Length_0_[10] < (Length_1_[10] + CONST_1) -> true

string analysis: SPC # = 0
NPC constraint # = 20
CONST_10 >= Length_0_[10] &&
CONST_9 < Length_0_[10] &&
CONST_8 < Length_0_[10] &&
CharAt(CONST_7)_16_[0] != CharAt(CONST_7)_17_[1] &&
CONST_7 < Length_0_[10] &&
CharAt(CONST_6)_14_[0] == CharAt(CONST_6)_15_[0] &&
CONST_6 < Length_0_[10] &&
CharAt(CONST_5)_12_[0] == CharAt(CONST_5)_13_[0] &&
CONST_5 < Length_0_[10] &&
CharAt(CONST_4)_10_[0] == CharAt(CONST_4)_11_[0] &&
CONST_4 < Length_0_[10] &&
CharAt(CONST_3)_8_[0] == CharAt(CONST_3)_9_[0] &&
CONST_3 < Length_0_[10] &&
CharAt(CONST_2)_6_[0] == CharAt(CONST_2)_7_[0] &&
CONST_2 < Length_0_[10] &&
CharAt(CONST_1)_4_[0] == CharAt(CONST_1)_5_[0] &&
CONST_1 < Length_0_[10] &&
CharAt(CONST_0)_2_[0] == CharAt(CONST_0)_3_[0] &&
CONST_0 < Length_0_[10] &&
Length_0_[10] < (Length_1_[10] + CONST_1)
$$$$$$$$$$$$$$$$$$$$$$$$$$$$$$$$
Calling Z3str3

current query... 
(declare-const needle_1 String)
(declare-const haystack_2 String)


(assert (>= 10 (str.len needle_1)))
(assert (< 9 (str.len needle_1)))
(assert (< 8 (str.len needle_1)))
(assert (not (= (str.at haystack_2 7) (str.at needle_1 7))))
(assert (< 7 (str.len needle_1)))
(assert (= (str.at haystack_2 6) (str.at needle_1 6)))
(assert (< 6 (str.len needle_1)))
(assert (= (str.at haystack_2 5) (str.at needle_1 5)))
(assert (< 5 (str.len needle_1)))
(assert (= (str.at haystack_2 4) (str.at needle_1 4)))
(assert (< 4 (str.len needle_1)))
(assert (= (str.at haystack_2 3) (str.at needle_1 3)))
(assert (< 3 (str.len needle_1)))
(assert (= (str.at haystack_2 2) (str.at needle_1 2)))
(assert (< 2 (str.len needle_1)))
(assert (= (str.at haystack_2 1) (str.at needle_1 1)))
(assert (< 1 (str.len needle_1)))
(assert (= (str.at haystack_2 0) (str.at needle_1 0)))
(assert (< 0 (str.len needle_1)))
(assert (< (str.len needle_1) ( +  (str.len haystack_2) 1)))



======================
(define-fun needle_1 () String
  "BCDEFGHIJK")
(define-fun haystack_2 () String
  "BCDEFGHALMN")
Returned solutions: 
(define-fun needle_1 () String  "BCDEFGHIJK")
(define-fun haystack_2 () String  "BCDEFGHALMN")
*************************************
Satisfiable: true
needle_1 => "BCDEFGHIJK"
haystack_2 => "BCDEFGHALMN"
*************************************

numeric PC: constraint # = 19
CONST_9 < Length_0_[10] &&
CONST_8 < Length_0_[10] &&
CharAt(CONST_7)_16_[0] != CharAt(CONST_7)_17_[1] &&
CONST_7 < Length_0_[10] &&
CharAt(CONST_6)_14_[0] == CharAt(CONST_6)_15_[0] &&
CONST_6 < Length_0_[10] &&
CharAt(CONST_5)_12_[0] == CharAt(CONST_5)_13_[0] &&
CONST_5 < Length_0_[10] &&
CharAt(CONST_4)_10_[0] == CharAt(CONST_4)_11_[0] &&
CONST_4 < Length_0_[10] &&
CharAt(CONST_3)_8_[0] == CharAt(CONST_3)_9_[0] &&
CONST_3 < Length_0_[10] &&
CharAt(CONST_2)_6_[0] == CharAt(CONST_2)_7_[0] &&
CONST_2 < Length_0_[10] &&
CharAt(CONST_1)_4_[0] == CharAt(CONST_1)_5_[0] &&
CONST_1 < Length_0_[10] &&
CharAt(CONST_0)_2_[0] == CharAt(CONST_0)_3_[0] &&
CONST_0 < Length_0_[10] &&
Length_0_[10] < (Length_1_[10] + CONST_1) -> true

string analysis: SPC # = 0
NPC constraint # = 19
CONST_9 < Length_0_[10] &&
CONST_8 < Length_0_[10] &&
CharAt(CONST_7)_16_[0] != CharAt(CONST_7)_17_[1] &&
CONST_7 < Length_0_[10] &&
CharAt(CONST_6)_14_[0] == CharAt(CONST_6)_15_[0] &&
CONST_6 < Length_0_[10] &&
CharAt(CONST_5)_12_[0] == CharAt(CONST_5)_13_[0] &&
CONST_5 < Length_0_[10] &&
CharAt(CONST_4)_10_[0] == CharAt(CONST_4)_11_[0] &&
CONST_4 < Length_0_[10] &&
CharAt(CONST_3)_8_[0] == CharAt(CONST_3)_9_[0] &&
CONST_3 < Length_0_[10] &&
CharAt(CONST_2)_6_[0] == CharAt(CONST_2)_7_[0] &&
CONST_2 < Length_0_[10] &&
CharAt(CONST_1)_4_[0] == CharAt(CONST_1)_5_[0] &&
CONST_1 < Length_0_[10] &&
CharAt(CONST_0)_2_[0] == CharAt(CONST_0)_3_[0] &&
CONST_0 < Length_0_[10] &&
Length_0_[10] < (Length_1_[10] + CONST_1)
$$$$$$$$$$$$$$$$$$$$$$$$$$$$$$$$
Calling Z3str3

current query... 
(declare-const needle_1 String)
(declare-const haystack_2 String)


(assert (< 9 (str.len needle_1)))
(assert (< 8 (str.len needle_1)))
(assert (not (= (str.at haystack_2 7) (str.at needle_1 7))))
(assert (< 7 (str.len needle_1)))
(assert (= (str.at haystack_2 6) (str.at needle_1 6)))
(assert (< 6 (str.len needle_1)))
(assert (= (str.at haystack_2 5) (str.at needle_1 5)))
(assert (< 5 (str.len needle_1)))
(assert (= (str.at haystack_2 4) (str.at needle_1 4)))
(assert (< 4 (str.len needle_1)))
(assert (= (str.at haystack_2 3) (str.at needle_1 3)))
(assert (< 3 (str.len needle_1)))
(assert (= (str.at haystack_2 2) (str.at needle_1 2)))
(assert (< 2 (str.len needle_1)))
(assert (= (str.at haystack_2 1) (str.at needle_1 1)))
(assert (< 1 (str.len needle_1)))
(assert (= (str.at haystack_2 0) (str.at needle_1 0)))
(assert (< 0 (str.len needle_1)))
(assert (< (str.len needle_1) ( +  (str.len haystack_2) 1)))



======================
(define-fun needle_1 () String
  "BCDEFGHIJLN")
(define-fun haystack_2 () String
  "BCDEFGHAKMO")
Returned solutions: 
(define-fun needle_1 () String  "BCDEFGHIJLN")
(define-fun haystack_2 () String  "BCDEFGHAKMO")
*************************************
Satisfiable: true
needle_1 => "BCDEFGHIJLN"
haystack_2 => "BCDEFGHAKMO"
*************************************

numeric PC: constraint # = 20
(Length_0_ + CONST_1) >= (Length_1_ + CONST_1) &&
CONST_9 >= Length_0_ &&
CONST_8 < Length_0_ &&
CharAt(CONST_7)_16_ != CharAt(CONST_7)_17_ &&
CONST_7 < Length_0_ &&
CharAt(CONST_6)_14_ == CharAt(CONST_6)_15_ &&
CONST_6 < Length_0_ &&
CharAt(CONST_5)_12_ == CharAt(CONST_5)_13_ &&
CONST_5 < Length_0_ &&
CharAt(CONST_4)_10_ == CharAt(CONST_4)_11_ &&
CONST_4 < Length_0_ &&
CharAt(CONST_3)_8_ == CharAt(CONST_3)_9_ &&
CONST_3 < Length_0_ &&
CharAt(CONST_2)_6_ == CharAt(CONST_2)_7_ &&
CONST_2 < Length_0_ &&
CharAt(CONST_1)_4_ == CharAt(CONST_1)_5_ &&
CONST_1 < Length_0_ &&
CharAt(CONST_0)_2_ == CharAt(CONST_0)_3_ &&
CONST_0 < Length_0_ &&
Length_0_ < (Length_1_ + CONST_1) -> true

### PCs: total:137 sat:115 unsat:22

string analysis: SPC # = 0
NPC constraint # = 20
(Length_0_ + CONST_1) >= (Length_1_ + CONST_1) &&
CONST_9 >= Length_0_ &&
CONST_8 < Length_0_ &&
CharAt(CONST_7)_16_ != CharAt(CONST_7)_17_ &&
CONST_7 < Length_0_ &&
CharAt(CONST_6)_14_ == CharAt(CONST_6)_15_ &&
CONST_6 < Length_0_ &&
CharAt(CONST_5)_12_ == CharAt(CONST_5)_13_ &&
CONST_5 < Length_0_ &&
CharAt(CONST_4)_10_ == CharAt(CONST_4)_11_ &&
CONST_4 < Length_0_ &&
CharAt(CONST_3)_8_ == CharAt(CONST_3)_9_ &&
CONST_3 < Length_0_ &&
CharAt(CONST_2)_6_ == CharAt(CONST_2)_7_ &&
CONST_2 < Length_0_ &&
CharAt(CONST_1)_4_ == CharAt(CONST_1)_5_ &&
CONST_1 < Length_0_ &&
CharAt(CONST_0)_2_ == CharAt(CONST_0)_3_ &&
CONST_0 < Length_0_ &&
Length_0_ < (Length_1_ + CONST_1)
$$$$$$$$$$$$$$$$$$$$$$$$$$$$$$$$
Calling Z3str3

current query... 
(declare-const needle_1 String)
(declare-const haystack_2 String)


(assert (>= ( +  (str.len needle_1) 1) ( +  (str.len haystack_2) 1)))
(assert (>= 9 (str.len needle_1)))
(assert (< 8 (str.len needle_1)))
(assert (not (= (str.at haystack_2 7) (str.at needle_1 7))))
(assert (< 7 (str.len needle_1)))
(assert (= (str.at haystack_2 6) (str.at needle_1 6)))
(assert (< 6 (str.len needle_1)))
(assert (= (str.at haystack_2 5) (str.at needle_1 5)))
(assert (< 5 (str.len needle_1)))
(assert (= (str.at haystack_2 4) (str.at needle_1 4)))
(assert (< 4 (str.len needle_1)))
(assert (= (str.at haystack_2 3) (str.at needle_1 3)))
(assert (< 3 (str.len needle_1)))
(assert (= (str.at haystack_2 2) (str.at needle_1 2)))
(assert (< 2 (str.len needle_1)))
(assert (= (str.at haystack_2 1) (str.at needle_1 1)))
(assert (< 1 (str.len needle_1)))
(assert (= (str.at haystack_2 0) (str.at needle_1 0)))
(assert (< 0 (str.len needle_1)))
(assert (< (str.len needle_1) ( +  (str.len haystack_2) 1)))



======================
Runtime(ms) :5020