Running Symbolic PathFinder ...
symbolic.dp=choco
symbolic.string_dp_timeout_ms=0
symbolic.string_dp_alpha=A-Z
symbolic.string_dp_alphaSize=26
symbolic.string_dp_upper=10
symbolic.string_dp_lower=1
symbolic.string_dp=z3str3
symbolic.choco_time_bound=30000
symbolic.max_pc_length=2147483647
symbolic.max_pc_msec=0
symbolic.bvlength=32
symbolic.min_int=-2147483648
symbolic.min_long=-9223372036854775808
symbolic.min_short=-32768
symbolic.min_byte=-128
symbolic.min_char=0
symbolic.max_int=2147483647
symbolic.max_long=9223372036854775807
symbolic.max_short=32767
symbolic.max_byte=127
symbolic.max_char=65535
symbolic.min_double=4.9E-324
symbolic.max_double=1.7976931348623157E308
JavaPathfinder core system v8.0 (rev b754a0305ac7423e9b25fba66388b99d5c823c4e) - (C) 2005-2014 United States Government. All rights reserved.


====================================================== system under test
strings.StringSearch.main()

====================================================== search started: 9/17/25 12:43 PM
0
New sym int c_1_SYMSTRING.length min=-2147483648, max=2147483647
New sym int s_2_SYMSTRING.length min=-2147483648, max=2147483647
New sym int Length_0_ min=0, max=30
numeric PC: constraint # = 1
CONST_0 >= Length_0_ -> true

### PCs: total:1 sat:1 unsat:0

string analysis: SPC # = 0
NPC constraint # = 1
CONST_0 >= Length_0_
$$$$$$$$$$$$$$$$$$$$$$$$$$$$$$$$
Calling Z3str3

current query... 
(declare-const s_2 String)


(assert (>= 0 (str.len s_2)))



======================
(define-fun s_2 () String
  "")
Returned solutions: 
(define-fun s_2 () String  "")
*************************************
Satisfiable: true
s_2 => ""
*************************************

numeric PC: constraint # = 1
CONST_0 < Length_0_ -> true

### PCs: total:2 sat:2 unsat:0

string analysis: SPC # = 0
NPC constraint # = 1
CONST_0 < Length_0_
$$$$$$$$$$$$$$$$$$$$$$$$$$$$$$$$
Calling Z3str3

current query... 
(declare-const s_2 String)


(assert (< 0 (str.len s_2)))



======================
(define-fun s_2 () String
  "A")
Returned solutions: 
(define-fun s_2 () String  "A")
*************************************
Satisfiable: true
s_2 => "A"
*************************************

numeric PC: constraint # = 1
CONST_0 < Length_0_ -> true

### PCs: total:3 sat:3 unsat:0

string analysis: SPC # = 1
(.substring[(s_2_SYMSTRING)(CONST_1)(CONST_0)] notequals c_1_SYMSTRING)
NPC constraint # = 1
CONST_0 < Length_0_
$$$$$$$$$$$$$$$$$$$$$$$$$$$$$$$$
Calling Z3str3

current query... 
(declare-const c_1 String)
(declare-const s_2 String)

(assert (not (= (str.substr s_2 0 (- 1 0)) c_1)))
(assert (< 0 (str.len s_2)))



======================
(define-fun s_2 () String
  "A")
(define-fun c_1 () String
  "B")
Returned solutions: 
(define-fun s_2 () String  "A")
(define-fun c_1 () String  "B")
*************************************
Satisfiable: true
c_1 => "B"
s_2 => "A"
*************************************

numeric PC: constraint # = 2
CONST_1 >= Length_0_ &&
CONST_0 < Length_0_ -> true

### PCs: total:4 sat:4 unsat:0

string analysis: SPC # = 1
(.substring[(s_2_SYMSTRING)(CONST_1)(CONST_0)] notequals c_1_SYMSTRING)
NPC constraint # = 2
CONST_1 >= Length_0_ &&
CONST_0 < Length_0_
$$$$$$$$$$$$$$$$$$$$$$$$$$$$$$$$
Calling Z3str3

current query... 
(declare-const c_1 String)
(declare-const s_2 String)

(assert (not (= (str.substr s_2 0 (- 1 0)) c_1)))
(assert (>= 1 (str.len s_2)))
(assert (< 0 (str.len s_2)))



======================
(define-fun s_2 () String
  "A")
(define-fun c_1 () String
  "B")
Returned solutions: 
(define-fun s_2 () String  "A")
(define-fun c_1 () String  "B")
*************************************
Satisfiable: true
c_1 => "B"
s_2 => "A"
*************************************

numeric PC: constraint # = 2
CONST_1 < Length_0_ &&
CONST_0 < Length_0_ -> true

### PCs: total:5 sat:5 unsat:0

string analysis: SPC # = 1
(.substring[(s_2_SYMSTRING)(CONST_1)(CONST_0)] notequals c_1_SYMSTRING)
NPC constraint # = 2
CONST_1 < Length_0_ &&
CONST_0 < Length_0_
$$$$$$$$$$$$$$$$$$$$$$$$$$$$$$$$
Calling Z3str3

current query... 
(declare-const c_1 String)
(declare-const s_2 String)

(assert (not (= (str.substr s_2 0 (- 1 0)) c_1)))
(assert (< 1 (str.len s_2)))
(assert (< 0 (str.len s_2)))



======================
(define-fun s_2 () String
  "AB")
(define-fun c_1 () String
  "CD")
Returned solutions: 
(define-fun s_2 () String  "AB")
(define-fun c_1 () String  "CD")
*************************************
Satisfiable: true
c_1 => "CD"
s_2 => "AB"
*************************************

numeric PC: constraint # = 2
CONST_1 < Length_0_ &&
CONST_0 < Length_0_ -> true

### PCs: total:6 sat:6 unsat:0

string analysis: SPC # = 2
(.substring[(s_2_SYMSTRING)(CONST_2)(CONST_1)] notequals c_1_SYMSTRING) && (.substring[(s_2_SYMSTRING)(CONST_1)(CONST_0)] notequals c_1_SYMSTRING)
NPC constraint # = 2
CONST_1 < Length_0_ &&
CONST_0 < Length_0_
$$$$$$$$$$$$$$$$$$$$$$$$$$$$$$$$
Calling Z3str3

current query... 
(declare-const c_1 String)
(declare-const s_2 String)

(assert (not (= (str.substr s_2 1 (- 2 1)) c_1)))
(assert (not (= (str.substr s_2 0 (- 1 0)) c_1)))
(assert (< 1 (str.len s_2)))
(assert (< 0 (str.len s_2)))



======================
(define-fun s_2 () String
  "AB")
(define-fun c_1 () String
  "")
Returned solutions: 
(define-fun s_2 () String  "AB")
(define-fun c_1 () String  "")
*************************************
Satisfiable: true
c_1 => ""
s_2 => "AB"
*************************************

numeric PC: constraint # = 3
CONST_2 >= Length_0_ &&
CONST_1 < Length_0_ &&
CONST_0 < Length_0_ -> true

### PCs: total:7 sat:7 unsat:0

string analysis: SPC # = 2
(.substring[(s_2_SYMSTRING)(CONST_2)(CONST_1)] notequals c_1_SYMSTRING) && (.substring[(s_2_SYMSTRING)(CONST_1)(CONST_0)] notequals c_1_SYMSTRING)
NPC constraint # = 3
CONST_2 >= Length_0_ &&
CONST_1 < Length_0_ &&
CONST_0 < Length_0_
$$$$$$$$$$$$$$$$$$$$$$$$$$$$$$$$
Calling Z3str3

current query... 
(declare-const c_1 String)
(declare-const s_2 String)

(assert (not (= (str.substr s_2 1 (- 2 1)) c_1)))
(assert (not (= (str.substr s_2 0 (- 1 0)) c_1)))
(assert (>= 2 (str.len s_2)))
(assert (< 1 (str.len s_2)))
(assert (< 0 (str.len s_2)))



======================
(define-fun s_2 () String
  "AB")
(define-fun c_1 () String
  "")
Returned solutions: 
(define-fun s_2 () String  "AB")
(define-fun c_1 () String  "")
*************************************
Satisfiable: true
c_1 => ""
s_2 => "AB"
*************************************

numeric PC: constraint # = 3
CONST_2 < Length_0_ &&
CONST_1 < Length_0_ &&
CONST_0 < Length_0_ -> true

### PCs: total:8 sat:8 unsat:0

string analysis: SPC # = 2
(.substring[(s_2_SYMSTRING)(CONST_2)(CONST_1)] notequals c_1_SYMSTRING) && (.substring[(s_2_SYMSTRING)(CONST_1)(CONST_0)] notequals c_1_SYMSTRING)
NPC constraint # = 3
CONST_2 < Length_0_ &&
CONST_1 < Length_0_ &&
CONST_0 < Length_0_
$$$$$$$$$$$$$$$$$$$$$$$$$$$$$$$$
Calling Z3str3

current query... 
(declare-const c_1 String)
(declare-const s_2 String)

(assert (not (= (str.substr s_2 1 (- 2 1)) c_1)))
(assert (not (= (str.substr s_2 0 (- 1 0)) c_1)))
(assert (< 2 (str.len s_2)))
(assert (< 1 (str.len s_2)))
(assert (< 0 (str.len s_2)))



======================
(define-fun s_2 () String
  "ABC")
(define-fun c_1 () String
  "")
Returned solutions: 
(define-fun s_2 () String  "ABC")
(define-fun c_1 () String  "")
*************************************
Satisfiable: true
c_1 => ""
s_2 => "ABC"
*************************************

numeric PC: constraint # = 3
CONST_2 < Length_0_ &&
CONST_1 < Length_0_ &&
CONST_0 < Length_0_ -> true

### PCs: total:9 sat:9 unsat:0

string analysis: SPC # = 3
(.substring[(s_2_SYMSTRING)(CONST_3)(CONST_2)] notequals c_1_SYMSTRING) && (.substring[(s_2_SYMSTRING)(CONST_2)(CONST_1)] notequals c_1_SYMSTRING) && (.substring[(s_2_SYMSTRING)(CONST_1)(CONST_0)] notequals c_1_SYMSTRING)
NPC constraint # = 3
CONST_2 < Length_0_ &&
CONST_1 < Length_0_ &&
CONST_0 < Length_0_
$$$$$$$$$$$$$$$$$$$$$$$$$$$$$$$$
Calling Z3str3

current query... 
(declare-const c_1 String)
(declare-const s_2 String)

(assert (not (= (str.substr s_2 2 (- 3 2)) c_1)))
(assert (not (= (str.substr s_2 1 (- 2 1)) c_1)))
(assert (not (= (str.substr s_2 0 (- 1 0)) c_1)))
(assert (< 2 (str.len s_2)))
(assert (< 1 (str.len s_2)))
(assert (< 0 (str.len s_2)))



======================
(define-fun s_2 () String
  "ABC")
(define-fun c_1 () String
  "")
Returned solutions: 
(define-fun s_2 () String  "ABC")
(define-fun c_1 () String  "")
*************************************
Satisfiable: true
c_1 => ""
s_2 => "ABC"
*************************************

numeric PC: constraint # = 4
CONST_3 >= Length_0_ &&
CONST_2 < Length_0_ &&
CONST_1 < Length_0_ &&
CONST_0 < Length_0_ -> true

### PCs: total:10 sat:10 unsat:0

string analysis: SPC # = 3
(.substring[(s_2_SYMSTRING)(CONST_3)(CONST_2)] notequals c_1_SYMSTRING) && (.substring[(s_2_SYMSTRING)(CONST_2)(CONST_1)] notequals c_1_SYMSTRING) && (.substring[(s_2_SYMSTRING)(CONST_1)(CONST_0)] notequals c_1_SYMSTRING)
NPC constraint # = 4
CONST_3 >= Length_0_ &&
CONST_2 < Length_0_ &&
CONST_1 < Length_0_ &&
CONST_0 < Length_0_
$$$$$$$$$$$$$$$$$$$$$$$$$$$$$$$$
Calling Z3str3

current query... 
(declare-const c_1 String)
(declare-const s_2 String)

(assert (not (= (str.substr s_2 2 (- 3 2)) c_1)))
(assert (not (= (str.substr s_2 1 (- 2 1)) c_1)))
(assert (not (= (str.substr s_2 0 (- 1 0)) c_1)))
(assert (>= 3 (str.len s_2)))
(assert (< 2 (str.len s_2)))
(assert (< 1 (str.len s_2)))
(assert (< 0 (str.len s_2)))



======================
(define-fun s_2 () String
  "ABC")
(define-fun c_1 () String
  "")
Returned solutions: 
(define-fun s_2 () String  "ABC")
(define-fun c_1 () String  "")
*************************************
Satisfiable: true
c_1 => ""
s_2 => "ABC"
*************************************

numeric PC: constraint # = 4
CONST_3 < Length_0_ &&
CONST_2 < Length_0_ &&
CONST_1 < Length_0_ &&
CONST_0 < Length_0_ -> true

### PCs: total:11 sat:11 unsat:0

string analysis: SPC # = 3
(.substring[(s_2_SYMSTRING)(CONST_3)(CONST_2)] notequals c_1_SYMSTRING) && (.substring[(s_2_SYMSTRING)(CONST_2)(CONST_1)] notequals c_1_SYMSTRING) && (.substring[(s_2_SYMSTRING)(CONST_1)(CONST_0)] notequals c_1_SYMSTRING)
NPC constraint # = 4
CONST_3 < Length_0_ &&
CONST_2 < Length_0_ &&
CONST_1 < Length_0_ &&
CONST_0 < Length_0_
$$$$$$$$$$$$$$$$$$$$$$$$$$$$$$$$
Calling Z3str3

current query... 
(declare-const c_1 String)
(declare-const s_2 String)

(assert (not (= (str.substr s_2 2 (- 3 2)) c_1)))
(assert (not (= (str.substr s_2 1 (- 2 1)) c_1)))
(assert (not (= (str.substr s_2 0 (- 1 0)) c_1)))
(assert (< 3 (str.len s_2)))
(assert (< 2 (str.len s_2)))
(assert (< 1 (str.len s_2)))
(assert (< 0 (str.len s_2)))



======================
(define-fun s_2 () String
  "ABCD")
(define-fun c_1 () String
  "")
Returned solutions: 
(define-fun s_2 () String  "ABCD")
(define-fun c_1 () String  "")
*************************************
Satisfiable: true
c_1 => ""
s_2 => "ABCD"
*************************************

numeric PC: constraint # = 4
CONST_3 < Length_0_ &&
CONST_2 < Length_0_ &&
CONST_1 < Length_0_ &&
CONST_0 < Length_0_ -> true

### PCs: total:12 sat:12 unsat:0

string analysis: SPC # = 4
(.substring[(s_2_SYMSTRING)(CONST_4)(CONST_3)] notequals c_1_SYMSTRING) && (.substring[(s_2_SYMSTRING)(CONST_3)(CONST_2)] notequals c_1_SYMSTRING) && (.substring[(s_2_SYMSTRING)(CONST_2)(CONST_1)] notequals c_1_SYMSTRING) && (.substring[(s_2_SYMSTRING)(CONST_1)(CONST_0)] notequals c_1_SYMSTRING)
NPC constraint # = 4
CONST_3 < Length_0_ &&
CONST_2 < Length_0_ &&
CONST_1 < Length_0_ &&
CONST_0 < Length_0_
$$$$$$$$$$$$$$$$$$$$$$$$$$$$$$$$
Calling Z3str3

current query... 
(declare-const c_1 String)
(declare-const s_2 String)

(assert (not (= (str.substr s_2 3 (- 4 3)) c_1)))
(assert (not (= (str.substr s_2 2 (- 3 2)) c_1)))
(assert (not (= (str.substr s_2 1 (- 2 1)) c_1)))
(assert (not (= (str.substr s_2 0 (- 1 0)) c_1)))
(assert (< 3 (str.len s_2)))
(assert (< 2 (str.len s_2)))
(assert (< 1 (str.len s_2)))
(assert (< 0 (str.len s_2)))



======================
(define-fun s_2 () String
  "ABCD")
(define-fun c_1 () String
  "")
Returned solutions: 
(define-fun s_2 () String  "ABCD")
(define-fun c_1 () String  "")
*************************************
Satisfiable: true
c_1 => ""
s_2 => "ABCD"
*************************************

numeric PC: constraint # = 5
CONST_4 >= Length_0_ &&
CONST_3 < Length_0_ &&
CONST_2 < Length_0_ &&
CONST_1 < Length_0_ &&
CONST_0 < Length_0_ -> true

### PCs: total:13 sat:13 unsat:0

string analysis: SPC # = 4
(.substring[(s_2_SYMSTRING)(CONST_4)(CONST_3)] notequals c_1_SYMSTRING) && (.substring[(s_2_SYMSTRING)(CONST_3)(CONST_2)] notequals c_1_SYMSTRING) && (.substring[(s_2_SYMSTRING)(CONST_2)(CONST_1)] notequals c_1_SYMSTRING) && (.substring[(s_2_SYMSTRING)(CONST_1)(CONST_0)] notequals c_1_SYMSTRING)
NPC constraint # = 5
CONST_4 >= Length_0_ &&
CONST_3 < Length_0_ &&
CONST_2 < Length_0_ &&
CONST_1 < Length_0_ &&
CONST_0 < Length_0_
$$$$$$$$$$$$$$$$$$$$$$$$$$$$$$$$
Calling Z3str3

current query... 
(declare-const c_1 String)
(declare-const s_2 String)

(assert (not (= (str.substr s_2 3 (- 4 3)) c_1)))
(assert (not (= (str.substr s_2 2 (- 3 2)) c_1)))
(assert (not (= (str.substr s_2 1 (- 2 1)) c_1)))
(assert (not (= (str.substr s_2 0 (- 1 0)) c_1)))
(assert (>= 4 (str.len s_2)))
(assert (< 3 (str.len s_2)))
(assert (< 2 (str.len s_2)))
(assert (< 1 (str.len s_2)))
(assert (< 0 (str.len s_2)))



======================
(define-fun s_2 () String
  "ABCD")
(define-fun c_1 () String
  "")
Returned solutions: 
(define-fun s_2 () String  "ABCD")
(define-fun c_1 () String  "")
*************************************
Satisfiable: true
c_1 => ""
s_2 => "ABCD"
*************************************

numeric PC: constraint # = 5
CONST_4 < Length_0_ &&
CONST_3 < Length_0_ &&
CONST_2 < Length_0_ &&
CONST_1 < Length_0_ &&
CONST_0 < Length_0_ -> true

### PCs: total:14 sat:14 unsat:0

string analysis: SPC # = 4
(.substring[(s_2_SYMSTRING)(CONST_4)(CONST_3)] notequals c_1_SYMSTRING) && (.substring[(s_2_SYMSTRING)(CONST_3)(CONST_2)] notequals c_1_SYMSTRING) && (.substring[(s_2_SYMSTRING)(CONST_2)(CONST_1)] notequals c_1_SYMSTRING) && (.substring[(s_2_SYMSTRING)(CONST_1)(CONST_0)] notequals c_1_SYMSTRING)
NPC constraint # = 5
CONST_4 < Length_0_ &&
CONST_3 < Length_0_ &&
CONST_2 < Length_0_ &&
CONST_1 < Length_0_ &&
CONST_0 < Length_0_
$$$$$$$$$$$$$$$$$$$$$$$$$$$$$$$$
Calling Z3str3

current query... 
(declare-const c_1 String)
(declare-const s_2 String)

(assert (not (= (str.substr s_2 3 (- 4 3)) c_1)))
(assert (not (= (str.substr s_2 2 (- 3 2)) c_1)))
(assert (not (= (str.substr s_2 1 (- 2 1)) c_1)))
(assert (not (= (str.substr s_2 0 (- 1 0)) c_1)))
(assert (< 4 (str.len s_2)))
(assert (< 3 (str.len s_2)))
(assert (< 2 (str.len s_2)))
(assert (< 1 (str.len s_2)))
(assert (< 0 (str.len s_2)))



======================
(define-fun s_2 () String
  "BACDE")
(define-fun c_1 () String
  "")
Returned solutions: 
(define-fun s_2 () String  "BACDE")
(define-fun c_1 () String  "")
*************************************
Satisfiable: true
c_1 => ""
s_2 => "BACDE"
*************************************

numeric PC: constraint # = 5
CONST_4 < Length_0_ &&
CONST_3 < Length_0_ &&
CONST_2 < Length_0_ &&
CONST_1 < Length_0_ &&
CONST_0 < Length_0_ -> true

### PCs: total:15 sat:15 unsat:0

string analysis: SPC # = 5
(.substring[(s_2_SYMSTRING)(CONST_5)(CONST_4)] notequals c_1_SYMSTRING) && (.substring[(s_2_SYMSTRING)(CONST_4)(CONST_3)] notequals c_1_SYMSTRING) && (.substring[(s_2_SYMSTRING)(CONST_3)(CONST_2)] notequals c_1_SYMSTRING) && (.substring[(s_2_SYMSTRING)(CONST_2)(CONST_1)] notequals c_1_SYMSTRING) && (.substring[(s_2_SYMSTRING)(CONST_1)(CONST_0)] notequals c_1_SYMSTRING)
NPC constraint # = 5
CONST_4 < Length_0_ &&
CONST_3 < Length_0_ &&
CONST_2 < Length_0_ &&
CONST_1 < Length_0_ &&
CONST_0 < Length_0_
$$$$$$$$$$$$$$$$$$$$$$$$$$$$$$$$
Calling Z3str3

current query... 
(declare-const c_1 String)
(declare-const s_2 String)

(assert (not (= (str.substr s_2 4 (- 5 4)) c_1)))
(assert (not (= (str.substr s_2 3 (- 4 3)) c_1)))
(assert (not (= (str.substr s_2 2 (- 3 2)) c_1)))
(assert (not (= (str.substr s_2 1 (- 2 1)) c_1)))
(assert (not (= (str.substr s_2 0 (- 1 0)) c_1)))
(assert (< 4 (str.len s_2)))
(assert (< 3 (str.len s_2)))
(assert (< 2 (str.len s_2)))
(assert (< 1 (str.len s_2)))
(assert (< 0 (str.len s_2)))



======================
(define-fun s_2 () String
  "ABCDE")
(define-fun c_1 () String
  "FG")
Returned solutions: 
(define-fun s_2 () String  "ABCDE")
(define-fun c_1 () String  "FG")
*************************************
Satisfiable: true
c_1 => "FG"
s_2 => "ABCDE"
*************************************

numeric PC: constraint # = 6
CONST_5 >= Length_0_ &&
CONST_4 < Length_0_ &&
CONST_3 < Length_0_ &&
CONST_2 < Length_0_ &&
CONST_1 < Length_0_ &&
CONST_0 < Length_0_ -> true

### PCs: total:16 sat:16 unsat:0

string analysis: SPC # = 5
(.substring[(s_2_SYMSTRING)(CONST_5)(CONST_4)] notequals c_1_SYMSTRING) && (.substring[(s_2_SYMSTRING)(CONST_4)(CONST_3)] notequals c_1_SYMSTRING) && (.substring[(s_2_SYMSTRING)(CONST_3)(CONST_2)] notequals c_1_SYMSTRING) && (.substring[(s_2_SYMSTRING)(CONST_2)(CONST_1)] notequals c_1_SYMSTRING) && (.substring[(s_2_SYMSTRING)(CONST_1)(CONST_0)] notequals c_1_SYMSTRING)
NPC constraint # = 6
CONST_5 >= Length_0_ &&
CONST_4 < Length_0_ &&
CONST_3 < Length_0_ &&
CONST_2 < Length_0_ &&
CONST_1 < Length_0_ &&
CONST_0 < Length_0_
$$$$$$$$$$$$$$$$$$$$$$$$$$$$$$$$
Calling Z3str3

current query... 
(declare-const c_1 String)
(declare-const s_2 String)

(assert (not (= (str.substr s_2 4 (- 5 4)) c_1)))
(assert (not (= (str.substr s_2 3 (- 4 3)) c_1)))
(assert (not (= (str.substr s_2 2 (- 3 2)) c_1)))
(assert (not (= (str.substr s_2 1 (- 2 1)) c_1)))
(assert (not (= (str.substr s_2 0 (- 1 0)) c_1)))
(assert (>= 5 (str.len s_2)))
(assert (< 4 (str.len s_2)))
(assert (< 3 (str.len s_2)))
(assert (< 2 (str.len s_2)))
(assert (< 1 (str.len s_2)))
(assert (< 0 (str.len s_2)))



======================
(define-fun s_2 () String
  "ABCDE")
(define-fun c_1 () String
  "FG")
Returned solutions: 
(define-fun s_2 () String  "ABCDE")
(define-fun c_1 () String  "FG")
*************************************
Satisfiable: true
c_1 => "FG"
s_2 => "ABCDE"
*************************************

numeric PC: constraint # = 6
CONST_5 < Length_0_ &&
CONST_4 < Length_0_ &&
CONST_3 < Length_0_ &&
CONST_2 < Length_0_ &&
CONST_1 < Length_0_ &&
CONST_0 < Length_0_ -> true

### PCs: total:17 sat:17 unsat:0

string analysis: SPC # = 5
(.substring[(s_2_SYMSTRING)(CONST_5)(CONST_4)] notequals c_1_SYMSTRING) && (.substring[(s_2_SYMSTRING)(CONST_4)(CONST_3)] notequals c_1_SYMSTRING) && (.substring[(s_2_SYMSTRING)(CONST_3)(CONST_2)] notequals c_1_SYMSTRING) && (.substring[(s_2_SYMSTRING)(CONST_2)(CONST_1)] notequals c_1_SYMSTRING) && (.substring[(s_2_SYMSTRING)(CONST_1)(CONST_0)] notequals c_1_SYMSTRING)
NPC constraint # = 6
CONST_5 < Length_0_ &&
CONST_4 < Length_0_ &&
CONST_3 < Length_0_ &&
CONST_2 < Length_0_ &&
CONST_1 < Length_0_ &&
CONST_0 < Length_0_
$$$$$$$$$$$$$$$$$$$$$$$$$$$$$$$$
Calling Z3str3

current query... 
(declare-const c_1 String)
(declare-const s_2 String)

(assert (not (= (str.substr s_2 4 (- 5 4)) c_1)))
(assert (not (= (str.substr s_2 3 (- 4 3)) c_1)))
(assert (not (= (str.substr s_2 2 (- 3 2)) c_1)))
(assert (not (= (str.substr s_2 1 (- 2 1)) c_1)))
(assert (not (= (str.substr s_2 0 (- 1 0)) c_1)))
(assert (< 5 (str.len s_2)))
(assert (< 4 (str.len s_2)))
(assert (< 3 (str.len s_2)))
(assert (< 2 (str.len s_2)))
(assert (< 1 (str.len s_2)))
(assert (< 0 (str.len s_2)))



======================
(define-fun s_2 () String
  "ABCDEF")
(define-fun c_1 () String
  "GH")
Returned solutions: 
(define-fun s_2 () String  "ABCDEF")
(define-fun c_1 () String  "GH")
*************************************
Satisfiable: true
c_1 => "GH"
s_2 => "ABCDEF"
*************************************

numeric PC: constraint # = 6
CONST_5 < Length_0_ &&
CONST_4 < Length_0_ &&
CONST_3 < Length_0_ &&
CONST_2 < Length_0_ &&
CONST_1 < Length_0_ &&
CONST_0 < Length_0_ -> true

### PCs: total:18 sat:18 unsat:0

string analysis: SPC # = 6
(.substring[(s_2_SYMSTRING)(CONST_6)(CONST_5)] notequals c_1_SYMSTRING) && (.substring[(s_2_SYMSTRING)(CONST_5)(CONST_4)] notequals c_1_SYMSTRING) && (.substring[(s_2_SYMSTRING)(CONST_4)(CONST_3)] notequals c_1_SYMSTRING) && (.substring[(s_2_SYMSTRING)(CONST_3)(CONST_2)] notequals c_1_SYMSTRING) && (.substring[(s_2_SYMSTRING)(CONST_2)(CONST_1)] notequals c_1_SYMSTRING) && (.substring[(s_2_SYMSTRING)(CONST_1)(CONST_0)] notequals c_1_SYMSTRING)
NPC constraint # = 6
CONST_5 < Length_0_ &&
CONST_4 < Length_0_ &&
CONST_3 < Length_0_ &&
CONST_2 < Length_0_ &&
CONST_1 < Length_0_ &&
CONST_0 < Length_0_
$$$$$$$$$$$$$$$$$$$$$$$$$$$$$$$$
Calling Z3str3

current query... 
(declare-const c_1 String)
(declare-const s_2 String)

(assert (not (= (str.substr s_2 5 (- 6 5)) c_1)))
(assert (not (= (str.substr s_2 4 (- 5 4)) c_1)))
(assert (not (= (str.substr s_2 3 (- 4 3)) c_1)))
(assert (not (= (str.substr s_2 2 (- 3 2)) c_1)))
(assert (not (= (str.substr s_2 1 (- 2 1)) c_1)))
(assert (not (= (str.substr s_2 0 (- 1 0)) c_1)))
(assert (< 5 (str.len s_2)))
(assert (< 4 (str.len s_2)))
(assert (< 3 (str.len s_2)))
(assert (< 2 (str.len s_2)))
(assert (< 1 (str.len s_2)))
(assert (< 0 (str.len s_2)))



======================
(define-fun s_2 () String
  "ABCDEF")
(define-fun c_1 () String
  "GH")
Returned solutions: 
(define-fun s_2 () String  "ABCDEF")
(define-fun c_1 () String  "GH")
*************************************
Satisfiable: true
c_1 => "GH"
s_2 => "ABCDEF"
*************************************

numeric PC: constraint # = 7
CONST_6 >= Length_0_ &&
CONST_5 < Length_0_ &&
CONST_4 < Length_0_ &&
CONST_3 < Length_0_ &&
CONST_2 < Length_0_ &&
CONST_1 < Length_0_ &&
CONST_0 < Length_0_ -> true

### PCs: total:19 sat:19 unsat:0

string analysis: SPC # = 6
(.substring[(s_2_SYMSTRING)(CONST_6)(CONST_5)] notequals c_1_SYMSTRING) && (.substring[(s_2_SYMSTRING)(CONST_5)(CONST_4)] notequals c_1_SYMSTRING) && (.substring[(s_2_SYMSTRING)(CONST_4)(CONST_3)] notequals c_1_SYMSTRING) && (.substring[(s_2_SYMSTRING)(CONST_3)(CONST_2)] notequals c_1_SYMSTRING) && (.substring[(s_2_SYMSTRING)(CONST_2)(CONST_1)] notequals c_1_SYMSTRING) && (.substring[(s_2_SYMSTRING)(CONST_1)(CONST_0)] notequals c_1_SYMSTRING)
NPC constraint # = 7
CONST_6 >= Length_0_ &&
CONST_5 < Length_0_ &&
CONST_4 < Length_0_ &&
CONST_3 < Length_0_ &&
CONST_2 < Length_0_ &&
CONST_1 < Length_0_ &&
CONST_0 < Length_0_
$$$$$$$$$$$$$$$$$$$$$$$$$$$$$$$$
Calling Z3str3

current query... 
(declare-const c_1 String)
(declare-const s_2 String)

(assert (not (= (str.substr s_2 5 (- 6 5)) c_1)))
(assert (not (= (str.substr s_2 4 (- 5 4)) c_1)))
(assert (not (= (str.substr s_2 3 (- 4 3)) c_1)))
(assert (not (= (str.substr s_2 2 (- 3 2)) c_1)))
(assert (not (= (str.substr s_2 1 (- 2 1)) c_1)))
(assert (not (= (str.substr s_2 0 (- 1 0)) c_1)))
(assert (>= 6 (str.len s_2)))
(assert (< 5 (str.len s_2)))
(assert (< 4 (str.len s_2)))
(assert (< 3 (str.len s_2)))
(assert (< 2 (str.len s_2)))
(assert (< 1 (str.len s_2)))
(assert (< 0 (str.len s_2)))



======================
(define-fun s_2 () String
  "ABCDEF")
(define-fun c_1 () String
  "")
Returned solutions: 
(define-fun s_2 () String  "ABCDEF")
(define-fun c_1 () String  "")
*************************************
Satisfiable: true
c_1 => ""
s_2 => "ABCDEF"
*************************************

numeric PC: constraint # = 7
CONST_6 < Length_0_ &&
CONST_5 < Length_0_ &&
CONST_4 < Length_0_ &&
CONST_3 < Length_0_ &&
CONST_2 < Length_0_ &&
CONST_1 < Length_0_ &&
CONST_0 < Length_0_ -> true

### PCs: total:20 sat:20 unsat:0

string analysis: SPC # = 6
(.substring[(s_2_SYMSTRING)(CONST_6)(CONST_5)] notequals c_1_SYMSTRING) && (.substring[(s_2_SYMSTRING)(CONST_5)(CONST_4)] notequals c_1_SYMSTRING) && (.substring[(s_2_SYMSTRING)(CONST_4)(CONST_3)] notequals c_1_SYMSTRING) && (.substring[(s_2_SYMSTRING)(CONST_3)(CONST_2)] notequals c_1_SYMSTRING) && (.substring[(s_2_SYMSTRING)(CONST_2)(CONST_1)] notequals c_1_SYMSTRING) && (.substring[(s_2_SYMSTRING)(CONST_1)(CONST_0)] notequals c_1_SYMSTRING)
NPC constraint # = 7
CONST_6 < Length_0_ &&
CONST_5 < Length_0_ &&
CONST_4 < Length_0_ &&
CONST_3 < Length_0_ &&
CONST_2 < Length_0_ &&
CONST_1 < Length_0_ &&
CONST_0 < Length_0_
$$$$$$$$$$$$$$$$$$$$$$$$$$$$$$$$
Calling Z3str3

current query... 
(declare-const c_1 String)
(declare-const s_2 String)

(assert (not (= (str.substr s_2 5 (- 6 5)) c_1)))
(assert (not (= (str.substr s_2 4 (- 5 4)) c_1)))
(assert (not (= (str.substr s_2 3 (- 4 3)) c_1)))
(assert (not (= (str.substr s_2 2 (- 3 2)) c_1)))
(assert (not (= (str.substr s_2 1 (- 2 1)) c_1)))
(assert (not (= (str.substr s_2 0 (- 1 0)) c_1)))
(assert (< 6 (str.len s_2)))
(assert (< 5 (str.len s_2)))
(assert (< 4 (str.len s_2)))
(assert (< 3 (str.len s_2)))
(assert (< 2 (str.len s_2)))
(assert (< 1 (str.len s_2)))
(assert (< 0 (str.len s_2)))



======================
(define-fun s_2 () String
  "ABCDEFG")
(define-fun c_1 () String
  "")
Returned solutions: 
(define-fun s_2 () String  "ABCDEFG")
(define-fun c_1 () String  "")
*************************************
Satisfiable: true
c_1 => ""
s_2 => "ABCDEFG"
*************************************

numeric PC: constraint # = 7
CONST_6 < Length_0_ &&
CONST_5 < Length_0_ &&
CONST_4 < Length_0_ &&
CONST_3 < Length_0_ &&
CONST_2 < Length_0_ &&
CONST_1 < Length_0_ &&
CONST_0 < Length_0_ -> true

### PCs: total:21 sat:21 unsat:0

string analysis: SPC # = 7
(.substring[(s_2_SYMSTRING)(CONST_7)(CONST_6)] notequals c_1_SYMSTRING) && (.substring[(s_2_SYMSTRING)(CONST_6)(CONST_5)] notequals c_1_SYMSTRING) && (.substring[(s_2_SYMSTRING)(CONST_5)(CONST_4)] notequals c_1_SYMSTRING) && (.substring[(s_2_SYMSTRING)(CONST_4)(CONST_3)] notequals c_1_SYMSTRING) && (.substring[(s_2_SYMSTRING)(CONST_3)(CONST_2)] notequals c_1_SYMSTRING) && (.substring[(s_2_SYMSTRING)(CONST_2)(CONST_1)] notequals c_1_SYMSTRING) && (.substring[(s_2_SYMSTRING)(CONST_1)(CONST_0)] notequals c_1_SYMSTRING)
NPC constraint # = 7
CONST_6 < Length_0_ &&
CONST_5 < Length_0_ &&
CONST_4 < Length_0_ &&
CONST_3 < Length_0_ &&
CONST_2 < Length_0_ &&
CONST_1 < Length_0_ &&
CONST_0 < Length_0_
$$$$$$$$$$$$$$$$$$$$$$$$$$$$$$$$
Calling Z3str3

current query... 
(declare-const c_1 String)
(declare-const s_2 String)

(assert (not (= (str.substr s_2 6 (- 7 6)) c_1)))
(assert (not (= (str.substr s_2 5 (- 6 5)) c_1)))
(assert (not (= (str.substr s_2 4 (- 5 4)) c_1)))
(assert (not (= (str.substr s_2 3 (- 4 3)) c_1)))
(assert (not (= (str.substr s_2 2 (- 3 2)) c_1)))
(assert (not (= (str.substr s_2 1 (- 2 1)) c_1)))
(assert (not (= (str.substr s_2 0 (- 1 0)) c_1)))
(assert (< 6 (str.len s_2)))
(assert (< 5 (str.len s_2)))
(assert (< 4 (str.len s_2)))
(assert (< 3 (str.len s_2)))
(assert (< 2 (str.len s_2)))
(assert (< 1 (str.len s_2)))
(assert (< 0 (str.len s_2)))



======================
(define-fun s_2 () String
  "ABCDEFG")
(define-fun c_1 () String
  "")
Returned solutions: 
(define-fun s_2 () String  "ABCDEFG")
(define-fun c_1 () String  "")
*************************************
Satisfiable: true
c_1 => ""
s_2 => "ABCDEFG"
*************************************

numeric PC: constraint # = 8
CONST_7 >= Length_0_ &&
CONST_6 < Length_0_ &&
CONST_5 < Length_0_ &&
CONST_4 < Length_0_ &&
CONST_3 < Length_0_ &&
CONST_2 < Length_0_ &&
CONST_1 < Length_0_ &&
CONST_0 < Length_0_ -> true

### PCs: total:22 sat:22 unsat:0

string analysis: SPC # = 7
(.substring[(s_2_SYMSTRING)(CONST_7)(CONST_6)] notequals c_1_SYMSTRING) && (.substring[(s_2_SYMSTRING)(CONST_6)(CONST_5)] notequals c_1_SYMSTRING) && (.substring[(s_2_SYMSTRING)(CONST_5)(CONST_4)] notequals c_1_SYMSTRING) && (.substring[(s_2_SYMSTRING)(CONST_4)(CONST_3)] notequals c_1_SYMSTRING) && (.substring[(s_2_SYMSTRING)(CONST_3)(CONST_2)] notequals c_1_SYMSTRING) && (.substring[(s_2_SYMSTRING)(CONST_2)(CONST_1)] notequals c_1_SYMSTRING) && (.substring[(s_2_SYMSTRING)(CONST_1)(CONST_0)] notequals c_1_SYMSTRING)
NPC constraint # = 8
CONST_7 >= Length_0_ &&
CONST_6 < Length_0_ &&
CONST_5 < Length_0_ &&
CONST_4 < Length_0_ &&
CONST_3 < Length_0_ &&
CONST_2 < Length_0_ &&
CONST_1 < Length_0_ &&
CONST_0 < Length_0_
$$$$$$$$$$$$$$$$$$$$$$$$$$$$$$$$
Calling Z3str3

current query... 
(declare-const c_1 String)
(declare-const s_2 String)

(assert (not (= (str.substr s_2 6 (- 7 6)) c_1)))
(assert (not (= (str.substr s_2 5 (- 6 5)) c_1)))
(assert (not (= (str.substr s_2 4 (- 5 4)) c_1)))
(assert (not (= (str.substr s_2 3 (- 4 3)) c_1)))
(assert (not (= (str.substr s_2 2 (- 3 2)) c_1)))
(assert (not (= (str.substr s_2 1 (- 2 1)) c_1)))
(assert (not (= (str.substr s_2 0 (- 1 0)) c_1)))
(assert (>= 7 (str.len s_2)))
(assert (< 6 (str.len s_2)))
(assert (< 5 (str.len s_2)))
(assert (< 4 (str.len s_2)))
(assert (< 3 (str.len s_2)))
(assert (< 2 (str.len s_2)))
(assert (< 1 (str.len s_2)))
(assert (< 0 (str.len s_2)))



======================
(define-fun s_2 () String
  "ABCDEFG")
(define-fun c_1 () String
  "")
Returned solutions: 
(define-fun s_2 () String  "ABCDEFG")
(define-fun c_1 () String  "")
*************************************
Satisfiable: true
c_1 => ""
s_2 => "ABCDEFG"
*************************************

numeric PC: constraint # = 8
CONST_7 < Length_0_ &&
CONST_6 < Length_0_ &&
CONST_5 < Length_0_ &&
CONST_4 < Length_0_ &&
CONST_3 < Length_0_ &&
CONST_2 < Length_0_ &&
CONST_1 < Length_0_ &&
CONST_0 < Length_0_ -> true

### PCs: total:23 sat:23 unsat:0

string analysis: SPC # = 7
(.substring[(s_2_SYMSTRING)(CONST_7)(CONST_6)] notequals c_1_SYMSTRING) && (.substring[(s_2_SYMSTRING)(CONST_6)(CONST_5)] notequals c_1_SYMSTRING) && (.substring[(s_2_SYMSTRING)(CONST_5)(CONST_4)] notequals c_1_SYMSTRING) && (.substring[(s_2_SYMSTRING)(CONST_4)(CONST_3)] notequals c_1_SYMSTRING) && (.substring[(s_2_SYMSTRING)(CONST_3)(CONST_2)] notequals c_1_SYMSTRING) && (.substring[(s_2_SYMSTRING)(CONST_2)(CONST_1)] notequals c_1_SYMSTRING) && (.substring[(s_2_SYMSTRING)(CONST_1)(CONST_0)] notequals c_1_SYMSTRING)
NPC constraint # = 8
CONST_7 < Length_0_ &&
CONST_6 < Length_0_ &&
CONST_5 < Length_0_ &&
CONST_4 < Length_0_ &&
CONST_3 < Length_0_ &&
CONST_2 < Length_0_ &&
CONST_1 < Length_0_ &&
CONST_0 < Length_0_
$$$$$$$$$$$$$$$$$$$$$$$$$$$$$$$$
Calling Z3str3

current query... 
(declare-const c_1 String)
(declare-const s_2 String)

(assert (not (= (str.substr s_2 6 (- 7 6)) c_1)))
(assert (not (= (str.substr s_2 5 (- 6 5)) c_1)))
(assert (not (= (str.substr s_2 4 (- 5 4)) c_1)))
(assert (not (= (str.substr s_2 3 (- 4 3)) c_1)))
(assert (not (= (str.substr s_2 2 (- 3 2)) c_1)))
(assert (not (= (str.substr s_2 1 (- 2 1)) c_1)))
(assert (not (= (str.substr s_2 0 (- 1 0)) c_1)))
(assert (< 7 (str.len s_2)))
(assert (< 6 (str.len s_2)))
(assert (< 5 (str.len s_2)))
(assert (< 4 (str.len s_2)))
(assert (< 3 (str.len s_2)))
(assert (< 2 (str.len s_2)))
(assert (< 1 (str.len s_2)))
(assert (< 0 (str.len s_2)))



======================
(define-fun s_2 () String
  "ABCDEFGH")
(define-fun c_1 () String
  "")
Returned solutions: 
(define-fun s_2 () String  "ABCDEFGH")
(define-fun c_1 () String  "")
*************************************
Satisfiable: true
c_1 => ""
s_2 => "ABCDEFGH"
*************************************

numeric PC: constraint # = 8
CONST_7 < Length_0_ &&
CONST_6 < Length_0_ &&
CONST_5 < Length_0_ &&
CONST_4 < Length_0_ &&
CONST_3 < Length_0_ &&
CONST_2 < Length_0_ &&
CONST_1 < Length_0_ &&
CONST_0 < Length_0_ -> true

### PCs: total:24 sat:24 unsat:0

string analysis: SPC # = 8
(.substring[(s_2_SYMSTRING)(CONST_8)(CONST_7)] notequals c_1_SYMSTRING) && (.substring[(s_2_SYMSTRING)(CONST_7)(CONST_6)] notequals c_1_SYMSTRING) && (.substring[(s_2_SYMSTRING)(CONST_6)(CONST_5)] notequals c_1_SYMSTRING) && (.substring[(s_2_SYMSTRING)(CONST_5)(CONST_4)] notequals c_1_SYMSTRING) && (.substring[(s_2_SYMSTRING)(CONST_4)(CONST_3)] notequals c_1_SYMSTRING) && (.substring[(s_2_SYMSTRING)(CONST_3)(CONST_2)] notequals c_1_SYMSTRING) && (.substring[(s_2_SYMSTRING)(CONST_2)(CONST_1)] notequals c_1_SYMSTRING) && (.substring[(s_2_SYMSTRING)(CONST_1)(CONST_0)] notequals c_1_SYMSTRING)
NPC constraint # = 8
CONST_7 < Length_0_ &&
CONST_6 < Length_0_ &&
CONST_5 < Length_0_ &&
CONST_4 < Length_0_ &&
CONST_3 < Length_0_ &&
CONST_2 < Length_0_ &&
CONST_1 < Length_0_ &&
CONST_0 < Length_0_
$$$$$$$$$$$$$$$$$$$$$$$$$$$$$$$$
Calling Z3str3

current query... 
(declare-const c_1 String)
(declare-const s_2 String)

(assert (not (= (str.substr s_2 7 (- 8 7)) c_1)))
(assert (not (= (str.substr s_2 6 (- 7 6)) c_1)))
(assert (not (= (str.substr s_2 5 (- 6 5)) c_1)))
(assert (not (= (str.substr s_2 4 (- 5 4)) c_1)))
(assert (not (= (str.substr s_2 3 (- 4 3)) c_1)))
(assert (not (= (str.substr s_2 2 (- 3 2)) c_1)))
(assert (not (= (str.substr s_2 1 (- 2 1)) c_1)))
(assert (not (= (str.substr s_2 0 (- 1 0)) c_1)))
(assert (< 7 (str.len s_2)))
(assert (< 6 (str.len s_2)))
(assert (< 5 (str.len s_2)))
(assert (< 4 (str.len s_2)))
(assert (< 3 (str.len s_2)))
(assert (< 2 (str.len s_2)))
(assert (< 1 (str.len s_2)))
(assert (< 0 (str.len s_2)))



======================
(define-fun s_2 () String
  "HAGFEDCB")
(define-fun c_1 () String
  "IJ")
Returned solutions: 
(define-fun s_2 () String  "HAGFEDCB")
(define-fun c_1 () String  "IJ")
*************************************
Satisfiable: true
c_1 => "IJ"
s_2 => "HAGFEDCB"
*************************************

numeric PC: constraint # = 9
CONST_8 >= Length_0_ &&
CONST_7 < Length_0_ &&
CONST_6 < Length_0_ &&
CONST_5 < Length_0_ &&
CONST_4 < Length_0_ &&
CONST_3 < Length_0_ &&
CONST_2 < Length_0_ &&
CONST_1 < Length_0_ &&
CONST_0 < Length_0_ -> true

### PCs: total:25 sat:25 unsat:0

string analysis: SPC # = 8
(.substring[(s_2_SYMSTRING)(CONST_8)(CONST_7)] notequals c_1_SYMSTRING) && (.substring[(s_2_SYMSTRING)(CONST_7)(CONST_6)] notequals c_1_SYMSTRING) && (.substring[(s_2_SYMSTRING)(CONST_6)(CONST_5)] notequals c_1_SYMSTRING) && (.substring[(s_2_SYMSTRING)(CONST_5)(CONST_4)] notequals c_1_SYMSTRING) && (.substring[(s_2_SYMSTRING)(CONST_4)(CONST_3)] notequals c_1_SYMSTRING) && (.substring[(s_2_SYMSTRING)(CONST_3)(CONST_2)] notequals c_1_SYMSTRING) && (.substring[(s_2_SYMSTRING)(CONST_2)(CONST_1)] notequals c_1_SYMSTRING) && (.substring[(s_2_SYMSTRING)(CONST_1)(CONST_0)] notequals c_1_SYMSTRING)
NPC constraint # = 9
CONST_8 >= Length_0_ &&
CONST_7 < Length_0_ &&
CONST_6 < Length_0_ &&
CONST_5 < Length_0_ &&
CONST_4 < Length_0_ &&
CONST_3 < Length_0_ &&
CONST_2 < Length_0_ &&
CONST_1 < Length_0_ &&
CONST_0 < Length_0_
$$$$$$$$$$$$$$$$$$$$$$$$$$$$$$$$
Calling Z3str3

current query... 
(declare-const c_1 String)
(declare-const s_2 String)

(assert (not (= (str.substr s_2 7 (- 8 7)) c_1)))
(assert (not (= (str.substr s_2 6 (- 7 6)) c_1)))
(assert (not (= (str.substr s_2 5 (- 6 5)) c_1)))
(assert (not (= (str.substr s_2 4 (- 5 4)) c_1)))
(assert (not (= (str.substr s_2 3 (- 4 3)) c_1)))
(assert (not (= (str.substr s_2 2 (- 3 2)) c_1)))
(assert (not (= (str.substr s_2 1 (- 2 1)) c_1)))
(assert (not (= (str.substr s_2 0 (- 1 0)) c_1)))
(assert (>= 8 (str.len s_2)))
(assert (< 7 (str.len s_2)))
(assert (< 6 (str.len s_2)))
(assert (< 5 (str.len s_2)))
(assert (< 4 (str.len s_2)))
(assert (< 3 (str.len s_2)))
(assert (< 2 (str.len s_2)))
(assert (< 1 (str.len s_2)))
(assert (< 0 (str.len s_2)))



======================
(define-fun s_2 () String
  "HGFEDCBA")
(define-fun c_1 () String
  "")
Returned solutions: 
(define-fun s_2 () String  "HGFEDCBA")
(define-fun c_1 () String  "")
*************************************
Satisfiable: true
c_1 => ""
s_2 => "HGFEDCBA"
*************************************

numeric PC: constraint # = 9
CONST_8 < Length_0_ &&
CONST_7 < Length_0_ &&
CONST_6 < Length_0_ &&
CONST_5 < Length_0_ &&
CONST_4 < Length_0_ &&
CONST_3 < Length_0_ &&
CONST_2 < Length_0_ &&
CONST_1 < Length_0_ &&
CONST_0 < Length_0_ -> true

### PCs: total:26 sat:26 unsat:0

string analysis: SPC # = 8
(.substring[(s_2_SYMSTRING)(CONST_8)(CONST_7)] notequals c_1_SYMSTRING) && (.substring[(s_2_SYMSTRING)(CONST_7)(CONST_6)] notequals c_1_SYMSTRING) && (.substring[(s_2_SYMSTRING)(CONST_6)(CONST_5)] notequals c_1_SYMSTRING) && (.substring[(s_2_SYMSTRING)(CONST_5)(CONST_4)] notequals c_1_SYMSTRING) && (.substring[(s_2_SYMSTRING)(CONST_4)(CONST_3)] notequals c_1_SYMSTRING) && (.substring[(s_2_SYMSTRING)(CONST_3)(CONST_2)] notequals c_1_SYMSTRING) && (.substring[(s_2_SYMSTRING)(CONST_2)(CONST_1)] notequals c_1_SYMSTRING) && (.substring[(s_2_SYMSTRING)(CONST_1)(CONST_0)] notequals c_1_SYMSTRING)
NPC constraint # = 9
CONST_8 < Length_0_ &&
CONST_7 < Length_0_ &&
CONST_6 < Length_0_ &&
CONST_5 < Length_0_ &&
CONST_4 < Length_0_ &&
CONST_3 < Length_0_ &&
CONST_2 < Length_0_ &&
CONST_1 < Length_0_ &&
CONST_0 < Length_0_
$$$$$$$$$$$$$$$$$$$$$$$$$$$$$$$$
Calling Z3str3

current query... 
(declare-const c_1 String)
(declare-const s_2 String)

(assert (not (= (str.substr s_2 7 (- 8 7)) c_1)))
(assert (not (= (str.substr s_2 6 (- 7 6)) c_1)))
(assert (not (= (str.substr s_2 5 (- 6 5)) c_1)))
(assert (not (= (str.substr s_2 4 (- 5 4)) c_1)))
(assert (not (= (str.substr s_2 3 (- 4 3)) c_1)))
(assert (not (= (str.substr s_2 2 (- 3 2)) c_1)))
(assert (not (= (str.substr s_2 1 (- 2 1)) c_1)))
(assert (not (= (str.substr s_2 0 (- 1 0)) c_1)))
(assert (< 8 (str.len s_2)))
(assert (< 7 (str.len s_2)))
(assert (< 6 (str.len s_2)))
(assert (< 5 (str.len s_2)))
(assert (< 4 (str.len s_2)))
(assert (< 3 (str.len s_2)))
(assert (< 2 (str.len s_2)))
(assert (< 1 (str.len s_2)))
(assert (< 0 (str.len s_2)))



======================
(define-fun s_2 () String
  "ABCDEFGHI")
(define-fun c_1 () String
  "")
Returned solutions: 
(define-fun s_2 () String  "ABCDEFGHI")
(define-fun c_1 () String  "")
*************************************
Satisfiable: true
c_1 => ""
s_2 => "ABCDEFGHI"
*************************************

numeric PC: constraint # = 9
CONST_8 < Length_0_ &&
CONST_7 < Length_0_ &&
CONST_6 < Length_0_ &&
CONST_5 < Length_0_ &&
CONST_4 < Length_0_ &&
CONST_3 < Length_0_ &&
CONST_2 < Length_0_ &&
CONST_1 < Length_0_ &&
CONST_0 < Length_0_ -> true

### PCs: total:27 sat:27 unsat:0

string analysis: SPC # = 9
(.substring[(s_2_SYMSTRING)(CONST_9)(CONST_8)] notequals c_1_SYMSTRING) && (.substring[(s_2_SYMSTRING)(CONST_8)(CONST_7)] notequals c_1_SYMSTRING) && (.substring[(s_2_SYMSTRING)(CONST_7)(CONST_6)] notequals c_1_SYMSTRING) && (.substring[(s_2_SYMSTRING)(CONST_6)(CONST_5)] notequals c_1_SYMSTRING) && (.substring[(s_2_SYMSTRING)(CONST_5)(CONST_4)] notequals c_1_SYMSTRING) && (.substring[(s_2_SYMSTRING)(CONST_4)(CONST_3)] notequals c_1_SYMSTRING) && (.substring[(s_2_SYMSTRING)(CONST_3)(CONST_2)] notequals c_1_SYMSTRING) && (.substring[(s_2_SYMSTRING)(CONST_2)(CONST_1)] notequals c_1_SYMSTRING) && (.substring[(s_2_SYMSTRING)(CONST_1)(CONST_0)] notequals c_1_SYMSTRING)
NPC constraint # = 9
CONST_8 < Length_0_ &&
CONST_7 < Length_0_ &&
CONST_6 < Length_0_ &&
CONST_5 < Length_0_ &&
CONST_4 < Length_0_ &&
CONST_3 < Length_0_ &&
CONST_2 < Length_0_ &&
CONST_1 < Length_0_ &&
CONST_0 < Length_0_
$$$$$$$$$$$$$$$$$$$$$$$$$$$$$$$$
Calling Z3str3

current query... 
(declare-const c_1 String)
(declare-const s_2 String)

(assert (not (= (str.substr s_2 8 (- 9 8)) c_1)))
(assert (not (= (str.substr s_2 7 (- 8 7)) c_1)))
(assert (not (= (str.substr s_2 6 (- 7 6)) c_1)))
(assert (not (= (str.substr s_2 5 (- 6 5)) c_1)))
(assert (not (= (str.substr s_2 4 (- 5 4)) c_1)))
(assert (not (= (str.substr s_2 3 (- 4 3)) c_1)))
(assert (not (= (str.substr s_2 2 (- 3 2)) c_1)))
(assert (not (= (str.substr s_2 1 (- 2 1)) c_1)))
(assert (not (= (str.substr s_2 0 (- 1 0)) c_1)))
(assert (< 8 (str.len s_2)))
(assert (< 7 (str.len s_2)))
(assert (< 6 (str.len s_2)))
(assert (< 5 (str.len s_2)))
(assert (< 4 (str.len s_2)))
(assert (< 3 (str.len s_2)))
(assert (< 2 (str.len s_2)))
(assert (< 1 (str.len s_2)))
(assert (< 0 (str.len s_2)))



======================
(define-fun s_2 () String
  "ABCDEFGHI")
(define-fun c_1 () String
  "JK")
Returned solutions: 
(define-fun s_2 () String  "ABCDEFGHI")
(define-fun c_1 () String  "JK")
*************************************
Satisfiable: true
c_1 => "JK"
s_2 => "ABCDEFGHI"
*************************************

numeric PC: constraint # = 10
CONST_9 >= Length_0_ &&
CONST_8 < Length_0_ &&
CONST_7 < Length_0_ &&
CONST_6 < Length_0_ &&
CONST_5 < Length_0_ &&
CONST_4 < Length_0_ &&
CONST_3 < Length_0_ &&
CONST_2 < Length_0_ &&
CONST_1 < Length_0_ &&
CONST_0 < Length_0_ -> true

### PCs: total:28 sat:28 unsat:0

string analysis: SPC # = 9
(.substring[(s_2_SYMSTRING)(CONST_9)(CONST_8)] notequals c_1_SYMSTRING) && (.substring[(s_2_SYMSTRING)(CONST_8)(CONST_7)] notequals c_1_SYMSTRING) && (.substring[(s_2_SYMSTRING)(CONST_7)(CONST_6)] notequals c_1_SYMSTRING) && (.substring[(s_2_SYMSTRING)(CONST_6)(CONST_5)] notequals c_1_SYMSTRING) && (.substring[(s_2_SYMSTRING)(CONST_5)(CONST_4)] notequals c_1_SYMSTRING) && (.substring[(s_2_SYMSTRING)(CONST_4)(CONST_3)] notequals c_1_SYMSTRING) && (.substring[(s_2_SYMSTRING)(CONST_3)(CONST_2)] notequals c_1_SYMSTRING) && (.substring[(s_2_SYMSTRING)(CONST_2)(CONST_1)] notequals c_1_SYMSTRING) && (.substring[(s_2_SYMSTRING)(CONST_1)(CONST_0)] notequals c_1_SYMSTRING)
NPC constraint # = 10
CONST_9 >= Length_0_ &&
CONST_8 < Length_0_ &&
CONST_7 < Length_0_ &&
CONST_6 < Length_0_ &&
CONST_5 < Length_0_ &&
CONST_4 < Length_0_ &&
CONST_3 < Length_0_ &&
CONST_2 < Length_0_ &&
CONST_1 < Length_0_ &&
CONST_0 < Length_0_
$$$$$$$$$$$$$$$$$$$$$$$$$$$$$$$$
Calling Z3str3

current query... 
(declare-const c_1 String)
(declare-const s_2 String)

(assert (not (= (str.substr s_2 8 (- 9 8)) c_1)))
(assert (not (= (str.substr s_2 7 (- 8 7)) c_1)))
(assert (not (= (str.substr s_2 6 (- 7 6)) c_1)))
(assert (not (= (str.substr s_2 5 (- 6 5)) c_1)))
(assert (not (= (str.substr s_2 4 (- 5 4)) c_1)))
(assert (not (= (str.substr s_2 3 (- 4 3)) c_1)))
(assert (not (= (str.substr s_2 2 (- 3 2)) c_1)))
(assert (not (= (str.substr s_2 1 (- 2 1)) c_1)))
(assert (not (= (str.substr s_2 0 (- 1 0)) c_1)))
(assert (>= 9 (str.len s_2)))
(assert (< 8 (str.len s_2)))
(assert (< 7 (str.len s_2)))
(assert (< 6 (str.len s_2)))
(assert (< 5 (str.len s_2)))
(assert (< 4 (str.len s_2)))
(assert (< 3 (str.len s_2)))
(assert (< 2 (str.len s_2)))
(assert (< 1 (str.len s_2)))
(assert (< 0 (str.len s_2)))



======================
(define-fun s_2 () String
  "ABCDEFGHI")
(define-fun c_1 () String
  "")
Returned solutions: 
(define-fun s_2 () String  "ABCDEFGHI")
(define-fun c_1 () String  "")
*************************************
Satisfiable: true
c_1 => ""
s_2 => "ABCDEFGHI"
*************************************

numeric PC: constraint # = 10
CONST_9 < Length_0_ &&
CONST_8 < Length_0_ &&
CONST_7 < Length_0_ &&
CONST_6 < Length_0_ &&
CONST_5 < Length_0_ &&
CONST_4 < Length_0_ &&
CONST_3 < Length_0_ &&
CONST_2 < Length_0_ &&
CONST_1 < Length_0_ &&
CONST_0 < Length_0_ -> true

### PCs: total:29 sat:29 unsat:0

string analysis: SPC # = 9
(.substring[(s_2_SYMSTRING)(CONST_9)(CONST_8)] notequals c_1_SYMSTRING) && (.substring[(s_2_SYMSTRING)(CONST_8)(CONST_7)] notequals c_1_SYMSTRING) && (.substring[(s_2_SYMSTRING)(CONST_7)(CONST_6)] notequals c_1_SYMSTRING) && (.substring[(s_2_SYMSTRING)(CONST_6)(CONST_5)] notequals c_1_SYMSTRING) && (.substring[(s_2_SYMSTRING)(CONST_5)(CONST_4)] notequals c_1_SYMSTRING) && (.substring[(s_2_SYMSTRING)(CONST_4)(CONST_3)] notequals c_1_SYMSTRING) && (.substring[(s_2_SYMSTRING)(CONST_3)(CONST_2)] notequals c_1_SYMSTRING) && (.substring[(s_2_SYMSTRING)(CONST_2)(CONST_1)] notequals c_1_SYMSTRING) && (.substring[(s_2_SYMSTRING)(CONST_1)(CONST_0)] notequals c_1_SYMSTRING)
NPC constraint # = 10
CONST_9 < Length_0_ &&
CONST_8 < Length_0_ &&
CONST_7 < Length_0_ &&
CONST_6 < Length_0_ &&
CONST_5 < Length_0_ &&
CONST_4 < Length_0_ &&
CONST_3 < Length_0_ &&
CONST_2 < Length_0_ &&
CONST_1 < Length_0_ &&
CONST_0 < Length_0_
$$$$$$$$$$$$$$$$$$$$$$$$$$$$$$$$
Calling Z3str3

current query... 
(declare-const c_1 String)
(declare-const s_2 String)

(assert (not (= (str.substr s_2 8 (- 9 8)) c_1)))
(assert (not (= (str.substr s_2 7 (- 8 7)) c_1)))
(assert (not (= (str.substr s_2 6 (- 7 6)) c_1)))
(assert (not (= (str.substr s_2 5 (- 6 5)) c_1)))
(assert (not (= (str.substr s_2 4 (- 5 4)) c_1)))
(assert (not (= (str.substr s_2 3 (- 4 3)) c_1)))
(assert (not (= (str.substr s_2 2 (- 3 2)) c_1)))
(assert (not (= (str.substr s_2 1 (- 2 1)) c_1)))
(assert (not (= (str.substr s_2 0 (- 1 0)) c_1)))
(assert (< 9 (str.len s_2)))
(assert (< 8 (str.len s_2)))
(assert (< 7 (str.len s_2)))
(assert (< 6 (str.len s_2)))
(assert (< 5 (str.len s_2)))
(assert (< 4 (str.len s_2)))
(assert (< 3 (str.len s_2)))
(assert (< 2 (str.len s_2)))
(assert (< 1 (str.len s_2)))
(assert (< 0 (str.len s_2)))



======================
(define-fun s_2 () String
  "BCDEFAGHIJ")
(define-fun c_1 () String
  "KL")
Returned solutions: 
(define-fun s_2 () String  "BCDEFAGHIJ")
(define-fun c_1 () String  "KL")
*************************************
Satisfiable: true
c_1 => "KL"
s_2 => "BCDEFAGHIJ"
*************************************

numeric PC: constraint # = 10
CONST_9 < Length_0_ &&
CONST_8 < Length_0_ &&
CONST_7 < Length_0_ &&
CONST_6 < Length_0_ &&
CONST_5 < Length_0_ &&
CONST_4 < Length_0_ &&
CONST_3 < Length_0_ &&
CONST_2 < Length_0_ &&
CONST_1 < Length_0_ &&
CONST_0 < Length_0_ -> true

### PCs: total:30 sat:30 unsat:0

string analysis: SPC # = 10
(.substring[(s_2_SYMSTRING)(CONST_10)(CONST_9)] notequals c_1_SYMSTRING) && (.substring[(s_2_SYMSTRING)(CONST_9)(CONST_8)] notequals c_1_SYMSTRING) && (.substring[(s_2_SYMSTRING)(CONST_8)(CONST_7)] notequals c_1_SYMSTRING) && (.substring[(s_2_SYMSTRING)(CONST_7)(CONST_6)] notequals c_1_SYMSTRING) && (.substring[(s_2_SYMSTRING)(CONST_6)(CONST_5)] notequals c_1_SYMSTRING) && (.substring[(s_2_SYMSTRING)(CONST_5)(CONST_4)] notequals c_1_SYMSTRING) && (.substring[(s_2_SYMSTRING)(CONST_4)(CONST_3)] notequals c_1_SYMSTRING) && (.substring[(s_2_SYMSTRING)(CONST_3)(CONST_2)] notequals c_1_SYMSTRING) && (.substring[(s_2_SYMSTRING)(CONST_2)(CONST_1)] notequals c_1_SYMSTRING) && (.substring[(s_2_SYMSTRING)(CONST_1)(CONST_0)] notequals c_1_SYMSTRING)
NPC constraint # = 10
CONST_9 < Length_0_ &&
CONST_8 < Length_0_ &&
CONST_7 < Length_0_ &&
CONST_6 < Length_0_ &&
CONST_5 < Length_0_ &&
CONST_4 < Length_0_ &&
CONST_3 < Length_0_ &&
CONST_2 < Length_0_ &&
CONST_1 < Length_0_ &&
CONST_0 < Length_0_
$$$$$$$$$$$$$$$$$$$$$$$$$$$$$$$$
Calling Z3str3

current query... 
(declare-const c_1 String)
(declare-const s_2 String)

(assert (not (= (str.substr s_2 9 (- 10 9)) c_1)))
(assert (not (= (str.substr s_2 8 (- 9 8)) c_1)))
(assert (not (= (str.substr s_2 7 (- 8 7)) c_1)))
(assert (not (= (str.substr s_2 6 (- 7 6)) c_1)))
(assert (not (= (str.substr s_2 5 (- 6 5)) c_1)))
(assert (not (= (str.substr s_2 4 (- 5 4)) c_1)))
(assert (not (= (str.substr s_2 3 (- 4 3)) c_1)))
(assert (not (= (str.substr s_2 2 (- 3 2)) c_1)))
(assert (not (= (str.substr s_2 1 (- 2 1)) c_1)))
(assert (not (= (str.substr s_2 0 (- 1 0)) c_1)))
(assert (< 9 (str.len s_2)))
(assert (< 8 (str.len s_2)))
(assert (< 7 (str.len s_2)))
(assert (< 6 (str.len s_2)))
(assert (< 5 (str.len s_2)))
(assert (< 4 (str.len s_2)))
(assert (< 3 (str.len s_2)))
(assert (< 2 (str.len s_2)))
(assert (< 1 (str.len s_2)))
(assert (< 0 (str.len s_2)))



======================
(define-fun s_2 () String
  "ABCDEFGHIJ")
(define-fun c_1 () String
  "KL")
Returned solutions: 
(define-fun s_2 () String  "ABCDEFGHIJ")
(define-fun c_1 () String  "KL")
*************************************
Satisfiable: true
c_1 => "KL"
s_2 => "ABCDEFGHIJ"
*************************************

numeric PC: constraint # = 11
CONST_10 >= Length_0_ &&
CONST_9 < Length_0_ &&
CONST_8 < Length_0_ &&
CONST_7 < Length_0_ &&
CONST_6 < Length_0_ &&
CONST_5 < Length_0_ &&
CONST_4 < Length_0_ &&
CONST_3 < Length_0_ &&
CONST_2 < Length_0_ &&
CONST_1 < Length_0_ &&
CONST_0 < Length_0_ -> true

### PCs: total:31 sat:31 unsat:0

string analysis: SPC # = 10
(.substring[(s_2_SYMSTRING)(CONST_10)(CONST_9)] notequals c_1_SYMSTRING) && (.substring[(s_2_SYMSTRING)(CONST_9)(CONST_8)] notequals c_1_SYMSTRING) && (.substring[(s_2_SYMSTRING)(CONST_8)(CONST_7)] notequals c_1_SYMSTRING) && (.substring[(s_2_SYMSTRING)(CONST_7)(CONST_6)] notequals c_1_SYMSTRING) && (.substring[(s_2_SYMSTRING)(CONST_6)(CONST_5)] notequals c_1_SYMSTRING) && (.substring[(s_2_SYMSTRING)(CONST_5)(CONST_4)] notequals c_1_SYMSTRING) && (.substring[(s_2_SYMSTRING)(CONST_4)(CONST_3)] notequals c_1_SYMSTRING) && (.substring[(s_2_SYMSTRING)(CONST_3)(CONST_2)] notequals c_1_SYMSTRING) && (.substring[(s_2_SYMSTRING)(CONST_2)(CONST_1)] notequals c_1_SYMSTRING) && (.substring[(s_2_SYMSTRING)(CONST_1)(CONST_0)] notequals c_1_SYMSTRING)
NPC constraint # = 11
CONST_10 >= Length_0_ &&
CONST_9 < Length_0_ &&
CONST_8 < Length_0_ &&
CONST_7 < Length_0_ &&
CONST_6 < Length_0_ &&
CONST_5 < Length_0_ &&
CONST_4 < Length_0_ &&
CONST_3 < Length_0_ &&
CONST_2 < Length_0_ &&
CONST_1 < Length_0_ &&
CONST_0 < Length_0_
$$$$$$$$$$$$$$$$$$$$$$$$$$$$$$$$
Calling Z3str3

current query... 
(declare-const c_1 String)
(declare-const s_2 String)

(assert (not (= (str.substr s_2 9 (- 10 9)) c_1)))
(assert (not (= (str.substr s_2 8 (- 9 8)) c_1)))
(assert (not (= (str.substr s_2 7 (- 8 7)) c_1)))
(assert (not (= (str.substr s_2 6 (- 7 6)) c_1)))
(assert (not (= (str.substr s_2 5 (- 6 5)) c_1)))
(assert (not (= (str.substr s_2 4 (- 5 4)) c_1)))
(assert (not (= (str.substr s_2 3 (- 4 3)) c_1)))
(assert (not (= (str.substr s_2 2 (- 3 2)) c_1)))
(assert (not (= (str.substr s_2 1 (- 2 1)) c_1)))
(assert (not (= (str.substr s_2 0 (- 1 0)) c_1)))
(assert (>= 10 (str.len s_2)))
(assert (< 9 (str.len s_2)))
(assert (< 8 (str.len s_2)))
(assert (< 7 (str.len s_2)))
(assert (< 6 (str.len s_2)))
(assert (< 5 (str.len s_2)))
(assert (< 4 (str.len s_2)))
(assert (< 3 (str.len s_2)))
(assert (< 2 (str.len s_2)))
(assert (< 1 (str.len s_2)))
(assert (< 0 (str.len s_2)))



======================
(define-fun s_2 () String
  "ABCDEFGHIJ")
(define-fun c_1 () String
  "KL")
Returned solutions: 
(define-fun s_2 () String  "ABCDEFGHIJ")
(define-fun c_1 () String  "KL")
*************************************
Satisfiable: true
c_1 => "KL"
s_2 => "ABCDEFGHIJ"
*************************************

numeric PC: constraint # = 11
CONST_10 < Length_0_ &&
CONST_9 < Length_0_ &&
CONST_8 < Length_0_ &&
CONST_7 < Length_0_ &&
CONST_6 < Length_0_ &&
CONST_5 < Length_0_ &&
CONST_4 < Length_0_ &&
CONST_3 < Length_0_ &&
CONST_2 < Length_0_ &&
CONST_1 < Length_0_ &&
CONST_0 < Length_0_ -> true

### PCs: total:32 sat:32 unsat:0

string analysis: SPC # = 10
(.substring[(s_2_SYMSTRING)(CONST_10)(CONST_9)] notequals c_1_SYMSTRING) && (.substring[(s_2_SYMSTRING)(CONST_9)(CONST_8)] notequals c_1_SYMSTRING) && (.substring[(s_2_SYMSTRING)(CONST_8)(CONST_7)] notequals c_1_SYMSTRING) && (.substring[(s_2_SYMSTRING)(CONST_7)(CONST_6)] notequals c_1_SYMSTRING) && (.substring[(s_2_SYMSTRING)(CONST_6)(CONST_5)] notequals c_1_SYMSTRING) && (.substring[(s_2_SYMSTRING)(CONST_5)(CONST_4)] notequals c_1_SYMSTRING) && (.substring[(s_2_SYMSTRING)(CONST_4)(CONST_3)] notequals c_1_SYMSTRING) && (.substring[(s_2_SYMSTRING)(CONST_3)(CONST_2)] notequals c_1_SYMSTRING) && (.substring[(s_2_SYMSTRING)(CONST_2)(CONST_1)] notequals c_1_SYMSTRING) && (.substring[(s_2_SYMSTRING)(CONST_1)(CONST_0)] notequals c_1_SYMSTRING)
NPC constraint # = 11
CONST_10 < Length_0_ &&
CONST_9 < Length_0_ &&
CONST_8 < Length_0_ &&
CONST_7 < Length_0_ &&
CONST_6 < Length_0_ &&
CONST_5 < Length_0_ &&
CONST_4 < Length_0_ &&
CONST_3 < Length_0_ &&
CONST_2 < Length_0_ &&
CONST_1 < Length_0_ &&
CONST_0 < Length_0_
$$$$$$$$$$$$$$$$$$$$$$$$$$$$$$$$
Calling Z3str3

current query... 
(declare-const c_1 String)
(declare-const s_2 String)

(assert (not (= (str.substr s_2 9 (- 10 9)) c_1)))
(assert (not (= (str.substr s_2 8 (- 9 8)) c_1)))
(assert (not (= (str.substr s_2 7 (- 8 7)) c_1)))
(assert (not (= (str.substr s_2 6 (- 7 6)) c_1)))
(assert (not (= (str.substr s_2 5 (- 6 5)) c_1)))
(assert (not (= (str.substr s_2 4 (- 5 4)) c_1)))
(assert (not (= (str.substr s_2 3 (- 4 3)) c_1)))
(assert (not (= (str.substr s_2 2 (- 3 2)) c_1)))
(assert (not (= (str.substr s_2 1 (- 2 1)) c_1)))
(assert (not (= (str.substr s_2 0 (- 1 0)) c_1)))
(assert (< 10 (str.len s_2)))
(assert (< 9 (str.len s_2)))
(assert (< 8 (str.len s_2)))
(assert (< 7 (str.len s_2)))
(assert (< 6 (str.len s_2)))
(assert (< 5 (str.len s_2)))
(assert (< 4 (str.len s_2)))
(assert (< 3 (str.len s_2)))
(assert (< 2 (str.len s_2)))
(assert (< 1 (str.len s_2)))
(assert (< 0 (str.len s_2)))



======================
(define-fun s_2 () String
  "ABCDEFGHIJK")
(define-fun c_1 () String
  "")
Returned solutions: 
(define-fun s_2 () String  "ABCDEFGHIJK")
(define-fun c_1 () String  "")
*************************************
Satisfiable: true
c_1 => ""
s_2 => "ABCDEFGHIJK"
*************************************


====================================================== search constraint
depth limit reached: 23

====================================================== snapshot 
thread java.lang.Thread:{id:0,name:main,status:RUNNING,priority:5,isDaemon:false,lockCount:0,suspendCount:0}
  call stack:
	at strings.StringSearch.search_2(StringSearch.java:29)
	at strings.StringSearch.main(StringSearch.java:8)

numeric PC: constraint # = 11
CONST_10 < Length_0_ &&
CONST_9 < Length_0_ &&
CONST_8 < Length_0_ &&
CONST_7 < Length_0_ &&
CONST_6 < Length_0_ &&
CONST_5 < Length_0_ &&
CONST_4 < Length_0_ &&
CONST_3 < Length_0_ &&
CONST_2 < Length_0_ &&
CONST_1 < Length_0_ &&
CONST_0 < Length_0_ -> true

string analysis: SPC # = 10
(.substring[(s_2_SYMSTRING)(CONST_10)(CONST_9)] notequals c_1_SYMSTRING) && (.substring[(s_2_SYMSTRING)(CONST_9)(CONST_8)] notequals c_1_SYMSTRING) && (.substring[(s_2_SYMSTRING)(CONST_8)(CONST_7)] notequals c_1_SYMSTRING) && (.substring[(s_2_SYMSTRING)(CONST_7)(CONST_6)] notequals c_1_SYMSTRING) && (.substring[(s_2_SYMSTRING)(CONST_6)(CONST_5)] notequals c_1_SYMSTRING) && (.substring[(s_2_SYMSTRING)(CONST_5)(CONST_4)] notequals c_1_SYMSTRING) && (.substring[(s_2_SYMSTRING)(CONST_4)(CONST_3)] notequals c_1_SYMSTRING) && (.substring[(s_2_SYMSTRING)(CONST_3)(CONST_2)] notequals c_1_SYMSTRING) && (.substring[(s_2_SYMSTRING)(CONST_2)(CONST_1)] notequals c_1_SYMSTRING) && (.substring[(s_2_SYMSTRING)(CONST_1)(CONST_0)] notequals c_1_SYMSTRING)
NPC constraint # = 11
CONST_10 < Length_0_[11] &&
CONST_9 < Length_0_[11] &&
CONST_8 < Length_0_[11] &&
CONST_7 < Length_0_[11] &&
CONST_6 < Length_0_[11] &&
CONST_5 < Length_0_[11] &&
CONST_4 < Length_0_[11] &&
CONST_3 < Length_0_[11] &&
CONST_2 < Length_0_[11] &&
CONST_1 < Length_0_[11] &&
CONST_0 < Length_0_[11]
$$$$$$$$$$$$$$$$$$$$$$$$$$$$$$$$
Calling Z3str3

current query... 
(declare-const c_1 String)
(declare-const s_2 String)

(assert (not (= (str.substr s_2 9 (- 10 9)) c_1)))
(assert (not (= (str.substr s_2 8 (- 9 8)) c_1)))
(assert (not (= (str.substr s_2 7 (- 8 7)) c_1)))
(assert (not (= (str.substr s_2 6 (- 7 6)) c_1)))
(assert (not (= (str.substr s_2 5 (- 6 5)) c_1)))
(assert (not (= (str.substr s_2 4 (- 5 4)) c_1)))
(assert (not (= (str.substr s_2 3 (- 4 3)) c_1)))
(assert (not (= (str.substr s_2 2 (- 3 2)) c_1)))
(assert (not (= (str.substr s_2 1 (- 2 1)) c_1)))
(assert (not (= (str.substr s_2 0 (- 1 0)) c_1)))
(assert (< 10 (str.len s_2)))
(assert (< 9 (str.len s_2)))
(assert (< 8 (str.len s_2)))
(assert (< 7 (str.len s_2)))
(assert (< 6 (str.len s_2)))
(assert (< 5 (str.len s_2)))
(assert (< 4 (str.len s_2)))
(assert (< 3 (str.len s_2)))
(assert (< 2 (str.len s_2)))
(assert (< 1 (str.len s_2)))
(assert (< 0 (str.len s_2)))



======================
(define-fun s_2 () String
  "ABCDEFGHIJK")
(define-fun c_1 () String
  "")
Returned solutions: 
(define-fun s_2 () String  "ABCDEFGHIJK")
(define-fun c_1 () String  "")
*************************************
Satisfiable: true
c_1 => ""
s_2 => "ABCDEFGHIJK"
*************************************

Symbolic Exp [ s_2_SYMSTRING[**UNDEFINED**]]
test This is a tttest haystack string for testing.
0
114514
0

====================================================== search constraint
depth limit reached: 23

====================================================== snapshot 
no live threads
numeric PC: constraint # = 11
CONST_10 >= Length_0_ &&
CONST_9 < Length_0_ &&
CONST_8 < Length_0_ &&
CONST_7 < Length_0_ &&
CONST_6 < Length_0_ &&
CONST_5 < Length_0_ &&
CONST_4 < Length_0_ &&
CONST_3 < Length_0_ &&
CONST_2 < Length_0_ &&
CONST_1 < Length_0_ &&
CONST_0 < Length_0_ -> true

string analysis: SPC # = 10
(.substring[(s_2_SYMSTRING[**UNDEFINED**])(CONST_10)(CONST_9)] notequals c_1_SYMSTRING[**UNDEFINED**]) && (.substring[(s_2_SYMSTRING[**UNDEFINED**])(CONST_9)(CONST_8)] notequals c_1_SYMSTRING[**UNDEFINED**]) && (.substring[(s_2_SYMSTRING[**UNDEFINED**])(CONST_8)(CONST_7)] notequals c_1_SYMSTRING[**UNDEFINED**]) && (.substring[(s_2_SYMSTRING[**UNDEFINED**])(CONST_7)(CONST_6)] notequals c_1_SYMSTRING[**UNDEFINED**]) && (.substring[(s_2_SYMSTRING[**UNDEFINED**])(CONST_6)(CONST_5)] notequals c_1_SYMSTRING[**UNDEFINED**]) && (.substring[(s_2_SYMSTRING[**UNDEFINED**])(CONST_5)(CONST_4)] notequals c_1_SYMSTRING[**UNDEFINED**]) && (.substring[(s_2_SYMSTRING[**UNDEFINED**])(CONST_4)(CONST_3)] notequals c_1_SYMSTRING[**UNDEFINED**]) && (.substring[(s_2_SYMSTRING[**UNDEFINED**])(CONST_3)(CONST_2)] notequals c_1_SYMSTRING[**UNDEFINED**]) && (.substring[(s_2_SYMSTRING[**UNDEFINED**])(CONST_2)(CONST_1)] notequals c_1_SYMSTRING[**UNDEFINED**]) && (.substring[(s_2_SYMSTRING[**UNDEFINED**])(CONST_1)(CONST_0)] notequals c_1_SYMSTRING[**UNDEFINED**])
NPC constraint # = 11
CONST_10 >= Length_0_[10] &&
CONST_9 < Length_0_[10] &&
CONST_8 < Length_0_[10] &&
CONST_7 < Length_0_[10] &&
CONST_6 < Length_0_[10] &&
CONST_5 < Length_0_[10] &&
CONST_4 < Length_0_[10] &&
CONST_3 < Length_0_[10] &&
CONST_2 < Length_0_[10] &&
CONST_1 < Length_0_[10] &&
CONST_0 < Length_0_[10]
$$$$$$$$$$$$$$$$$$$$$$$$$$$$$$$$
Calling Z3str3

current query... 
(declare-const c_1 String)
(declare-const s_2 String)

(assert (not (= (str.substr s_2 9 (- 10 9)) c_1)))
(assert (not (= (str.substr s_2 8 (- 9 8)) c_1)))
(assert (not (= (str.substr s_2 7 (- 8 7)) c_1)))
(assert (not (= (str.substr s_2 6 (- 7 6)) c_1)))
(assert (not (= (str.substr s_2 5 (- 6 5)) c_1)))
(assert (not (= (str.substr s_2 4 (- 5 4)) c_1)))
(assert (not (= (str.substr s_2 3 (- 4 3)) c_1)))
(assert (not (= (str.substr s_2 2 (- 3 2)) c_1)))
(assert (not (= (str.substr s_2 1 (- 2 1)) c_1)))
(assert (not (= (str.substr s_2 0 (- 1 0)) c_1)))
(assert (>= 10 (str.len s_2)))
(assert (< 9 (str.len s_2)))
(assert (< 8 (str.len s_2)))
(assert (< 7 (str.len s_2)))
(assert (< 6 (str.len s_2)))
(assert (< 5 (str.len s_2)))
(assert (< 4 (str.len s_2)))
(assert (< 3 (str.len s_2)))
(assert (< 2 (str.len s_2)))
(assert (< 1 (str.len s_2)))
(assert (< 0 (str.len s_2)))



======================
(define-fun s_2 () String
  "ABCDEFGHIJ")
(define-fun c_1 () String
  "KL")
Returned solutions: 
(define-fun s_2 () String  "ABCDEFGHIJ")
(define-fun c_1 () String  "KL")
*************************************
Satisfiable: true
c_1 => "KL"
s_2 => "ABCDEFGHIJ"
*************************************

numeric PC: constraint # = 10
CONST_9 < Length_0_[10] &&
CONST_8 < Length_0_[10] &&
CONST_7 < Length_0_[10] &&
CONST_6 < Length_0_[10] &&
CONST_5 < Length_0_[10] &&
CONST_4 < Length_0_[10] &&
CONST_3 < Length_0_[10] &&
CONST_2 < Length_0_[10] &&
CONST_1 < Length_0_[10] &&
CONST_0 < Length_0_[10] -> true

string analysis: SPC # = 10
(.substring[(s_2_SYMSTRING[**UNDEFINED**])(CONST_10)(CONST_9)] notequals c_1_SYMSTRING[**UNDEFINED**]) && (.substring[(s_2_SYMSTRING[**UNDEFINED**])(CONST_9)(CONST_8)] notequals c_1_SYMSTRING[**UNDEFINED**]) && (.substring[(s_2_SYMSTRING[**UNDEFINED**])(CONST_8)(CONST_7)] notequals c_1_SYMSTRING[**UNDEFINED**]) && (.substring[(s_2_SYMSTRING[**UNDEFINED**])(CONST_7)(CONST_6)] notequals c_1_SYMSTRING[**UNDEFINED**]) && (.substring[(s_2_SYMSTRING[**UNDEFINED**])(CONST_6)(CONST_5)] notequals c_1_SYMSTRING[**UNDEFINED**]) && (.substring[(s_2_SYMSTRING[**UNDEFINED**])(CONST_5)(CONST_4)] notequals c_1_SYMSTRING[**UNDEFINED**]) && (.substring[(s_2_SYMSTRING[**UNDEFINED**])(CONST_4)(CONST_3)] notequals c_1_SYMSTRING[**UNDEFINED**]) && (.substring[(s_2_SYMSTRING[**UNDEFINED**])(CONST_3)(CONST_2)] notequals c_1_SYMSTRING[**UNDEFINED**]) && (.substring[(s_2_SYMSTRING[**UNDEFINED**])(CONST_2)(CONST_1)] notequals c_1_SYMSTRING[**UNDEFINED**]) && (.substring[(s_2_SYMSTRING[**UNDEFINED**])(CONST_1)(CONST_0)] notequals c_1_SYMSTRING[**UNDEFINED**])
NPC constraint # = 10
CONST_9 < Length_0_[10] &&
CONST_8 < Length_0_[10] &&
CONST_7 < Length_0_[10] &&
CONST_6 < Length_0_[10] &&
CONST_5 < Length_0_[10] &&
CONST_4 < Length_0_[10] &&
CONST_3 < Length_0_[10] &&
CONST_2 < Length_0_[10] &&
CONST_1 < Length_0_[10] &&
CONST_0 < Length_0_[10]
$$$$$$$$$$$$$$$$$$$$$$$$$$$$$$$$
Calling Z3str3

current query... 
(declare-const c_1 String)
(declare-const s_2 String)

(assert (not (= (str.substr s_2 9 (- 10 9)) c_1)))
(assert (not (= (str.substr s_2 8 (- 9 8)) c_1)))
(assert (not (= (str.substr s_2 7 (- 8 7)) c_1)))
(assert (not (= (str.substr s_2 6 (- 7 6)) c_1)))
(assert (not (= (str.substr s_2 5 (- 6 5)) c_1)))
(assert (not (= (str.substr s_2 4 (- 5 4)) c_1)))
(assert (not (= (str.substr s_2 3 (- 4 3)) c_1)))
(assert (not (= (str.substr s_2 2 (- 3 2)) c_1)))
(assert (not (= (str.substr s_2 1 (- 2 1)) c_1)))
(assert (not (= (str.substr s_2 0 (- 1 0)) c_1)))
(assert (< 9 (str.len s_2)))
(assert (< 8 (str.len s_2)))
(assert (< 7 (str.len s_2)))
(assert (< 6 (str.len s_2)))
(assert (< 5 (str.len s_2)))
(assert (< 4 (str.len s_2)))
(assert (< 3 (str.len s_2)))
(assert (< 2 (str.len s_2)))
(assert (< 1 (str.len s_2)))
(assert (< 0 (str.len s_2)))



======================
(define-fun s_2 () String
  "ABCDEFGHIJ")
(define-fun c_1 () String
  "KL")
Returned solutions: 
(define-fun s_2 () String  "ABCDEFGHIJ")
(define-fun c_1 () String  "KL")
*************************************
Satisfiable: true
c_1 => "KL"
s_2 => "ABCDEFGHIJ"
*************************************

numeric PC: constraint # = 10
CONST_9 < Length_0_[10] &&
CONST_8 < Length_0_[10] &&
CONST_7 < Length_0_[10] &&
CONST_6 < Length_0_[10] &&
CONST_5 < Length_0_[10] &&
CONST_4 < Length_0_[10] &&
CONST_3 < Length_0_[10] &&
CONST_2 < Length_0_[10] &&
CONST_1 < Length_0_[10] &&
CONST_0 < Length_0_[10] -> true

### PCs: total:33 sat:33 unsat:0

string analysis: SPC # = 10
(.substring[(s_2_SYMSTRING)(CONST_10)(CONST_9)] equals c_1_SYMSTRING) && (.substring[(s_2_SYMSTRING)(CONST_9)(CONST_8)] notequals c_1_SYMSTRING) && (.substring[(s_2_SYMSTRING)(CONST_8)(CONST_7)] notequals c_1_SYMSTRING) && (.substring[(s_2_SYMSTRING)(CONST_7)(CONST_6)] notequals c_1_SYMSTRING) && (.substring[(s_2_SYMSTRING)(CONST_6)(CONST_5)] notequals c_1_SYMSTRING) && (.substring[(s_2_SYMSTRING)(CONST_5)(CONST_4)] notequals c_1_SYMSTRING) && (.substring[(s_2_SYMSTRING)(CONST_4)(CONST_3)] notequals c_1_SYMSTRING) && (.substring[(s_2_SYMSTRING)(CONST_3)(CONST_2)] notequals c_1_SYMSTRING) && (.substring[(s_2_SYMSTRING)(CONST_2)(CONST_1)] notequals c_1_SYMSTRING) && (.substring[(s_2_SYMSTRING)(CONST_1)(CONST_0)] notequals c_1_SYMSTRING)
NPC constraint # = 10
CONST_9 < Length_0_[10] &&
CONST_8 < Length_0_[10] &&
CONST_7 < Length_0_[10] &&
CONST_6 < Length_0_[10] &&
CONST_5 < Length_0_[10] &&
CONST_4 < Length_0_[10] &&
CONST_3 < Length_0_[10] &&
CONST_2 < Length_0_[10] &&
CONST_1 < Length_0_[10] &&
CONST_0 < Length_0_[10]
$$$$$$$$$$$$$$$$$$$$$$$$$$$$$$$$
Calling Z3str3

current query... 
(declare-const c_1 String)
(declare-const s_2 String)

(assert (= (str.substr s_2 9 (- 10 9)) c_1))
(assert (not (= (str.substr s_2 8 (- 9 8)) c_1)))
(assert (not (= (str.substr s_2 7 (- 8 7)) c_1)))
(assert (not (= (str.substr s_2 6 (- 7 6)) c_1)))
(assert (not (= (str.substr s_2 5 (- 6 5)) c_1)))
(assert (not (= (str.substr s_2 4 (- 5 4)) c_1)))
(assert (not (= (str.substr s_2 3 (- 4 3)) c_1)))
(assert (not (= (str.substr s_2 2 (- 3 2)) c_1)))
(assert (not (= (str.substr s_2 1 (- 2 1)) c_1)))
(assert (not (= (str.substr s_2 0 (- 1 0)) c_1)))
(assert (< 9 (str.len s_2)))
(assert (< 8 (str.len s_2)))
(assert (< 7 (str.len s_2)))
(assert (< 6 (str.len s_2)))
(assert (< 5 (str.len s_2)))
(assert (< 4 (str.len s_2)))
(assert (< 3 (str.len s_2)))
(assert (< 2 (str.len s_2)))
(assert (< 1 (str.len s_2)))
(assert (< 0 (str.len s_2)))



======================
(define-fun s_2 () String
  "JAIHGFEDBC")
(define-fun c_1 () String
  "C")
Returned solutions: 
(define-fun s_2 () String  "JAIHGFEDBC")
(define-fun c_1 () String  "C")
*************************************
Satisfiable: true
c_1 => "C"
s_2 => "JAIHGFEDBC"
*************************************

New sym int Length_1_ min=0, max=30
numeric PC: constraint # = 11
CONST_10 >= Length_1_ &&
CONST_9 < Length_0_ &&
CONST_8 < Length_0_ &&
CONST_7 < Length_0_ &&
CONST_6 < Length_0_ &&
CONST_5 < Length_0_ &&
CONST_4 < Length_0_ &&
CONST_3 < Length_0_ &&
CONST_2 < Length_0_ &&
CONST_1 < Length_0_ &&
CONST_0 < Length_0_ -> true

### PCs: total:34 sat:34 unsat:0

string analysis: SPC # = 10
(.substring[(s_2_SYMSTRING)(CONST_10)(CONST_9)] equals c_1_SYMSTRING) && (.substring[(s_2_SYMSTRING)(CONST_9)(CONST_8)] notequals c_1_SYMSTRING) && (.substring[(s_2_SYMSTRING)(CONST_8)(CONST_7)] notequals c_1_SYMSTRING) && (.substring[(s_2_SYMSTRING)(CONST_7)(CONST_6)] notequals c_1_SYMSTRING) && (.substring[(s_2_SYMSTRING)(CONST_6)(CONST_5)] notequals c_1_SYMSTRING) && (.substring[(s_2_SYMSTRING)(CONST_5)(CONST_4)] notequals c_1_SYMSTRING) && (.substring[(s_2_SYMSTRING)(CONST_4)(CONST_3)] notequals c_1_SYMSTRING) && (.substring[(s_2_SYMSTRING)(CONST_3)(CONST_2)] notequals c_1_SYMSTRING) && (.substring[(s_2_SYMSTRING)(CONST_2)(CONST_1)] notequals c_1_SYMSTRING) && (.substring[(s_2_SYMSTRING)(CONST_1)(CONST_0)] notequals c_1_SYMSTRING)
NPC constraint # = 11
CONST_10 >= Length_1_ &&
CONST_9 < Length_0_ &&
CONST_8 < Length_0_ &&
CONST_7 < Length_0_ &&
CONST_6 < Length_0_ &&
CONST_5 < Length_0_ &&
CONST_4 < Length_0_ &&
CONST_3 < Length_0_ &&
CONST_2 < Length_0_ &&
CONST_1 < Length_0_ &&
CONST_0 < Length_0_
$$$$$$$$$$$$$$$$$$$$$$$$$$$$$$$$
Calling Z3str3

current query... 
(declare-const c_1 String)
(declare-const s_2 String)

(assert (= (str.substr s_2 9 (- 10 9)) c_1))
(assert (not (= (str.substr s_2 8 (- 9 8)) c_1)))
(assert (not (= (str.substr s_2 7 (- 8 7)) c_1)))
(assert (not (= (str.substr s_2 6 (- 7 6)) c_1)))
(assert (not (= (str.substr s_2 5 (- 6 5)) c_1)))
(assert (not (= (str.substr s_2 4 (- 5 4)) c_1)))
(assert (not (= (str.substr s_2 3 (- 4 3)) c_1)))
(assert (not (= (str.substr s_2 2 (- 3 2)) c_1)))
(assert (not (= (str.substr s_2 1 (- 2 1)) c_1)))
(assert (not (= (str.substr s_2 0 (- 1 0)) c_1)))
(assert (>= 10 (str.len (str.++ (str.substr s_2 0 (- 9 0)) (str.substr s_2 10(- (str.len s_2) 10))))))
(assert (< 9 (str.len s_2)))
(assert (< 8 (str.len s_2)))
(assert (< 7 (str.len s_2)))
(assert (< 6 (str.len s_2)))
(assert (< 5 (str.len s_2)))
(assert (< 4 (str.len s_2)))
(assert (< 3 (str.len s_2)))
(assert (< 2 (str.len s_2)))
(assert (< 1 (str.len s_2)))
(assert (< 0 (str.len s_2)))



======================
(define-fun s_2 () String
  "JIBAHGFEDCK")
(define-fun c_1 () String
  "C")
Returned solutions: 
(define-fun s_2 () String  "JIBAHGFEDCK")
(define-fun c_1 () String  "C")
*************************************
Satisfiable: true
c_1 => "C"
s_2 => "JIBAHGFEDCK"
*************************************

numeric PC: constraint # = 11
CONST_10 < Length_1_ &&
CONST_9 < Length_0_ &&
CONST_8 < Length_0_ &&
CONST_7 < Length_0_ &&
CONST_6 < Length_0_ &&
CONST_5 < Length_0_ &&
CONST_4 < Length_0_ &&
CONST_3 < Length_0_ &&
CONST_2 < Length_0_ &&
CONST_1 < Length_0_ &&
CONST_0 < Length_0_ -> true

### PCs: total:35 sat:35 unsat:0

string analysis: SPC # = 10
(.substring[(s_2_SYMSTRING)(CONST_10)(CONST_9)] equals c_1_SYMSTRING) && (.substring[(s_2_SYMSTRING)(CONST_9)(CONST_8)] notequals c_1_SYMSTRING) && (.substring[(s_2_SYMSTRING)(CONST_8)(CONST_7)] notequals c_1_SYMSTRING) && (.substring[(s_2_SYMSTRING)(CONST_7)(CONST_6)] notequals c_1_SYMSTRING) && (.substring[(s_2_SYMSTRING)(CONST_6)(CONST_5)] notequals c_1_SYMSTRING) && (.substring[(s_2_SYMSTRING)(CONST_5)(CONST_4)] notequals c_1_SYMSTRING) && (.substring[(s_2_SYMSTRING)(CONST_4)(CONST_3)] notequals c_1_SYMSTRING) && (.substring[(s_2_SYMSTRING)(CONST_3)(CONST_2)] notequals c_1_SYMSTRING) && (.substring[(s_2_SYMSTRING)(CONST_2)(CONST_1)] notequals c_1_SYMSTRING) && (.substring[(s_2_SYMSTRING)(CONST_1)(CONST_0)] notequals c_1_SYMSTRING)
NPC constraint # = 11
CONST_10 < Length_1_ &&
CONST_9 < Length_0_ &&
CONST_8 < Length_0_ &&
CONST_7 < Length_0_ &&
CONST_6 < Length_0_ &&
CONST_5 < Length_0_ &&
CONST_4 < Length_0_ &&
CONST_3 < Length_0_ &&
CONST_2 < Length_0_ &&
CONST_1 < Length_0_ &&
CONST_0 < Length_0_
$$$$$$$$$$$$$$$$$$$$$$$$$$$$$$$$
Calling Z3str3

current query... 
(declare-const c_1 String)
(declare-const s_2 String)

(assert (= (str.substr s_2 9 (- 10 9)) c_1))
(assert (not (= (str.substr s_2 8 (- 9 8)) c_1)))
(assert (not (= (str.substr s_2 7 (- 8 7)) c_1)))
(assert (not (= (str.substr s_2 6 (- 7 6)) c_1)))
(assert (not (= (str.substr s_2 5 (- 6 5)) c_1)))
(assert (not (= (str.substr s_2 4 (- 5 4)) c_1)))
(assert (not (= (str.substr s_2 3 (- 4 3)) c_1)))
(assert (not (= (str.substr s_2 2 (- 3 2)) c_1)))
(assert (not (= (str.substr s_2 1 (- 2 1)) c_1)))
(assert (not (= (str.substr s_2 0 (- 1 0)) c_1)))
(assert (< 10 (str.len (str.++ (str.substr s_2 0 (- 9 0)) (str.substr s_2 10(- (str.len s_2) 10))))))
(assert (< 9 (str.len s_2)))
(assert (< 8 (str.len s_2)))
(assert (< 7 (str.len s_2)))
(assert (< 6 (str.len s_2)))
(assert (< 5 (str.len s_2)))
(assert (< 4 (str.len s_2)))
(assert (< 3 (str.len s_2)))
(assert (< 2 (str.len s_2)))
(assert (< 1 (str.len s_2)))
(assert (< 0 (str.len s_2)))



======================
(define-fun s_2 () String
  "JBIHGFEDACKLM")
(define-fun c_1 () String
  "C")
Returned solutions: 
(define-fun s_2 () String  "JBIHGFEDACKLM")
(define-fun c_1 () String  "C")
*************************************
Satisfiable: true
c_1 => "C"
s_2 => "JBIHGFEDACKLM"
*************************************


====================================================== search constraint
depth limit reached: 23

====================================================== snapshot 
thread java.lang.Thread:{id:0,name:main,status:RUNNING,priority:5,isDaemon:false,lockCount:0,suspendCount:0}
  call stack:
	at strings.StringSearch.search_2(StringSearch.java:29)
	at strings.StringSearch.main(StringSearch.java:8)

numeric PC: constraint # = 11
CONST_10 < Length_1_ &&
CONST_9 < Length_0_ &&
CONST_8 < Length_0_ &&
CONST_7 < Length_0_ &&
CONST_6 < Length_0_ &&
CONST_5 < Length_0_ &&
CONST_4 < Length_0_ &&
CONST_3 < Length_0_ &&
CONST_2 < Length_0_ &&
CONST_1 < Length_0_ &&
CONST_0 < Length_0_ -> true

string analysis: SPC # = 10
(.substring[(s_2_SYMSTRING)(CONST_10)(CONST_9)] equals c_1_SYMSTRING) && (.substring[(s_2_SYMSTRING)(CONST_9)(CONST_8)] notequals c_1_SYMSTRING) && (.substring[(s_2_SYMSTRING)(CONST_8)(CONST_7)] notequals c_1_SYMSTRING) && (.substring[(s_2_SYMSTRING)(CONST_7)(CONST_6)] notequals c_1_SYMSTRING) && (.substring[(s_2_SYMSTRING)(CONST_6)(CONST_5)] notequals c_1_SYMSTRING) && (.substring[(s_2_SYMSTRING)(CONST_5)(CONST_4)] notequals c_1_SYMSTRING) && (.substring[(s_2_SYMSTRING)(CONST_4)(CONST_3)] notequals c_1_SYMSTRING) && (.substring[(s_2_SYMSTRING)(CONST_3)(CONST_2)] notequals c_1_SYMSTRING) && (.substring[(s_2_SYMSTRING)(CONST_2)(CONST_1)] notequals c_1_SYMSTRING) && (.substring[(s_2_SYMSTRING)(CONST_1)(CONST_0)] notequals c_1_SYMSTRING)
NPC constraint # = 11
CONST_10 < Length_1_[11] &&
CONST_9 < Length_0_[10] &&
CONST_8 < Length_0_[10] &&
CONST_7 < Length_0_[10] &&
CONST_6 < Length_0_[10] &&
CONST_5 < Length_0_[10] &&
CONST_4 < Length_0_[10] &&
CONST_3 < Length_0_[10] &&
CONST_2 < Length_0_[10] &&
CONST_1 < Length_0_[10] &&
CONST_0 < Length_0_[10]
$$$$$$$$$$$$$$$$$$$$$$$$$$$$$$$$
Calling Z3str3

current query... 
(declare-const c_1 String)
(declare-const s_2 String)

(assert (= (str.substr s_2 9 (- 10 9)) c_1))
(assert (not (= (str.substr s_2 8 (- 9 8)) c_1)))
(assert (not (= (str.substr s_2 7 (- 8 7)) c_1)))
(assert (not (= (str.substr s_2 6 (- 7 6)) c_1)))
(assert (not (= (str.substr s_2 5 (- 6 5)) c_1)))
(assert (not (= (str.substr s_2 4 (- 5 4)) c_1)))
(assert (not (= (str.substr s_2 3 (- 4 3)) c_1)))
(assert (not (= (str.substr s_2 2 (- 3 2)) c_1)))
(assert (not (= (str.substr s_2 1 (- 2 1)) c_1)))
(assert (not (= (str.substr s_2 0 (- 1 0)) c_1)))
(assert (< 10 (str.len (str.++ (str.substr s_2 0 (- 9 0)) (str.substr s_2 10(- (str.len s_2) 10))))))
(assert (< 9 (str.len s_2)))
(assert (< 8 (str.len s_2)))
(assert (< 7 (str.len s_2)))
(assert (< 6 (str.len s_2)))
(assert (< 5 (str.len s_2)))
(assert (< 4 (str.len s_2)))
(assert (< 3 (str.len s_2)))
(assert (< 2 (str.len s_2)))
(assert (< 1 (str.len s_2)))
(assert (< 0 (str.len s_2)))



======================
(define-fun s_2 () String
  "JBIHGFEDACKLM")
(define-fun c_1 () String
  "C")
Returned solutions: 
(define-fun s_2 () String  "JBIHGFEDACKLM")
(define-fun c_1 () String  "C")
*************************************
Satisfiable: true
c_1 => "C"
s_2 => "JBIHGFEDACKLM"
*************************************

Symbolic Exp [ .substring[(s_2_SYMSTRING[**UNDEFINED**])(CONST_9)(CONST_0)].concat(.substring[(s_2_SYMSTRING[**UNDEFINED**])(CONST_10)])]
test This is a tttest haystack string for testing.
0
114514
0

====================================================== search constraint
depth limit reached: 23

====================================================== snapshot 
no live threads
numeric PC: constraint # = 11
CONST_10 >= Length_1_ &&
CONST_9 < Length_0_ &&
CONST_8 < Length_0_ &&
CONST_7 < Length_0_ &&
CONST_6 < Length_0_ &&
CONST_5 < Length_0_ &&
CONST_4 < Length_0_ &&
CONST_3 < Length_0_ &&
CONST_2 < Length_0_ &&
CONST_1 < Length_0_ &&
CONST_0 < Length_0_ -> true

string analysis: SPC # = 10
(.substring[(s_2_SYMSTRING[**UNDEFINED**])(CONST_10)(CONST_9)] equals c_1_SYMSTRING[**UNDEFINED**]) && (.substring[(s_2_SYMSTRING[**UNDEFINED**])(CONST_9)(CONST_8)] notequals c_1_SYMSTRING[**UNDEFINED**]) && (.substring[(s_2_SYMSTRING[**UNDEFINED**])(CONST_8)(CONST_7)] notequals c_1_SYMSTRING[**UNDEFINED**]) && (.substring[(s_2_SYMSTRING[**UNDEFINED**])(CONST_7)(CONST_6)] notequals c_1_SYMSTRING[**UNDEFINED**]) && (.substring[(s_2_SYMSTRING[**UNDEFINED**])(CONST_6)(CONST_5)] notequals c_1_SYMSTRING[**UNDEFINED**]) && (.substring[(s_2_SYMSTRING[**UNDEFINED**])(CONST_5)(CONST_4)] notequals c_1_SYMSTRING[**UNDEFINED**]) && (.substring[(s_2_SYMSTRING[**UNDEFINED**])(CONST_4)(CONST_3)] notequals c_1_SYMSTRING[**UNDEFINED**]) && (.substring[(s_2_SYMSTRING[**UNDEFINED**])(CONST_3)(CONST_2)] notequals c_1_SYMSTRING[**UNDEFINED**]) && (.substring[(s_2_SYMSTRING[**UNDEFINED**])(CONST_2)(CONST_1)] notequals c_1_SYMSTRING[**UNDEFINED**]) && (.substring[(s_2_SYMSTRING[**UNDEFINED**])(CONST_1)(CONST_0)] notequals c_1_SYMSTRING[**UNDEFINED**])
NPC constraint # = 11
CONST_10 >= Length_1_[0] &&
CONST_9 < Length_0_[10] &&
CONST_8 < Length_0_[10] &&
CONST_7 < Length_0_[10] &&
CONST_6 < Length_0_[10] &&
CONST_5 < Length_0_[10] &&
CONST_4 < Length_0_[10] &&
CONST_3 < Length_0_[10] &&
CONST_2 < Length_0_[10] &&
CONST_1 < Length_0_[10] &&
CONST_0 < Length_0_[10]
$$$$$$$$$$$$$$$$$$$$$$$$$$$$$$$$
Calling Z3str3

current query... 
(declare-const c_1 String)
(declare-const s_2 String)

(assert (= (str.substr s_2 9 (- 10 9)) c_1))
(assert (not (= (str.substr s_2 8 (- 9 8)) c_1)))
(assert (not (= (str.substr s_2 7 (- 8 7)) c_1)))
(assert (not (= (str.substr s_2 6 (- 7 6)) c_1)))
(assert (not (= (str.substr s_2 5 (- 6 5)) c_1)))
(assert (not (= (str.substr s_2 4 (- 5 4)) c_1)))
(assert (not (= (str.substr s_2 3 (- 4 3)) c_1)))
(assert (not (= (str.substr s_2 2 (- 3 2)) c_1)))
(assert (not (= (str.substr s_2 1 (- 2 1)) c_1)))
(assert (not (= (str.substr s_2 0 (- 1 0)) c_1)))
(assert (>= 10 (str.len (str.++ (str.substr s_2 0 (- 9 0)) (str.substr s_2 10(- (str.len s_2) 10))))))
(assert (< 9 (str.len s_2)))
(assert (< 8 (str.len s_2)))
(assert (< 7 (str.len s_2)))
(assert (< 6 (str.len s_2)))
(assert (< 5 (str.len s_2)))
(assert (< 4 (str.len s_2)))
(assert (< 3 (str.len s_2)))
(assert (< 2 (str.len s_2)))
(assert (< 1 (str.len s_2)))
(assert (< 0 (str.len s_2)))



======================
(define-fun s_2 () String
  "JIBAHGFEDCK")
(define-fun c_1 () String
  "C")
Returned solutions: 
(define-fun s_2 () String  "JIBAHGFEDCK")
(define-fun c_1 () String  "C")
*************************************
Satisfiable: true
c_1 => "C"
s_2 => "JIBAHGFEDCK"
*************************************

numeric PC: constraint # = 10
CONST_9 < Length_0_[10] &&
CONST_8 < Length_0_[10] &&
CONST_7 < Length_0_[10] &&
CONST_6 < Length_0_[10] &&
CONST_5 < Length_0_[10] &&
CONST_4 < Length_0_[10] &&
CONST_3 < Length_0_[10] &&
CONST_2 < Length_0_[10] &&
CONST_1 < Length_0_[10] &&
CONST_0 < Length_0_[10] -> true

string analysis: SPC # = 10
(.substring[(s_2_SYMSTRING[**UNDEFINED**])(CONST_10)(CONST_9)] equals c_1_SYMSTRING[**UNDEFINED**]) && (.substring[(s_2_SYMSTRING[**UNDEFINED**])(CONST_9)(CONST_8)] notequals c_1_SYMSTRING[**UNDEFINED**]) && (.substring[(s_2_SYMSTRING[**UNDEFINED**])(CONST_8)(CONST_7)] notequals c_1_SYMSTRING[**UNDEFINED**]) && (.substring[(s_2_SYMSTRING[**UNDEFINED**])(CONST_7)(CONST_6)] notequals c_1_SYMSTRING[**UNDEFINED**]) && (.substring[(s_2_SYMSTRING[**UNDEFINED**])(CONST_6)(CONST_5)] notequals c_1_SYMSTRING[**UNDEFINED**]) && (.substring[(s_2_SYMSTRING[**UNDEFINED**])(CONST_5)(CONST_4)] notequals c_1_SYMSTRING[**UNDEFINED**]) && (.substring[(s_2_SYMSTRING[**UNDEFINED**])(CONST_4)(CONST_3)] notequals c_1_SYMSTRING[**UNDEFINED**]) && (.substring[(s_2_SYMSTRING[**UNDEFINED**])(CONST_3)(CONST_2)] notequals c_1_SYMSTRING[**UNDEFINED**]) && (.substring[(s_2_SYMSTRING[**UNDEFINED**])(CONST_2)(CONST_1)] notequals c_1_SYMSTRING[**UNDEFINED**]) && (.substring[(s_2_SYMSTRING[**UNDEFINED**])(CONST_1)(CONST_0)] notequals c_1_SYMSTRING[**UNDEFINED**])
NPC constraint # = 10
CONST_9 < Length_0_[10] &&
CONST_8 < Length_0_[10] &&
CONST_7 < Length_0_[10] &&
CONST_6 < Length_0_[10] &&
CONST_5 < Length_0_[10] &&
CONST_4 < Length_0_[10] &&
CONST_3 < Length_0_[10] &&
CONST_2 < Length_0_[10] &&
CONST_1 < Length_0_[10] &&
CONST_0 < Length_0_[10]
$$$$$$$$$$$$$$$$$$$$$$$$$$$$$$$$
Calling Z3str3

current query... 
(declare-const c_1 String)
(declare-const s_2 String)

(assert (= (str.substr s_2 9 (- 10 9)) c_1))
(assert (not (= (str.substr s_2 8 (- 9 8)) c_1)))
(assert (not (= (str.substr s_2 7 (- 8 7)) c_1)))
(assert (not (= (str.substr s_2 6 (- 7 6)) c_1)))
(assert (not (= (str.substr s_2 5 (- 6 5)) c_1)))
(assert (not (= (str.substr s_2 4 (- 5 4)) c_1)))
(assert (not (= (str.substr s_2 3 (- 4 3)) c_1)))
(assert (not (= (str.substr s_2 2 (- 3 2)) c_1)))
(assert (not (= (str.substr s_2 1 (- 2 1)) c_1)))
(assert (not (= (str.substr s_2 0 (- 1 0)) c_1)))
(assert (< 9 (str.len s_2)))
(assert (< 8 (str.len s_2)))
(assert (< 7 (str.len s_2)))
(assert (< 6 (str.len s_2)))
(assert (< 5 (str.len s_2)))
(assert (< 4 (str.len s_2)))
(assert (< 3 (str.len s_2)))
(assert (< 2 (str.len s_2)))
(assert (< 1 (str.len s_2)))
(assert (< 0 (str.len s_2)))



======================
(define-fun s_2 () String
  "JAIHGFEDBC")
(define-fun c_1 () String
  "C")
Returned solutions: 
(define-fun s_2 () String  "JAIHGFEDBC")
(define-fun c_1 () String  "C")
*************************************
Satisfiable: true
c_1 => "C"
s_2 => "JAIHGFEDBC"
*************************************

numeric PC: constraint # = 10
CONST_9 < Length_0_[10] &&
CONST_8 < Length_0_[10] &&
CONST_7 < Length_0_[10] &&
CONST_6 < Length_0_[10] &&
CONST_5 < Length_0_[10] &&
CONST_4 < Length_0_[10] &&
CONST_3 < Length_0_[10] &&
CONST_2 < Length_0_[10] &&
CONST_1 < Length_0_[10] &&
CONST_0 < Length_0_[10] -> true

string analysis: SPC # = 9
(.substring[(s_2_SYMSTRING[**UNDEFINED**])(CONST_9)(CONST_8)] notequals c_1_SYMSTRING[**UNDEFINED**]) && (.substring[(s_2_SYMSTRING[**UNDEFINED**])(CONST_8)(CONST_7)] notequals c_1_SYMSTRING[**UNDEFINED**]) && (.substring[(s_2_SYMSTRING[**UNDEFINED**])(CONST_7)(CONST_6)] notequals c_1_SYMSTRING[**UNDEFINED**]) && (.substring[(s_2_SYMSTRING[**UNDEFINED**])(CONST_6)(CONST_5)] notequals c_1_SYMSTRING[**UNDEFINED**]) && (.substring[(s_2_SYMSTRING[**UNDEFINED**])(CONST_5)(CONST_4)] notequals c_1_SYMSTRING[**UNDEFINED**]) && (.substring[(s_2_SYMSTRING[**UNDEFINED**])(CONST_4)(CONST_3)] notequals c_1_SYMSTRING[**UNDEFINED**]) && (.substring[(s_2_SYMSTRING[**UNDEFINED**])(CONST_3)(CONST_2)] notequals c_1_SYMSTRING[**UNDEFINED**]) && (.substring[(s_2_SYMSTRING[**UNDEFINED**])(CONST_2)(CONST_1)] notequals c_1_SYMSTRING[**UNDEFINED**]) && (.substring[(s_2_SYMSTRING[**UNDEFINED**])(CONST_1)(CONST_0)] notequals c_1_SYMSTRING[**UNDEFINED**])
NPC constraint # = 10
CONST_9 < Length_0_[10] &&
CONST_8 < Length_0_[10] &&
CONST_7 < Length_0_[10] &&
CONST_6 < Length_0_[10] &&
CONST_5 < Length_0_[10] &&
CONST_4 < Length_0_[10] &&
CONST_3 < Length_0_[10] &&
CONST_2 < Length_0_[10] &&
CONST_1 < Length_0_[10] &&
CONST_0 < Length_0_[10]
$$$$$$$$$$$$$$$$$$$$$$$$$$$$$$$$
Calling Z3str3

current query... 
(declare-const c_1 String)
(declare-const s_2 String)

(assert (not (= (str.substr s_2 8 (- 9 8)) c_1)))
(assert (not (= (str.substr s_2 7 (- 8 7)) c_1)))
(assert (not (= (str.substr s_2 6 (- 7 6)) c_1)))
(assert (not (= (str.substr s_2 5 (- 6 5)) c_1)))
(assert (not (= (str.substr s_2 4 (- 5 4)) c_1)))
(assert (not (= (str.substr s_2 3 (- 4 3)) c_1)))
(assert (not (= (str.substr s_2 2 (- 3 2)) c_1)))
(assert (not (= (str.substr s_2 1 (- 2 1)) c_1)))
(assert (not (= (str.substr s_2 0 (- 1 0)) c_1)))
(assert (< 9 (str.len s_2)))
(assert (< 8 (str.len s_2)))
(assert (< 7 (str.len s_2)))
(assert (< 6 (str.len s_2)))
(assert (< 5 (str.len s_2)))
(assert (< 4 (str.len s_2)))
(assert (< 3 (str.len s_2)))
(assert (< 2 (str.len s_2)))
(assert (< 1 (str.len s_2)))
(assert (< 0 (str.len s_2)))



======================
(define-fun s_2 () String
  "BCDEFAGHIJ")
(define-fun c_1 () String
  "KL")
Returned solutions: 
(define-fun s_2 () String  "BCDEFAGHIJ")
(define-fun c_1 () String  "KL")
*************************************
Satisfiable: true
c_1 => "KL"
s_2 => "BCDEFAGHIJ"
*************************************

Symbolic Exp [ s_2_SYMSTRING[**UNDEFINED**]]
test This is a tttest haystack string for testing.
0
114514
0
numeric PC: constraint # = 10
CONST_9 >= Length_0_ &&
CONST_8 < Length_0_ &&
CONST_7 < Length_0_ &&
CONST_6 < Length_0_ &&
CONST_5 < Length_0_ &&
CONST_4 < Length_0_ &&
CONST_3 < Length_0_ &&
CONST_2 < Length_0_ &&
CONST_1 < Length_0_ &&
CONST_0 < Length_0_ -> true

string analysis: SPC # = 9
(.substring[(s_2_SYMSTRING[**UNDEFINED**])(CONST_9)(CONST_8)] notequals c_1_SYMSTRING[**UNDEFINED**]) && (.substring[(s_2_SYMSTRING[**UNDEFINED**])(CONST_8)(CONST_7)] notequals c_1_SYMSTRING[**UNDEFINED**]) && (.substring[(s_2_SYMSTRING[**UNDEFINED**])(CONST_7)(CONST_6)] notequals c_1_SYMSTRING[**UNDEFINED**]) && (.substring[(s_2_SYMSTRING[**UNDEFINED**])(CONST_6)(CONST_5)] notequals c_1_SYMSTRING[**UNDEFINED**]) && (.substring[(s_2_SYMSTRING[**UNDEFINED**])(CONST_5)(CONST_4)] notequals c_1_SYMSTRING[**UNDEFINED**]) && (.substring[(s_2_SYMSTRING[**UNDEFINED**])(CONST_4)(CONST_3)] notequals c_1_SYMSTRING[**UNDEFINED**]) && (.substring[(s_2_SYMSTRING[**UNDEFINED**])(CONST_3)(CONST_2)] notequals c_1_SYMSTRING[**UNDEFINED**]) && (.substring[(s_2_SYMSTRING[**UNDEFINED**])(CONST_2)(CONST_1)] notequals c_1_SYMSTRING[**UNDEFINED**]) && (.substring[(s_2_SYMSTRING[**UNDEFINED**])(CONST_1)(CONST_0)] notequals c_1_SYMSTRING[**UNDEFINED**])
NPC constraint # = 10
CONST_9 >= Length_0_[9] &&
CONST_8 < Length_0_[9] &&
CONST_7 < Length_0_[9] &&
CONST_6 < Length_0_[9] &&
CONST_5 < Length_0_[9] &&
CONST_4 < Length_0_[9] &&
CONST_3 < Length_0_[9] &&
CONST_2 < Length_0_[9] &&
CONST_1 < Length_0_[9] &&
CONST_0 < Length_0_[9]
$$$$$$$$$$$$$$$$$$$$$$$$$$$$$$$$
Calling Z3str3

current query... 
(declare-const c_1 String)
(declare-const s_2 String)

(assert (not (= (str.substr s_2 8 (- 9 8)) c_1)))
(assert (not (= (str.substr s_2 7 (- 8 7)) c_1)))
(assert (not (= (str.substr s_2 6 (- 7 6)) c_1)))
(assert (not (= (str.substr s_2 5 (- 6 5)) c_1)))
(assert (not (= (str.substr s_2 4 (- 5 4)) c_1)))
(assert (not (= (str.substr s_2 3 (- 4 3)) c_1)))
(assert (not (= (str.substr s_2 2 (- 3 2)) c_1)))
(assert (not (= (str.substr s_2 1 (- 2 1)) c_1)))
(assert (not (= (str.substr s_2 0 (- 1 0)) c_1)))
(assert (>= 9 (str.len s_2)))
(assert (< 8 (str.len s_2)))
(assert (< 7 (str.len s_2)))
(assert (< 6 (str.len s_2)))
(assert (< 5 (str.len s_2)))
(assert (< 4 (str.len s_2)))
(assert (< 3 (str.len s_2)))
(assert (< 2 (str.len s_2)))
(assert (< 1 (str.len s_2)))
(assert (< 0 (str.len s_2)))



======================
(define-fun s_2 () String
  "ABCDEFGHI")
(define-fun c_1 () String
  "")
Returned solutions: 
(define-fun s_2 () String  "ABCDEFGHI")
(define-fun c_1 () String  "")
*************************************
Satisfiable: true
c_1 => ""
s_2 => "ABCDEFGHI"
*************************************

numeric PC: constraint # = 9
CONST_8 < Length_0_[9] &&
CONST_7 < Length_0_[9] &&
CONST_6 < Length_0_[9] &&
CONST_5 < Length_0_[9] &&
CONST_4 < Length_0_[9] &&
CONST_3 < Length_0_[9] &&
CONST_2 < Length_0_[9] &&
CONST_1 < Length_0_[9] &&
CONST_0 < Length_0_[9] -> true

string analysis: SPC # = 9
(.substring[(s_2_SYMSTRING[**UNDEFINED**])(CONST_9)(CONST_8)] notequals c_1_SYMSTRING[**UNDEFINED**]) && (.substring[(s_2_SYMSTRING[**UNDEFINED**])(CONST_8)(CONST_7)] notequals c_1_SYMSTRING[**UNDEFINED**]) && (.substring[(s_2_SYMSTRING[**UNDEFINED**])(CONST_7)(CONST_6)] notequals c_1_SYMSTRING[**UNDEFINED**]) && (.substring[(s_2_SYMSTRING[**UNDEFINED**])(CONST_6)(CONST_5)] notequals c_1_SYMSTRING[**UNDEFINED**]) && (.substring[(s_2_SYMSTRING[**UNDEFINED**])(CONST_5)(CONST_4)] notequals c_1_SYMSTRING[**UNDEFINED**]) && (.substring[(s_2_SYMSTRING[**UNDEFINED**])(CONST_4)(CONST_3)] notequals c_1_SYMSTRING[**UNDEFINED**]) && (.substring[(s_2_SYMSTRING[**UNDEFINED**])(CONST_3)(CONST_2)] notequals c_1_SYMSTRING[**UNDEFINED**]) && (.substring[(s_2_SYMSTRING[**UNDEFINED**])(CONST_2)(CONST_1)] notequals c_1_SYMSTRING[**UNDEFINED**]) && (.substring[(s_2_SYMSTRING[**UNDEFINED**])(CONST_1)(CONST_0)] notequals c_1_SYMSTRING[**UNDEFINED**])
NPC constraint # = 9
CONST_8 < Length_0_[9] &&
CONST_7 < Length_0_[9] &&
CONST_6 < Length_0_[9] &&
CONST_5 < Length_0_[9] &&
CONST_4 < Length_0_[9] &&
CONST_3 < Length_0_[9] &&
CONST_2 < Length_0_[9] &&
CONST_1 < Length_0_[9] &&
CONST_0 < Length_0_[9]
$$$$$$$$$$$$$$$$$$$$$$$$$$$$$$$$
Calling Z3str3

current query... 
(declare-const c_1 String)
(declare-const s_2 String)

(assert (not (= (str.substr s_2 8 (- 9 8)) c_1)))
(assert (not (= (str.substr s_2 7 (- 8 7)) c_1)))
(assert (not (= (str.substr s_2 6 (- 7 6)) c_1)))
(assert (not (= (str.substr s_2 5 (- 6 5)) c_1)))
(assert (not (= (str.substr s_2 4 (- 5 4)) c_1)))
(assert (not (= (str.substr s_2 3 (- 4 3)) c_1)))
(assert (not (= (str.substr s_2 2 (- 3 2)) c_1)))
(assert (not (= (str.substr s_2 1 (- 2 1)) c_1)))
(assert (not (= (str.substr s_2 0 (- 1 0)) c_1)))
(assert (< 8 (str.len s_2)))
(assert (< 7 (str.len s_2)))
(assert (< 6 (str.len s_2)))
(assert (< 5 (str.len s_2)))
(assert (< 4 (str.len s_2)))
(assert (< 3 (str.len s_2)))
(assert (< 2 (str.len s_2)))
(assert (< 1 (str.len s_2)))
(assert (< 0 (str.len s_2)))



======================
(define-fun s_2 () String
  "ABCDEFGHI")
(define-fun c_1 () String
  "JK")
Returned solutions: 
(define-fun s_2 () String  "ABCDEFGHI")
(define-fun c_1 () String  "JK")
*************************************
Satisfiable: true
c_1 => "JK"
s_2 => "ABCDEFGHI"
*************************************

numeric PC: constraint # = 9
CONST_8 < Length_0_[9] &&
CONST_7 < Length_0_[9] &&
CONST_6 < Length_0_[9] &&
CONST_5 < Length_0_[9] &&
CONST_4 < Length_0_[9] &&
CONST_3 < Length_0_[9] &&
CONST_2 < Length_0_[9] &&
CONST_1 < Length_0_[9] &&
CONST_0 < Length_0_[9] -> true

### PCs: total:36 sat:36 unsat:0

string analysis: SPC # = 9
(.substring[(s_2_SYMSTRING)(CONST_9)(CONST_8)] equals c_1_SYMSTRING) && (.substring[(s_2_SYMSTRING)(CONST_8)(CONST_7)] notequals c_1_SYMSTRING) && (.substring[(s_2_SYMSTRING)(CONST_7)(CONST_6)] notequals c_1_SYMSTRING) && (.substring[(s_2_SYMSTRING)(CONST_6)(CONST_5)] notequals c_1_SYMSTRING) && (.substring[(s_2_SYMSTRING)(CONST_5)(CONST_4)] notequals c_1_SYMSTRING) && (.substring[(s_2_SYMSTRING)(CONST_4)(CONST_3)] notequals c_1_SYMSTRING) && (.substring[(s_2_SYMSTRING)(CONST_3)(CONST_2)] notequals c_1_SYMSTRING) && (.substring[(s_2_SYMSTRING)(CONST_2)(CONST_1)] notequals c_1_SYMSTRING) && (.substring[(s_2_SYMSTRING)(CONST_1)(CONST_0)] notequals c_1_SYMSTRING)
NPC constraint # = 9
CONST_8 < Length_0_[9] &&
CONST_7 < Length_0_[9] &&
CONST_6 < Length_0_[9] &&
CONST_5 < Length_0_[9] &&
CONST_4 < Length_0_[9] &&
CONST_3 < Length_0_[9] &&
CONST_2 < Length_0_[9] &&
CONST_1 < Length_0_[9] &&
CONST_0 < Length_0_[9]
$$$$$$$$$$$$$$$$$$$$$$$$$$$$$$$$
Calling Z3str3

current query... 
(declare-const c_1 String)
(declare-const s_2 String)

(assert (= (str.substr s_2 8 (- 9 8)) c_1))
(assert (not (= (str.substr s_2 7 (- 8 7)) c_1)))
(assert (not (= (str.substr s_2 6 (- 7 6)) c_1)))
(assert (not (= (str.substr s_2 5 (- 6 5)) c_1)))
(assert (not (= (str.substr s_2 4 (- 5 4)) c_1)))
(assert (not (= (str.substr s_2 3 (- 4 3)) c_1)))
(assert (not (= (str.substr s_2 2 (- 3 2)) c_1)))
(assert (not (= (str.substr s_2 1 (- 2 1)) c_1)))
(assert (not (= (str.substr s_2 0 (- 1 0)) c_1)))
(assert (< 8 (str.len s_2)))
(assert (< 7 (str.len s_2)))
(assert (< 6 (str.len s_2)))
(assert (< 5 (str.len s_2)))
(assert (< 4 (str.len s_2)))
(assert (< 3 (str.len s_2)))
(assert (< 2 (str.len s_2)))
(assert (< 1 (str.len s_2)))
(assert (< 0 (str.len s_2)))



======================
(define-fun s_2 () String
  "IHGFEDCAB")
(define-fun c_1 () String
  "B")
Returned solutions: 
(define-fun s_2 () String  "IHGFEDCAB")
(define-fun c_1 () String  "B")
*************************************
Satisfiable: true
c_1 => "B"
s_2 => "IHGFEDCAB"
*************************************

New sym int Length_2_ min=0, max=30
numeric PC: constraint # = 10
CONST_9 >= Length_2_ &&
CONST_8 < Length_0_ &&
CONST_7 < Length_0_ &&
CONST_6 < Length_0_ &&
CONST_5 < Length_0_ &&
CONST_4 < Length_0_ &&
CONST_3 < Length_0_ &&
CONST_2 < Length_0_ &&
CONST_1 < Length_0_ &&
CONST_0 < Length_0_ -> true

### PCs: total:37 sat:37 unsat:0

string analysis: SPC # = 9
(.substring[(s_2_SYMSTRING)(CONST_9)(CONST_8)] equals c_1_SYMSTRING) && (.substring[(s_2_SYMSTRING)(CONST_8)(CONST_7)] notequals c_1_SYMSTRING) && (.substring[(s_2_SYMSTRING)(CONST_7)(CONST_6)] notequals c_1_SYMSTRING) && (.substring[(s_2_SYMSTRING)(CONST_6)(CONST_5)] notequals c_1_SYMSTRING) && (.substring[(s_2_SYMSTRING)(CONST_5)(CONST_4)] notequals c_1_SYMSTRING) && (.substring[(s_2_SYMSTRING)(CONST_4)(CONST_3)] notequals c_1_SYMSTRING) && (.substring[(s_2_SYMSTRING)(CONST_3)(CONST_2)] notequals c_1_SYMSTRING) && (.substring[(s_2_SYMSTRING)(CONST_2)(CONST_1)] notequals c_1_SYMSTRING) && (.substring[(s_2_SYMSTRING)(CONST_1)(CONST_0)] notequals c_1_SYMSTRING)
NPC constraint # = 10
CONST_9 >= Length_2_ &&
CONST_8 < Length_0_ &&
CONST_7 < Length_0_ &&
CONST_6 < Length_0_ &&
CONST_5 < Length_0_ &&
CONST_4 < Length_0_ &&
CONST_3 < Length_0_ &&
CONST_2 < Length_0_ &&
CONST_1 < Length_0_ &&
CONST_0 < Length_0_
$$$$$$$$$$$$$$$$$$$$$$$$$$$$$$$$
Calling Z3str3

current query... 
(declare-const c_1 String)
(declare-const s_2 String)

(assert (= (str.substr s_2 8 (- 9 8)) c_1))
(assert (not (= (str.substr s_2 7 (- 8 7)) c_1)))
(assert (not (= (str.substr s_2 6 (- 7 6)) c_1)))
(assert (not (= (str.substr s_2 5 (- 6 5)) c_1)))
(assert (not (= (str.substr s_2 4 (- 5 4)) c_1)))
(assert (not (= (str.substr s_2 3 (- 4 3)) c_1)))
(assert (not (= (str.substr s_2 2 (- 3 2)) c_1)))
(assert (not (= (str.substr s_2 1 (- 2 1)) c_1)))
(assert (not (= (str.substr s_2 0 (- 1 0)) c_1)))
(assert (>= 9 (str.len (str.++ (str.substr s_2 0 (- 8 0)) (str.substr s_2 9(- (str.len s_2) 9))))))
(assert (< 8 (str.len s_2)))
(assert (< 7 (str.len s_2)))
(assert (< 6 (str.len s_2)))
(assert (< 5 (str.len s_2)))
(assert (< 4 (str.len s_2)))
(assert (< 3 (str.len s_2)))
(assert (< 2 (str.len s_2)))
(assert (< 1 (str.len s_2)))
(assert (< 0 (str.len s_2)))



======================
(define-fun s_2 () String
  "IBAHGFEDC")
(define-fun c_1 () String
  "C")
Returned solutions: 
(define-fun s_2 () String  "IBAHGFEDC")
(define-fun c_1 () String  "C")
*************************************
Satisfiable: true
c_1 => "C"
s_2 => "IBAHGFEDC"
*************************************

numeric PC: constraint # = 10
CONST_9 < Length_2_ &&
CONST_8 < Length_0_ &&
CONST_7 < Length_0_ &&
CONST_6 < Length_0_ &&
CONST_5 < Length_0_ &&
CONST_4 < Length_0_ &&
CONST_3 < Length_0_ &&
CONST_2 < Length_0_ &&
CONST_1 < Length_0_ &&
CONST_0 < Length_0_ -> true

### PCs: total:38 sat:38 unsat:0

string analysis: SPC # = 9
(.substring[(s_2_SYMSTRING)(CONST_9)(CONST_8)] equals c_1_SYMSTRING) && (.substring[(s_2_SYMSTRING)(CONST_8)(CONST_7)] notequals c_1_SYMSTRING) && (.substring[(s_2_SYMSTRING)(CONST_7)(CONST_6)] notequals c_1_SYMSTRING) && (.substring[(s_2_SYMSTRING)(CONST_6)(CONST_5)] notequals c_1_SYMSTRING) && (.substring[(s_2_SYMSTRING)(CONST_5)(CONST_4)] notequals c_1_SYMSTRING) && (.substring[(s_2_SYMSTRING)(CONST_4)(CONST_3)] notequals c_1_SYMSTRING) && (.substring[(s_2_SYMSTRING)(CONST_3)(CONST_2)] notequals c_1_SYMSTRING) && (.substring[(s_2_SYMSTRING)(CONST_2)(CONST_1)] notequals c_1_SYMSTRING) && (.substring[(s_2_SYMSTRING)(CONST_1)(CONST_0)] notequals c_1_SYMSTRING)
NPC constraint # = 10
CONST_9 < Length_2_ &&
CONST_8 < Length_0_ &&
CONST_7 < Length_0_ &&
CONST_6 < Length_0_ &&
CONST_5 < Length_0_ &&
CONST_4 < Length_0_ &&
CONST_3 < Length_0_ &&
CONST_2 < Length_0_ &&
CONST_1 < Length_0_ &&
CONST_0 < Length_0_
$$$$$$$$$$$$$$$$$$$$$$$$$$$$$$$$
Calling Z3str3

current query... 
(declare-const c_1 String)
(declare-const s_2 String)

(assert (= (str.substr s_2 8 (- 9 8)) c_1))
(assert (not (= (str.substr s_2 7 (- 8 7)) c_1)))
(assert (not (= (str.substr s_2 6 (- 7 6)) c_1)))
(assert (not (= (str.substr s_2 5 (- 6 5)) c_1)))
(assert (not (= (str.substr s_2 4 (- 5 4)) c_1)))
(assert (not (= (str.substr s_2 3 (- 4 3)) c_1)))
(assert (not (= (str.substr s_2 2 (- 3 2)) c_1)))
(assert (not (= (str.substr s_2 1 (- 2 1)) c_1)))
(assert (not (= (str.substr s_2 0 (- 1 0)) c_1)))
(assert (< 9 (str.len (str.++ (str.substr s_2 0 (- 8 0)) (str.substr s_2 9(- (str.len s_2) 9))))))
(assert (< 8 (str.len s_2)))
(assert (< 7 (str.len s_2)))
(assert (< 6 (str.len s_2)))
(assert (< 5 (str.len s_2)))
(assert (< 4 (str.len s_2)))
(assert (< 3 (str.len s_2)))
(assert (< 2 (str.len s_2)))
(assert (< 1 (str.len s_2)))
(assert (< 0 (str.len s_2)))



======================
(define-fun s_2 () String
  "IAHGFEDCBJKLMNO")
(define-fun c_1 () String
  "B")
Returned solutions: 
(define-fun s_2 () String  "IAHGFEDCBJKLMNO")
(define-fun c_1 () String  "B")
*************************************
Satisfiable: true
c_1 => "B"
s_2 => "IAHGFEDCBJKLMNO"
*************************************

numeric PC: constraint # = 10
CONST_9 < Length_2_ &&
CONST_8 < Length_0_ &&
CONST_7 < Length_0_ &&
CONST_6 < Length_0_ &&
CONST_5 < Length_0_ &&
CONST_4 < Length_0_ &&
CONST_3 < Length_0_ &&
CONST_2 < Length_0_ &&
CONST_1 < Length_0_ &&
CONST_0 < Length_0_ -> true

### PCs: total:39 sat:39 unsat:0

string analysis: SPC # = 10
(.substring[(.substring[(s_2_SYMSTRING)(CONST_8)(CONST_0)].concat(.substring[(s_2_SYMSTRING)(CONST_9)]))(CONST_10)(CONST_9)] notequals c_1_SYMSTRING) && (.substring[(s_2_SYMSTRING)(CONST_9)(CONST_8)] equals c_1_SYMSTRING) && (.substring[(s_2_SYMSTRING)(CONST_8)(CONST_7)] notequals c_1_SYMSTRING) && (.substring[(s_2_SYMSTRING)(CONST_7)(CONST_6)] notequals c_1_SYMSTRING) && (.substring[(s_2_SYMSTRING)(CONST_6)(CONST_5)] notequals c_1_SYMSTRING) && (.substring[(s_2_SYMSTRING)(CONST_5)(CONST_4)] notequals c_1_SYMSTRING) && (.substring[(s_2_SYMSTRING)(CONST_4)(CONST_3)] notequals c_1_SYMSTRING) && (.substring[(s_2_SYMSTRING)(CONST_3)(CONST_2)] notequals c_1_SYMSTRING) && (.substring[(s_2_SYMSTRING)(CONST_2)(CONST_1)] notequals c_1_SYMSTRING) && (.substring[(s_2_SYMSTRING)(CONST_1)(CONST_0)] notequals c_1_SYMSTRING)
NPC constraint # = 10
CONST_9 < Length_2_ &&
CONST_8 < Length_0_ &&
CONST_7 < Length_0_ &&
CONST_6 < Length_0_ &&
CONST_5 < Length_0_ &&
CONST_4 < Length_0_ &&
CONST_3 < Length_0_ &&
CONST_2 < Length_0_ &&
CONST_1 < Length_0_ &&
CONST_0 < Length_0_
$$$$$$$$$$$$$$$$$$$$$$$$$$$$$$$$
Calling Z3str3

current query... 
(declare-const c_1 String)
(declare-const s_2 String)

(assert (not (= (str.substr (str.++ (str.substr s_2 0 (- 8 0)) (str.substr s_2 9(- (str.len s_2) 9))) 9 (- 10 9)) c_1)))
(assert (= (str.substr s_2 8 (- 9 8)) c_1))
(assert (not (= (str.substr s_2 7 (- 8 7)) c_1)))
(assert (not (= (str.substr s_2 6 (- 7 6)) c_1)))
(assert (not (= (str.substr s_2 5 (- 6 5)) c_1)))
(assert (not (= (str.substr s_2 4 (- 5 4)) c_1)))
(assert (not (= (str.substr s_2 3 (- 4 3)) c_1)))
(assert (not (= (str.substr s_2 2 (- 3 2)) c_1)))
(assert (not (= (str.substr s_2 1 (- 2 1)) c_1)))
(assert (not (= (str.substr s_2 0 (- 1 0)) c_1)))
(assert (< 9 (str.len (str.++ (str.substr s_2 0 (- 8 0)) (str.substr s_2 9(- (str.len s_2) 9))))))
(assert (< 8 (str.len s_2)))
(assert (< 7 (str.len s_2)))
(assert (< 6 (str.len s_2)))
(assert (< 5 (str.len s_2)))
(assert (< 4 (str.len s_2)))
(assert (< 3 (str.len s_2)))
(assert (< 2 (str.len s_2)))
(assert (< 1 (str.len s_2)))
(assert (< 0 (str.len s_2)))



======================
(define-fun s_2 () String
  "CDEFGHIJKABLMN")
(define-fun c_1 () String
  "K")
Returned solutions: 
(define-fun s_2 () String  "CDEFGHIJKABLMN")
(define-fun c_1 () String  "K")
*************************************
Satisfiable: true
c_1 => "K"
s_2 => "CDEFGHIJKABLMN"
*************************************

numeric PC: constraint # = 11
CONST_10 >= Length_2_ &&
CONST_9 < Length_2_ &&
CONST_8 < Length_0_ &&
CONST_7 < Length_0_ &&
CONST_6 < Length_0_ &&
CONST_5 < Length_0_ &&
CONST_4 < Length_0_ &&
CONST_3 < Length_0_ &&
CONST_2 < Length_0_ &&
CONST_1 < Length_0_ &&
CONST_0 < Length_0_ -> true

### PCs: total:40 sat:40 unsat:0

string analysis: SPC # = 10
(.substring[(.substring[(s_2_SYMSTRING)(CONST_8)(CONST_0)].concat(.substring[(s_2_SYMSTRING)(CONST_9)]))(CONST_10)(CONST_9)] notequals c_1_SYMSTRING) && (.substring[(s_2_SYMSTRING)(CONST_9)(CONST_8)] equals c_1_SYMSTRING) && (.substring[(s_2_SYMSTRING)(CONST_8)(CONST_7)] notequals c_1_SYMSTRING) && (.substring[(s_2_SYMSTRING)(CONST_7)(CONST_6)] notequals c_1_SYMSTRING) && (.substring[(s_2_SYMSTRING)(CONST_6)(CONST_5)] notequals c_1_SYMSTRING) && (.substring[(s_2_SYMSTRING)(CONST_5)(CONST_4)] notequals c_1_SYMSTRING) && (.substring[(s_2_SYMSTRING)(CONST_4)(CONST_3)] notequals c_1_SYMSTRING) && (.substring[(s_2_SYMSTRING)(CONST_3)(CONST_2)] notequals c_1_SYMSTRING) && (.substring[(s_2_SYMSTRING)(CONST_2)(CONST_1)] notequals c_1_SYMSTRING) && (.substring[(s_2_SYMSTRING)(CONST_1)(CONST_0)] notequals c_1_SYMSTRING)
NPC constraint # = 11
CONST_10 >= Length_2_ &&
CONST_9 < Length_2_ &&
CONST_8 < Length_0_ &&
CONST_7 < Length_0_ &&
CONST_6 < Length_0_ &&
CONST_5 < Length_0_ &&
CONST_4 < Length_0_ &&
CONST_3 < Length_0_ &&
CONST_2 < Length_0_ &&
CONST_1 < Length_0_ &&
CONST_0 < Length_0_
$$$$$$$$$$$$$$$$$$$$$$$$$$$$$$$$
Calling Z3str3

current query... 
(declare-const c_1 String)
(declare-const s_2 String)

(assert (not (= (str.substr (str.++ (str.substr s_2 0 (- 8 0)) (str.substr s_2 9(- (str.len s_2) 9))) 9 (- 10 9)) c_1)))
(assert (= (str.substr s_2 8 (- 9 8)) c_1))
(assert (not (= (str.substr s_2 7 (- 8 7)) c_1)))
(assert (not (= (str.substr s_2 6 (- 7 6)) c_1)))
(assert (not (= (str.substr s_2 5 (- 6 5)) c_1)))
(assert (not (= (str.substr s_2 4 (- 5 4)) c_1)))
(assert (not (= (str.substr s_2 3 (- 4 3)) c_1)))
(assert (not (= (str.substr s_2 2 (- 3 2)) c_1)))
(assert (not (= (str.substr s_2 1 (- 2 1)) c_1)))
(assert (not (= (str.substr s_2 0 (- 1 0)) c_1)))
(assert (>= 10 (str.len (str.++ (str.substr s_2 0 (- 8 0)) (str.substr s_2 9(- (str.len s_2) 9))))))
(assert (< 9 (str.len (str.++ (str.substr s_2 0 (- 8 0)) (str.substr s_2 9(- (str.len s_2) 9))))))
(assert (< 8 (str.len s_2)))
(assert (< 7 (str.len s_2)))
(assert (< 6 (str.len s_2)))
(assert (< 5 (str.len s_2)))
(assert (< 4 (str.len s_2)))
(assert (< 3 (str.len s_2)))
(assert (< 2 (str.len s_2)))
(assert (< 1 (str.len s_2)))
(assert (< 0 (str.len s_2)))



======================
(define-fun s_2 () String
  "CDEFGHIJKAB")
(define-fun c_1 () String
  "K")
Returned solutions: 
(define-fun s_2 () String  "CDEFGHIJKAB")
(define-fun c_1 () String  "K")
*************************************
Satisfiable: true
c_1 => "K"
s_2 => "CDEFGHIJKAB"
*************************************

numeric PC: constraint # = 11
CONST_10 < Length_2_ &&
CONST_9 < Length_2_ &&
CONST_8 < Length_0_ &&
CONST_7 < Length_0_ &&
CONST_6 < Length_0_ &&
CONST_5 < Length_0_ &&
CONST_4 < Length_0_ &&
CONST_3 < Length_0_ &&
CONST_2 < Length_0_ &&
CONST_1 < Length_0_ &&
CONST_0 < Length_0_ -> true

### PCs: total:41 sat:41 unsat:0

string analysis: SPC # = 10
(.substring[(.substring[(s_2_SYMSTRING)(CONST_8)(CONST_0)].concat(.substring[(s_2_SYMSTRING)(CONST_9)]))(CONST_10)(CONST_9)] notequals c_1_SYMSTRING) && (.substring[(s_2_SYMSTRING)(CONST_9)(CONST_8)] equals c_1_SYMSTRING) && (.substring[(s_2_SYMSTRING)(CONST_8)(CONST_7)] notequals c_1_SYMSTRING) && (.substring[(s_2_SYMSTRING)(CONST_7)(CONST_6)] notequals c_1_SYMSTRING) && (.substring[(s_2_SYMSTRING)(CONST_6)(CONST_5)] notequals c_1_SYMSTRING) && (.substring[(s_2_SYMSTRING)(CONST_5)(CONST_4)] notequals c_1_SYMSTRING) && (.substring[(s_2_SYMSTRING)(CONST_4)(CONST_3)] notequals c_1_SYMSTRING) && (.substring[(s_2_SYMSTRING)(CONST_3)(CONST_2)] notequals c_1_SYMSTRING) && (.substring[(s_2_SYMSTRING)(CONST_2)(CONST_1)] notequals c_1_SYMSTRING) && (.substring[(s_2_SYMSTRING)(CONST_1)(CONST_0)] notequals c_1_SYMSTRING)
NPC constraint # = 11
CONST_10 < Length_2_ &&
CONST_9 < Length_2_ &&
CONST_8 < Length_0_ &&
CONST_7 < Length_0_ &&
CONST_6 < Length_0_ &&
CONST_5 < Length_0_ &&
CONST_4 < Length_0_ &&
CONST_3 < Length_0_ &&
CONST_2 < Length_0_ &&
CONST_1 < Length_0_ &&
CONST_0 < Length_0_
$$$$$$$$$$$$$$$$$$$$$$$$$$$$$$$$
Calling Z3str3

current query... 
(declare-const c_1 String)
(declare-const s_2 String)

(assert (not (= (str.substr (str.++ (str.substr s_2 0 (- 8 0)) (str.substr s_2 9(- (str.len s_2) 9))) 9 (- 10 9)) c_1)))
(assert (= (str.substr s_2 8 (- 9 8)) c_1))
(assert (not (= (str.substr s_2 7 (- 8 7)) c_1)))
(assert (not (= (str.substr s_2 6 (- 7 6)) c_1)))
(assert (not (= (str.substr s_2 5 (- 6 5)) c_1)))
(assert (not (= (str.substr s_2 4 (- 5 4)) c_1)))
(assert (not (= (str.substr s_2 3 (- 4 3)) c_1)))
(assert (not (= (str.substr s_2 2 (- 3 2)) c_1)))
(assert (not (= (str.substr s_2 1 (- 2 1)) c_1)))
(assert (not (= (str.substr s_2 0 (- 1 0)) c_1)))
(assert (< 10 (str.len (str.++ (str.substr s_2 0 (- 8 0)) (str.substr s_2 9(- (str.len s_2) 9))))))
(assert (< 9 (str.len (str.++ (str.substr s_2 0 (- 8 0)) (str.substr s_2 9(- (str.len s_2) 9))))))
(assert (< 8 (str.len s_2)))
(assert (< 7 (str.len s_2)))
(assert (< 6 (str.len s_2)))
(assert (< 5 (str.len s_2)))
(assert (< 4 (str.len s_2)))
(assert (< 3 (str.len s_2)))
(assert (< 2 (str.len s_2)))
(assert (< 1 (str.len s_2)))
(assert (< 0 (str.len s_2)))



======================
(define-fun s_2 () String
  "CDEFGHIJKABLMNOP")
(define-fun c_1 () String
  "K")
Returned solutions: 
(define-fun s_2 () String  "CDEFGHIJKABLMNOP")
(define-fun c_1 () String  "K")
*************************************
Satisfiable: true
c_1 => "K"
s_2 => "CDEFGHIJKABLMNOP"
*************************************


====================================================== search constraint
depth limit reached: 23

====================================================== snapshot 
thread java.lang.Thread:{id:0,name:main,status:RUNNING,priority:5,isDaemon:false,lockCount:0,suspendCount:0}
  call stack:
	at strings.StringSearch.search_2(StringSearch.java:29)
	at strings.StringSearch.main(StringSearch.java:8)

numeric PC: constraint # = 11
CONST_10 < Length_2_ &&
CONST_9 < Length_2_ &&
CONST_8 < Length_0_ &&
CONST_7 < Length_0_ &&
CONST_6 < Length_0_ &&
CONST_5 < Length_0_ &&
CONST_4 < Length_0_ &&
CONST_3 < Length_0_ &&
CONST_2 < Length_0_ &&
CONST_1 < Length_0_ &&
CONST_0 < Length_0_ -> true

string analysis: SPC # = 10
(.substring[(.substring[(s_2_SYMSTRING)(CONST_8)(CONST_0)].concat(.substring[(s_2_SYMSTRING)(CONST_9)]))(CONST_10)(CONST_9)] notequals c_1_SYMSTRING) && (.substring[(s_2_SYMSTRING)(CONST_9)(CONST_8)] equals c_1_SYMSTRING) && (.substring[(s_2_SYMSTRING)(CONST_8)(CONST_7)] notequals c_1_SYMSTRING) && (.substring[(s_2_SYMSTRING)(CONST_7)(CONST_6)] notequals c_1_SYMSTRING) && (.substring[(s_2_SYMSTRING)(CONST_6)(CONST_5)] notequals c_1_SYMSTRING) && (.substring[(s_2_SYMSTRING)(CONST_5)(CONST_4)] notequals c_1_SYMSTRING) && (.substring[(s_2_SYMSTRING)(CONST_4)(CONST_3)] notequals c_1_SYMSTRING) && (.substring[(s_2_SYMSTRING)(CONST_3)(CONST_2)] notequals c_1_SYMSTRING) && (.substring[(s_2_SYMSTRING)(CONST_2)(CONST_1)] notequals c_1_SYMSTRING) && (.substring[(s_2_SYMSTRING)(CONST_1)(CONST_0)] notequals c_1_SYMSTRING)
NPC constraint # = 11
CONST_10 < Length_2_[11] &&
CONST_9 < Length_2_[11] &&
CONST_8 < Length_0_[9] &&
CONST_7 < Length_0_[9] &&
CONST_6 < Length_0_[9] &&
CONST_5 < Length_0_[9] &&
CONST_4 < Length_0_[9] &&
CONST_3 < Length_0_[9] &&
CONST_2 < Length_0_[9] &&
CONST_1 < Length_0_[9] &&
CONST_0 < Length_0_[9]
$$$$$$$$$$$$$$$$$$$$$$$$$$$$$$$$
Calling Z3str3

current query... 
(declare-const c_1 String)
(declare-const s_2 String)

(assert (not (= (str.substr (str.++ (str.substr s_2 0 (- 8 0)) (str.substr s_2 9(- (str.len s_2) 9))) 9 (- 10 9)) c_1)))
(assert (= (str.substr s_2 8 (- 9 8)) c_1))
(assert (not (= (str.substr s_2 7 (- 8 7)) c_1)))
(assert (not (= (str.substr s_2 6 (- 7 6)) c_1)))
(assert (not (= (str.substr s_2 5 (- 6 5)) c_1)))
(assert (not (= (str.substr s_2 4 (- 5 4)) c_1)))
(assert (not (= (str.substr s_2 3 (- 4 3)) c_1)))
(assert (not (= (str.substr s_2 2 (- 3 2)) c_1)))
(assert (not (= (str.substr s_2 1 (- 2 1)) c_1)))
(assert (not (= (str.substr s_2 0 (- 1 0)) c_1)))
(assert (< 10 (str.len (str.++ (str.substr s_2 0 (- 8 0)) (str.substr s_2 9(- (str.len s_2) 9))))))
(assert (< 9 (str.len (str.++ (str.substr s_2 0 (- 8 0)) (str.substr s_2 9(- (str.len s_2) 9))))))
(assert (< 8 (str.len s_2)))
(assert (< 7 (str.len s_2)))
(assert (< 6 (str.len s_2)))
(assert (< 5 (str.len s_2)))
(assert (< 4 (str.len s_2)))
(assert (< 3 (str.len s_2)))
(assert (< 2 (str.len s_2)))
(assert (< 1 (str.len s_2)))
(assert (< 0 (str.len s_2)))



======================
(define-fun s_2 () String
  "CDEFGHIJKABLMNOP")
(define-fun c_1 () String
  "K")
Returned solutions: 
(define-fun s_2 () String  "CDEFGHIJKABLMNOP")
(define-fun c_1 () String  "K")
*************************************
Satisfiable: true
c_1 => "K"
s_2 => "CDEFGHIJKABLMNOP"
*************************************

Symbolic Exp [ .substring[(s_2_SYMSTRING[**UNDEFINED**])(CONST_8)(CONST_0)].concat(.substring[(s_2_SYMSTRING[**UNDEFINED**])(CONST_9)])]
test This is a tttest haystack string for testing.
0
114514
0

====================================================== search constraint
depth limit reached: 23

====================================================== snapshot 
no live threads
numeric PC: constraint # = 11
CONST_10 >= Length_2_ &&
CONST_9 < Length_2_ &&
CONST_8 < Length_0_ &&
CONST_7 < Length_0_ &&
CONST_6 < Length_0_ &&
CONST_5 < Length_0_ &&
CONST_4 < Length_0_ &&
CONST_3 < Length_0_ &&
CONST_2 < Length_0_ &&
CONST_1 < Length_0_ &&
CONST_0 < Length_0_ -> true

string analysis: SPC # = 10
(.substring[(.substring[(s_2_SYMSTRING[**UNDEFINED**])(CONST_8)(CONST_0)].concat(.substring[(s_2_SYMSTRING[**UNDEFINED**])(CONST_9)]))(CONST_10)(CONST_9)] notequals c_1_SYMSTRING[**UNDEFINED**]) && (.substring[(s_2_SYMSTRING[**UNDEFINED**])(CONST_9)(CONST_8)] equals c_1_SYMSTRING[**UNDEFINED**]) && (.substring[(s_2_SYMSTRING[**UNDEFINED**])(CONST_8)(CONST_7)] notequals c_1_SYMSTRING[**UNDEFINED**]) && (.substring[(s_2_SYMSTRING[**UNDEFINED**])(CONST_7)(CONST_6)] notequals c_1_SYMSTRING[**UNDEFINED**]) && (.substring[(s_2_SYMSTRING[**UNDEFINED**])(CONST_6)(CONST_5)] notequals c_1_SYMSTRING[**UNDEFINED**]) && (.substring[(s_2_SYMSTRING[**UNDEFINED**])(CONST_5)(CONST_4)] notequals c_1_SYMSTRING[**UNDEFINED**]) && (.substring[(s_2_SYMSTRING[**UNDEFINED**])(CONST_4)(CONST_3)] notequals c_1_SYMSTRING[**UNDEFINED**]) && (.substring[(s_2_SYMSTRING[**UNDEFINED**])(CONST_3)(CONST_2)] notequals c_1_SYMSTRING[**UNDEFINED**]) && (.substring[(s_2_SYMSTRING[**UNDEFINED**])(CONST_2)(CONST_1)] notequals c_1_SYMSTRING[**UNDEFINED**]) && (.substring[(s_2_SYMSTRING[**UNDEFINED**])(CONST_1)(CONST_0)] notequals c_1_SYMSTRING[**UNDEFINED**])
NPC constraint # = 11
CONST_10 >= Length_2_[10] &&
CONST_9 < Length_2_[10] &&
CONST_8 < Length_0_[9] &&
CONST_7 < Length_0_[9] &&
CONST_6 < Length_0_[9] &&
CONST_5 < Length_0_[9] &&
CONST_4 < Length_0_[9] &&
CONST_3 < Length_0_[9] &&
CONST_2 < Length_0_[9] &&
CONST_1 < Length_0_[9] &&
CONST_0 < Length_0_[9]
$$$$$$$$$$$$$$$$$$$$$$$$$$$$$$$$
Calling Z3str3

current query... 
(declare-const c_1 String)
(declare-const s_2 String)

(assert (not (= (str.substr (str.++ (str.substr s_2 0 (- 8 0)) (str.substr s_2 9(- (str.len s_2) 9))) 9 (- 10 9)) c_1)))
(assert (= (str.substr s_2 8 (- 9 8)) c_1))
(assert (not (= (str.substr s_2 7 (- 8 7)) c_1)))
(assert (not (= (str.substr s_2 6 (- 7 6)) c_1)))
(assert (not (= (str.substr s_2 5 (- 6 5)) c_1)))
(assert (not (= (str.substr s_2 4 (- 5 4)) c_1)))
(assert (not (= (str.substr s_2 3 (- 4 3)) c_1)))
(assert (not (= (str.substr s_2 2 (- 3 2)) c_1)))
(assert (not (= (str.substr s_2 1 (- 2 1)) c_1)))
(assert (not (= (str.substr s_2 0 (- 1 0)) c_1)))
(assert (>= 10 (str.len (str.++ (str.substr s_2 0 (- 8 0)) (str.substr s_2 9(- (str.len s_2) 9))))))
(assert (< 9 (str.len (str.++ (str.substr s_2 0 (- 8 0)) (str.substr s_2 9(- (str.len s_2) 9))))))
(assert (< 8 (str.len s_2)))
(assert (< 7 (str.len s_2)))
(assert (< 6 (str.len s_2)))
(assert (< 5 (str.len s_2)))
(assert (< 4 (str.len s_2)))
(assert (< 3 (str.len s_2)))
(assert (< 2 (str.len s_2)))
(assert (< 1 (str.len s_2)))
(assert (< 0 (str.len s_2)))



======================
(define-fun s_2 () String
  "CDEFGHIJKAB")
(define-fun c_1 () String
  "K")
Returned solutions: 
(define-fun s_2 () String  "CDEFGHIJKAB")
(define-fun c_1 () String  "K")
*************************************
Satisfiable: true
c_1 => "K"
s_2 => "CDEFGHIJKAB"
*************************************

numeric PC: constraint # = 10
CONST_9 < Length_2_[10] &&
CONST_8 < Length_0_[9] &&
CONST_7 < Length_0_[9] &&
CONST_6 < Length_0_[9] &&
CONST_5 < Length_0_[9] &&
CONST_4 < Length_0_[9] &&
CONST_3 < Length_0_[9] &&
CONST_2 < Length_0_[9] &&
CONST_1 < Length_0_[9] &&
CONST_0 < Length_0_[9] -> true

string analysis: SPC # = 10
(.substring[(.substring[(s_2_SYMSTRING[**UNDEFINED**])(CONST_8)(CONST_0)].concat(.substring[(s_2_SYMSTRING[**UNDEFINED**])(CONST_9)]))(CONST_10)(CONST_9)] notequals c_1_SYMSTRING[**UNDEFINED**]) && (.substring[(s_2_SYMSTRING[**UNDEFINED**])(CONST_9)(CONST_8)] equals c_1_SYMSTRING[**UNDEFINED**]) && (.substring[(s_2_SYMSTRING[**UNDEFINED**])(CONST_8)(CONST_7)] notequals c_1_SYMSTRING[**UNDEFINED**]) && (.substring[(s_2_SYMSTRING[**UNDEFINED**])(CONST_7)(CONST_6)] notequals c_1_SYMSTRING[**UNDEFINED**]) && (.substring[(s_2_SYMSTRING[**UNDEFINED**])(CONST_6)(CONST_5)] notequals c_1_SYMSTRING[**UNDEFINED**]) && (.substring[(s_2_SYMSTRING[**UNDEFINED**])(CONST_5)(CONST_4)] notequals c_1_SYMSTRING[**UNDEFINED**]) && (.substring[(s_2_SYMSTRING[**UNDEFINED**])(CONST_4)(CONST_3)] notequals c_1_SYMSTRING[**UNDEFINED**]) && (.substring[(s_2_SYMSTRING[**UNDEFINED**])(CONST_3)(CONST_2)] notequals c_1_SYMSTRING[**UNDEFINED**]) && (.substring[(s_2_SYMSTRING[**UNDEFINED**])(CONST_2)(CONST_1)] notequals c_1_SYMSTRING[**UNDEFINED**]) && (.substring[(s_2_SYMSTRING[**UNDEFINED**])(CONST_1)(CONST_0)] notequals c_1_SYMSTRING[**UNDEFINED**])
NPC constraint # = 10
CONST_9 < Length_2_[10] &&
CONST_8 < Length_0_[9] &&
CONST_7 < Length_0_[9] &&
CONST_6 < Length_0_[9] &&
CONST_5 < Length_0_[9] &&
CONST_4 < Length_0_[9] &&
CONST_3 < Length_0_[9] &&
CONST_2 < Length_0_[9] &&
CONST_1 < Length_0_[9] &&
CONST_0 < Length_0_[9]
$$$$$$$$$$$$$$$$$$$$$$$$$$$$$$$$
Calling Z3str3

current query... 
(declare-const c_1 String)
(declare-const s_2 String)

(assert (not (= (str.substr (str.++ (str.substr s_2 0 (- 8 0)) (str.substr s_2 9(- (str.len s_2) 9))) 9 (- 10 9)) c_1)))
(assert (= (str.substr s_2 8 (- 9 8)) c_1))
(assert (not (= (str.substr s_2 7 (- 8 7)) c_1)))
(assert (not (= (str.substr s_2 6 (- 7 6)) c_1)))
(assert (not (= (str.substr s_2 5 (- 6 5)) c_1)))
(assert (not (= (str.substr s_2 4 (- 5 4)) c_1)))
(assert (not (= (str.substr s_2 3 (- 4 3)) c_1)))
(assert (not (= (str.substr s_2 2 (- 3 2)) c_1)))
(assert (not (= (str.substr s_2 1 (- 2 1)) c_1)))
(assert (not (= (str.substr s_2 0 (- 1 0)) c_1)))
(assert (< 9 (str.len (str.++ (str.substr s_2 0 (- 8 0)) (str.substr s_2 9(- (str.len s_2) 9))))))
(assert (< 8 (str.len s_2)))
(assert (< 7 (str.len s_2)))
(assert (< 6 (str.len s_2)))
(assert (< 5 (str.len s_2)))
(assert (< 4 (str.len s_2)))
(assert (< 3 (str.len s_2)))
(assert (< 2 (str.len s_2)))
(assert (< 1 (str.len s_2)))
(assert (< 0 (str.len s_2)))



======================
(define-fun s_2 () String
  "CDEFGHIJKABLMN")
(define-fun c_1 () String
  "K")
Returned solutions: 
(define-fun s_2 () String  "CDEFGHIJKABLMN")
(define-fun c_1 () String  "K")
*************************************
Satisfiable: true
c_1 => "K"
s_2 => "CDEFGHIJKABLMN"
*************************************

numeric PC: constraint # = 10
CONST_9 < Length_2_[10] &&
CONST_8 < Length_0_[9] &&
CONST_7 < Length_0_[9] &&
CONST_6 < Length_0_[9] &&
CONST_5 < Length_0_[9] &&
CONST_4 < Length_0_[9] &&
CONST_3 < Length_0_[9] &&
CONST_2 < Length_0_[9] &&
CONST_1 < Length_0_[9] &&
CONST_0 < Length_0_[9] -> true

### PCs: total:42 sat:42 unsat:0

string analysis: SPC # = 10
(.substring[(.substring[(s_2_SYMSTRING)(CONST_8)(CONST_0)].concat(.substring[(s_2_SYMSTRING)(CONST_9)]))(CONST_10)(CONST_9)] equals c_1_SYMSTRING) && (.substring[(s_2_SYMSTRING)(CONST_9)(CONST_8)] equals c_1_SYMSTRING) && (.substring[(s_2_SYMSTRING)(CONST_8)(CONST_7)] notequals c_1_SYMSTRING) && (.substring[(s_2_SYMSTRING)(CONST_7)(CONST_6)] notequals c_1_SYMSTRING) && (.substring[(s_2_SYMSTRING)(CONST_6)(CONST_5)] notequals c_1_SYMSTRING) && (.substring[(s_2_SYMSTRING)(CONST_5)(CONST_4)] notequals c_1_SYMSTRING) && (.substring[(s_2_SYMSTRING)(CONST_4)(CONST_3)] notequals c_1_SYMSTRING) && (.substring[(s_2_SYMSTRING)(CONST_3)(CONST_2)] notequals c_1_SYMSTRING) && (.substring[(s_2_SYMSTRING)(CONST_2)(CONST_1)] notequals c_1_SYMSTRING) && (.substring[(s_2_SYMSTRING)(CONST_1)(CONST_0)] notequals c_1_SYMSTRING)
NPC constraint # = 10
CONST_9 < Length_2_[10] &&
CONST_8 < Length_0_[9] &&
CONST_7 < Length_0_[9] &&
CONST_6 < Length_0_[9] &&
CONST_5 < Length_0_[9] &&
CONST_4 < Length_0_[9] &&
CONST_3 < Length_0_[9] &&
CONST_2 < Length_0_[9] &&
CONST_1 < Length_0_[9] &&
CONST_0 < Length_0_[9]
$$$$$$$$$$$$$$$$$$$$$$$$$$$$$$$$
Calling Z3str3

current query... 
(declare-const c_1 String)
(declare-const s_2 String)

(assert (= (str.substr (str.++ (str.substr s_2 0 (- 8 0)) (str.substr s_2 9(- (str.len s_2) 9))) 9 (- 10 9)) c_1))
(assert (= (str.substr s_2 8 (- 9 8)) c_1))
(assert (not (= (str.substr s_2 7 (- 8 7)) c_1)))
(assert (not (= (str.substr s_2 6 (- 7 6)) c_1)))
(assert (not (= (str.substr s_2 5 (- 6 5)) c_1)))
(assert (not (= (str.substr s_2 4 (- 5 4)) c_1)))
(assert (not (= (str.substr s_2 3 (- 4 3)) c_1)))
(assert (not (= (str.substr s_2 2 (- 3 2)) c_1)))
(assert (not (= (str.substr s_2 1 (- 2 1)) c_1)))
(assert (not (= (str.substr s_2 0 (- 1 0)) c_1)))
(assert (< 9 (str.len (str.++ (str.substr s_2 0 (- 8 0)) (str.substr s_2 9(- (str.len s_2) 9))))))
(assert (< 8 (str.len s_2)))
(assert (< 7 (str.len s_2)))
(assert (< 6 (str.len s_2)))
(assert (< 5 (str.len s_2)))
(assert (< 4 (str.len s_2)))
(assert (< 3 (str.len s_2)))
(assert (< 2 (str.len s_2)))
(assert (< 1 (str.len s_2)))
(assert (< 0 (str.len s_2)))



======================
(define-fun s_2 () String
  "ABCDEFGHIJIKLM")
(define-fun c_1 () String
  "I")
Returned solutions: 
(define-fun s_2 () String  "ABCDEFGHIJIKLM")
(define-fun c_1 () String  "I")
*************************************
Satisfiable: true
c_1 => "I"
s_2 => "ABCDEFGHIJIKLM"
*************************************

New sym int Length_3_ min=0, max=30
numeric PC: constraint # = 11
CONST_10 >= Length_3_ &&
CONST_9 < Length_2_ &&
CONST_8 < Length_0_ &&
CONST_7 < Length_0_ &&
CONST_6 < Length_0_ &&
CONST_5 < Length_0_ &&
CONST_4 < Length_0_ &&
CONST_3 < Length_0_ &&
CONST_2 < Length_0_ &&
CONST_1 < Length_0_ &&
CONST_0 < Length_0_ -> true

### PCs: total:43 sat:43 unsat:0

string analysis: SPC # = 10
(.substring[(.substring[(s_2_SYMSTRING)(CONST_8)(CONST_0)].concat(.substring[(s_2_SYMSTRING)(CONST_9)]))(CONST_10)(CONST_9)] equals c_1_SYMSTRING) && (.substring[(s_2_SYMSTRING)(CONST_9)(CONST_8)] equals c_1_SYMSTRING) && (.substring[(s_2_SYMSTRING)(CONST_8)(CONST_7)] notequals c_1_SYMSTRING) && (.substring[(s_2_SYMSTRING)(CONST_7)(CONST_6)] notequals c_1_SYMSTRING) && (.substring[(s_2_SYMSTRING)(CONST_6)(CONST_5)] notequals c_1_SYMSTRING) && (.substring[(s_2_SYMSTRING)(CONST_5)(CONST_4)] notequals c_1_SYMSTRING) && (.substring[(s_2_SYMSTRING)(CONST_4)(CONST_3)] notequals c_1_SYMSTRING) && (.substring[(s_2_SYMSTRING)(CONST_3)(CONST_2)] notequals c_1_SYMSTRING) && (.substring[(s_2_SYMSTRING)(CONST_2)(CONST_1)] notequals c_1_SYMSTRING) && (.substring[(s_2_SYMSTRING)(CONST_1)(CONST_0)] notequals c_1_SYMSTRING)
NPC constraint # = 11
CONST_10 >= Length_3_ &&
CONST_9 < Length_2_ &&
CONST_8 < Length_0_ &&
CONST_7 < Length_0_ &&
CONST_6 < Length_0_ &&
CONST_5 < Length_0_ &&
CONST_4 < Length_0_ &&
CONST_3 < Length_0_ &&
CONST_2 < Length_0_ &&
CONST_1 < Length_0_ &&
CONST_0 < Length_0_
$$$$$$$$$$$$$$$$$$$$$$$$$$$$$$$$
Calling Z3str3

current query... 
(declare-const c_1 String)
(declare-const s_2 String)

(assert (= (str.substr (str.++ (str.substr s_2 0 (- 8 0)) (str.substr s_2 9(- (str.len s_2) 9))) 9 (- 10 9)) c_1))
(assert (= (str.substr s_2 8 (- 9 8)) c_1))
(assert (not (= (str.substr s_2 7 (- 8 7)) c_1)))
(assert (not (= (str.substr s_2 6 (- 7 6)) c_1)))
(assert (not (= (str.substr s_2 5 (- 6 5)) c_1)))
(assert (not (= (str.substr s_2 4 (- 5 4)) c_1)))
(assert (not (= (str.substr s_2 3 (- 4 3)) c_1)))
(assert (not (= (str.substr s_2 2 (- 3 2)) c_1)))
(assert (not (= (str.substr s_2 1 (- 2 1)) c_1)))
(assert (not (= (str.substr s_2 0 (- 1 0)) c_1)))
(assert (>= 10 (str.len (str.++ (str.substr (str.++ (str.substr s_2 0 (- 8 0)) (str.substr s_2 9(- (str.len s_2) 9))) 0 (- 9 0)) (str.substr (str.++ (str.substr s_2 0 (- 8 0)) (str.substr s_2 9(- (str.len s_2) 9))) 10(- (str.len (str.++ (str.substr s_2 0 (- 8 0)) (str.substr s_2 9(- (str.len s_2) 9)))) 10))))))
(assert (< 9 (str.len (str.++ (str.substr s_2 0 (- 8 0)) (str.substr s_2 9(- (str.len s_2) 9))))))
(assert (< 8 (str.len s_2)))
(assert (< 7 (str.len s_2)))
(assert (< 6 (str.len s_2)))
(assert (< 5 (str.len s_2)))
(assert (< 4 (str.len s_2)))
(assert (< 3 (str.len s_2)))
(assert (< 2 (str.len s_2)))
(assert (< 1 (str.len s_2)))
(assert (< 0 (str.len s_2)))



======================
(define-fun s_2 () String
  "CDEFGHIJABAK")
(define-fun c_1 () String
  "A")
Returned solutions: 
(define-fun s_2 () String  "CDEFGHIJABAK")
(define-fun c_1 () String  "A")
*************************************
Satisfiable: true
c_1 => "A"
s_2 => "CDEFGHIJABAK"
*************************************

numeric PC: constraint # = 11
CONST_10 < Length_3_ &&
CONST_9 < Length_2_ &&
CONST_8 < Length_0_ &&
CONST_7 < Length_0_ &&
CONST_6 < Length_0_ &&
CONST_5 < Length_0_ &&
CONST_4 < Length_0_ &&
CONST_3 < Length_0_ &&
CONST_2 < Length_0_ &&
CONST_1 < Length_0_ &&
CONST_0 < Length_0_ -> true

### PCs: total:44 sat:44 unsat:0

string analysis: SPC # = 10
(.substring[(.substring[(s_2_SYMSTRING)(CONST_8)(CONST_0)].concat(.substring[(s_2_SYMSTRING)(CONST_9)]))(CONST_10)(CONST_9)] equals c_1_SYMSTRING) && (.substring[(s_2_SYMSTRING)(CONST_9)(CONST_8)] equals c_1_SYMSTRING) && (.substring[(s_2_SYMSTRING)(CONST_8)(CONST_7)] notequals c_1_SYMSTRING) && (.substring[(s_2_SYMSTRING)(CONST_7)(CONST_6)] notequals c_1_SYMSTRING) && (.substring[(s_2_SYMSTRING)(CONST_6)(CONST_5)] notequals c_1_SYMSTRING) && (.substring[(s_2_SYMSTRING)(CONST_5)(CONST_4)] notequals c_1_SYMSTRING) && (.substring[(s_2_SYMSTRING)(CONST_4)(CONST_3)] notequals c_1_SYMSTRING) && (.substring[(s_2_SYMSTRING)(CONST_3)(CONST_2)] notequals c_1_SYMSTRING) && (.substring[(s_2_SYMSTRING)(CONST_2)(CONST_1)] notequals c_1_SYMSTRING) && (.substring[(s_2_SYMSTRING)(CONST_1)(CONST_0)] notequals c_1_SYMSTRING)
NPC constraint # = 11
CONST_10 < Length_3_ &&
CONST_9 < Length_2_ &&
CONST_8 < Length_0_ &&
CONST_7 < Length_0_ &&
CONST_6 < Length_0_ &&
CONST_5 < Length_0_ &&
CONST_4 < Length_0_ &&
CONST_3 < Length_0_ &&
CONST_2 < Length_0_ &&
CONST_1 < Length_0_ &&
CONST_0 < Length_0_
$$$$$$$$$$$$$$$$$$$$$$$$$$$$$$$$
Calling Z3str3

current query... 
(declare-const c_1 String)
(declare-const s_2 String)

(assert (= (str.substr (str.++ (str.substr s_2 0 (- 8 0)) (str.substr s_2 9(- (str.len s_2) 9))) 9 (- 10 9)) c_1))
(assert (= (str.substr s_2 8 (- 9 8)) c_1))
(assert (not (= (str.substr s_2 7 (- 8 7)) c_1)))
(assert (not (= (str.substr s_2 6 (- 7 6)) c_1)))
(assert (not (= (str.substr s_2 5 (- 6 5)) c_1)))
(assert (not (= (str.substr s_2 4 (- 5 4)) c_1)))
(assert (not (= (str.substr s_2 3 (- 4 3)) c_1)))
(assert (not (= (str.substr s_2 2 (- 3 2)) c_1)))
(assert (not (= (str.substr s_2 1 (- 2 1)) c_1)))
(assert (not (= (str.substr s_2 0 (- 1 0)) c_1)))
(assert (< 10 (str.len (str.++ (str.substr (str.++ (str.substr s_2 0 (- 8 0)) (str.substr s_2 9(- (str.len s_2) 9))) 0 (- 9 0)) (str.substr (str.++ (str.substr s_2 0 (- 8 0)) (str.substr s_2 9(- (str.len s_2) 9))) 10(- (str.len (str.++ (str.substr s_2 0 (- 8 0)) (str.substr s_2 9(- (str.len s_2) 9)))) 10))))))
(assert (< 9 (str.len (str.++ (str.substr s_2 0 (- 8 0)) (str.substr s_2 9(- (str.len s_2) 9))))))
(assert (< 8 (str.len s_2)))
(assert (< 7 (str.len s_2)))
(assert (< 6 (str.len s_2)))
(assert (< 5 (str.len s_2)))
(assert (< 4 (str.len s_2)))
(assert (< 3 (str.len s_2)))
(assert (< 2 (str.len s_2)))
(assert (< 1 (str.len s_2)))
(assert (< 0 (str.len s_2)))



======================
(define-fun s_2 () String
  "CDEFGHIJABAKLMN")
(define-fun c_1 () String
  "A")
Returned solutions: 
(define-fun s_2 () String  "CDEFGHIJABAKLMN")
(define-fun c_1 () String  "A")
*************************************
Satisfiable: true
c_1 => "A"
s_2 => "CDEFGHIJABAKLMN"
*************************************


====================================================== search constraint
depth limit reached: 23

====================================================== snapshot 
thread java.lang.Thread:{id:0,name:main,status:RUNNING,priority:5,isDaemon:false,lockCount:0,suspendCount:0}
  call stack:
	at strings.StringSearch.search_2(StringSearch.java:29)
	at strings.StringSearch.main(StringSearch.java:8)

numeric PC: constraint # = 11
CONST_10 < Length_3_ &&
CONST_9 < Length_2_ &&
CONST_8 < Length_0_ &&
CONST_7 < Length_0_ &&
CONST_6 < Length_0_ &&
CONST_5 < Length_0_ &&
CONST_4 < Length_0_ &&
CONST_3 < Length_0_ &&
CONST_2 < Length_0_ &&
CONST_1 < Length_0_ &&
CONST_0 < Length_0_ -> true

string analysis: SPC # = 10
(.substring[(.substring[(s_2_SYMSTRING)(CONST_8)(CONST_0)].concat(.substring[(s_2_SYMSTRING)(CONST_9)]))(CONST_10)(CONST_9)] equals c_1_SYMSTRING) && (.substring[(s_2_SYMSTRING)(CONST_9)(CONST_8)] equals c_1_SYMSTRING) && (.substring[(s_2_SYMSTRING)(CONST_8)(CONST_7)] notequals c_1_SYMSTRING) && (.substring[(s_2_SYMSTRING)(CONST_7)(CONST_6)] notequals c_1_SYMSTRING) && (.substring[(s_2_SYMSTRING)(CONST_6)(CONST_5)] notequals c_1_SYMSTRING) && (.substring[(s_2_SYMSTRING)(CONST_5)(CONST_4)] notequals c_1_SYMSTRING) && (.substring[(s_2_SYMSTRING)(CONST_4)(CONST_3)] notequals c_1_SYMSTRING) && (.substring[(s_2_SYMSTRING)(CONST_3)(CONST_2)] notequals c_1_SYMSTRING) && (.substring[(s_2_SYMSTRING)(CONST_2)(CONST_1)] notequals c_1_SYMSTRING) && (.substring[(s_2_SYMSTRING)(CONST_1)(CONST_0)] notequals c_1_SYMSTRING)
NPC constraint # = 11
CONST_10 < Length_3_[11] &&
CONST_9 < Length_2_[10] &&
CONST_8 < Length_0_[9] &&
CONST_7 < Length_0_[9] &&
CONST_6 < Length_0_[9] &&
CONST_5 < Length_0_[9] &&
CONST_4 < Length_0_[9] &&
CONST_3 < Length_0_[9] &&
CONST_2 < Length_0_[9] &&
CONST_1 < Length_0_[9] &&
CONST_0 < Length_0_[9]
$$$$$$$$$$$$$$$$$$$$$$$$$$$$$$$$
Calling Z3str3

current query... 
(declare-const c_1 String)
(declare-const s_2 String)

(assert (= (str.substr (str.++ (str.substr s_2 0 (- 8 0)) (str.substr s_2 9(- (str.len s_2) 9))) 9 (- 10 9)) c_1))
(assert (= (str.substr s_2 8 (- 9 8)) c_1))
(assert (not (= (str.substr s_2 7 (- 8 7)) c_1)))
(assert (not (= (str.substr s_2 6 (- 7 6)) c_1)))
(assert (not (= (str.substr s_2 5 (- 6 5)) c_1)))
(assert (not (= (str.substr s_2 4 (- 5 4)) c_1)))
(assert (not (= (str.substr s_2 3 (- 4 3)) c_1)))
(assert (not (= (str.substr s_2 2 (- 3 2)) c_1)))
(assert (not (= (str.substr s_2 1 (- 2 1)) c_1)))
(assert (not (= (str.substr s_2 0 (- 1 0)) c_1)))
(assert (< 10 (str.len (str.++ (str.substr (str.++ (str.substr s_2 0 (- 8 0)) (str.substr s_2 9(- (str.len s_2) 9))) 0 (- 9 0)) (str.substr (str.++ (str.substr s_2 0 (- 8 0)) (str.substr s_2 9(- (str.len s_2) 9))) 10(- (str.len (str.++ (str.substr s_2 0 (- 8 0)) (str.substr s_2 9(- (str.len s_2) 9)))) 10))))))
(assert (< 9 (str.len (str.++ (str.substr s_2 0 (- 8 0)) (str.substr s_2 9(- (str.len s_2) 9))))))
(assert (< 8 (str.len s_2)))
(assert (< 7 (str.len s_2)))
(assert (< 6 (str.len s_2)))
(assert (< 5 (str.len s_2)))
(assert (< 4 (str.len s_2)))
(assert (< 3 (str.len s_2)))
(assert (< 2 (str.len s_2)))
(assert (< 1 (str.len s_2)))
(assert (< 0 (str.len s_2)))



======================
(define-fun s_2 () String
  "CDEFGHIJABAKLMN")
(define-fun c_1 () String
  "A")
Returned solutions: 
(define-fun s_2 () String  "CDEFGHIJABAKLMN")
(define-fun c_1 () String  "A")
*************************************
Satisfiable: true
c_1 => "A"
s_2 => "CDEFGHIJABAKLMN"
*************************************

Symbolic Exp [ .substring[(.substring[(s_2_SYMSTRING[**UNDEFINED**])(CONST_8)(CONST_0)].concat(.substring[(s_2_SYMSTRING[**UNDEFINED**])(CONST_9)]))(CONST_9)(CONST_0)].concat(.substring[(.substring[(s_2_SYMSTRING[**UNDEFINED**])(CONST_8)(CONST_0)].concat(.substring[(s_2_SYMSTRING[**UNDEFINED**])(CONST_9)]))(CONST_10)])]
test This is a tttest haystack string for testing.
0
114514
0

====================================================== search constraint
depth limit reached: 23

====================================================== snapshot 
no live threads
numeric PC: constraint # = 11
CONST_10 >= Length_3_ &&
CONST_9 < Length_2_ &&
CONST_8 < Length_0_ &&
CONST_7 < Length_0_ &&
CONST_6 < Length_0_ &&
CONST_5 < Length_0_ &&
CONST_4 < Length_0_ &&
CONST_3 < Length_0_ &&
CONST_2 < Length_0_ &&
CONST_1 < Length_0_ &&
CONST_0 < Length_0_ -> true

string analysis: SPC # = 10
(.substring[(.substring[(s_2_SYMSTRING[**UNDEFINED**])(CONST_8)(CONST_0)].concat(.substring[(s_2_SYMSTRING[**UNDEFINED**])(CONST_9)]))(CONST_10)(CONST_9)] equals c_1_SYMSTRING[**UNDEFINED**]) && (.substring[(s_2_SYMSTRING[**UNDEFINED**])(CONST_9)(CONST_8)] equals c_1_SYMSTRING[**UNDEFINED**]) && (.substring[(s_2_SYMSTRING[**UNDEFINED**])(CONST_8)(CONST_7)] notequals c_1_SYMSTRING[**UNDEFINED**]) && (.substring[(s_2_SYMSTRING[**UNDEFINED**])(CONST_7)(CONST_6)] notequals c_1_SYMSTRING[**UNDEFINED**]) && (.substring[(s_2_SYMSTRING[**UNDEFINED**])(CONST_6)(CONST_5)] notequals c_1_SYMSTRING[**UNDEFINED**]) && (.substring[(s_2_SYMSTRING[**UNDEFINED**])(CONST_5)(CONST_4)] notequals c_1_SYMSTRING[**UNDEFINED**]) && (.substring[(s_2_SYMSTRING[**UNDEFINED**])(CONST_4)(CONST_3)] notequals c_1_SYMSTRING[**UNDEFINED**]) && (.substring[(s_2_SYMSTRING[**UNDEFINED**])(CONST_3)(CONST_2)] notequals c_1_SYMSTRING[**UNDEFINED**]) && (.substring[(s_2_SYMSTRING[**UNDEFINED**])(CONST_2)(CONST_1)] notequals c_1_SYMSTRING[**UNDEFINED**]) && (.substring[(s_2_SYMSTRING[**UNDEFINED**])(CONST_1)(CONST_0)] notequals c_1_SYMSTRING[**UNDEFINED**])
NPC constraint # = 11
CONST_10 >= Length_3_[0] &&
CONST_9 < Length_2_[10] &&
CONST_8 < Length_0_[9] &&
CONST_7 < Length_0_[9] &&
CONST_6 < Length_0_[9] &&
CONST_5 < Length_0_[9] &&
CONST_4 < Length_0_[9] &&
CONST_3 < Length_0_[9] &&
CONST_2 < Length_0_[9] &&
CONST_1 < Length_0_[9] &&
CONST_0 < Length_0_[9]
$$$$$$$$$$$$$$$$$$$$$$$$$$$$$$$$
Calling Z3str3

current query... 
(declare-const c_1 String)
(declare-const s_2 String)

(assert (= (str.substr (str.++ (str.substr s_2 0 (- 8 0)) (str.substr s_2 9(- (str.len s_2) 9))) 9 (- 10 9)) c_1))
(assert (= (str.substr s_2 8 (- 9 8)) c_1))
(assert (not (= (str.substr s_2 7 (- 8 7)) c_1)))
(assert (not (= (str.substr s_2 6 (- 7 6)) c_1)))
(assert (not (= (str.substr s_2 5 (- 6 5)) c_1)))
(assert (not (= (str.substr s_2 4 (- 5 4)) c_1)))
(assert (not (= (str.substr s_2 3 (- 4 3)) c_1)))
(assert (not (= (str.substr s_2 2 (- 3 2)) c_1)))
(assert (not (= (str.substr s_2 1 (- 2 1)) c_1)))
(assert (not (= (str.substr s_2 0 (- 1 0)) c_1)))
(assert (>= 10 (str.len (str.++ (str.substr (str.++ (str.substr s_2 0 (- 8 0)) (str.substr s_2 9(- (str.len s_2) 9))) 0 (- 9 0)) (str.substr (str.++ (str.substr s_2 0 (- 8 0)) (str.substr s_2 9(- (str.len s_2) 9))) 10(- (str.len (str.++ (str.substr s_2 0 (- 8 0)) (str.substr s_2 9(- (str.len s_2) 9)))) 10))))))
(assert (< 9 (str.len (str.++ (str.substr s_2 0 (- 8 0)) (str.substr s_2 9(- (str.len s_2) 9))))))
(assert (< 8 (str.len s_2)))
(assert (< 7 (str.len s_2)))
(assert (< 6 (str.len s_2)))
(assert (< 5 (str.len s_2)))
(assert (< 4 (str.len s_2)))
(assert (< 3 (str.len s_2)))
(assert (< 2 (str.len s_2)))
(assert (< 1 (str.len s_2)))
(assert (< 0 (str.len s_2)))



======================
(define-fun s_2 () String
  "CDEFGHIJABAK")
(define-fun c_1 () String
  "A")
Returned solutions: 
(define-fun s_2 () String  "CDEFGHIJABAK")
(define-fun c_1 () String  "A")
*************************************
Satisfiable: true
c_1 => "A"
s_2 => "CDEFGHIJABAK"
*************************************

numeric PC: constraint # = 10
CONST_9 < Length_2_[10] &&
CONST_8 < Length_0_[9] &&
CONST_7 < Length_0_[9] &&
CONST_6 < Length_0_[9] &&
CONST_5 < Length_0_[9] &&
CONST_4 < Length_0_[9] &&
CONST_3 < Length_0_[9] &&
CONST_2 < Length_0_[9] &&
CONST_1 < Length_0_[9] &&
CONST_0 < Length_0_[9] -> true

string analysis: SPC # = 10
(.substring[(.substring[(s_2_SYMSTRING[**UNDEFINED**])(CONST_8)(CONST_0)].concat(.substring[(s_2_SYMSTRING[**UNDEFINED**])(CONST_9)]))(CONST_10)(CONST_9)] equals c_1_SYMSTRING[**UNDEFINED**]) && (.substring[(s_2_SYMSTRING[**UNDEFINED**])(CONST_9)(CONST_8)] equals c_1_SYMSTRING[**UNDEFINED**]) && (.substring[(s_2_SYMSTRING[**UNDEFINED**])(CONST_8)(CONST_7)] notequals c_1_SYMSTRING[**UNDEFINED**]) && (.substring[(s_2_SYMSTRING[**UNDEFINED**])(CONST_7)(CONST_6)] notequals c_1_SYMSTRING[**UNDEFINED**]) && (.substring[(s_2_SYMSTRING[**UNDEFINED**])(CONST_6)(CONST_5)] notequals c_1_SYMSTRING[**UNDEFINED**]) && (.substring[(s_2_SYMSTRING[**UNDEFINED**])(CONST_5)(CONST_4)] notequals c_1_SYMSTRING[**UNDEFINED**]) && (.substring[(s_2_SYMSTRING[**UNDEFINED**])(CONST_4)(CONST_3)] notequals c_1_SYMSTRING[**UNDEFINED**]) && (.substring[(s_2_SYMSTRING[**UNDEFINED**])(CONST_3)(CONST_2)] notequals c_1_SYMSTRING[**UNDEFINED**]) && (.substring[(s_2_SYMSTRING[**UNDEFINED**])(CONST_2)(CONST_1)] notequals c_1_SYMSTRING[**UNDEFINED**]) && (.substring[(s_2_SYMSTRING[**UNDEFINED**])(CONST_1)(CONST_0)] notequals c_1_SYMSTRING[**UNDEFINED**])
NPC constraint # = 10
CONST_9 < Length_2_[10] &&
CONST_8 < Length_0_[9] &&
CONST_7 < Length_0_[9] &&
CONST_6 < Length_0_[9] &&
CONST_5 < Length_0_[9] &&
CONST_4 < Length_0_[9] &&
CONST_3 < Length_0_[9] &&
CONST_2 < Length_0_[9] &&
CONST_1 < Length_0_[9] &&
CONST_0 < Length_0_[9]
$$$$$$$$$$$$$$$$$$$$$$$$$$$$$$$$
Calling Z3str3

current query... 
(declare-const c_1 String)
(declare-const s_2 String)

(assert (= (str.substr (str.++ (str.substr s_2 0 (- 8 0)) (str.substr s_2 9(- (str.len s_2) 9))) 9 (- 10 9)) c_1))
(assert (= (str.substr s_2 8 (- 9 8)) c_1))
(assert (not (= (str.substr s_2 7 (- 8 7)) c_1)))
(assert (not (= (str.substr s_2 6 (- 7 6)) c_1)))
(assert (not (= (str.substr s_2 5 (- 6 5)) c_1)))
(assert (not (= (str.substr s_2 4 (- 5 4)) c_1)))
(assert (not (= (str.substr s_2 3 (- 4 3)) c_1)))
(assert (not (= (str.substr s_2 2 (- 3 2)) c_1)))
(assert (not (= (str.substr s_2 1 (- 2 1)) c_1)))
(assert (not (= (str.substr s_2 0 (- 1 0)) c_1)))
(assert (< 9 (str.len (str.++ (str.substr s_2 0 (- 8 0)) (str.substr s_2 9(- (str.len s_2) 9))))))
(assert (< 8 (str.len s_2)))
(assert (< 7 (str.len s_2)))
(assert (< 6 (str.len s_2)))
(assert (< 5 (str.len s_2)))
(assert (< 4 (str.len s_2)))
(assert (< 3 (str.len s_2)))
(assert (< 2 (str.len s_2)))
(assert (< 1 (str.len s_2)))
(assert (< 0 (str.len s_2)))



======================
(define-fun s_2 () String
  "ABCDEFGHIJIKLM")
(define-fun c_1 () String
  "I")
Returned solutions: 
(define-fun s_2 () String  "ABCDEFGHIJIKLM")
(define-fun c_1 () String  "I")
*************************************
Satisfiable: true
c_1 => "I"
s_2 => "ABCDEFGHIJIKLM"
*************************************

numeric PC: constraint # = 10
CONST_9 < Length_2_[10] &&
CONST_8 < Length_0_[9] &&
CONST_7 < Length_0_[9] &&
CONST_6 < Length_0_[9] &&
CONST_5 < Length_0_[9] &&
CONST_4 < Length_0_[9] &&
CONST_3 < Length_0_[9] &&
CONST_2 < Length_0_[9] &&
CONST_1 < Length_0_[9] &&
CONST_0 < Length_0_[9] -> true

string analysis: SPC # = 9
(.substring[(s_2_SYMSTRING[**UNDEFINED**])(CONST_9)(CONST_8)] equals c_1_SYMSTRING[**UNDEFINED**]) && (.substring[(s_2_SYMSTRING[**UNDEFINED**])(CONST_8)(CONST_7)] notequals c_1_SYMSTRING[**UNDEFINED**]) && (.substring[(s_2_SYMSTRING[**UNDEFINED**])(CONST_7)(CONST_6)] notequals c_1_SYMSTRING[**UNDEFINED**]) && (.substring[(s_2_SYMSTRING[**UNDEFINED**])(CONST_6)(CONST_5)] notequals c_1_SYMSTRING[**UNDEFINED**]) && (.substring[(s_2_SYMSTRING[**UNDEFINED**])(CONST_5)(CONST_4)] notequals c_1_SYMSTRING[**UNDEFINED**]) && (.substring[(s_2_SYMSTRING[**UNDEFINED**])(CONST_4)(CONST_3)] notequals c_1_SYMSTRING[**UNDEFINED**]) && (.substring[(s_2_SYMSTRING[**UNDEFINED**])(CONST_3)(CONST_2)] notequals c_1_SYMSTRING[**UNDEFINED**]) && (.substring[(s_2_SYMSTRING[**UNDEFINED**])(CONST_2)(CONST_1)] notequals c_1_SYMSTRING[**UNDEFINED**]) && (.substring[(s_2_SYMSTRING[**UNDEFINED**])(CONST_1)(CONST_0)] notequals c_1_SYMSTRING[**UNDEFINED**])
NPC constraint # = 10
CONST_9 < Length_2_[10] &&
CONST_8 < Length_0_[9] &&
CONST_7 < Length_0_[9] &&
CONST_6 < Length_0_[9] &&
CONST_5 < Length_0_[9] &&
CONST_4 < Length_0_[9] &&
CONST_3 < Length_0_[9] &&
CONST_2 < Length_0_[9] &&
CONST_1 < Length_0_[9] &&
CONST_0 < Length_0_[9]
$$$$$$$$$$$$$$$$$$$$$$$$$$$$$$$$
Calling Z3str3

current query... 
(declare-const c_1 String)
(declare-const s_2 String)

(assert (= (str.substr s_2 8 (- 9 8)) c_1))
(assert (not (= (str.substr s_2 7 (- 8 7)) c_1)))
(assert (not (= (str.substr s_2 6 (- 7 6)) c_1)))
(assert (not (= (str.substr s_2 5 (- 6 5)) c_1)))
(assert (not (= (str.substr s_2 4 (- 5 4)) c_1)))
(assert (not (= (str.substr s_2 3 (- 4 3)) c_1)))
(assert (not (= (str.substr s_2 2 (- 3 2)) c_1)))
(assert (not (= (str.substr s_2 1 (- 2 1)) c_1)))
(assert (not (= (str.substr s_2 0 (- 1 0)) c_1)))
(assert (< 9 (str.len (str.++ (str.substr s_2 0 (- 8 0)) (str.substr s_2 9(- (str.len s_2) 9))))))
(assert (< 8 (str.len s_2)))
(assert (< 7 (str.len s_2)))
(assert (< 6 (str.len s_2)))
(assert (< 5 (str.len s_2)))
(assert (< 4 (str.len s_2)))
(assert (< 3 (str.len s_2)))
(assert (< 2 (str.len s_2)))
(assert (< 1 (str.len s_2)))
(assert (< 0 (str.len s_2)))



======================
(define-fun s_2 () String
  "IAHGFEDCBJKLMNO")
(define-fun c_1 () String
  "B")
Returned solutions: 
(define-fun s_2 () String  "IAHGFEDCBJKLMNO")
(define-fun c_1 () String  "B")
*************************************
Satisfiable: true
c_1 => "B"
s_2 => "IAHGFEDCBJKLMNO"
*************************************

Symbolic Exp [ .substring[(s_2_SYMSTRING[**UNDEFINED**])(CONST_8)(CONST_0)].concat(.substring[(s_2_SYMSTRING[**UNDEFINED**])(CONST_9)])]
test This is a tttest haystack string for testing.
0
114514
0
numeric PC: constraint # = 10
CONST_9 >= Length_2_ &&
CONST_8 < Length_0_ &&
CONST_7 < Length_0_ &&
CONST_6 < Length_0_ &&
CONST_5 < Length_0_ &&
CONST_4 < Length_0_ &&
CONST_3 < Length_0_ &&
CONST_2 < Length_0_ &&
CONST_1 < Length_0_ &&
CONST_0 < Length_0_ -> true

string analysis: SPC # = 9
(.substring[(s_2_SYMSTRING[**UNDEFINED**])(CONST_9)(CONST_8)] equals c_1_SYMSTRING[**UNDEFINED**]) && (.substring[(s_2_SYMSTRING[**UNDEFINED**])(CONST_8)(CONST_7)] notequals c_1_SYMSTRING[**UNDEFINED**]) && (.substring[(s_2_SYMSTRING[**UNDEFINED**])(CONST_7)(CONST_6)] notequals c_1_SYMSTRING[**UNDEFINED**]) && (.substring[(s_2_SYMSTRING[**UNDEFINED**])(CONST_6)(CONST_5)] notequals c_1_SYMSTRING[**UNDEFINED**]) && (.substring[(s_2_SYMSTRING[**UNDEFINED**])(CONST_5)(CONST_4)] notequals c_1_SYMSTRING[**UNDEFINED**]) && (.substring[(s_2_SYMSTRING[**UNDEFINED**])(CONST_4)(CONST_3)] notequals c_1_SYMSTRING[**UNDEFINED**]) && (.substring[(s_2_SYMSTRING[**UNDEFINED**])(CONST_3)(CONST_2)] notequals c_1_SYMSTRING[**UNDEFINED**]) && (.substring[(s_2_SYMSTRING[**UNDEFINED**])(CONST_2)(CONST_1)] notequals c_1_SYMSTRING[**UNDEFINED**]) && (.substring[(s_2_SYMSTRING[**UNDEFINED**])(CONST_1)(CONST_0)] notequals c_1_SYMSTRING[**UNDEFINED**])
NPC constraint # = 10
CONST_9 >= Length_2_[0] &&
CONST_8 < Length_0_[9] &&
CONST_7 < Length_0_[9] &&
CONST_6 < Length_0_[9] &&
CONST_5 < Length_0_[9] &&
CONST_4 < Length_0_[9] &&
CONST_3 < Length_0_[9] &&
CONST_2 < Length_0_[9] &&
CONST_1 < Length_0_[9] &&
CONST_0 < Length_0_[9]
$$$$$$$$$$$$$$$$$$$$$$$$$$$$$$$$
Calling Z3str3

current query... 
(declare-const c_1 String)
(declare-const s_2 String)

(assert (= (str.substr s_2 8 (- 9 8)) c_1))
(assert (not (= (str.substr s_2 7 (- 8 7)) c_1)))
(assert (not (= (str.substr s_2 6 (- 7 6)) c_1)))
(assert (not (= (str.substr s_2 5 (- 6 5)) c_1)))
(assert (not (= (str.substr s_2 4 (- 5 4)) c_1)))
(assert (not (= (str.substr s_2 3 (- 4 3)) c_1)))
(assert (not (= (str.substr s_2 2 (- 3 2)) c_1)))
(assert (not (= (str.substr s_2 1 (- 2 1)) c_1)))
(assert (not (= (str.substr s_2 0 (- 1 0)) c_1)))
(assert (>= 9 (str.len (str.++ (str.substr s_2 0 (- 8 0)) (str.substr s_2 9(- (str.len s_2) 9))))))
(assert (< 8 (str.len s_2)))
(assert (< 7 (str.len s_2)))
(assert (< 6 (str.len s_2)))
(assert (< 5 (str.len s_2)))
(assert (< 4 (str.len s_2)))
(assert (< 3 (str.len s_2)))
(assert (< 2 (str.len s_2)))
(assert (< 1 (str.len s_2)))
(assert (< 0 (str.len s_2)))



======================
(define-fun s_2 () String
  "IBAHGFEDC")
(define-fun c_1 () String
  "C")
Returned solutions: 
(define-fun s_2 () String  "IBAHGFEDC")
(define-fun c_1 () String  "C")
*************************************
Satisfiable: true
c_1 => "C"
s_2 => "IBAHGFEDC"
*************************************

numeric PC: constraint # = 9
CONST_8 < Length_0_[9] &&
CONST_7 < Length_0_[9] &&
CONST_6 < Length_0_[9] &&
CONST_5 < Length_0_[9] &&
CONST_4 < Length_0_[9] &&
CONST_3 < Length_0_[9] &&
CONST_2 < Length_0_[9] &&
CONST_1 < Length_0_[9] &&
CONST_0 < Length_0_[9] -> true

string analysis: SPC # = 9
(.substring[(s_2_SYMSTRING[**UNDEFINED**])(CONST_9)(CONST_8)] equals c_1_SYMSTRING[**UNDEFINED**]) && (.substring[(s_2_SYMSTRING[**UNDEFINED**])(CONST_8)(CONST_7)] notequals c_1_SYMSTRING[**UNDEFINED**]) && (.substring[(s_2_SYMSTRING[**UNDEFINED**])(CONST_7)(CONST_6)] notequals c_1_SYMSTRING[**UNDEFINED**]) && (.substring[(s_2_SYMSTRING[**UNDEFINED**])(CONST_6)(CONST_5)] notequals c_1_SYMSTRING[**UNDEFINED**]) && (.substring[(s_2_SYMSTRING[**UNDEFINED**])(CONST_5)(CONST_4)] notequals c_1_SYMSTRING[**UNDEFINED**]) && (.substring[(s_2_SYMSTRING[**UNDEFINED**])(CONST_4)(CONST_3)] notequals c_1_SYMSTRING[**UNDEFINED**]) && (.substring[(s_2_SYMSTRING[**UNDEFINED**])(CONST_3)(CONST_2)] notequals c_1_SYMSTRING[**UNDEFINED**]) && (.substring[(s_2_SYMSTRING[**UNDEFINED**])(CONST_2)(CONST_1)] notequals c_1_SYMSTRING[**UNDEFINED**]) && (.substring[(s_2_SYMSTRING[**UNDEFINED**])(CONST_1)(CONST_0)] notequals c_1_SYMSTRING[**UNDEFINED**])
NPC constraint # = 9
CONST_8 < Length_0_[9] &&
CONST_7 < Length_0_[9] &&
CONST_6 < Length_0_[9] &&
CONST_5 < Length_0_[9] &&
CONST_4 < Length_0_[9] &&
CONST_3 < Length_0_[9] &&
CONST_2 < Length_0_[9] &&
CONST_1 < Length_0_[9] &&
CONST_0 < Length_0_[9]
$$$$$$$$$$$$$$$$$$$$$$$$$$$$$$$$
Calling Z3str3

current query... 
(declare-const c_1 String)
(declare-const s_2 String)

(assert (= (str.substr s_2 8 (- 9 8)) c_1))
(assert (not (= (str.substr s_2 7 (- 8 7)) c_1)))
(assert (not (= (str.substr s_2 6 (- 7 6)) c_1)))
(assert (not (= (str.substr s_2 5 (- 6 5)) c_1)))
(assert (not (= (str.substr s_2 4 (- 5 4)) c_1)))
(assert (not (= (str.substr s_2 3 (- 4 3)) c_1)))
(assert (not (= (str.substr s_2 2 (- 3 2)) c_1)))
(assert (not (= (str.substr s_2 1 (- 2 1)) c_1)))
(assert (not (= (str.substr s_2 0 (- 1 0)) c_1)))
(assert (< 8 (str.len s_2)))
(assert (< 7 (str.len s_2)))
(assert (< 6 (str.len s_2)))
(assert (< 5 (str.len s_2)))
(assert (< 4 (str.len s_2)))
(assert (< 3 (str.len s_2)))
(assert (< 2 (str.len s_2)))
(assert (< 1 (str.len s_2)))
(assert (< 0 (str.len s_2)))



======================
(define-fun s_2 () String
  "IHGFEDCAB")
(define-fun c_1 () String
  "B")
Returned solutions: 
(define-fun s_2 () String  "IHGFEDCAB")
(define-fun c_1 () String  "B")
*************************************
Satisfiable: true
c_1 => "B"
s_2 => "IHGFEDCAB"
*************************************

numeric PC: constraint # = 9
CONST_8 < Length_0_[9] &&
CONST_7 < Length_0_[9] &&
CONST_6 < Length_0_[9] &&
CONST_5 < Length_0_[9] &&
CONST_4 < Length_0_[9] &&
CONST_3 < Length_0_[9] &&
CONST_2 < Length_0_[9] &&
CONST_1 < Length_0_[9] &&
CONST_0 < Length_0_[9] -> true

string analysis: SPC # = 8
(.substring[(s_2_SYMSTRING[**UNDEFINED**])(CONST_8)(CONST_7)] notequals c_1_SYMSTRING[**UNDEFINED**]) && (.substring[(s_2_SYMSTRING[**UNDEFINED**])(CONST_7)(CONST_6)] notequals c_1_SYMSTRING[**UNDEFINED**]) && (.substring[(s_2_SYMSTRING[**UNDEFINED**])(CONST_6)(CONST_5)] notequals c_1_SYMSTRING[**UNDEFINED**]) && (.substring[(s_2_SYMSTRING[**UNDEFINED**])(CONST_5)(CONST_4)] notequals c_1_SYMSTRING[**UNDEFINED**]) && (.substring[(s_2_SYMSTRING[**UNDEFINED**])(CONST_4)(CONST_3)] notequals c_1_SYMSTRING[**UNDEFINED**]) && (.substring[(s_2_SYMSTRING[**UNDEFINED**])(CONST_3)(CONST_2)] notequals c_1_SYMSTRING[**UNDEFINED**]) && (.substring[(s_2_SYMSTRING[**UNDEFINED**])(CONST_2)(CONST_1)] notequals c_1_SYMSTRING[**UNDEFINED**]) && (.substring[(s_2_SYMSTRING[**UNDEFINED**])(CONST_1)(CONST_0)] notequals c_1_SYMSTRING[**UNDEFINED**])
NPC constraint # = 9
CONST_8 < Length_0_[9] &&
CONST_7 < Length_0_[9] &&
CONST_6 < Length_0_[9] &&
CONST_5 < Length_0_[9] &&
CONST_4 < Length_0_[9] &&
CONST_3 < Length_0_[9] &&
CONST_2 < Length_0_[9] &&
CONST_1 < Length_0_[9] &&
CONST_0 < Length_0_[9]
$$$$$$$$$$$$$$$$$$$$$$$$$$$$$$$$
Calling Z3str3

current query... 
(declare-const c_1 String)
(declare-const s_2 String)

(assert (not (= (str.substr s_2 7 (- 8 7)) c_1)))
(assert (not (= (str.substr s_2 6 (- 7 6)) c_1)))
(assert (not (= (str.substr s_2 5 (- 6 5)) c_1)))
(assert (not (= (str.substr s_2 4 (- 5 4)) c_1)))
(assert (not (= (str.substr s_2 3 (- 4 3)) c_1)))
(assert (not (= (str.substr s_2 2 (- 3 2)) c_1)))
(assert (not (= (str.substr s_2 1 (- 2 1)) c_1)))
(assert (not (= (str.substr s_2 0 (- 1 0)) c_1)))
(assert (< 8 (str.len s_2)))
(assert (< 7 (str.len s_2)))
(assert (< 6 (str.len s_2)))
(assert (< 5 (str.len s_2)))
(assert (< 4 (str.len s_2)))
(assert (< 3 (str.len s_2)))
(assert (< 2 (str.len s_2)))
(assert (< 1 (str.len s_2)))
(assert (< 0 (str.len s_2)))



======================
(define-fun s_2 () String
  "ABCDEFGHI")
(define-fun c_1 () String
  "")
Returned solutions: 
(define-fun s_2 () String  "ABCDEFGHI")
(define-fun c_1 () String  "")
*************************************
Satisfiable: true
c_1 => ""
s_2 => "ABCDEFGHI"
*************************************

Symbolic Exp [ s_2_SYMSTRING[**UNDEFINED**]]
test This is a tttest haystack string for testing.
0
114514
0
numeric PC: constraint # = 9
CONST_8 >= Length_0_ &&
CONST_7 < Length_0_ &&
CONST_6 < Length_0_ &&
CONST_5 < Length_0_ &&
CONST_4 < Length_0_ &&
CONST_3 < Length_0_ &&
CONST_2 < Length_0_ &&
CONST_1 < Length_0_ &&
CONST_0 < Length_0_ -> true

string analysis: SPC # = 8
(.substring[(s_2_SYMSTRING[**UNDEFINED**])(CONST_8)(CONST_7)] notequals c_1_SYMSTRING[**UNDEFINED**]) && (.substring[(s_2_SYMSTRING[**UNDEFINED**])(CONST_7)(CONST_6)] notequals c_1_SYMSTRING[**UNDEFINED**]) && (.substring[(s_2_SYMSTRING[**UNDEFINED**])(CONST_6)(CONST_5)] notequals c_1_SYMSTRING[**UNDEFINED**]) && (.substring[(s_2_SYMSTRING[**UNDEFINED**])(CONST_5)(CONST_4)] notequals c_1_SYMSTRING[**UNDEFINED**]) && (.substring[(s_2_SYMSTRING[**UNDEFINED**])(CONST_4)(CONST_3)] notequals c_1_SYMSTRING[**UNDEFINED**]) && (.substring[(s_2_SYMSTRING[**UNDEFINED**])(CONST_3)(CONST_2)] notequals c_1_SYMSTRING[**UNDEFINED**]) && (.substring[(s_2_SYMSTRING[**UNDEFINED**])(CONST_2)(CONST_1)] notequals c_1_SYMSTRING[**UNDEFINED**]) && (.substring[(s_2_SYMSTRING[**UNDEFINED**])(CONST_1)(CONST_0)] notequals c_1_SYMSTRING[**UNDEFINED**])
NPC constraint # = 9
CONST_8 >= Length_0_[8] &&
CONST_7 < Length_0_[8] &&
CONST_6 < Length_0_[8] &&
CONST_5 < Length_0_[8] &&
CONST_4 < Length_0_[8] &&
CONST_3 < Length_0_[8] &&
CONST_2 < Length_0_[8] &&
CONST_1 < Length_0_[8] &&
CONST_0 < Length_0_[8]
$$$$$$$$$$$$$$$$$$$$$$$$$$$$$$$$
Calling Z3str3

current query... 
(declare-const c_1 String)
(declare-const s_2 String)

(assert (not (= (str.substr s_2 7 (- 8 7)) c_1)))
(assert (not (= (str.substr s_2 6 (- 7 6)) c_1)))
(assert (not (= (str.substr s_2 5 (- 6 5)) c_1)))
(assert (not (= (str.substr s_2 4 (- 5 4)) c_1)))
(assert (not (= (str.substr s_2 3 (- 4 3)) c_1)))
(assert (not (= (str.substr s_2 2 (- 3 2)) c_1)))
(assert (not (= (str.substr s_2 1 (- 2 1)) c_1)))
(assert (not (= (str.substr s_2 0 (- 1 0)) c_1)))
(assert (>= 8 (str.len s_2)))
(assert (< 7 (str.len s_2)))
(assert (< 6 (str.len s_2)))
(assert (< 5 (str.len s_2)))
(assert (< 4 (str.len s_2)))
(assert (< 3 (str.len s_2)))
(assert (< 2 (str.len s_2)))
(assert (< 1 (str.len s_2)))
(assert (< 0 (str.len s_2)))



======================
(define-fun s_2 () String
  "HGFEDCBA")
(define-fun c_1 () String
  "")
Returned solutions: 
(define-fun s_2 () String  "HGFEDCBA")
(define-fun c_1 () String  "")
*************************************
Satisfiable: true
c_1 => ""
s_2 => "HGFEDCBA"
*************************************

numeric PC: constraint # = 8
CONST_7 < Length_0_[8] &&
CONST_6 < Length_0_[8] &&
CONST_5 < Length_0_[8] &&
CONST_4 < Length_0_[8] &&
CONST_3 < Length_0_[8] &&
CONST_2 < Length_0_[8] &&
CONST_1 < Length_0_[8] &&
CONST_0 < Length_0_[8] -> true

string analysis: SPC # = 8
(.substring[(s_2_SYMSTRING[**UNDEFINED**])(CONST_8)(CONST_7)] notequals c_1_SYMSTRING[**UNDEFINED**]) && (.substring[(s_2_SYMSTRING[**UNDEFINED**])(CONST_7)(CONST_6)] notequals c_1_SYMSTRING[**UNDEFINED**]) && (.substring[(s_2_SYMSTRING[**UNDEFINED**])(CONST_6)(CONST_5)] notequals c_1_SYMSTRING[**UNDEFINED**]) && (.substring[(s_2_SYMSTRING[**UNDEFINED**])(CONST_5)(CONST_4)] notequals c_1_SYMSTRING[**UNDEFINED**]) && (.substring[(s_2_SYMSTRING[**UNDEFINED**])(CONST_4)(CONST_3)] notequals c_1_SYMSTRING[**UNDEFINED**]) && (.substring[(s_2_SYMSTRING[**UNDEFINED**])(CONST_3)(CONST_2)] notequals c_1_SYMSTRING[**UNDEFINED**]) && (.substring[(s_2_SYMSTRING[**UNDEFINED**])(CONST_2)(CONST_1)] notequals c_1_SYMSTRING[**UNDEFINED**]) && (.substring[(s_2_SYMSTRING[**UNDEFINED**])(CONST_1)(CONST_0)] notequals c_1_SYMSTRING[**UNDEFINED**])
NPC constraint # = 8
CONST_7 < Length_0_[8] &&
CONST_6 < Length_0_[8] &&
CONST_5 < Length_0_[8] &&
CONST_4 < Length_0_[8] &&
CONST_3 < Length_0_[8] &&
CONST_2 < Length_0_[8] &&
CONST_1 < Length_0_[8] &&
CONST_0 < Length_0_[8]
$$$$$$$$$$$$$$$$$$$$$$$$$$$$$$$$
Calling Z3str3

current query... 
(declare-const c_1 String)
(declare-const s_2 String)

(assert (not (= (str.substr s_2 7 (- 8 7)) c_1)))
(assert (not (= (str.substr s_2 6 (- 7 6)) c_1)))
(assert (not (= (str.substr s_2 5 (- 6 5)) c_1)))
(assert (not (= (str.substr s_2 4 (- 5 4)) c_1)))
(assert (not (= (str.substr s_2 3 (- 4 3)) c_1)))
(assert (not (= (str.substr s_2 2 (- 3 2)) c_1)))
(assert (not (= (str.substr s_2 1 (- 2 1)) c_1)))
(assert (not (= (str.substr s_2 0 (- 1 0)) c_1)))
(assert (< 7 (str.len s_2)))
(assert (< 6 (str.len s_2)))
(assert (< 5 (str.len s_2)))
(assert (< 4 (str.len s_2)))
(assert (< 3 (str.len s_2)))
(assert (< 2 (str.len s_2)))
(assert (< 1 (str.len s_2)))
(assert (< 0 (str.len s_2)))



======================
(define-fun s_2 () String
  "HAGFEDCB")
(define-fun c_1 () String
  "IJ")
Returned solutions: 
(define-fun s_2 () String  "HAGFEDCB")
(define-fun c_1 () String  "IJ")
*************************************
Satisfiable: true
c_1 => "IJ"
s_2 => "HAGFEDCB"
*************************************

numeric PC: constraint # = 8
CONST_7 < Length_0_[8] &&
CONST_6 < Length_0_[8] &&
CONST_5 < Length_0_[8] &&
CONST_4 < Length_0_[8] &&
CONST_3 < Length_0_[8] &&
CONST_2 < Length_0_[8] &&
CONST_1 < Length_0_[8] &&
CONST_0 < Length_0_[8] -> true

### PCs: total:45 sat:45 unsat:0

string analysis: SPC # = 8
(.substring[(s_2_SYMSTRING)(CONST_8)(CONST_7)] equals c_1_SYMSTRING) && (.substring[(s_2_SYMSTRING)(CONST_7)(CONST_6)] notequals c_1_SYMSTRING) && (.substring[(s_2_SYMSTRING)(CONST_6)(CONST_5)] notequals c_1_SYMSTRING) && (.substring[(s_2_SYMSTRING)(CONST_5)(CONST_4)] notequals c_1_SYMSTRING) && (.substring[(s_2_SYMSTRING)(CONST_4)(CONST_3)] notequals c_1_SYMSTRING) && (.substring[(s_2_SYMSTRING)(CONST_3)(CONST_2)] notequals c_1_SYMSTRING) && (.substring[(s_2_SYMSTRING)(CONST_2)(CONST_1)] notequals c_1_SYMSTRING) && (.substring[(s_2_SYMSTRING)(CONST_1)(CONST_0)] notequals c_1_SYMSTRING)
NPC constraint # = 8
CONST_7 < Length_0_[8] &&
CONST_6 < Length_0_[8] &&
CONST_5 < Length_0_[8] &&
CONST_4 < Length_0_[8] &&
CONST_3 < Length_0_[8] &&
CONST_2 < Length_0_[8] &&
CONST_1 < Length_0_[8] &&
CONST_0 < Length_0_[8]
$$$$$$$$$$$$$$$$$$$$$$$$$$$$$$$$
Calling Z3str3

current query... 
(declare-const c_1 String)
(declare-const s_2 String)

(assert (= (str.substr s_2 7 (- 8 7)) c_1))
(assert (not (= (str.substr s_2 6 (- 7 6)) c_1)))
(assert (not (= (str.substr s_2 5 (- 6 5)) c_1)))
(assert (not (= (str.substr s_2 4 (- 5 4)) c_1)))
(assert (not (= (str.substr s_2 3 (- 4 3)) c_1)))
(assert (not (= (str.substr s_2 2 (- 3 2)) c_1)))
(assert (not (= (str.substr s_2 1 (- 2 1)) c_1)))
(assert (not (= (str.substr s_2 0 (- 1 0)) c_1)))
(assert (< 7 (str.len s_2)))
(assert (< 6 (str.len s_2)))
(assert (< 5 (str.len s_2)))
(assert (< 4 (str.len s_2)))
(assert (< 3 (str.len s_2)))
(assert (< 2 (str.len s_2)))
(assert (< 1 (str.len s_2)))
(assert (< 0 (str.len s_2)))



======================
(define-fun s_2 () String
  "HAGFEDBC")
(define-fun c_1 () String
  "C")
Returned solutions: 
(define-fun s_2 () String  "HAGFEDBC")
(define-fun c_1 () String  "C")
*************************************
Satisfiable: true
c_1 => "C"
s_2 => "HAGFEDBC"
*************************************

New sym int Length_4_ min=0, max=30
numeric PC: constraint # = 9
CONST_8 >= Length_4_ &&
CONST_7 < Length_0_ &&
CONST_6 < Length_0_ &&
CONST_5 < Length_0_ &&
CONST_4 < Length_0_ &&
CONST_3 < Length_0_ &&
CONST_2 < Length_0_ &&
CONST_1 < Length_0_ &&
CONST_0 < Length_0_ -> true

### PCs: total:46 sat:46 unsat:0

string analysis: SPC # = 8
(.substring[(s_2_SYMSTRING)(CONST_8)(CONST_7)] equals c_1_SYMSTRING) && (.substring[(s_2_SYMSTRING)(CONST_7)(CONST_6)] notequals c_1_SYMSTRING) && (.substring[(s_2_SYMSTRING)(CONST_6)(CONST_5)] notequals c_1_SYMSTRING) && (.substring[(s_2_SYMSTRING)(CONST_5)(CONST_4)] notequals c_1_SYMSTRING) && (.substring[(s_2_SYMSTRING)(CONST_4)(CONST_3)] notequals c_1_SYMSTRING) && (.substring[(s_2_SYMSTRING)(CONST_3)(CONST_2)] notequals c_1_SYMSTRING) && (.substring[(s_2_SYMSTRING)(CONST_2)(CONST_1)] notequals c_1_SYMSTRING) && (.substring[(s_2_SYMSTRING)(CONST_1)(CONST_0)] notequals c_1_SYMSTRING)
NPC constraint # = 9
CONST_8 >= Length_4_ &&
CONST_7 < Length_0_ &&
CONST_6 < Length_0_ &&
CONST_5 < Length_0_ &&
CONST_4 < Length_0_ &&
CONST_3 < Length_0_ &&
CONST_2 < Length_0_ &&
CONST_1 < Length_0_ &&
CONST_0 < Length_0_
$$$$$$$$$$$$$$$$$$$$$$$$$$$$$$$$
Calling Z3str3

current query... 
(declare-const c_1 String)
(declare-const s_2 String)

(assert (= (str.substr s_2 7 (- 8 7)) c_1))
(assert (not (= (str.substr s_2 6 (- 7 6)) c_1)))
(assert (not (= (str.substr s_2 5 (- 6 5)) c_1)))
(assert (not (= (str.substr s_2 4 (- 5 4)) c_1)))
(assert (not (= (str.substr s_2 3 (- 4 3)) c_1)))
(assert (not (= (str.substr s_2 2 (- 3 2)) c_1)))
(assert (not (= (str.substr s_2 1 (- 2 1)) c_1)))
(assert (not (= (str.substr s_2 0 (- 1 0)) c_1)))
(assert (>= 8 (str.len (str.++ (str.substr s_2 0 (- 7 0)) (str.substr s_2 8(- (str.len s_2) 8))))))
(assert (< 7 (str.len s_2)))
(assert (< 6 (str.len s_2)))
(assert (< 5 (str.len s_2)))
(assert (< 4 (str.len s_2)))
(assert (< 3 (str.len s_2)))
(assert (< 2 (str.len s_2)))
(assert (< 1 (str.len s_2)))
(assert (< 0 (str.len s_2)))



======================
(define-fun s_2 () String
  "HCBGFEAD")
(define-fun c_1 () String
  "D")
Returned solutions: 
(define-fun s_2 () String  "HCBGFEAD")
(define-fun c_1 () String  "D")
*************************************
Satisfiable: true
c_1 => "D"
s_2 => "HCBGFEAD"
*************************************

numeric PC: constraint # = 9
CONST_8 < Length_4_ &&
CONST_7 < Length_0_ &&
CONST_6 < Length_0_ &&
CONST_5 < Length_0_ &&
CONST_4 < Length_0_ &&
CONST_3 < Length_0_ &&
CONST_2 < Length_0_ &&
CONST_1 < Length_0_ &&
CONST_0 < Length_0_ -> true

### PCs: total:47 sat:47 unsat:0

string analysis: SPC # = 8
(.substring[(s_2_SYMSTRING)(CONST_8)(CONST_7)] equals c_1_SYMSTRING) && (.substring[(s_2_SYMSTRING)(CONST_7)(CONST_6)] notequals c_1_SYMSTRING) && (.substring[(s_2_SYMSTRING)(CONST_6)(CONST_5)] notequals c_1_SYMSTRING) && (.substring[(s_2_SYMSTRING)(CONST_5)(CONST_4)] notequals c_1_SYMSTRING) && (.substring[(s_2_SYMSTRING)(CONST_4)(CONST_3)] notequals c_1_SYMSTRING) && (.substring[(s_2_SYMSTRING)(CONST_3)(CONST_2)] notequals c_1_SYMSTRING) && (.substring[(s_2_SYMSTRING)(CONST_2)(CONST_1)] notequals c_1_SYMSTRING) && (.substring[(s_2_SYMSTRING)(CONST_1)(CONST_0)] notequals c_1_SYMSTRING)
NPC constraint # = 9
CONST_8 < Length_4_ &&
CONST_7 < Length_0_ &&
CONST_6 < Length_0_ &&
CONST_5 < Length_0_ &&
CONST_4 < Length_0_ &&
CONST_3 < Length_0_ &&
CONST_2 < Length_0_ &&
CONST_1 < Length_0_ &&
CONST_0 < Length_0_
$$$$$$$$$$$$$$$$$$$$$$$$$$$$$$$$
Calling Z3str3

current query... 
(declare-const c_1 String)
(declare-const s_2 String)

(assert (= (str.substr s_2 7 (- 8 7)) c_1))
(assert (not (= (str.substr s_2 6 (- 7 6)) c_1)))
(assert (not (= (str.substr s_2 5 (- 6 5)) c_1)))
(assert (not (= (str.substr s_2 4 (- 5 4)) c_1)))
(assert (not (= (str.substr s_2 3 (- 4 3)) c_1)))
(assert (not (= (str.substr s_2 2 (- 3 2)) c_1)))
(assert (not (= (str.substr s_2 1 (- 2 1)) c_1)))
(assert (not (= (str.substr s_2 0 (- 1 0)) c_1)))
(assert (< 8 (str.len (str.++ (str.substr s_2 0 (- 7 0)) (str.substr s_2 8(- (str.len s_2) 8))))))
(assert (< 7 (str.len s_2)))
(assert (< 6 (str.len s_2)))
(assert (< 5 (str.len s_2)))
(assert (< 4 (str.len s_2)))
(assert (< 3 (str.len s_2)))
(assert (< 2 (str.len s_2)))
(assert (< 1 (str.len s_2)))
(assert (< 0 (str.len s_2)))



======================
(define-fun s_2 () String
  "HAGFEDCBIJK")
(define-fun c_1 () String
  "B")
Returned solutions: 
(define-fun s_2 () String  "HAGFEDCBIJK")
(define-fun c_1 () String  "B")
*************************************
Satisfiable: true
c_1 => "B"
s_2 => "HAGFEDCBIJK"
*************************************

numeric PC: constraint # = 9
CONST_8 < Length_4_ &&
CONST_7 < Length_0_ &&
CONST_6 < Length_0_ &&
CONST_5 < Length_0_ &&
CONST_4 < Length_0_ &&
CONST_3 < Length_0_ &&
CONST_2 < Length_0_ &&
CONST_1 < Length_0_ &&
CONST_0 < Length_0_ -> true

### PCs: total:48 sat:48 unsat:0

string analysis: SPC # = 9
(.substring[(.substring[(s_2_SYMSTRING)(CONST_7)(CONST_0)].concat(.substring[(s_2_SYMSTRING)(CONST_8)]))(CONST_9)(CONST_8)] notequals c_1_SYMSTRING) && (.substring[(s_2_SYMSTRING)(CONST_8)(CONST_7)] equals c_1_SYMSTRING) && (.substring[(s_2_SYMSTRING)(CONST_7)(CONST_6)] notequals c_1_SYMSTRING) && (.substring[(s_2_SYMSTRING)(CONST_6)(CONST_5)] notequals c_1_SYMSTRING) && (.substring[(s_2_SYMSTRING)(CONST_5)(CONST_4)] notequals c_1_SYMSTRING) && (.substring[(s_2_SYMSTRING)(CONST_4)(CONST_3)] notequals c_1_SYMSTRING) && (.substring[(s_2_SYMSTRING)(CONST_3)(CONST_2)] notequals c_1_SYMSTRING) && (.substring[(s_2_SYMSTRING)(CONST_2)(CONST_1)] notequals c_1_SYMSTRING) && (.substring[(s_2_SYMSTRING)(CONST_1)(CONST_0)] notequals c_1_SYMSTRING)
NPC constraint # = 9
CONST_8 < Length_4_ &&
CONST_7 < Length_0_ &&
CONST_6 < Length_0_ &&
CONST_5 < Length_0_ &&
CONST_4 < Length_0_ &&
CONST_3 < Length_0_ &&
CONST_2 < Length_0_ &&
CONST_1 < Length_0_ &&
CONST_0 < Length_0_
$$$$$$$$$$$$$$$$$$$$$$$$$$$$$$$$
Calling Z3str3

current query... 
(declare-const c_1 String)
(declare-const s_2 String)

(assert (not (= (str.substr (str.++ (str.substr s_2 0 (- 7 0)) (str.substr s_2 8(- (str.len s_2) 8))) 8 (- 9 8)) c_1)))
(assert (= (str.substr s_2 7 (- 8 7)) c_1))
(assert (not (= (str.substr s_2 6 (- 7 6)) c_1)))
(assert (not (= (str.substr s_2 5 (- 6 5)) c_1)))
(assert (not (= (str.substr s_2 4 (- 5 4)) c_1)))
(assert (not (= (str.substr s_2 3 (- 4 3)) c_1)))
(assert (not (= (str.substr s_2 2 (- 3 2)) c_1)))
(assert (not (= (str.substr s_2 1 (- 2 1)) c_1)))
(assert (not (= (str.substr s_2 0 (- 1 0)) c_1)))
(assert (< 8 (str.len (str.++ (str.substr s_2 0 (- 7 0)) (str.substr s_2 8(- (str.len s_2) 8))))))
(assert (< 7 (str.len s_2)))
(assert (< 6 (str.len s_2)))
(assert (< 5 (str.len s_2)))
(assert (< 4 (str.len s_2)))
(assert (< 3 (str.len s_2)))
(assert (< 2 (str.len s_2)))
(assert (< 1 (str.len s_2)))
(assert (< 0 (str.len s_2)))



======================
(define-fun s_2 () String
  "CDEFGHIJABKLMNO")
(define-fun c_1 () String
  "J")
Returned solutions: 
(define-fun s_2 () String  "CDEFGHIJABKLMNO")
(define-fun c_1 () String  "J")
*************************************
Satisfiable: true
c_1 => "J"
s_2 => "CDEFGHIJABKLMNO"
*************************************

numeric PC: constraint # = 10
CONST_9 >= Length_4_ &&
CONST_8 < Length_4_ &&
CONST_7 < Length_0_ &&
CONST_6 < Length_0_ &&
CONST_5 < Length_0_ &&
CONST_4 < Length_0_ &&
CONST_3 < Length_0_ &&
CONST_2 < Length_0_ &&
CONST_1 < Length_0_ &&
CONST_0 < Length_0_ -> true

### PCs: total:49 sat:49 unsat:0

string analysis: SPC # = 9
(.substring[(.substring[(s_2_SYMSTRING)(CONST_7)(CONST_0)].concat(.substring[(s_2_SYMSTRING)(CONST_8)]))(CONST_9)(CONST_8)] notequals c_1_SYMSTRING) && (.substring[(s_2_SYMSTRING)(CONST_8)(CONST_7)] equals c_1_SYMSTRING) && (.substring[(s_2_SYMSTRING)(CONST_7)(CONST_6)] notequals c_1_SYMSTRING) && (.substring[(s_2_SYMSTRING)(CONST_6)(CONST_5)] notequals c_1_SYMSTRING) && (.substring[(s_2_SYMSTRING)(CONST_5)(CONST_4)] notequals c_1_SYMSTRING) && (.substring[(s_2_SYMSTRING)(CONST_4)(CONST_3)] notequals c_1_SYMSTRING) && (.substring[(s_2_SYMSTRING)(CONST_3)(CONST_2)] notequals c_1_SYMSTRING) && (.substring[(s_2_SYMSTRING)(CONST_2)(CONST_1)] notequals c_1_SYMSTRING) && (.substring[(s_2_SYMSTRING)(CONST_1)(CONST_0)] notequals c_1_SYMSTRING)
NPC constraint # = 10
CONST_9 >= Length_4_ &&
CONST_8 < Length_4_ &&
CONST_7 < Length_0_ &&
CONST_6 < Length_0_ &&
CONST_5 < Length_0_ &&
CONST_4 < Length_0_ &&
CONST_3 < Length_0_ &&
CONST_2 < Length_0_ &&
CONST_1 < Length_0_ &&
CONST_0 < Length_0_
$$$$$$$$$$$$$$$$$$$$$$$$$$$$$$$$
Calling Z3str3

current query... 
(declare-const c_1 String)
(declare-const s_2 String)

(assert (not (= (str.substr (str.++ (str.substr s_2 0 (- 7 0)) (str.substr s_2 8(- (str.len s_2) 8))) 8 (- 9 8)) c_1)))
(assert (= (str.substr s_2 7 (- 8 7)) c_1))
(assert (not (= (str.substr s_2 6 (- 7 6)) c_1)))
(assert (not (= (str.substr s_2 5 (- 6 5)) c_1)))
(assert (not (= (str.substr s_2 4 (- 5 4)) c_1)))
(assert (not (= (str.substr s_2 3 (- 4 3)) c_1)))
(assert (not (= (str.substr s_2 2 (- 3 2)) c_1)))
(assert (not (= (str.substr s_2 1 (- 2 1)) c_1)))
(assert (not (= (str.substr s_2 0 (- 1 0)) c_1)))
(assert (>= 9 (str.len (str.++ (str.substr s_2 0 (- 7 0)) (str.substr s_2 8(- (str.len s_2) 8))))))
(assert (< 8 (str.len (str.++ (str.substr s_2 0 (- 7 0)) (str.substr s_2 8(- (str.len s_2) 8))))))
(assert (< 7 (str.len s_2)))
(assert (< 6 (str.len s_2)))
(assert (< 5 (str.len s_2)))
(assert (< 4 (str.len s_2)))
(assert (< 3 (str.len s_2)))
(assert (< 2 (str.len s_2)))
(assert (< 1 (str.len s_2)))
(assert (< 0 (str.len s_2)))



======================
(define-fun s_2 () String
  "CDEFGHIJAB")
(define-fun c_1 () String
  "J")
Returned solutions: 
(define-fun s_2 () String  "CDEFGHIJAB")
(define-fun c_1 () String  "J")
*************************************
Satisfiable: true
c_1 => "J"
s_2 => "CDEFGHIJAB"
*************************************

numeric PC: constraint # = 10
CONST_9 < Length_4_ &&
CONST_8 < Length_4_ &&
CONST_7 < Length_0_ &&
CONST_6 < Length_0_ &&
CONST_5 < Length_0_ &&
CONST_4 < Length_0_ &&
CONST_3 < Length_0_ &&
CONST_2 < Length_0_ &&
CONST_1 < Length_0_ &&
CONST_0 < Length_0_ -> true

### PCs: total:50 sat:50 unsat:0

string analysis: SPC # = 9
(.substring[(.substring[(s_2_SYMSTRING)(CONST_7)(CONST_0)].concat(.substring[(s_2_SYMSTRING)(CONST_8)]))(CONST_9)(CONST_8)] notequals c_1_SYMSTRING) && (.substring[(s_2_SYMSTRING)(CONST_8)(CONST_7)] equals c_1_SYMSTRING) && (.substring[(s_2_SYMSTRING)(CONST_7)(CONST_6)] notequals c_1_SYMSTRING) && (.substring[(s_2_SYMSTRING)(CONST_6)(CONST_5)] notequals c_1_SYMSTRING) && (.substring[(s_2_SYMSTRING)(CONST_5)(CONST_4)] notequals c_1_SYMSTRING) && (.substring[(s_2_SYMSTRING)(CONST_4)(CONST_3)] notequals c_1_SYMSTRING) && (.substring[(s_2_SYMSTRING)(CONST_3)(CONST_2)] notequals c_1_SYMSTRING) && (.substring[(s_2_SYMSTRING)(CONST_2)(CONST_1)] notequals c_1_SYMSTRING) && (.substring[(s_2_SYMSTRING)(CONST_1)(CONST_0)] notequals c_1_SYMSTRING)
NPC constraint # = 10
CONST_9 < Length_4_ &&
CONST_8 < Length_4_ &&
CONST_7 < Length_0_ &&
CONST_6 < Length_0_ &&
CONST_5 < Length_0_ &&
CONST_4 < Length_0_ &&
CONST_3 < Length_0_ &&
CONST_2 < Length_0_ &&
CONST_1 < Length_0_ &&
CONST_0 < Length_0_
$$$$$$$$$$$$$$$$$$$$$$$$$$$$$$$$
Calling Z3str3

current query... 
(declare-const c_1 String)
(declare-const s_2 String)

(assert (not (= (str.substr (str.++ (str.substr s_2 0 (- 7 0)) (str.substr s_2 8(- (str.len s_2) 8))) 8 (- 9 8)) c_1)))
(assert (= (str.substr s_2 7 (- 8 7)) c_1))
(assert (not (= (str.substr s_2 6 (- 7 6)) c_1)))
(assert (not (= (str.substr s_2 5 (- 6 5)) c_1)))
(assert (not (= (str.substr s_2 4 (- 5 4)) c_1)))
(assert (not (= (str.substr s_2 3 (- 4 3)) c_1)))
(assert (not (= (str.substr s_2 2 (- 3 2)) c_1)))
(assert (not (= (str.substr s_2 1 (- 2 1)) c_1)))
(assert (not (= (str.substr s_2 0 (- 1 0)) c_1)))
(assert (< 9 (str.len (str.++ (str.substr s_2 0 (- 7 0)) (str.substr s_2 8(- (str.len s_2) 8))))))
(assert (< 8 (str.len (str.++ (str.substr s_2 0 (- 7 0)) (str.substr s_2 8(- (str.len s_2) 8))))))
(assert (< 7 (str.len s_2)))
(assert (< 6 (str.len s_2)))
(assert (< 5 (str.len s_2)))
(assert (< 4 (str.len s_2)))
(assert (< 3 (str.len s_2)))
(assert (< 2 (str.len s_2)))
(assert (< 1 (str.len s_2)))
(assert (< 0 (str.len s_2)))



======================
(define-fun s_2 () String
  "CDEFGHIJABKLMN")
(define-fun c_1 () String
  "J")
Returned solutions: 
(define-fun s_2 () String  "CDEFGHIJABKLMN")
(define-fun c_1 () String  "J")
*************************************
Satisfiable: true
c_1 => "J"
s_2 => "CDEFGHIJABKLMN"
*************************************

numeric PC: constraint # = 10
CONST_9 < Length_4_ &&
CONST_8 < Length_4_ &&
CONST_7 < Length_0_ &&
CONST_6 < Length_0_ &&
CONST_5 < Length_0_ &&
CONST_4 < Length_0_ &&
CONST_3 < Length_0_ &&
CONST_2 < Length_0_ &&
CONST_1 < Length_0_ &&
CONST_0 < Length_0_ -> true

### PCs: total:51 sat:51 unsat:0

string analysis: SPC # = 10
(.substring[(.substring[(s_2_SYMSTRING)(CONST_7)(CONST_0)].concat(.substring[(s_2_SYMSTRING)(CONST_8)]))(CONST_10)(CONST_9)] notequals c_1_SYMSTRING) && (.substring[(.substring[(s_2_SYMSTRING)(CONST_7)(CONST_0)].concat(.substring[(s_2_SYMSTRING)(CONST_8)]))(CONST_9)(CONST_8)] notequals c_1_SYMSTRING) && (.substring[(s_2_SYMSTRING)(CONST_8)(CONST_7)] equals c_1_SYMSTRING) && (.substring[(s_2_SYMSTRING)(CONST_7)(CONST_6)] notequals c_1_SYMSTRING) && (.substring[(s_2_SYMSTRING)(CONST_6)(CONST_5)] notequals c_1_SYMSTRING) && (.substring[(s_2_SYMSTRING)(CONST_5)(CONST_4)] notequals c_1_SYMSTRING) && (.substring[(s_2_SYMSTRING)(CONST_4)(CONST_3)] notequals c_1_SYMSTRING) && (.substring[(s_2_SYMSTRING)(CONST_3)(CONST_2)] notequals c_1_SYMSTRING) && (.substring[(s_2_SYMSTRING)(CONST_2)(CONST_1)] notequals c_1_SYMSTRING) && (.substring[(s_2_SYMSTRING)(CONST_1)(CONST_0)] notequals c_1_SYMSTRING)
NPC constraint # = 10
CONST_9 < Length_4_ &&
CONST_8 < Length_4_ &&
CONST_7 < Length_0_ &&
CONST_6 < Length_0_ &&
CONST_5 < Length_0_ &&
CONST_4 < Length_0_ &&
CONST_3 < Length_0_ &&
CONST_2 < Length_0_ &&
CONST_1 < Length_0_ &&
CONST_0 < Length_0_
$$$$$$$$$$$$$$$$$$$$$$$$$$$$$$$$
Calling Z3str3

current query... 
(declare-const c_1 String)
(declare-const s_2 String)

(assert (not (= (str.substr (str.++ (str.substr s_2 0 (- 7 0)) (str.substr s_2 8(- (str.len s_2) 8))) 9 (- 10 9)) c_1)))
(assert (not (= (str.substr (str.++ (str.substr s_2 0 (- 7 0)) (str.substr s_2 8(- (str.len s_2) 8))) 8 (- 9 8)) c_1)))
(assert (= (str.substr s_2 7 (- 8 7)) c_1))
(assert (not (= (str.substr s_2 6 (- 7 6)) c_1)))
(assert (not (= (str.substr s_2 5 (- 6 5)) c_1)))
(assert (not (= (str.substr s_2 4 (- 5 4)) c_1)))
(assert (not (= (str.substr s_2 3 (- 4 3)) c_1)))
(assert (not (= (str.substr s_2 2 (- 3 2)) c_1)))
(assert (not (= (str.substr s_2 1 (- 2 1)) c_1)))
(assert (not (= (str.substr s_2 0 (- 1 0)) c_1)))
(assert (< 9 (str.len (str.++ (str.substr s_2 0 (- 7 0)) (str.substr s_2 8(- (str.len s_2) 8))))))
(assert (< 8 (str.len (str.++ (str.substr s_2 0 (- 7 0)) (str.substr s_2 8(- (str.len s_2) 8))))))
(assert (< 7 (str.len s_2)))
(assert (< 6 (str.len s_2)))
(assert (< 5 (str.len s_2)))
(assert (< 4 (str.len s_2)))
(assert (< 3 (str.len s_2)))
(assert (< 2 (str.len s_2)))
(assert (< 1 (str.len s_2)))
(assert (< 0 (str.len s_2)))



======================
(define-fun s_2 () String
  "DEFGHIJKABCLMN")
(define-fun c_1 () String
  "K")
Returned solutions: 
(define-fun s_2 () String  "DEFGHIJKABCLMN")
(define-fun c_1 () String  "K")
*************************************
Satisfiable: true
c_1 => "K"
s_2 => "DEFGHIJKABCLMN"
*************************************

numeric PC: constraint # = 11
CONST_10 >= Length_4_ &&
CONST_9 < Length_4_ &&
CONST_8 < Length_4_ &&
CONST_7 < Length_0_ &&
CONST_6 < Length_0_ &&
CONST_5 < Length_0_ &&
CONST_4 < Length_0_ &&
CONST_3 < Length_0_ &&
CONST_2 < Length_0_ &&
CONST_1 < Length_0_ &&
CONST_0 < Length_0_ -> true

### PCs: total:52 sat:52 unsat:0

string analysis: SPC # = 10
(.substring[(.substring[(s_2_SYMSTRING)(CONST_7)(CONST_0)].concat(.substring[(s_2_SYMSTRING)(CONST_8)]))(CONST_10)(CONST_9)] notequals c_1_SYMSTRING) && (.substring[(.substring[(s_2_SYMSTRING)(CONST_7)(CONST_0)].concat(.substring[(s_2_SYMSTRING)(CONST_8)]))(CONST_9)(CONST_8)] notequals c_1_SYMSTRING) && (.substring[(s_2_SYMSTRING)(CONST_8)(CONST_7)] equals c_1_SYMSTRING) && (.substring[(s_2_SYMSTRING)(CONST_7)(CONST_6)] notequals c_1_SYMSTRING) && (.substring[(s_2_SYMSTRING)(CONST_6)(CONST_5)] notequals c_1_SYMSTRING) && (.substring[(s_2_SYMSTRING)(CONST_5)(CONST_4)] notequals c_1_SYMSTRING) && (.substring[(s_2_SYMSTRING)(CONST_4)(CONST_3)] notequals c_1_SYMSTRING) && (.substring[(s_2_SYMSTRING)(CONST_3)(CONST_2)] notequals c_1_SYMSTRING) && (.substring[(s_2_SYMSTRING)(CONST_2)(CONST_1)] notequals c_1_SYMSTRING) && (.substring[(s_2_SYMSTRING)(CONST_1)(CONST_0)] notequals c_1_SYMSTRING)
NPC constraint # = 11
CONST_10 >= Length_4_ &&
CONST_9 < Length_4_ &&
CONST_8 < Length_4_ &&
CONST_7 < Length_0_ &&
CONST_6 < Length_0_ &&
CONST_5 < Length_0_ &&
CONST_4 < Length_0_ &&
CONST_3 < Length_0_ &&
CONST_2 < Length_0_ &&
CONST_1 < Length_0_ &&
CONST_0 < Length_0_
$$$$$$$$$$$$$$$$$$$$$$$$$$$$$$$$
Calling Z3str3

current query... 
(declare-const c_1 String)
(declare-const s_2 String)

(assert (not (= (str.substr (str.++ (str.substr s_2 0 (- 7 0)) (str.substr s_2 8(- (str.len s_2) 8))) 9 (- 10 9)) c_1)))
(assert (not (= (str.substr (str.++ (str.substr s_2 0 (- 7 0)) (str.substr s_2 8(- (str.len s_2) 8))) 8 (- 9 8)) c_1)))
(assert (= (str.substr s_2 7 (- 8 7)) c_1))
(assert (not (= (str.substr s_2 6 (- 7 6)) c_1)))
(assert (not (= (str.substr s_2 5 (- 6 5)) c_1)))
(assert (not (= (str.substr s_2 4 (- 5 4)) c_1)))
(assert (not (= (str.substr s_2 3 (- 4 3)) c_1)))
(assert (not (= (str.substr s_2 2 (- 3 2)) c_1)))
(assert (not (= (str.substr s_2 1 (- 2 1)) c_1)))
(assert (not (= (str.substr s_2 0 (- 1 0)) c_1)))
(assert (>= 10 (str.len (str.++ (str.substr s_2 0 (- 7 0)) (str.substr s_2 8(- (str.len s_2) 8))))))
(assert (< 9 (str.len (str.++ (str.substr s_2 0 (- 7 0)) (str.substr s_2 8(- (str.len s_2) 8))))))
(assert (< 8 (str.len (str.++ (str.substr s_2 0 (- 7 0)) (str.substr s_2 8(- (str.len s_2) 8))))))
(assert (< 7 (str.len s_2)))
(assert (< 6 (str.len s_2)))
(assert (< 5 (str.len s_2)))
(assert (< 4 (str.len s_2)))
(assert (< 3 (str.len s_2)))
(assert (< 2 (str.len s_2)))
(assert (< 1 (str.len s_2)))
(assert (< 0 (str.len s_2)))



======================
(define-fun s_2 () String
  "DEFGHIJKABC")
(define-fun c_1 () String
  "K")
Returned solutions: 
(define-fun s_2 () String  "DEFGHIJKABC")
(define-fun c_1 () String  "K")
*************************************
Satisfiable: true
c_1 => "K"
s_2 => "DEFGHIJKABC"
*************************************

numeric PC: constraint # = 11
CONST_10 < Length_4_ &&
CONST_9 < Length_4_ &&
CONST_8 < Length_4_ &&
CONST_7 < Length_0_ &&
CONST_6 < Length_0_ &&
CONST_5 < Length_0_ &&
CONST_4 < Length_0_ &&
CONST_3 < Length_0_ &&
CONST_2 < Length_0_ &&
CONST_1 < Length_0_ &&
CONST_0 < Length_0_ -> true

### PCs: total:53 sat:53 unsat:0

string analysis: SPC # = 10
(.substring[(.substring[(s_2_SYMSTRING)(CONST_7)(CONST_0)].concat(.substring[(s_2_SYMSTRING)(CONST_8)]))(CONST_10)(CONST_9)] notequals c_1_SYMSTRING) && (.substring[(.substring[(s_2_SYMSTRING)(CONST_7)(CONST_0)].concat(.substring[(s_2_SYMSTRING)(CONST_8)]))(CONST_9)(CONST_8)] notequals c_1_SYMSTRING) && (.substring[(s_2_SYMSTRING)(CONST_8)(CONST_7)] equals c_1_SYMSTRING) && (.substring[(s_2_SYMSTRING)(CONST_7)(CONST_6)] notequals c_1_SYMSTRING) && (.substring[(s_2_SYMSTRING)(CONST_6)(CONST_5)] notequals c_1_SYMSTRING) && (.substring[(s_2_SYMSTRING)(CONST_5)(CONST_4)] notequals c_1_SYMSTRING) && (.substring[(s_2_SYMSTRING)(CONST_4)(CONST_3)] notequals c_1_SYMSTRING) && (.substring[(s_2_SYMSTRING)(CONST_3)(CONST_2)] notequals c_1_SYMSTRING) && (.substring[(s_2_SYMSTRING)(CONST_2)(CONST_1)] notequals c_1_SYMSTRING) && (.substring[(s_2_SYMSTRING)(CONST_1)(CONST_0)] notequals c_1_SYMSTRING)
NPC constraint # = 11
CONST_10 < Length_4_ &&
CONST_9 < Length_4_ &&
CONST_8 < Length_4_ &&
CONST_7 < Length_0_ &&
CONST_6 < Length_0_ &&
CONST_5 < Length_0_ &&
CONST_4 < Length_0_ &&
CONST_3 < Length_0_ &&
CONST_2 < Length_0_ &&
CONST_1 < Length_0_ &&
CONST_0 < Length_0_
$$$$$$$$$$$$$$$$$$$$$$$$$$$$$$$$
Calling Z3str3

current query... 
(declare-const c_1 String)
(declare-const s_2 String)

(assert (not (= (str.substr (str.++ (str.substr s_2 0 (- 7 0)) (str.substr s_2 8(- (str.len s_2) 8))) 9 (- 10 9)) c_1)))
(assert (not (= (str.substr (str.++ (str.substr s_2 0 (- 7 0)) (str.substr s_2 8(- (str.len s_2) 8))) 8 (- 9 8)) c_1)))
(assert (= (str.substr s_2 7 (- 8 7)) c_1))
(assert (not (= (str.substr s_2 6 (- 7 6)) c_1)))
(assert (not (= (str.substr s_2 5 (- 6 5)) c_1)))
(assert (not (= (str.substr s_2 4 (- 5 4)) c_1)))
(assert (not (= (str.substr s_2 3 (- 4 3)) c_1)))
(assert (not (= (str.substr s_2 2 (- 3 2)) c_1)))
(assert (not (= (str.substr s_2 1 (- 2 1)) c_1)))
(assert (not (= (str.substr s_2 0 (- 1 0)) c_1)))
(assert (< 10 (str.len (str.++ (str.substr s_2 0 (- 7 0)) (str.substr s_2 8(- (str.len s_2) 8))))))
(assert (< 9 (str.len (str.++ (str.substr s_2 0 (- 7 0)) (str.substr s_2 8(- (str.len s_2) 8))))))
(assert (< 8 (str.len (str.++ (str.substr s_2 0 (- 7 0)) (str.substr s_2 8(- (str.len s_2) 8))))))
(assert (< 7 (str.len s_2)))
(assert (< 6 (str.len s_2)))
(assert (< 5 (str.len s_2)))
(assert (< 4 (str.len s_2)))
(assert (< 3 (str.len s_2)))
(assert (< 2 (str.len s_2)))
(assert (< 1 (str.len s_2)))
(assert (< 0 (str.len s_2)))



======================
(define-fun s_2 () String
  "DJKLMNOPABCEFGHI")
(define-fun c_1 () String
  "P")
Returned solutions: 
(define-fun s_2 () String  "DJKLMNOPABCEFGHI")
(define-fun c_1 () String  "P")
*************************************
Satisfiable: true
c_1 => "P"
s_2 => "DJKLMNOPABCEFGHI"
*************************************


====================================================== search constraint
depth limit reached: 23

====================================================== snapshot 
thread java.lang.Thread:{id:0,name:main,status:RUNNING,priority:5,isDaemon:false,lockCount:0,suspendCount:0}
  call stack:
	at strings.StringSearch.search_2(StringSearch.java:29)
	at strings.StringSearch.main(StringSearch.java:8)

numeric PC: constraint # = 11
CONST_10 < Length_4_ &&
CONST_9 < Length_4_ &&
CONST_8 < Length_4_ &&
CONST_7 < Length_0_ &&
CONST_6 < Length_0_ &&
CONST_5 < Length_0_ &&
CONST_4 < Length_0_ &&
CONST_3 < Length_0_ &&
CONST_2 < Length_0_ &&
CONST_1 < Length_0_ &&
CONST_0 < Length_0_ -> true

string analysis: SPC # = 10
(.substring[(.substring[(s_2_SYMSTRING)(CONST_7)(CONST_0)].concat(.substring[(s_2_SYMSTRING)(CONST_8)]))(CONST_10)(CONST_9)] notequals c_1_SYMSTRING) && (.substring[(.substring[(s_2_SYMSTRING)(CONST_7)(CONST_0)].concat(.substring[(s_2_SYMSTRING)(CONST_8)]))(CONST_9)(CONST_8)] notequals c_1_SYMSTRING) && (.substring[(s_2_SYMSTRING)(CONST_8)(CONST_7)] equals c_1_SYMSTRING) && (.substring[(s_2_SYMSTRING)(CONST_7)(CONST_6)] notequals c_1_SYMSTRING) && (.substring[(s_2_SYMSTRING)(CONST_6)(CONST_5)] notequals c_1_SYMSTRING) && (.substring[(s_2_SYMSTRING)(CONST_5)(CONST_4)] notequals c_1_SYMSTRING) && (.substring[(s_2_SYMSTRING)(CONST_4)(CONST_3)] notequals c_1_SYMSTRING) && (.substring[(s_2_SYMSTRING)(CONST_3)(CONST_2)] notequals c_1_SYMSTRING) && (.substring[(s_2_SYMSTRING)(CONST_2)(CONST_1)] notequals c_1_SYMSTRING) && (.substring[(s_2_SYMSTRING)(CONST_1)(CONST_0)] notequals c_1_SYMSTRING)
NPC constraint # = 11
CONST_10 < Length_4_[11] &&
CONST_9 < Length_4_[11] &&
CONST_8 < Length_4_[11] &&
CONST_7 < Length_0_[8] &&
CONST_6 < Length_0_[8] &&
CONST_5 < Length_0_[8] &&
CONST_4 < Length_0_[8] &&
CONST_3 < Length_0_[8] &&
CONST_2 < Length_0_[8] &&
CONST_1 < Length_0_[8] &&
CONST_0 < Length_0_[8]
$$$$$$$$$$$$$$$$$$$$$$$$$$$$$$$$
Calling Z3str3

current query... 
(declare-const c_1 String)
(declare-const s_2 String)

(assert (not (= (str.substr (str.++ (str.substr s_2 0 (- 7 0)) (str.substr s_2 8(- (str.len s_2) 8))) 9 (- 10 9)) c_1)))
(assert (not (= (str.substr (str.++ (str.substr s_2 0 (- 7 0)) (str.substr s_2 8(- (str.len s_2) 8))) 8 (- 9 8)) c_1)))
(assert (= (str.substr s_2 7 (- 8 7)) c_1))
(assert (not (= (str.substr s_2 6 (- 7 6)) c_1)))
(assert (not (= (str.substr s_2 5 (- 6 5)) c_1)))
(assert (not (= (str.substr s_2 4 (- 5 4)) c_1)))
(assert (not (= (str.substr s_2 3 (- 4 3)) c_1)))
(assert (not (= (str.substr s_2 2 (- 3 2)) c_1)))
(assert (not (= (str.substr s_2 1 (- 2 1)) c_1)))
(assert (not (= (str.substr s_2 0 (- 1 0)) c_1)))
(assert (< 10 (str.len (str.++ (str.substr s_2 0 (- 7 0)) (str.substr s_2 8(- (str.len s_2) 8))))))
(assert (< 9 (str.len (str.++ (str.substr s_2 0 (- 7 0)) (str.substr s_2 8(- (str.len s_2) 8))))))
(assert (< 8 (str.len (str.++ (str.substr s_2 0 (- 7 0)) (str.substr s_2 8(- (str.len s_2) 8))))))
(assert (< 7 (str.len s_2)))
(assert (< 6 (str.len s_2)))
(assert (< 5 (str.len s_2)))
(assert (< 4 (str.len s_2)))
(assert (< 3 (str.len s_2)))
(assert (< 2 (str.len s_2)))
(assert (< 1 (str.len s_2)))
(assert (< 0 (str.len s_2)))



======================
(define-fun s_2 () String
  "DJKLMNOPABCEFGHI")
(define-fun c_1 () String
  "P")
Returned solutions: 
(define-fun s_2 () String  "DJKLMNOPABCEFGHI")
(define-fun c_1 () String  "P")
*************************************
Satisfiable: true
c_1 => "P"
s_2 => "DJKLMNOPABCEFGHI"
*************************************

Symbolic Exp [ .substring[(s_2_SYMSTRING[**UNDEFINED**])(CONST_7)(CONST_0)].concat(.substring[(s_2_SYMSTRING[**UNDEFINED**])(CONST_8)])]
test This is a tttest haystack string for testing.
0
114514
0

====================================================== search constraint
depth limit reached: 23

====================================================== snapshot 
no live threads
numeric PC: constraint # = 11
CONST_10 >= Length_4_ &&
CONST_9 < Length_4_ &&
CONST_8 < Length_4_ &&
CONST_7 < Length_0_ &&
CONST_6 < Length_0_ &&
CONST_5 < Length_0_ &&
CONST_4 < Length_0_ &&
CONST_3 < Length_0_ &&
CONST_2 < Length_0_ &&
CONST_1 < Length_0_ &&
CONST_0 < Length_0_ -> true

string analysis: SPC # = 10
(.substring[(.substring[(s_2_SYMSTRING[**UNDEFINED**])(CONST_7)(CONST_0)].concat(.substring[(s_2_SYMSTRING[**UNDEFINED**])(CONST_8)]))(CONST_10)(CONST_9)] notequals c_1_SYMSTRING[**UNDEFINED**]) && (.substring[(.substring[(s_2_SYMSTRING[**UNDEFINED**])(CONST_7)(CONST_0)].concat(.substring[(s_2_SYMSTRING[**UNDEFINED**])(CONST_8)]))(CONST_9)(CONST_8)] notequals c_1_SYMSTRING[**UNDEFINED**]) && (.substring[(s_2_SYMSTRING[**UNDEFINED**])(CONST_8)(CONST_7)] equals c_1_SYMSTRING[**UNDEFINED**]) && (.substring[(s_2_SYMSTRING[**UNDEFINED**])(CONST_7)(CONST_6)] notequals c_1_SYMSTRING[**UNDEFINED**]) && (.substring[(s_2_SYMSTRING[**UNDEFINED**])(CONST_6)(CONST_5)] notequals c_1_SYMSTRING[**UNDEFINED**]) && (.substring[(s_2_SYMSTRING[**UNDEFINED**])(CONST_5)(CONST_4)] notequals c_1_SYMSTRING[**UNDEFINED**]) && (.substring[(s_2_SYMSTRING[**UNDEFINED**])(CONST_4)(CONST_3)] notequals c_1_SYMSTRING[**UNDEFINED**]) && (.substring[(s_2_SYMSTRING[**UNDEFINED**])(CONST_3)(CONST_2)] notequals c_1_SYMSTRING[**UNDEFINED**]) && (.substring[(s_2_SYMSTRING[**UNDEFINED**])(CONST_2)(CONST_1)] notequals c_1_SYMSTRING[**UNDEFINED**]) && (.substring[(s_2_SYMSTRING[**UNDEFINED**])(CONST_1)(CONST_0)] notequals c_1_SYMSTRING[**UNDEFINED**])
NPC constraint # = 11
CONST_10 >= Length_4_[10] &&
CONST_9 < Length_4_[10] &&
CONST_8 < Length_4_[10] &&
CONST_7 < Length_0_[8] &&
CONST_6 < Length_0_[8] &&
CONST_5 < Length_0_[8] &&
CONST_4 < Length_0_[8] &&
CONST_3 < Length_0_[8] &&
CONST_2 < Length_0_[8] &&
CONST_1 < Length_0_[8] &&
CONST_0 < Length_0_[8]
$$$$$$$$$$$$$$$$$$$$$$$$$$$$$$$$
Calling Z3str3

current query... 
(declare-const c_1 String)
(declare-const s_2 String)

(assert (not (= (str.substr (str.++ (str.substr s_2 0 (- 7 0)) (str.substr s_2 8(- (str.len s_2) 8))) 9 (- 10 9)) c_1)))
(assert (not (= (str.substr (str.++ (str.substr s_2 0 (- 7 0)) (str.substr s_2 8(- (str.len s_2) 8))) 8 (- 9 8)) c_1)))
(assert (= (str.substr s_2 7 (- 8 7)) c_1))
(assert (not (= (str.substr s_2 6 (- 7 6)) c_1)))
(assert (not (= (str.substr s_2 5 (- 6 5)) c_1)))
(assert (not (= (str.substr s_2 4 (- 5 4)) c_1)))
(assert (not (= (str.substr s_2 3 (- 4 3)) c_1)))
(assert (not (= (str.substr s_2 2 (- 3 2)) c_1)))
(assert (not (= (str.substr s_2 1 (- 2 1)) c_1)))
(assert (not (= (str.substr s_2 0 (- 1 0)) c_1)))
(assert (>= 10 (str.len (str.++ (str.substr s_2 0 (- 7 0)) (str.substr s_2 8(- (str.len s_2) 8))))))
(assert (< 9 (str.len (str.++ (str.substr s_2 0 (- 7 0)) (str.substr s_2 8(- (str.len s_2) 8))))))
(assert (< 8 (str.len (str.++ (str.substr s_2 0 (- 7 0)) (str.substr s_2 8(- (str.len s_2) 8))))))
(assert (< 7 (str.len s_2)))
(assert (< 6 (str.len s_2)))
(assert (< 5 (str.len s_2)))
(assert (< 4 (str.len s_2)))
(assert (< 3 (str.len s_2)))
(assert (< 2 (str.len s_2)))
(assert (< 1 (str.len s_2)))
(assert (< 0 (str.len s_2)))



======================
(define-fun s_2 () String
  "DEFGHIJKABC")
(define-fun c_1 () String
  "K")
Returned solutions: 
(define-fun s_2 () String  "DEFGHIJKABC")
(define-fun c_1 () String  "K")
*************************************
Satisfiable: true
c_1 => "K"
s_2 => "DEFGHIJKABC"
*************************************

numeric PC: constraint # = 10
CONST_9 < Length_4_[10] &&
CONST_8 < Length_4_[10] &&
CONST_7 < Length_0_[8] &&
CONST_6 < Length_0_[8] &&
CONST_5 < Length_0_[8] &&
CONST_4 < Length_0_[8] &&
CONST_3 < Length_0_[8] &&
CONST_2 < Length_0_[8] &&
CONST_1 < Length_0_[8] &&
CONST_0 < Length_0_[8] -> true

string analysis: SPC # = 10
(.substring[(.substring[(s_2_SYMSTRING[**UNDEFINED**])(CONST_7)(CONST_0)].concat(.substring[(s_2_SYMSTRING[**UNDEFINED**])(CONST_8)]))(CONST_10)(CONST_9)] notequals c_1_SYMSTRING[**UNDEFINED**]) && (.substring[(.substring[(s_2_SYMSTRING[**UNDEFINED**])(CONST_7)(CONST_0)].concat(.substring[(s_2_SYMSTRING[**UNDEFINED**])(CONST_8)]))(CONST_9)(CONST_8)] notequals c_1_SYMSTRING[**UNDEFINED**]) && (.substring[(s_2_SYMSTRING[**UNDEFINED**])(CONST_8)(CONST_7)] equals c_1_SYMSTRING[**UNDEFINED**]) && (.substring[(s_2_SYMSTRING[**UNDEFINED**])(CONST_7)(CONST_6)] notequals c_1_SYMSTRING[**UNDEFINED**]) && (.substring[(s_2_SYMSTRING[**UNDEFINED**])(CONST_6)(CONST_5)] notequals c_1_SYMSTRING[**UNDEFINED**]) && (.substring[(s_2_SYMSTRING[**UNDEFINED**])(CONST_5)(CONST_4)] notequals c_1_SYMSTRING[**UNDEFINED**]) && (.substring[(s_2_SYMSTRING[**UNDEFINED**])(CONST_4)(CONST_3)] notequals c_1_SYMSTRING[**UNDEFINED**]) && (.substring[(s_2_SYMSTRING[**UNDEFINED**])(CONST_3)(CONST_2)] notequals c_1_SYMSTRING[**UNDEFINED**]) && (.substring[(s_2_SYMSTRING[**UNDEFINED**])(CONST_2)(CONST_1)] notequals c_1_SYMSTRING[**UNDEFINED**]) && (.substring[(s_2_SYMSTRING[**UNDEFINED**])(CONST_1)(CONST_0)] notequals c_1_SYMSTRING[**UNDEFINED**])
NPC constraint # = 10
CONST_9 < Length_4_[10] &&
CONST_8 < Length_4_[10] &&
CONST_7 < Length_0_[8] &&
CONST_6 < Length_0_[8] &&
CONST_5 < Length_0_[8] &&
CONST_4 < Length_0_[8] &&
CONST_3 < Length_0_[8] &&
CONST_2 < Length_0_[8] &&
CONST_1 < Length_0_[8] &&
CONST_0 < Length_0_[8]
$$$$$$$$$$$$$$$$$$$$$$$$$$$$$$$$
Calling Z3str3

current query... 
(declare-const c_1 String)
(declare-const s_2 String)

(assert (not (= (str.substr (str.++ (str.substr s_2 0 (- 7 0)) (str.substr s_2 8(- (str.len s_2) 8))) 9 (- 10 9)) c_1)))
(assert (not (= (str.substr (str.++ (str.substr s_2 0 (- 7 0)) (str.substr s_2 8(- (str.len s_2) 8))) 8 (- 9 8)) c_1)))
(assert (= (str.substr s_2 7 (- 8 7)) c_1))
(assert (not (= (str.substr s_2 6 (- 7 6)) c_1)))
(assert (not (= (str.substr s_2 5 (- 6 5)) c_1)))
(assert (not (= (str.substr s_2 4 (- 5 4)) c_1)))
(assert (not (= (str.substr s_2 3 (- 4 3)) c_1)))
(assert (not (= (str.substr s_2 2 (- 3 2)) c_1)))
(assert (not (= (str.substr s_2 1 (- 2 1)) c_1)))
(assert (not (= (str.substr s_2 0 (- 1 0)) c_1)))
(assert (< 9 (str.len (str.++ (str.substr s_2 0 (- 7 0)) (str.substr s_2 8(- (str.len s_2) 8))))))
(assert (< 8 (str.len (str.++ (str.substr s_2 0 (- 7 0)) (str.substr s_2 8(- (str.len s_2) 8))))))
(assert (< 7 (str.len s_2)))
(assert (< 6 (str.len s_2)))
(assert (< 5 (str.len s_2)))
(assert (< 4 (str.len s_2)))
(assert (< 3 (str.len s_2)))
(assert (< 2 (str.len s_2)))
(assert (< 1 (str.len s_2)))
(assert (< 0 (str.len s_2)))



======================
(define-fun s_2 () String
  "DEFGHIJKABCLMN")
(define-fun c_1 () String
  "K")
Returned solutions: 
(define-fun s_2 () String  "DEFGHIJKABCLMN")
(define-fun c_1 () String  "K")
*************************************
Satisfiable: true
c_1 => "K"
s_2 => "DEFGHIJKABCLMN"
*************************************

numeric PC: constraint # = 10
CONST_9 < Length_4_[10] &&
CONST_8 < Length_4_[10] &&
CONST_7 < Length_0_[8] &&
CONST_6 < Length_0_[8] &&
CONST_5 < Length_0_[8] &&
CONST_4 < Length_0_[8] &&
CONST_3 < Length_0_[8] &&
CONST_2 < Length_0_[8] &&
CONST_1 < Length_0_[8] &&
CONST_0 < Length_0_[8] -> true

### PCs: total:54 sat:54 unsat:0

string analysis: SPC # = 10
(.substring[(.substring[(s_2_SYMSTRING)(CONST_7)(CONST_0)].concat(.substring[(s_2_SYMSTRING)(CONST_8)]))(CONST_10)(CONST_9)] equals c_1_SYMSTRING) && (.substring[(.substring[(s_2_SYMSTRING)(CONST_7)(CONST_0)].concat(.substring[(s_2_SYMSTRING)(CONST_8)]))(CONST_9)(CONST_8)] notequals c_1_SYMSTRING) && (.substring[(s_2_SYMSTRING)(CONST_8)(CONST_7)] equals c_1_SYMSTRING) && (.substring[(s_2_SYMSTRING)(CONST_7)(CONST_6)] notequals c_1_SYMSTRING) && (.substring[(s_2_SYMSTRING)(CONST_6)(CONST_5)] notequals c_1_SYMSTRING) && (.substring[(s_2_SYMSTRING)(CONST_5)(CONST_4)] notequals c_1_SYMSTRING) && (.substring[(s_2_SYMSTRING)(CONST_4)(CONST_3)] notequals c_1_SYMSTRING) && (.substring[(s_2_SYMSTRING)(CONST_3)(CONST_2)] notequals c_1_SYMSTRING) && (.substring[(s_2_SYMSTRING)(CONST_2)(CONST_1)] notequals c_1_SYMSTRING) && (.substring[(s_2_SYMSTRING)(CONST_1)(CONST_0)] notequals c_1_SYMSTRING)
NPC constraint # = 10
CONST_9 < Length_4_[10] &&
CONST_8 < Length_4_[10] &&
CONST_7 < Length_0_[8] &&
CONST_6 < Length_0_[8] &&
CONST_5 < Length_0_[8] &&
CONST_4 < Length_0_[8] &&
CONST_3 < Length_0_[8] &&
CONST_2 < Length_0_[8] &&
CONST_1 < Length_0_[8] &&
CONST_0 < Length_0_[8]
$$$$$$$$$$$$$$$$$$$$$$$$$$$$$$$$
Calling Z3str3

current query... 
(declare-const c_1 String)
(declare-const s_2 String)

(assert (= (str.substr (str.++ (str.substr s_2 0 (- 7 0)) (str.substr s_2 8(- (str.len s_2) 8))) 9 (- 10 9)) c_1))
(assert (not (= (str.substr (str.++ (str.substr s_2 0 (- 7 0)) (str.substr s_2 8(- (str.len s_2) 8))) 8 (- 9 8)) c_1)))
(assert (= (str.substr s_2 7 (- 8 7)) c_1))
(assert (not (= (str.substr s_2 6 (- 7 6)) c_1)))
(assert (not (= (str.substr s_2 5 (- 6 5)) c_1)))
(assert (not (= (str.substr s_2 4 (- 5 4)) c_1)))
(assert (not (= (str.substr s_2 3 (- 4 3)) c_1)))
(assert (not (= (str.substr s_2 2 (- 3 2)) c_1)))
(assert (not (= (str.substr s_2 1 (- 2 1)) c_1)))
(assert (not (= (str.substr s_2 0 (- 1 0)) c_1)))
(assert (< 9 (str.len (str.++ (str.substr s_2 0 (- 7 0)) (str.substr s_2 8(- (str.len s_2) 8))))))
(assert (< 8 (str.len (str.++ (str.substr s_2 0 (- 7 0)) (str.substr s_2 8(- (str.len s_2) 8))))))
(assert (< 7 (str.len s_2)))
(assert (< 6 (str.len s_2)))
(assert (< 5 (str.len s_2)))
(assert (< 4 (str.len s_2)))
(assert (< 3 (str.len s_2)))
(assert (< 2 (str.len s_2)))
(assert (< 1 (str.len s_2)))
(assert (< 0 (str.len s_2)))



======================
(define-fun s_2 () String
  "CHIJKLMGABGDE")
(define-fun c_1 () String
  "G")
Returned solutions: 
(define-fun s_2 () String  "CHIJKLMGABGDE")
(define-fun c_1 () String  "G")
*************************************
Satisfiable: true
c_1 => "G"
s_2 => "CHIJKLMGABGDE"
*************************************

New sym int Length_5_ min=0, max=30
numeric PC: constraint # = 11
CONST_10 >= Length_5_ &&
CONST_9 < Length_4_ &&
CONST_8 < Length_4_ &&
CONST_7 < Length_0_ &&
CONST_6 < Length_0_ &&
CONST_5 < Length_0_ &&
CONST_4 < Length_0_ &&
CONST_3 < Length_0_ &&
CONST_2 < Length_0_ &&
CONST_1 < Length_0_ &&
CONST_0 < Length_0_ -> true

### PCs: total:55 sat:55 unsat:0

string analysis: SPC # = 10
(.substring[(.substring[(s_2_SYMSTRING)(CONST_7)(CONST_0)].concat(.substring[(s_2_SYMSTRING)(CONST_8)]))(CONST_10)(CONST_9)] equals c_1_SYMSTRING) && (.substring[(.substring[(s_2_SYMSTRING)(CONST_7)(CONST_0)].concat(.substring[(s_2_SYMSTRING)(CONST_8)]))(CONST_9)(CONST_8)] notequals c_1_SYMSTRING) && (.substring[(s_2_SYMSTRING)(CONST_8)(CONST_7)] equals c_1_SYMSTRING) && (.substring[(s_2_SYMSTRING)(CONST_7)(CONST_6)] notequals c_1_SYMSTRING) && (.substring[(s_2_SYMSTRING)(CONST_6)(CONST_5)] notequals c_1_SYMSTRING) && (.substring[(s_2_SYMSTRING)(CONST_5)(CONST_4)] notequals c_1_SYMSTRING) && (.substring[(s_2_SYMSTRING)(CONST_4)(CONST_3)] notequals c_1_SYMSTRING) && (.substring[(s_2_SYMSTRING)(CONST_3)(CONST_2)] notequals c_1_SYMSTRING) && (.substring[(s_2_SYMSTRING)(CONST_2)(CONST_1)] notequals c_1_SYMSTRING) && (.substring[(s_2_SYMSTRING)(CONST_1)(CONST_0)] notequals c_1_SYMSTRING)
NPC constraint # = 11
CONST_10 >= Length_5_ &&
CONST_9 < Length_4_ &&
CONST_8 < Length_4_ &&
CONST_7 < Length_0_ &&
CONST_6 < Length_0_ &&
CONST_5 < Length_0_ &&
CONST_4 < Length_0_ &&
CONST_3 < Length_0_ &&
CONST_2 < Length_0_ &&
CONST_1 < Length_0_ &&
CONST_0 < Length_0_
$$$$$$$$$$$$$$$$$$$$$$$$$$$$$$$$
Calling Z3str3

current query... 
(declare-const c_1 String)
(declare-const s_2 String)

(assert (= (str.substr (str.++ (str.substr s_2 0 (- 7 0)) (str.substr s_2 8(- (str.len s_2) 8))) 9 (- 10 9)) c_1))
(assert (not (= (str.substr (str.++ (str.substr s_2 0 (- 7 0)) (str.substr s_2 8(- (str.len s_2) 8))) 8 (- 9 8)) c_1)))
(assert (= (str.substr s_2 7 (- 8 7)) c_1))
(assert (not (= (str.substr s_2 6 (- 7 6)) c_1)))
(assert (not (= (str.substr s_2 5 (- 6 5)) c_1)))
(assert (not (= (str.substr s_2 4 (- 5 4)) c_1)))
(assert (not (= (str.substr s_2 3 (- 4 3)) c_1)))
(assert (not (= (str.substr s_2 2 (- 3 2)) c_1)))
(assert (not (= (str.substr s_2 1 (- 2 1)) c_1)))
(assert (not (= (str.substr s_2 0 (- 1 0)) c_1)))
(assert (>= 10 (str.len (str.++ (str.substr (str.++ (str.substr s_2 0 (- 7 0)) (str.substr s_2 8(- (str.len s_2) 8))) 0 (- 9 0)) (str.substr (str.++ (str.substr s_2 0 (- 7 0)) (str.substr s_2 8(- (str.len s_2) 8))) 10(- (str.len (str.++ (str.substr s_2 0 (- 7 0)) (str.substr s_2 8(- (str.len s_2) 8)))) 10))))))
(assert (< 9 (str.len (str.++ (str.substr s_2 0 (- 7 0)) (str.substr s_2 8(- (str.len s_2) 8))))))
(assert (< 8 (str.len (str.++ (str.substr s_2 0 (- 7 0)) (str.substr s_2 8(- (str.len s_2) 8))))))
(assert (< 7 (str.len s_2)))
(assert (< 6 (str.len s_2)))
(assert (< 5 (str.len s_2)))
(assert (< 4 (str.len s_2)))
(assert (< 3 (str.len s_2)))
(assert (< 2 (str.len s_2)))
(assert (< 1 (str.len s_2)))
(assert (< 0 (str.len s_2)))



======================
(define-fun s_2 () String
  "DEFGHIJCABCK")
(define-fun c_1 () String
  "C")
Returned solutions: 
(define-fun s_2 () String  "DEFGHIJCABCK")
(define-fun c_1 () String  "C")
*************************************
Satisfiable: true
c_1 => "C"
s_2 => "DEFGHIJCABCK"
*************************************

numeric PC: constraint # = 11
CONST_10 < Length_5_ &&
CONST_9 < Length_4_ &&
CONST_8 < Length_4_ &&
CONST_7 < Length_0_ &&
CONST_6 < Length_0_ &&
CONST_5 < Length_0_ &&
CONST_4 < Length_0_ &&
CONST_3 < Length_0_ &&
CONST_2 < Length_0_ &&
CONST_1 < Length_0_ &&
CONST_0 < Length_0_ -> true

### PCs: total:56 sat:56 unsat:0

string analysis: SPC # = 10
(.substring[(.substring[(s_2_SYMSTRING)(CONST_7)(CONST_0)].concat(.substring[(s_2_SYMSTRING)(CONST_8)]))(CONST_10)(CONST_9)] equals c_1_SYMSTRING) && (.substring[(.substring[(s_2_SYMSTRING)(CONST_7)(CONST_0)].concat(.substring[(s_2_SYMSTRING)(CONST_8)]))(CONST_9)(CONST_8)] notequals c_1_SYMSTRING) && (.substring[(s_2_SYMSTRING)(CONST_8)(CONST_7)] equals c_1_SYMSTRING) && (.substring[(s_2_SYMSTRING)(CONST_7)(CONST_6)] notequals c_1_SYMSTRING) && (.substring[(s_2_SYMSTRING)(CONST_6)(CONST_5)] notequals c_1_SYMSTRING) && (.substring[(s_2_SYMSTRING)(CONST_5)(CONST_4)] notequals c_1_SYMSTRING) && (.substring[(s_2_SYMSTRING)(CONST_4)(CONST_3)] notequals c_1_SYMSTRING) && (.substring[(s_2_SYMSTRING)(CONST_3)(CONST_2)] notequals c_1_SYMSTRING) && (.substring[(s_2_SYMSTRING)(CONST_2)(CONST_1)] notequals c_1_SYMSTRING) && (.substring[(s_2_SYMSTRING)(CONST_1)(CONST_0)] notequals c_1_SYMSTRING)
NPC constraint # = 11
CONST_10 < Length_5_ &&
CONST_9 < Length_4_ &&
CONST_8 < Length_4_ &&
CONST_7 < Length_0_ &&
CONST_6 < Length_0_ &&
CONST_5 < Length_0_ &&
CONST_4 < Length_0_ &&
CONST_3 < Length_0_ &&
CONST_2 < Length_0_ &&
CONST_1 < Length_0_ &&
CONST_0 < Length_0_
$$$$$$$$$$$$$$$$$$$$$$$$$$$$$$$$
Calling Z3str3

current query... 
(declare-const c_1 String)
(declare-const s_2 String)

(assert (= (str.substr (str.++ (str.substr s_2 0 (- 7 0)) (str.substr s_2 8(- (str.len s_2) 8))) 9 (- 10 9)) c_1))
(assert (not (= (str.substr (str.++ (str.substr s_2 0 (- 7 0)) (str.substr s_2 8(- (str.len s_2) 8))) 8 (- 9 8)) c_1)))
(assert (= (str.substr s_2 7 (- 8 7)) c_1))
(assert (not (= (str.substr s_2 6 (- 7 6)) c_1)))
(assert (not (= (str.substr s_2 5 (- 6 5)) c_1)))
(assert (not (= (str.substr s_2 4 (- 5 4)) c_1)))
(assert (not (= (str.substr s_2 3 (- 4 3)) c_1)))
(assert (not (= (str.substr s_2 2 (- 3 2)) c_1)))
(assert (not (= (str.substr s_2 1 (- 2 1)) c_1)))
(assert (not (= (str.substr s_2 0 (- 1 0)) c_1)))
(assert (< 10 (str.len (str.++ (str.substr (str.++ (str.substr s_2 0 (- 7 0)) (str.substr s_2 8(- (str.len s_2) 8))) 0 (- 9 0)) (str.substr (str.++ (str.substr s_2 0 (- 7 0)) (str.substr s_2 8(- (str.len s_2) 8))) 10(- (str.len (str.++ (str.substr s_2 0 (- 7 0)) (str.substr s_2 8(- (str.len s_2) 8)))) 10))))))
(assert (< 9 (str.len (str.++ (str.substr s_2 0 (- 7 0)) (str.substr s_2 8(- (str.len s_2) 8))))))
(assert (< 8 (str.len (str.++ (str.substr s_2 0 (- 7 0)) (str.substr s_2 8(- (str.len s_2) 8))))))
(assert (< 7 (str.len s_2)))
(assert (< 6 (str.len s_2)))
(assert (< 5 (str.len s_2)))
(assert (< 4 (str.len s_2)))
(assert (< 3 (str.len s_2)))
(assert (< 2 (str.len s_2)))
(assert (< 1 (str.len s_2)))
(assert (< 0 (str.len s_2)))



======================
(define-fun s_2 () String
  "DEFGHIJCABCKLMN")
(define-fun c_1 () String
  "C")
Returned solutions: 
(define-fun s_2 () String  "DEFGHIJCABCKLMN")
(define-fun c_1 () String  "C")
*************************************
Satisfiable: true
c_1 => "C"
s_2 => "DEFGHIJCABCKLMN"
*************************************


====================================================== search constraint
depth limit reached: 23

====================================================== snapshot 
thread java.lang.Thread:{id:0,name:main,status:RUNNING,priority:5,isDaemon:false,lockCount:0,suspendCount:0}
  call stack:
	at strings.StringSearch.search_2(StringSearch.java:29)
	at strings.StringSearch.main(StringSearch.java:8)

numeric PC: constraint # = 11
CONST_10 < Length_5_ &&
CONST_9 < Length_4_ &&
CONST_8 < Length_4_ &&
CONST_7 < Length_0_ &&
CONST_6 < Length_0_ &&
CONST_5 < Length_0_ &&
CONST_4 < Length_0_ &&
CONST_3 < Length_0_ &&
CONST_2 < Length_0_ &&
CONST_1 < Length_0_ &&
CONST_0 < Length_0_ -> true

string analysis: SPC # = 10
(.substring[(.substring[(s_2_SYMSTRING)(CONST_7)(CONST_0)].concat(.substring[(s_2_SYMSTRING)(CONST_8)]))(CONST_10)(CONST_9)] equals c_1_SYMSTRING) && (.substring[(.substring[(s_2_SYMSTRING)(CONST_7)(CONST_0)].concat(.substring[(s_2_SYMSTRING)(CONST_8)]))(CONST_9)(CONST_8)] notequals c_1_SYMSTRING) && (.substring[(s_2_SYMSTRING)(CONST_8)(CONST_7)] equals c_1_SYMSTRING) && (.substring[(s_2_SYMSTRING)(CONST_7)(CONST_6)] notequals c_1_SYMSTRING) && (.substring[(s_2_SYMSTRING)(CONST_6)(CONST_5)] notequals c_1_SYMSTRING) && (.substring[(s_2_SYMSTRING)(CONST_5)(CONST_4)] notequals c_1_SYMSTRING) && (.substring[(s_2_SYMSTRING)(CONST_4)(CONST_3)] notequals c_1_SYMSTRING) && (.substring[(s_2_SYMSTRING)(CONST_3)(CONST_2)] notequals c_1_SYMSTRING) && (.substring[(s_2_SYMSTRING)(CONST_2)(CONST_1)] notequals c_1_SYMSTRING) && (.substring[(s_2_SYMSTRING)(CONST_1)(CONST_0)] notequals c_1_SYMSTRING)
NPC constraint # = 11
CONST_10 < Length_5_[11] &&
CONST_9 < Length_4_[10] &&
CONST_8 < Length_4_[10] &&
CONST_7 < Length_0_[8] &&
CONST_6 < Length_0_[8] &&
CONST_5 < Length_0_[8] &&
CONST_4 < Length_0_[8] &&
CONST_3 < Length_0_[8] &&
CONST_2 < Length_0_[8] &&
CONST_1 < Length_0_[8] &&
CONST_0 < Length_0_[8]
$$$$$$$$$$$$$$$$$$$$$$$$$$$$$$$$
Calling Z3str3

current query... 
(declare-const c_1 String)
(declare-const s_2 String)

(assert (= (str.substr (str.++ (str.substr s_2 0 (- 7 0)) (str.substr s_2 8(- (str.len s_2) 8))) 9 (- 10 9)) c_1))
(assert (not (= (str.substr (str.++ (str.substr s_2 0 (- 7 0)) (str.substr s_2 8(- (str.len s_2) 8))) 8 (- 9 8)) c_1)))
(assert (= (str.substr s_2 7 (- 8 7)) c_1))
(assert (not (= (str.substr s_2 6 (- 7 6)) c_1)))
(assert (not (= (str.substr s_2 5 (- 6 5)) c_1)))
(assert (not (= (str.substr s_2 4 (- 5 4)) c_1)))
(assert (not (= (str.substr s_2 3 (- 4 3)) c_1)))
(assert (not (= (str.substr s_2 2 (- 3 2)) c_1)))
(assert (not (= (str.substr s_2 1 (- 2 1)) c_1)))
(assert (not (= (str.substr s_2 0 (- 1 0)) c_1)))
(assert (< 10 (str.len (str.++ (str.substr (str.++ (str.substr s_2 0 (- 7 0)) (str.substr s_2 8(- (str.len s_2) 8))) 0 (- 9 0)) (str.substr (str.++ (str.substr s_2 0 (- 7 0)) (str.substr s_2 8(- (str.len s_2) 8))) 10(- (str.len (str.++ (str.substr s_2 0 (- 7 0)) (str.substr s_2 8(- (str.len s_2) 8)))) 10))))))
(assert (< 9 (str.len (str.++ (str.substr s_2 0 (- 7 0)) (str.substr s_2 8(- (str.len s_2) 8))))))
(assert (< 8 (str.len (str.++ (str.substr s_2 0 (- 7 0)) (str.substr s_2 8(- (str.len s_2) 8))))))
(assert (< 7 (str.len s_2)))
(assert (< 6 (str.len s_2)))
(assert (< 5 (str.len s_2)))
(assert (< 4 (str.len s_2)))
(assert (< 3 (str.len s_2)))
(assert (< 2 (str.len s_2)))
(assert (< 1 (str.len s_2)))
(assert (< 0 (str.len s_2)))



======================
(define-fun s_2 () String
  "DEFGHIJCABCKLMN")
(define-fun c_1 () String
  "C")
Returned solutions: 
(define-fun s_2 () String  "DEFGHIJCABCKLMN")
(define-fun c_1 () String  "C")
*************************************
Satisfiable: true
c_1 => "C"
s_2 => "DEFGHIJCABCKLMN"
*************************************

Symbolic Exp [ .substring[(.substring[(s_2_SYMSTRING[**UNDEFINED**])(CONST_7)(CONST_0)].concat(.substring[(s_2_SYMSTRING[**UNDEFINED**])(CONST_8)]))(CONST_9)(CONST_0)].concat(.substring[(.substring[(s_2_SYMSTRING[**UNDEFINED**])(CONST_7)(CONST_0)].concat(.substring[(s_2_SYMSTRING[**UNDEFINED**])(CONST_8)]))(CONST_10)])]
test This is a tttest haystack string for testing.
0
114514
0

====================================================== search constraint
depth limit reached: 23

====================================================== snapshot 
no live threads
numeric PC: constraint # = 11
CONST_10 >= Length_5_ &&
CONST_9 < Length_4_ &&
CONST_8 < Length_4_ &&
CONST_7 < Length_0_ &&
CONST_6 < Length_0_ &&
CONST_5 < Length_0_ &&
CONST_4 < Length_0_ &&
CONST_3 < Length_0_ &&
CONST_2 < Length_0_ &&
CONST_1 < Length_0_ &&
CONST_0 < Length_0_ -> true

string analysis: SPC # = 10
(.substring[(.substring[(s_2_SYMSTRING[**UNDEFINED**])(CONST_7)(CONST_0)].concat(.substring[(s_2_SYMSTRING[**UNDEFINED**])(CONST_8)]))(CONST_10)(CONST_9)] equals c_1_SYMSTRING[**UNDEFINED**]) && (.substring[(.substring[(s_2_SYMSTRING[**UNDEFINED**])(CONST_7)(CONST_0)].concat(.substring[(s_2_SYMSTRING[**UNDEFINED**])(CONST_8)]))(CONST_9)(CONST_8)] notequals c_1_SYMSTRING[**UNDEFINED**]) && (.substring[(s_2_SYMSTRING[**UNDEFINED**])(CONST_8)(CONST_7)] equals c_1_SYMSTRING[**UNDEFINED**]) && (.substring[(s_2_SYMSTRING[**UNDEFINED**])(CONST_7)(CONST_6)] notequals c_1_SYMSTRING[**UNDEFINED**]) && (.substring[(s_2_SYMSTRING[**UNDEFINED**])(CONST_6)(CONST_5)] notequals c_1_SYMSTRING[**UNDEFINED**]) && (.substring[(s_2_SYMSTRING[**UNDEFINED**])(CONST_5)(CONST_4)] notequals c_1_SYMSTRING[**UNDEFINED**]) && (.substring[(s_2_SYMSTRING[**UNDEFINED**])(CONST_4)(CONST_3)] notequals c_1_SYMSTRING[**UNDEFINED**]) && (.substring[(s_2_SYMSTRING[**UNDEFINED**])(CONST_3)(CONST_2)] notequals c_1_SYMSTRING[**UNDEFINED**]) && (.substring[(s_2_SYMSTRING[**UNDEFINED**])(CONST_2)(CONST_1)] notequals c_1_SYMSTRING[**UNDEFINED**]) && (.substring[(s_2_SYMSTRING[**UNDEFINED**])(CONST_1)(CONST_0)] notequals c_1_SYMSTRING[**UNDEFINED**])
NPC constraint # = 11
CONST_10 >= Length_5_[0] &&
CONST_9 < Length_4_[10] &&
CONST_8 < Length_4_[10] &&
CONST_7 < Length_0_[8] &&
CONST_6 < Length_0_[8] &&
CONST_5 < Length_0_[8] &&
CONST_4 < Length_0_[8] &&
CONST_3 < Length_0_[8] &&
CONST_2 < Length_0_[8] &&
CONST_1 < Length_0_[8] &&
CONST_0 < Length_0_[8]
$$$$$$$$$$$$$$$$$$$$$$$$$$$$$$$$
Calling Z3str3

current query... 
(declare-const c_1 String)
(declare-const s_2 String)

(assert (= (str.substr (str.++ (str.substr s_2 0 (- 7 0)) (str.substr s_2 8(- (str.len s_2) 8))) 9 (- 10 9)) c_1))
(assert (not (= (str.substr (str.++ (str.substr s_2 0 (- 7 0)) (str.substr s_2 8(- (str.len s_2) 8))) 8 (- 9 8)) c_1)))
(assert (= (str.substr s_2 7 (- 8 7)) c_1))
(assert (not (= (str.substr s_2 6 (- 7 6)) c_1)))
(assert (not (= (str.substr s_2 5 (- 6 5)) c_1)))
(assert (not (= (str.substr s_2 4 (- 5 4)) c_1)))
(assert (not (= (str.substr s_2 3 (- 4 3)) c_1)))
(assert (not (= (str.substr s_2 2 (- 3 2)) c_1)))
(assert (not (= (str.substr s_2 1 (- 2 1)) c_1)))
(assert (not (= (str.substr s_2 0 (- 1 0)) c_1)))
(assert (>= 10 (str.len (str.++ (str.substr (str.++ (str.substr s_2 0 (- 7 0)) (str.substr s_2 8(- (str.len s_2) 8))) 0 (- 9 0)) (str.substr (str.++ (str.substr s_2 0 (- 7 0)) (str.substr s_2 8(- (str.len s_2) 8))) 10(- (str.len (str.++ (str.substr s_2 0 (- 7 0)) (str.substr s_2 8(- (str.len s_2) 8)))) 10))))))
(assert (< 9 (str.len (str.++ (str.substr s_2 0 (- 7 0)) (str.substr s_2 8(- (str.len s_2) 8))))))
(assert (< 8 (str.len (str.++ (str.substr s_2 0 (- 7 0)) (str.substr s_2 8(- (str.len s_2) 8))))))
(assert (< 7 (str.len s_2)))
(assert (< 6 (str.len s_2)))
(assert (< 5 (str.len s_2)))
(assert (< 4 (str.len s_2)))
(assert (< 3 (str.len s_2)))
(assert (< 2 (str.len s_2)))
(assert (< 1 (str.len s_2)))
(assert (< 0 (str.len s_2)))



======================
(define-fun s_2 () String
  "DEFGHIJCABCK")
(define-fun c_1 () String
  "C")
Returned solutions: 
(define-fun s_2 () String  "DEFGHIJCABCK")
(define-fun c_1 () String  "C")
*************************************
Satisfiable: true
c_1 => "C"
s_2 => "DEFGHIJCABCK"
*************************************

numeric PC: constraint # = 10
CONST_9 < Length_4_[10] &&
CONST_8 < Length_4_[10] &&
CONST_7 < Length_0_[8] &&
CONST_6 < Length_0_[8] &&
CONST_5 < Length_0_[8] &&
CONST_4 < Length_0_[8] &&
CONST_3 < Length_0_[8] &&
CONST_2 < Length_0_[8] &&
CONST_1 < Length_0_[8] &&
CONST_0 < Length_0_[8] -> true

string analysis: SPC # = 10
(.substring[(.substring[(s_2_SYMSTRING[**UNDEFINED**])(CONST_7)(CONST_0)].concat(.substring[(s_2_SYMSTRING[**UNDEFINED**])(CONST_8)]))(CONST_10)(CONST_9)] equals c_1_SYMSTRING[**UNDEFINED**]) && (.substring[(.substring[(s_2_SYMSTRING[**UNDEFINED**])(CONST_7)(CONST_0)].concat(.substring[(s_2_SYMSTRING[**UNDEFINED**])(CONST_8)]))(CONST_9)(CONST_8)] notequals c_1_SYMSTRING[**UNDEFINED**]) && (.substring[(s_2_SYMSTRING[**UNDEFINED**])(CONST_8)(CONST_7)] equals c_1_SYMSTRING[**UNDEFINED**]) && (.substring[(s_2_SYMSTRING[**UNDEFINED**])(CONST_7)(CONST_6)] notequals c_1_SYMSTRING[**UNDEFINED**]) && (.substring[(s_2_SYMSTRING[**UNDEFINED**])(CONST_6)(CONST_5)] notequals c_1_SYMSTRING[**UNDEFINED**]) && (.substring[(s_2_SYMSTRING[**UNDEFINED**])(CONST_5)(CONST_4)] notequals c_1_SYMSTRING[**UNDEFINED**]) && (.substring[(s_2_SYMSTRING[**UNDEFINED**])(CONST_4)(CONST_3)] notequals c_1_SYMSTRING[**UNDEFINED**]) && (.substring[(s_2_SYMSTRING[**UNDEFINED**])(CONST_3)(CONST_2)] notequals c_1_SYMSTRING[**UNDEFINED**]) && (.substring[(s_2_SYMSTRING[**UNDEFINED**])(CONST_2)(CONST_1)] notequals c_1_SYMSTRING[**UNDEFINED**]) && (.substring[(s_2_SYMSTRING[**UNDEFINED**])(CONST_1)(CONST_0)] notequals c_1_SYMSTRING[**UNDEFINED**])
NPC constraint # = 10
CONST_9 < Length_4_[10] &&
CONST_8 < Length_4_[10] &&
CONST_7 < Length_0_[8] &&
CONST_6 < Length_0_[8] &&
CONST_5 < Length_0_[8] &&
CONST_4 < Length_0_[8] &&
CONST_3 < Length_0_[8] &&
CONST_2 < Length_0_[8] &&
CONST_1 < Length_0_[8] &&
CONST_0 < Length_0_[8]
$$$$$$$$$$$$$$$$$$$$$$$$$$$$$$$$
Calling Z3str3

current query... 
(declare-const c_1 String)
(declare-const s_2 String)

(assert (= (str.substr (str.++ (str.substr s_2 0 (- 7 0)) (str.substr s_2 8(- (str.len s_2) 8))) 9 (- 10 9)) c_1))
(assert (not (= (str.substr (str.++ (str.substr s_2 0 (- 7 0)) (str.substr s_2 8(- (str.len s_2) 8))) 8 (- 9 8)) c_1)))
(assert (= (str.substr s_2 7 (- 8 7)) c_1))
(assert (not (= (str.substr s_2 6 (- 7 6)) c_1)))
(assert (not (= (str.substr s_2 5 (- 6 5)) c_1)))
(assert (not (= (str.substr s_2 4 (- 5 4)) c_1)))
(assert (not (= (str.substr s_2 3 (- 4 3)) c_1)))
(assert (not (= (str.substr s_2 2 (- 3 2)) c_1)))
(assert (not (= (str.substr s_2 1 (- 2 1)) c_1)))
(assert (not (= (str.substr s_2 0 (- 1 0)) c_1)))
(assert (< 9 (str.len (str.++ (str.substr s_2 0 (- 7 0)) (str.substr s_2 8(- (str.len s_2) 8))))))
(assert (< 8 (str.len (str.++ (str.substr s_2 0 (- 7 0)) (str.substr s_2 8(- (str.len s_2) 8))))))
(assert (< 7 (str.len s_2)))
(assert (< 6 (str.len s_2)))
(assert (< 5 (str.len s_2)))
(assert (< 4 (str.len s_2)))
(assert (< 3 (str.len s_2)))
(assert (< 2 (str.len s_2)))
(assert (< 1 (str.len s_2)))
(assert (< 0 (str.len s_2)))



======================
(define-fun s_2 () String
  "CHIJKLMGABGDE")
(define-fun c_1 () String
  "G")
Returned solutions: 
(define-fun s_2 () String  "CHIJKLMGABGDE")
(define-fun c_1 () String  "G")
*************************************
Satisfiable: true
c_1 => "G"
s_2 => "CHIJKLMGABGDE"
*************************************

numeric PC: constraint # = 10
CONST_9 < Length_4_[10] &&
CONST_8 < Length_4_[10] &&
CONST_7 < Length_0_[8] &&
CONST_6 < Length_0_[8] &&
CONST_5 < Length_0_[8] &&
CONST_4 < Length_0_[8] &&
CONST_3 < Length_0_[8] &&
CONST_2 < Length_0_[8] &&
CONST_1 < Length_0_[8] &&
CONST_0 < Length_0_[8] -> true

string analysis: SPC # = 9
(.substring[(.substring[(s_2_SYMSTRING[**UNDEFINED**])(CONST_7)(CONST_0)].concat(.substring[(s_2_SYMSTRING[**UNDEFINED**])(CONST_8)]))(CONST_9)(CONST_8)] notequals c_1_SYMSTRING[**UNDEFINED**]) && (.substring[(s_2_SYMSTRING[**UNDEFINED**])(CONST_8)(CONST_7)] equals c_1_SYMSTRING[**UNDEFINED**]) && (.substring[(s_2_SYMSTRING[**UNDEFINED**])(CONST_7)(CONST_6)] notequals c_1_SYMSTRING[**UNDEFINED**]) && (.substring[(s_2_SYMSTRING[**UNDEFINED**])(CONST_6)(CONST_5)] notequals c_1_SYMSTRING[**UNDEFINED**]) && (.substring[(s_2_SYMSTRING[**UNDEFINED**])(CONST_5)(CONST_4)] notequals c_1_SYMSTRING[**UNDEFINED**]) && (.substring[(s_2_SYMSTRING[**UNDEFINED**])(CONST_4)(CONST_3)] notequals c_1_SYMSTRING[**UNDEFINED**]) && (.substring[(s_2_SYMSTRING[**UNDEFINED**])(CONST_3)(CONST_2)] notequals c_1_SYMSTRING[**UNDEFINED**]) && (.substring[(s_2_SYMSTRING[**UNDEFINED**])(CONST_2)(CONST_1)] notequals c_1_SYMSTRING[**UNDEFINED**]) && (.substring[(s_2_SYMSTRING[**UNDEFINED**])(CONST_1)(CONST_0)] notequals c_1_SYMSTRING[**UNDEFINED**])
NPC constraint # = 10
CONST_9 < Length_4_[10] &&
CONST_8 < Length_4_[10] &&
CONST_7 < Length_0_[8] &&
CONST_6 < Length_0_[8] &&
CONST_5 < Length_0_[8] &&
CONST_4 < Length_0_[8] &&
CONST_3 < Length_0_[8] &&
CONST_2 < Length_0_[8] &&
CONST_1 < Length_0_[8] &&
CONST_0 < Length_0_[8]
$$$$$$$$$$$$$$$$$$$$$$$$$$$$$$$$
Calling Z3str3

current query... 
(declare-const c_1 String)
(declare-const s_2 String)

(assert (not (= (str.substr (str.++ (str.substr s_2 0 (- 7 0)) (str.substr s_2 8(- (str.len s_2) 8))) 8 (- 9 8)) c_1)))
(assert (= (str.substr s_2 7 (- 8 7)) c_1))
(assert (not (= (str.substr s_2 6 (- 7 6)) c_1)))
(assert (not (= (str.substr s_2 5 (- 6 5)) c_1)))
(assert (not (= (str.substr s_2 4 (- 5 4)) c_1)))
(assert (not (= (str.substr s_2 3 (- 4 3)) c_1)))
(assert (not (= (str.substr s_2 2 (- 3 2)) c_1)))
(assert (not (= (str.substr s_2 1 (- 2 1)) c_1)))
(assert (not (= (str.substr s_2 0 (- 1 0)) c_1)))
(assert (< 9 (str.len (str.++ (str.substr s_2 0 (- 7 0)) (str.substr s_2 8(- (str.len s_2) 8))))))
(assert (< 8 (str.len (str.++ (str.substr s_2 0 (- 7 0)) (str.substr s_2 8(- (str.len s_2) 8))))))
(assert (< 7 (str.len s_2)))
(assert (< 6 (str.len s_2)))
(assert (< 5 (str.len s_2)))
(assert (< 4 (str.len s_2)))
(assert (< 3 (str.len s_2)))
(assert (< 2 (str.len s_2)))
(assert (< 1 (str.len s_2)))
(assert (< 0 (str.len s_2)))



======================
(define-fun s_2 () String
  "CDEFGHIJABKLMN")
(define-fun c_1 () String
  "J")
Returned solutions: 
(define-fun s_2 () String  "CDEFGHIJABKLMN")
(define-fun c_1 () String  "J")
*************************************
Satisfiable: true
c_1 => "J"
s_2 => "CDEFGHIJABKLMN"
*************************************

Symbolic Exp [ .substring[(s_2_SYMSTRING[**UNDEFINED**])(CONST_7)(CONST_0)].concat(.substring[(s_2_SYMSTRING[**UNDEFINED**])(CONST_8)])]
test This is a tttest haystack string for testing.
0
114514
0
numeric PC: constraint # = 10
CONST_9 >= Length_4_ &&
CONST_8 < Length_4_ &&
CONST_7 < Length_0_ &&
CONST_6 < Length_0_ &&
CONST_5 < Length_0_ &&
CONST_4 < Length_0_ &&
CONST_3 < Length_0_ &&
CONST_2 < Length_0_ &&
CONST_1 < Length_0_ &&
CONST_0 < Length_0_ -> true

string analysis: SPC # = 9
(.substring[(.substring[(s_2_SYMSTRING[**UNDEFINED**])(CONST_7)(CONST_0)].concat(.substring[(s_2_SYMSTRING[**UNDEFINED**])(CONST_8)]))(CONST_9)(CONST_8)] notequals c_1_SYMSTRING[**UNDEFINED**]) && (.substring[(s_2_SYMSTRING[**UNDEFINED**])(CONST_8)(CONST_7)] equals c_1_SYMSTRING[**UNDEFINED**]) && (.substring[(s_2_SYMSTRING[**UNDEFINED**])(CONST_7)(CONST_6)] notequals c_1_SYMSTRING[**UNDEFINED**]) && (.substring[(s_2_SYMSTRING[**UNDEFINED**])(CONST_6)(CONST_5)] notequals c_1_SYMSTRING[**UNDEFINED**]) && (.substring[(s_2_SYMSTRING[**UNDEFINED**])(CONST_5)(CONST_4)] notequals c_1_SYMSTRING[**UNDEFINED**]) && (.substring[(s_2_SYMSTRING[**UNDEFINED**])(CONST_4)(CONST_3)] notequals c_1_SYMSTRING[**UNDEFINED**]) && (.substring[(s_2_SYMSTRING[**UNDEFINED**])(CONST_3)(CONST_2)] notequals c_1_SYMSTRING[**UNDEFINED**]) && (.substring[(s_2_SYMSTRING[**UNDEFINED**])(CONST_2)(CONST_1)] notequals c_1_SYMSTRING[**UNDEFINED**]) && (.substring[(s_2_SYMSTRING[**UNDEFINED**])(CONST_1)(CONST_0)] notequals c_1_SYMSTRING[**UNDEFINED**])
NPC constraint # = 10
CONST_9 >= Length_4_[9] &&
CONST_8 < Length_4_[9] &&
CONST_7 < Length_0_[8] &&
CONST_6 < Length_0_[8] &&
CONST_5 < Length_0_[8] &&
CONST_4 < Length_0_[8] &&
CONST_3 < Length_0_[8] &&
CONST_2 < Length_0_[8] &&
CONST_1 < Length_0_[8] &&
CONST_0 < Length_0_[8]
$$$$$$$$$$$$$$$$$$$$$$$$$$$$$$$$
Calling Z3str3

current query... 
(declare-const c_1 String)
(declare-const s_2 String)

(assert (not (= (str.substr (str.++ (str.substr s_2 0 (- 7 0)) (str.substr s_2 8(- (str.len s_2) 8))) 8 (- 9 8)) c_1)))
(assert (= (str.substr s_2 7 (- 8 7)) c_1))
(assert (not (= (str.substr s_2 6 (- 7 6)) c_1)))
(assert (not (= (str.substr s_2 5 (- 6 5)) c_1)))
(assert (not (= (str.substr s_2 4 (- 5 4)) c_1)))
(assert (not (= (str.substr s_2 3 (- 4 3)) c_1)))
(assert (not (= (str.substr s_2 2 (- 3 2)) c_1)))
(assert (not (= (str.substr s_2 1 (- 2 1)) c_1)))
(assert (not (= (str.substr s_2 0 (- 1 0)) c_1)))
(assert (>= 9 (str.len (str.++ (str.substr s_2 0 (- 7 0)) (str.substr s_2 8(- (str.len s_2) 8))))))
(assert (< 8 (str.len (str.++ (str.substr s_2 0 (- 7 0)) (str.substr s_2 8(- (str.len s_2) 8))))))
(assert (< 7 (str.len s_2)))
(assert (< 6 (str.len s_2)))
(assert (< 5 (str.len s_2)))
(assert (< 4 (str.len s_2)))
(assert (< 3 (str.len s_2)))
(assert (< 2 (str.len s_2)))
(assert (< 1 (str.len s_2)))
(assert (< 0 (str.len s_2)))



======================
(define-fun s_2 () String
  "CDEFGHIJAB")
(define-fun c_1 () String
  "J")
Returned solutions: 
(define-fun s_2 () String  "CDEFGHIJAB")
(define-fun c_1 () String  "J")
*************************************
Satisfiable: true
c_1 => "J"
s_2 => "CDEFGHIJAB"
*************************************

numeric PC: constraint # = 9
CONST_8 < Length_4_[9] &&
CONST_7 < Length_0_[8] &&
CONST_6 < Length_0_[8] &&
CONST_5 < Length_0_[8] &&
CONST_4 < Length_0_[8] &&
CONST_3 < Length_0_[8] &&
CONST_2 < Length_0_[8] &&
CONST_1 < Length_0_[8] &&
CONST_0 < Length_0_[8] -> true

string analysis: SPC # = 9
(.substring[(.substring[(s_2_SYMSTRING[**UNDEFINED**])(CONST_7)(CONST_0)].concat(.substring[(s_2_SYMSTRING[**UNDEFINED**])(CONST_8)]))(CONST_9)(CONST_8)] notequals c_1_SYMSTRING[**UNDEFINED**]) && (.substring[(s_2_SYMSTRING[**UNDEFINED**])(CONST_8)(CONST_7)] equals c_1_SYMSTRING[**UNDEFINED**]) && (.substring[(s_2_SYMSTRING[**UNDEFINED**])(CONST_7)(CONST_6)] notequals c_1_SYMSTRING[**UNDEFINED**]) && (.substring[(s_2_SYMSTRING[**UNDEFINED**])(CONST_6)(CONST_5)] notequals c_1_SYMSTRING[**UNDEFINED**]) && (.substring[(s_2_SYMSTRING[**UNDEFINED**])(CONST_5)(CONST_4)] notequals c_1_SYMSTRING[**UNDEFINED**]) && (.substring[(s_2_SYMSTRING[**UNDEFINED**])(CONST_4)(CONST_3)] notequals c_1_SYMSTRING[**UNDEFINED**]) && (.substring[(s_2_SYMSTRING[**UNDEFINED**])(CONST_3)(CONST_2)] notequals c_1_SYMSTRING[**UNDEFINED**]) && (.substring[(s_2_SYMSTRING[**UNDEFINED**])(CONST_2)(CONST_1)] notequals c_1_SYMSTRING[**UNDEFINED**]) && (.substring[(s_2_SYMSTRING[**UNDEFINED**])(CONST_1)(CONST_0)] notequals c_1_SYMSTRING[**UNDEFINED**])
NPC constraint # = 9
CONST_8 < Length_4_[9] &&
CONST_7 < Length_0_[8] &&
CONST_6 < Length_0_[8] &&
CONST_5 < Length_0_[8] &&
CONST_4 < Length_0_[8] &&
CONST_3 < Length_0_[8] &&
CONST_2 < Length_0_[8] &&
CONST_1 < Length_0_[8] &&
CONST_0 < Length_0_[8]
$$$$$$$$$$$$$$$$$$$$$$$$$$$$$$$$
Calling Z3str3

current query... 
(declare-const c_1 String)
(declare-const s_2 String)

(assert (not (= (str.substr (str.++ (str.substr s_2 0 (- 7 0)) (str.substr s_2 8(- (str.len s_2) 8))) 8 (- 9 8)) c_1)))
(assert (= (str.substr s_2 7 (- 8 7)) c_1))
(assert (not (= (str.substr s_2 6 (- 7 6)) c_1)))
(assert (not (= (str.substr s_2 5 (- 6 5)) c_1)))
(assert (not (= (str.substr s_2 4 (- 5 4)) c_1)))
(assert (not (= (str.substr s_2 3 (- 4 3)) c_1)))
(assert (not (= (str.substr s_2 2 (- 3 2)) c_1)))
(assert (not (= (str.substr s_2 1 (- 2 1)) c_1)))
(assert (not (= (str.substr s_2 0 (- 1 0)) c_1)))
(assert (< 8 (str.len (str.++ (str.substr s_2 0 (- 7 0)) (str.substr s_2 8(- (str.len s_2) 8))))))
(assert (< 7 (str.len s_2)))
(assert (< 6 (str.len s_2)))
(assert (< 5 (str.len s_2)))
(assert (< 4 (str.len s_2)))
(assert (< 3 (str.len s_2)))
(assert (< 2 (str.len s_2)))
(assert (< 1 (str.len s_2)))
(assert (< 0 (str.len s_2)))



======================
(define-fun s_2 () String
  "CDEFGHIJABKLMNO")
(define-fun c_1 () String
  "J")
Returned solutions: 
(define-fun s_2 () String  "CDEFGHIJABKLMNO")
(define-fun c_1 () String  "J")
*************************************
Satisfiable: true
c_1 => "J"
s_2 => "CDEFGHIJABKLMNO"
*************************************

numeric PC: constraint # = 9
CONST_8 < Length_4_[9] &&
CONST_7 < Length_0_[8] &&
CONST_6 < Length_0_[8] &&
CONST_5 < Length_0_[8] &&
CONST_4 < Length_0_[8] &&
CONST_3 < Length_0_[8] &&
CONST_2 < Length_0_[8] &&
CONST_1 < Length_0_[8] &&
CONST_0 < Length_0_[8] -> true

### PCs: total:57 sat:57 unsat:0

string analysis: SPC # = 9
(.substring[(.substring[(s_2_SYMSTRING)(CONST_7)(CONST_0)].concat(.substring[(s_2_SYMSTRING)(CONST_8)]))(CONST_9)(CONST_8)] equals c_1_SYMSTRING) && (.substring[(s_2_SYMSTRING)(CONST_8)(CONST_7)] equals c_1_SYMSTRING) && (.substring[(s_2_SYMSTRING)(CONST_7)(CONST_6)] notequals c_1_SYMSTRING) && (.substring[(s_2_SYMSTRING)(CONST_6)(CONST_5)] notequals c_1_SYMSTRING) && (.substring[(s_2_SYMSTRING)(CONST_5)(CONST_4)] notequals c_1_SYMSTRING) && (.substring[(s_2_SYMSTRING)(CONST_4)(CONST_3)] notequals c_1_SYMSTRING) && (.substring[(s_2_SYMSTRING)(CONST_3)(CONST_2)] notequals c_1_SYMSTRING) && (.substring[(s_2_SYMSTRING)(CONST_2)(CONST_1)] notequals c_1_SYMSTRING) && (.substring[(s_2_SYMSTRING)(CONST_1)(CONST_0)] notequals c_1_SYMSTRING)
NPC constraint # = 9
CONST_8 < Length_4_[9] &&
CONST_7 < Length_0_[8] &&
CONST_6 < Length_0_[8] &&
CONST_5 < Length_0_[8] &&
CONST_4 < Length_0_[8] &&
CONST_3 < Length_0_[8] &&
CONST_2 < Length_0_[8] &&
CONST_1 < Length_0_[8] &&
CONST_0 < Length_0_[8]
$$$$$$$$$$$$$$$$$$$$$$$$$$$$$$$$
Calling Z3str3

current query... 
(declare-const c_1 String)
(declare-const s_2 String)

(assert (= (str.substr (str.++ (str.substr s_2 0 (- 7 0)) (str.substr s_2 8(- (str.len s_2) 8))) 8 (- 9 8)) c_1))
(assert (= (str.substr s_2 7 (- 8 7)) c_1))
(assert (not (= (str.substr s_2 6 (- 7 6)) c_1)))
(assert (not (= (str.substr s_2 5 (- 6 5)) c_1)))
(assert (not (= (str.substr s_2 4 (- 5 4)) c_1)))
(assert (not (= (str.substr s_2 3 (- 4 3)) c_1)))
(assert (not (= (str.substr s_2 2 (- 3 2)) c_1)))
(assert (not (= (str.substr s_2 1 (- 2 1)) c_1)))
(assert (not (= (str.substr s_2 0 (- 1 0)) c_1)))
(assert (< 8 (str.len (str.++ (str.substr s_2 0 (- 7 0)) (str.substr s_2 8(- (str.len s_2) 8))))))
(assert (< 7 (str.len s_2)))
(assert (< 6 (str.len s_2)))
(assert (< 5 (str.len s_2)))
(assert (< 4 (str.len s_2)))
(assert (< 3 (str.len s_2)))
(assert (< 2 (str.len s_2)))
(assert (< 1 (str.len s_2)))
(assert (< 0 (str.len s_2)))



======================
(define-fun s_2 () String
  "AIJKLMNHBHCD")
(define-fun c_1 () String
  "H")
Returned solutions: 
(define-fun s_2 () String  "AIJKLMNHBHCD")
(define-fun c_1 () String  "H")
*************************************
Satisfiable: true
c_1 => "H"
s_2 => "AIJKLMNHBHCD"
*************************************

New sym int Length_6_ min=0, max=30
numeric PC: constraint # = 10
CONST_9 >= Length_6_ &&
CONST_8 < Length_4_ &&
CONST_7 < Length_0_ &&
CONST_6 < Length_0_ &&
CONST_5 < Length_0_ &&
CONST_4 < Length_0_ &&
CONST_3 < Length_0_ &&
CONST_2 < Length_0_ &&
CONST_1 < Length_0_ &&
CONST_0 < Length_0_ -> true

### PCs: total:58 sat:58 unsat:0

string analysis: SPC # = 9
(.substring[(.substring[(s_2_SYMSTRING)(CONST_7)(CONST_0)].concat(.substring[(s_2_SYMSTRING)(CONST_8)]))(CONST_9)(CONST_8)] equals c_1_SYMSTRING) && (.substring[(s_2_SYMSTRING)(CONST_8)(CONST_7)] equals c_1_SYMSTRING) && (.substring[(s_2_SYMSTRING)(CONST_7)(CONST_6)] notequals c_1_SYMSTRING) && (.substring[(s_2_SYMSTRING)(CONST_6)(CONST_5)] notequals c_1_SYMSTRING) && (.substring[(s_2_SYMSTRING)(CONST_5)(CONST_4)] notequals c_1_SYMSTRING) && (.substring[(s_2_SYMSTRING)(CONST_4)(CONST_3)] notequals c_1_SYMSTRING) && (.substring[(s_2_SYMSTRING)(CONST_3)(CONST_2)] notequals c_1_SYMSTRING) && (.substring[(s_2_SYMSTRING)(CONST_2)(CONST_1)] notequals c_1_SYMSTRING) && (.substring[(s_2_SYMSTRING)(CONST_1)(CONST_0)] notequals c_1_SYMSTRING)
NPC constraint # = 10
CONST_9 >= Length_6_ &&
CONST_8 < Length_4_ &&
CONST_7 < Length_0_ &&
CONST_6 < Length_0_ &&
CONST_5 < Length_0_ &&
CONST_4 < Length_0_ &&
CONST_3 < Length_0_ &&
CONST_2 < Length_0_ &&
CONST_1 < Length_0_ &&
CONST_0 < Length_0_
$$$$$$$$$$$$$$$$$$$$$$$$$$$$$$$$
Calling Z3str3

current query... 
(declare-const c_1 String)
(declare-const s_2 String)

(assert (= (str.substr (str.++ (str.substr s_2 0 (- 7 0)) (str.substr s_2 8(- (str.len s_2) 8))) 8 (- 9 8)) c_1))
(assert (= (str.substr s_2 7 (- 8 7)) c_1))
(assert (not (= (str.substr s_2 6 (- 7 6)) c_1)))
(assert (not (= (str.substr s_2 5 (- 6 5)) c_1)))
(assert (not (= (str.substr s_2 4 (- 5 4)) c_1)))
(assert (not (= (str.substr s_2 3 (- 4 3)) c_1)))
(assert (not (= (str.substr s_2 2 (- 3 2)) c_1)))
(assert (not (= (str.substr s_2 1 (- 2 1)) c_1)))
(assert (not (= (str.substr s_2 0 (- 1 0)) c_1)))
(assert (>= 9 (str.len (str.++ (str.substr (str.++ (str.substr s_2 0 (- 7 0)) (str.substr s_2 8(- (str.len s_2) 8))) 0 (- 8 0)) (str.substr (str.++ (str.substr s_2 0 (- 7 0)) (str.substr s_2 8(- (str.len s_2) 8))) 9(- (str.len (str.++ (str.substr s_2 0 (- 7 0)) (str.substr s_2 8(- (str.len s_2) 8)))) 9))))))
(assert (< 8 (str.len (str.++ (str.substr s_2 0 (- 7 0)) (str.substr s_2 8(- (str.len s_2) 8))))))
(assert (< 7 (str.len s_2)))
(assert (< 6 (str.len s_2)))
(assert (< 5 (str.len s_2)))
(assert (< 4 (str.len s_2)))
(assert (< 3 (str.len s_2)))
(assert (< 2 (str.len s_2)))
(assert (< 1 (str.len s_2)))
(assert (< 0 (str.len s_2)))



======================
(define-fun s_2 () String
  "IABCDEFGJGH")
(define-fun c_1 () String
  "G")
Returned solutions: 
(define-fun s_2 () String  "IABCDEFGJGH")
(define-fun c_1 () String  "G")
*************************************
Satisfiable: true
c_1 => "G"
s_2 => "IABCDEFGJGH"
*************************************

numeric PC: constraint # = 10
CONST_9 < Length_6_ &&
CONST_8 < Length_4_ &&
CONST_7 < Length_0_ &&
CONST_6 < Length_0_ &&
CONST_5 < Length_0_ &&
CONST_4 < Length_0_ &&
CONST_3 < Length_0_ &&
CONST_2 < Length_0_ &&
CONST_1 < Length_0_ &&
CONST_0 < Length_0_ -> true

### PCs: total:59 sat:59 unsat:0

string analysis: SPC # = 9
(.substring[(.substring[(s_2_SYMSTRING)(CONST_7)(CONST_0)].concat(.substring[(s_2_SYMSTRING)(CONST_8)]))(CONST_9)(CONST_8)] equals c_1_SYMSTRING) && (.substring[(s_2_SYMSTRING)(CONST_8)(CONST_7)] equals c_1_SYMSTRING) && (.substring[(s_2_SYMSTRING)(CONST_7)(CONST_6)] notequals c_1_SYMSTRING) && (.substring[(s_2_SYMSTRING)(CONST_6)(CONST_5)] notequals c_1_SYMSTRING) && (.substring[(s_2_SYMSTRING)(CONST_5)(CONST_4)] notequals c_1_SYMSTRING) && (.substring[(s_2_SYMSTRING)(CONST_4)(CONST_3)] notequals c_1_SYMSTRING) && (.substring[(s_2_SYMSTRING)(CONST_3)(CONST_2)] notequals c_1_SYMSTRING) && (.substring[(s_2_SYMSTRING)(CONST_2)(CONST_1)] notequals c_1_SYMSTRING) && (.substring[(s_2_SYMSTRING)(CONST_1)(CONST_0)] notequals c_1_SYMSTRING)
NPC constraint # = 10
CONST_9 < Length_6_ &&
CONST_8 < Length_4_ &&
CONST_7 < Length_0_ &&
CONST_6 < Length_0_ &&
CONST_5 < Length_0_ &&
CONST_4 < Length_0_ &&
CONST_3 < Length_0_ &&
CONST_2 < Length_0_ &&
CONST_1 < Length_0_ &&
CONST_0 < Length_0_
$$$$$$$$$$$$$$$$$$$$$$$$$$$$$$$$
Calling Z3str3

current query... 
(declare-const c_1 String)
(declare-const s_2 String)

(assert (= (str.substr (str.++ (str.substr s_2 0 (- 7 0)) (str.substr s_2 8(- (str.len s_2) 8))) 8 (- 9 8)) c_1))
(assert (= (str.substr s_2 7 (- 8 7)) c_1))
(assert (not (= (str.substr s_2 6 (- 7 6)) c_1)))
(assert (not (= (str.substr s_2 5 (- 6 5)) c_1)))
(assert (not (= (str.substr s_2 4 (- 5 4)) c_1)))
(assert (not (= (str.substr s_2 3 (- 4 3)) c_1)))
(assert (not (= (str.substr s_2 2 (- 3 2)) c_1)))
(assert (not (= (str.substr s_2 1 (- 2 1)) c_1)))
(assert (not (= (str.substr s_2 0 (- 1 0)) c_1)))
(assert (< 9 (str.len (str.++ (str.substr (str.++ (str.substr s_2 0 (- 7 0)) (str.substr s_2 8(- (str.len s_2) 8))) 0 (- 8 0)) (str.substr (str.++ (str.substr s_2 0 (- 7 0)) (str.substr s_2 8(- (str.len s_2) 8))) 9(- (str.len (str.++ (str.substr s_2 0 (- 7 0)) (str.substr s_2 8(- (str.len s_2) 8)))) 9))))))
(assert (< 8 (str.len (str.++ (str.substr s_2 0 (- 7 0)) (str.substr s_2 8(- (str.len s_2) 8))))))
(assert (< 7 (str.len s_2)))
(assert (< 6 (str.len s_2)))
(assert (< 5 (str.len s_2)))
(assert (< 4 (str.len s_2)))
(assert (< 3 (str.len s_2)))
(assert (< 2 (str.len s_2)))
(assert (< 1 (str.len s_2)))
(assert (< 0 (str.len s_2)))



======================
(define-fun s_2 () String
  "BFGHIJKCACDELMN")
(define-fun c_1 () String
  "C")
Returned solutions: 
(define-fun s_2 () String  "BFGHIJKCACDELMN")
(define-fun c_1 () String  "C")
*************************************
Satisfiable: true
c_1 => "C"
s_2 => "BFGHIJKCACDELMN"
*************************************

numeric PC: constraint # = 10
CONST_9 < Length_6_ &&
CONST_8 < Length_4_ &&
CONST_7 < Length_0_ &&
CONST_6 < Length_0_ &&
CONST_5 < Length_0_ &&
CONST_4 < Length_0_ &&
CONST_3 < Length_0_ &&
CONST_2 < Length_0_ &&
CONST_1 < Length_0_ &&
CONST_0 < Length_0_ -> true

### PCs: total:60 sat:60 unsat:0

string analysis: SPC # = 10
(.substring[(.substring[(.substring[(s_2_SYMSTRING)(CONST_7)(CONST_0)].concat(.substring[(s_2_SYMSTRING)(CONST_8)]))(CONST_8)(CONST_0)].concat(.substring[(.substring[(s_2_SYMSTRING)(CONST_7)(CONST_0)].concat(.substring[(s_2_SYMSTRING)(CONST_8)]))(CONST_9)]))(CONST_10)(CONST_9)] notequals c_1_SYMSTRING) && (.substring[(.substring[(s_2_SYMSTRING)(CONST_7)(CONST_0)].concat(.substring[(s_2_SYMSTRING)(CONST_8)]))(CONST_9)(CONST_8)] equals c_1_SYMSTRING) && (.substring[(s_2_SYMSTRING)(CONST_8)(CONST_7)] equals c_1_SYMSTRING) && (.substring[(s_2_SYMSTRING)(CONST_7)(CONST_6)] notequals c_1_SYMSTRING) && (.substring[(s_2_SYMSTRING)(CONST_6)(CONST_5)] notequals c_1_SYMSTRING) && (.substring[(s_2_SYMSTRING)(CONST_5)(CONST_4)] notequals c_1_SYMSTRING) && (.substring[(s_2_SYMSTRING)(CONST_4)(CONST_3)] notequals c_1_SYMSTRING) && (.substring[(s_2_SYMSTRING)(CONST_3)(CONST_2)] notequals c_1_SYMSTRING) && (.substring[(s_2_SYMSTRING)(CONST_2)(CONST_1)] notequals c_1_SYMSTRING) && (.substring[(s_2_SYMSTRING)(CONST_1)(CONST_0)] notequals c_1_SYMSTRING)
NPC constraint # = 10
CONST_9 < Length_6_ &&
CONST_8 < Length_4_ &&
CONST_7 < Length_0_ &&
CONST_6 < Length_0_ &&
CONST_5 < Length_0_ &&
CONST_4 < Length_0_ &&
CONST_3 < Length_0_ &&
CONST_2 < Length_0_ &&
CONST_1 < Length_0_ &&
CONST_0 < Length_0_
$$$$$$$$$$$$$$$$$$$$$$$$$$$$$$$$
Calling Z3str3

current query... 
(declare-const c_1 String)
(declare-const s_2 String)

(assert (not (= (str.substr (str.++ (str.substr (str.++ (str.substr s_2 0 (- 7 0)) (str.substr s_2 8(- (str.len s_2) 8))) 0 (- 8 0)) (str.substr (str.++ (str.substr s_2 0 (- 7 0)) (str.substr s_2 8(- (str.len s_2) 8))) 9(- (str.len (str.++ (str.substr s_2 0 (- 7 0)) (str.substr s_2 8(- (str.len s_2) 8)))) 9))) 9 (- 10 9)) c_1)))
(assert (= (str.substr (str.++ (str.substr s_2 0 (- 7 0)) (str.substr s_2 8(- (str.len s_2) 8))) 8 (- 9 8)) c_1))
(assert (= (str.substr s_2 7 (- 8 7)) c_1))
(assert (not (= (str.substr s_2 6 (- 7 6)) c_1)))
(assert (not (= (str.substr s_2 5 (- 6 5)) c_1)))
(assert (not (= (str.substr s_2 4 (- 5 4)) c_1)))
(assert (not (= (str.substr s_2 3 (- 4 3)) c_1)))
(assert (not (= (str.substr s_2 2 (- 3 2)) c_1)))
(assert (not (= (str.substr s_2 1 (- 2 1)) c_1)))
(assert (not (= (str.substr s_2 0 (- 1 0)) c_1)))
(assert (< 9 (str.len (str.++ (str.substr (str.++ (str.substr s_2 0 (- 7 0)) (str.substr s_2 8(- (str.len s_2) 8))) 0 (- 8 0)) (str.substr (str.++ (str.substr s_2 0 (- 7 0)) (str.substr s_2 8(- (str.len s_2) 8))) 9(- (str.len (str.++ (str.substr s_2 0 (- 7 0)) (str.substr s_2 8(- (str.len s_2) 8)))) 9))))))
(assert (< 8 (str.len (str.++ (str.substr s_2 0 (- 7 0)) (str.substr s_2 8(- (str.len s_2) 8))))))
(assert (< 7 (str.len s_2)))
(assert (< 6 (str.len s_2)))
(assert (< 5 (str.len s_2)))
(assert (< 4 (str.len s_2)))
(assert (< 3 (str.len s_2)))
(assert (< 2 (str.len s_2)))
(assert (< 1 (str.len s_2)))
(assert (< 0 (str.len s_2)))



======================
(define-fun s_2 () String
  "AHIJKLMFBFCD")
(define-fun c_1 () String
  "F")
Returned solutions: 
(define-fun s_2 () String  "AHIJKLMFBFCD")
(define-fun c_1 () String  "F")
*************************************
Satisfiable: true
c_1 => "F"
s_2 => "AHIJKLMFBFCD"
*************************************

numeric PC: constraint # = 11
CONST_10 >= Length_6_ &&
CONST_9 < Length_6_ &&
CONST_8 < Length_4_ &&
CONST_7 < Length_0_ &&
CONST_6 < Length_0_ &&
CONST_5 < Length_0_ &&
CONST_4 < Length_0_ &&
CONST_3 < Length_0_ &&
CONST_2 < Length_0_ &&
CONST_1 < Length_0_ &&
CONST_0 < Length_0_ -> true

### PCs: total:61 sat:61 unsat:0

string analysis: SPC # = 10
(.substring[(.substring[(.substring[(s_2_SYMSTRING)(CONST_7)(CONST_0)].concat(.substring[(s_2_SYMSTRING)(CONST_8)]))(CONST_8)(CONST_0)].concat(.substring[(.substring[(s_2_SYMSTRING)(CONST_7)(CONST_0)].concat(.substring[(s_2_SYMSTRING)(CONST_8)]))(CONST_9)]))(CONST_10)(CONST_9)] notequals c_1_SYMSTRING) && (.substring[(.substring[(s_2_SYMSTRING)(CONST_7)(CONST_0)].concat(.substring[(s_2_SYMSTRING)(CONST_8)]))(CONST_9)(CONST_8)] equals c_1_SYMSTRING) && (.substring[(s_2_SYMSTRING)(CONST_8)(CONST_7)] equals c_1_SYMSTRING) && (.substring[(s_2_SYMSTRING)(CONST_7)(CONST_6)] notequals c_1_SYMSTRING) && (.substring[(s_2_SYMSTRING)(CONST_6)(CONST_5)] notequals c_1_SYMSTRING) && (.substring[(s_2_SYMSTRING)(CONST_5)(CONST_4)] notequals c_1_SYMSTRING) && (.substring[(s_2_SYMSTRING)(CONST_4)(CONST_3)] notequals c_1_SYMSTRING) && (.substring[(s_2_SYMSTRING)(CONST_3)(CONST_2)] notequals c_1_SYMSTRING) && (.substring[(s_2_SYMSTRING)(CONST_2)(CONST_1)] notequals c_1_SYMSTRING) && (.substring[(s_2_SYMSTRING)(CONST_1)(CONST_0)] notequals c_1_SYMSTRING)
NPC constraint # = 11
CONST_10 >= Length_6_ &&
CONST_9 < Length_6_ &&
CONST_8 < Length_4_ &&
CONST_7 < Length_0_ &&
CONST_6 < Length_0_ &&
CONST_5 < Length_0_ &&
CONST_4 < Length_0_ &&
CONST_3 < Length_0_ &&
CONST_2 < Length_0_ &&
CONST_1 < Length_0_ &&
CONST_0 < Length_0_
$$$$$$$$$$$$$$$$$$$$$$$$$$$$$$$$
Calling Z3str3

current query... 
(declare-const c_1 String)
(declare-const s_2 String)

(assert (not (= (str.substr (str.++ (str.substr (str.++ (str.substr s_2 0 (- 7 0)) (str.substr s_2 8(- (str.len s_2) 8))) 0 (- 8 0)) (str.substr (str.++ (str.substr s_2 0 (- 7 0)) (str.substr s_2 8(- (str.len s_2) 8))) 9(- (str.len (str.++ (str.substr s_2 0 (- 7 0)) (str.substr s_2 8(- (str.len s_2) 8)))) 9))) 9 (- 10 9)) c_1)))
(assert (= (str.substr (str.++ (str.substr s_2 0 (- 7 0)) (str.substr s_2 8(- (str.len s_2) 8))) 8 (- 9 8)) c_1))
(assert (= (str.substr s_2 7 (- 8 7)) c_1))
(assert (not (= (str.substr s_2 6 (- 7 6)) c_1)))
(assert (not (= (str.substr s_2 5 (- 6 5)) c_1)))
(assert (not (= (str.substr s_2 4 (- 5 4)) c_1)))
(assert (not (= (str.substr s_2 3 (- 4 3)) c_1)))
(assert (not (= (str.substr s_2 2 (- 3 2)) c_1)))
(assert (not (= (str.substr s_2 1 (- 2 1)) c_1)))
(assert (not (= (str.substr s_2 0 (- 1 0)) c_1)))
(assert (>= 10 (str.len (str.++ (str.substr (str.++ (str.substr s_2 0 (- 7 0)) (str.substr s_2 8(- (str.len s_2) 8))) 0 (- 8 0)) (str.substr (str.++ (str.substr s_2 0 (- 7 0)) (str.substr s_2 8(- (str.len s_2) 8))) 9(- (str.len (str.++ (str.substr s_2 0 (- 7 0)) (str.substr s_2 8(- (str.len s_2) 8)))) 9))))))
(assert (< 9 (str.len (str.++ (str.substr (str.++ (str.substr s_2 0 (- 7 0)) (str.substr s_2 8(- (str.len s_2) 8))) 0 (- 8 0)) (str.substr (str.++ (str.substr s_2 0 (- 7 0)) (str.substr s_2 8(- (str.len s_2) 8))) 9(- (str.len (str.++ (str.substr s_2 0 (- 7 0)) (str.substr s_2 8(- (str.len s_2) 8)))) 9))))))
(assert (< 8 (str.len (str.++ (str.substr s_2 0 (- 7 0)) (str.substr s_2 8(- (str.len s_2) 8))))))
(assert (< 7 (str.len s_2)))
(assert (< 6 (str.len s_2)))
(assert (< 5 (str.len s_2)))
(assert (< 4 (str.len s_2)))
(assert (< 3 (str.len s_2)))
(assert (< 2 (str.len s_2)))
(assert (< 1 (str.len s_2)))
(assert (< 0 (str.len s_2)))



======================
(define-fun s_2 () String
  "EFGHIJKDADBC")
(define-fun c_1 () String
  "D")
Returned solutions: 
(define-fun s_2 () String  "EFGHIJKDADBC")
(define-fun c_1 () String  "D")
*************************************
Satisfiable: true
c_1 => "D"
s_2 => "EFGHIJKDADBC"
*************************************

numeric PC: constraint # = 11
CONST_10 < Length_6_ &&
CONST_9 < Length_6_ &&
CONST_8 < Length_4_ &&
CONST_7 < Length_0_ &&
CONST_6 < Length_0_ &&
CONST_5 < Length_0_ &&
CONST_4 < Length_0_ &&
CONST_3 < Length_0_ &&
CONST_2 < Length_0_ &&
CONST_1 < Length_0_ &&
CONST_0 < Length_0_ -> true

### PCs: total:62 sat:62 unsat:0

string analysis: SPC # = 10
(.substring[(.substring[(.substring[(s_2_SYMSTRING)(CONST_7)(CONST_0)].concat(.substring[(s_2_SYMSTRING)(CONST_8)]))(CONST_8)(CONST_0)].concat(.substring[(.substring[(s_2_SYMSTRING)(CONST_7)(CONST_0)].concat(.substring[(s_2_SYMSTRING)(CONST_8)]))(CONST_9)]))(CONST_10)(CONST_9)] notequals c_1_SYMSTRING) && (.substring[(.substring[(s_2_SYMSTRING)(CONST_7)(CONST_0)].concat(.substring[(s_2_SYMSTRING)(CONST_8)]))(CONST_9)(CONST_8)] equals c_1_SYMSTRING) && (.substring[(s_2_SYMSTRING)(CONST_8)(CONST_7)] equals c_1_SYMSTRING) && (.substring[(s_2_SYMSTRING)(CONST_7)(CONST_6)] notequals c_1_SYMSTRING) && (.substring[(s_2_SYMSTRING)(CONST_6)(CONST_5)] notequals c_1_SYMSTRING) && (.substring[(s_2_SYMSTRING)(CONST_5)(CONST_4)] notequals c_1_SYMSTRING) && (.substring[(s_2_SYMSTRING)(CONST_4)(CONST_3)] notequals c_1_SYMSTRING) && (.substring[(s_2_SYMSTRING)(CONST_3)(CONST_2)] notequals c_1_SYMSTRING) && (.substring[(s_2_SYMSTRING)(CONST_2)(CONST_1)] notequals c_1_SYMSTRING) && (.substring[(s_2_SYMSTRING)(CONST_1)(CONST_0)] notequals c_1_SYMSTRING)
NPC constraint # = 11
CONST_10 < Length_6_ &&
CONST_9 < Length_6_ &&
CONST_8 < Length_4_ &&
CONST_7 < Length_0_ &&
CONST_6 < Length_0_ &&
CONST_5 < Length_0_ &&
CONST_4 < Length_0_ &&
CONST_3 < Length_0_ &&
CONST_2 < Length_0_ &&
CONST_1 < Length_0_ &&
CONST_0 < Length_0_
$$$$$$$$$$$$$$$$$$$$$$$$$$$$$$$$
Calling Z3str3

current query... 
(declare-const c_1 String)
(declare-const s_2 String)

(assert (not (= (str.substr (str.++ (str.substr (str.++ (str.substr s_2 0 (- 7 0)) (str.substr s_2 8(- (str.len s_2) 8))) 0 (- 8 0)) (str.substr (str.++ (str.substr s_2 0 (- 7 0)) (str.substr s_2 8(- (str.len s_2) 8))) 9(- (str.len (str.++ (str.substr s_2 0 (- 7 0)) (str.substr s_2 8(- (str.len s_2) 8)))) 9))) 9 (- 10 9)) c_1)))
(assert (= (str.substr (str.++ (str.substr s_2 0 (- 7 0)) (str.substr s_2 8(- (str.len s_2) 8))) 8 (- 9 8)) c_1))
(assert (= (str.substr s_2 7 (- 8 7)) c_1))
(assert (not (= (str.substr s_2 6 (- 7 6)) c_1)))
(assert (not (= (str.substr s_2 5 (- 6 5)) c_1)))
(assert (not (= (str.substr s_2 4 (- 5 4)) c_1)))
(assert (not (= (str.substr s_2 3 (- 4 3)) c_1)))
(assert (not (= (str.substr s_2 2 (- 3 2)) c_1)))
(assert (not (= (str.substr s_2 1 (- 2 1)) c_1)))
(assert (not (= (str.substr s_2 0 (- 1 0)) c_1)))
(assert (< 10 (str.len (str.++ (str.substr (str.++ (str.substr s_2 0 (- 7 0)) (str.substr s_2 8(- (str.len s_2) 8))) 0 (- 8 0)) (str.substr (str.++ (str.substr s_2 0 (- 7 0)) (str.substr s_2 8(- (str.len s_2) 8))) 9(- (str.len (str.++ (str.substr s_2 0 (- 7 0)) (str.substr s_2 8(- (str.len s_2) 8)))) 9))))))
(assert (< 9 (str.len (str.++ (str.substr (str.++ (str.substr s_2 0 (- 7 0)) (str.substr s_2 8(- (str.len s_2) 8))) 0 (- 8 0)) (str.substr (str.++ (str.substr s_2 0 (- 7 0)) (str.substr s_2 8(- (str.len s_2) 8))) 9(- (str.len (str.++ (str.substr s_2 0 (- 7 0)) (str.substr s_2 8(- (str.len s_2) 8)))) 9))))))
(assert (< 8 (str.len (str.++ (str.substr s_2 0 (- 7 0)) (str.substr s_2 8(- (str.len s_2) 8))))))
(assert (< 7 (str.len s_2)))
(assert (< 6 (str.len s_2)))
(assert (< 5 (str.len s_2)))
(assert (< 4 (str.len s_2)))
(assert (< 3 (str.len s_2)))
(assert (< 2 (str.len s_2)))
(assert (< 1 (str.len s_2)))
(assert (< 0 (str.len s_2)))



======================
(define-fun s_2 () String
  "AGHIJKLFBFCDENM")
(define-fun c_1 () String
  "F")
Returned solutions: 
(define-fun s_2 () String  "AGHIJKLFBFCDENM")
(define-fun c_1 () String  "F")
*************************************
Satisfiable: true
c_1 => "F"
s_2 => "AGHIJKLFBFCDENM"
*************************************


====================================================== search constraint
depth limit reached: 23

====================================================== snapshot 
thread java.lang.Thread:{id:0,name:main,status:RUNNING,priority:5,isDaemon:false,lockCount:0,suspendCount:0}
  call stack:
	at strings.StringSearch.search_2(StringSearch.java:29)
	at strings.StringSearch.main(StringSearch.java:8)

numeric PC: constraint # = 11
CONST_10 < Length_6_ &&
CONST_9 < Length_6_ &&
CONST_8 < Length_4_ &&
CONST_7 < Length_0_ &&
CONST_6 < Length_0_ &&
CONST_5 < Length_0_ &&
CONST_4 < Length_0_ &&
CONST_3 < Length_0_ &&
CONST_2 < Length_0_ &&
CONST_1 < Length_0_ &&
CONST_0 < Length_0_ -> true

string analysis: SPC # = 10
(.substring[(.substring[(.substring[(s_2_SYMSTRING)(CONST_7)(CONST_0)].concat(.substring[(s_2_SYMSTRING)(CONST_8)]))(CONST_8)(CONST_0)].concat(.substring[(.substring[(s_2_SYMSTRING)(CONST_7)(CONST_0)].concat(.substring[(s_2_SYMSTRING)(CONST_8)]))(CONST_9)]))(CONST_10)(CONST_9)] notequals c_1_SYMSTRING) && (.substring[(.substring[(s_2_SYMSTRING)(CONST_7)(CONST_0)].concat(.substring[(s_2_SYMSTRING)(CONST_8)]))(CONST_9)(CONST_8)] equals c_1_SYMSTRING) && (.substring[(s_2_SYMSTRING)(CONST_8)(CONST_7)] equals c_1_SYMSTRING) && (.substring[(s_2_SYMSTRING)(CONST_7)(CONST_6)] notequals c_1_SYMSTRING) && (.substring[(s_2_SYMSTRING)(CONST_6)(CONST_5)] notequals c_1_SYMSTRING) && (.substring[(s_2_SYMSTRING)(CONST_5)(CONST_4)] notequals c_1_SYMSTRING) && (.substring[(s_2_SYMSTRING)(CONST_4)(CONST_3)] notequals c_1_SYMSTRING) && (.substring[(s_2_SYMSTRING)(CONST_3)(CONST_2)] notequals c_1_SYMSTRING) && (.substring[(s_2_SYMSTRING)(CONST_2)(CONST_1)] notequals c_1_SYMSTRING) && (.substring[(s_2_SYMSTRING)(CONST_1)(CONST_0)] notequals c_1_SYMSTRING)
NPC constraint # = 11
CONST_10 < Length_6_[11] &&
CONST_9 < Length_6_[11] &&
CONST_8 < Length_4_[9] &&
CONST_7 < Length_0_[8] &&
CONST_6 < Length_0_[8] &&
CONST_5 < Length_0_[8] &&
CONST_4 < Length_0_[8] &&
CONST_3 < Length_0_[8] &&
CONST_2 < Length_0_[8] &&
CONST_1 < Length_0_[8] &&
CONST_0 < Length_0_[8]
$$$$$$$$$$$$$$$$$$$$$$$$$$$$$$$$
Calling Z3str3

current query... 
(declare-const c_1 String)
(declare-const s_2 String)

(assert (not (= (str.substr (str.++ (str.substr (str.++ (str.substr s_2 0 (- 7 0)) (str.substr s_2 8(- (str.len s_2) 8))) 0 (- 8 0)) (str.substr (str.++ (str.substr s_2 0 (- 7 0)) (str.substr s_2 8(- (str.len s_2) 8))) 9(- (str.len (str.++ (str.substr s_2 0 (- 7 0)) (str.substr s_2 8(- (str.len s_2) 8)))) 9))) 9 (- 10 9)) c_1)))
(assert (= (str.substr (str.++ (str.substr s_2 0 (- 7 0)) (str.substr s_2 8(- (str.len s_2) 8))) 8 (- 9 8)) c_1))
(assert (= (str.substr s_2 7 (- 8 7)) c_1))
(assert (not (= (str.substr s_2 6 (- 7 6)) c_1)))
(assert (not (= (str.substr s_2 5 (- 6 5)) c_1)))
(assert (not (= (str.substr s_2 4 (- 5 4)) c_1)))
(assert (not (= (str.substr s_2 3 (- 4 3)) c_1)))
(assert (not (= (str.substr s_2 2 (- 3 2)) c_1)))
(assert (not (= (str.substr s_2 1 (- 2 1)) c_1)))
(assert (not (= (str.substr s_2 0 (- 1 0)) c_1)))
(assert (< 10 (str.len (str.++ (str.substr (str.++ (str.substr s_2 0 (- 7 0)) (str.substr s_2 8(- (str.len s_2) 8))) 0 (- 8 0)) (str.substr (str.++ (str.substr s_2 0 (- 7 0)) (str.substr s_2 8(- (str.len s_2) 8))) 9(- (str.len (str.++ (str.substr s_2 0 (- 7 0)) (str.substr s_2 8(- (str.len s_2) 8)))) 9))))))
(assert (< 9 (str.len (str.++ (str.substr (str.++ (str.substr s_2 0 (- 7 0)) (str.substr s_2 8(- (str.len s_2) 8))) 0 (- 8 0)) (str.substr (str.++ (str.substr s_2 0 (- 7 0)) (str.substr s_2 8(- (str.len s_2) 8))) 9(- (str.len (str.++ (str.substr s_2 0 (- 7 0)) (str.substr s_2 8(- (str.len s_2) 8)))) 9))))))
(assert (< 8 (str.len (str.++ (str.substr s_2 0 (- 7 0)) (str.substr s_2 8(- (str.len s_2) 8))))))
(assert (< 7 (str.len s_2)))
(assert (< 6 (str.len s_2)))
(assert (< 5 (str.len s_2)))
(assert (< 4 (str.len s_2)))
(assert (< 3 (str.len s_2)))
(assert (< 2 (str.len s_2)))
(assert (< 1 (str.len s_2)))
(assert (< 0 (str.len s_2)))



======================
(define-fun s_2 () String
  "AGHIJKLFBFCDENM")
(define-fun c_1 () String
  "F")
Returned solutions: 
(define-fun s_2 () String  "AGHIJKLFBFCDENM")
(define-fun c_1 () String  "F")
*************************************
Satisfiable: true
c_1 => "F"
s_2 => "AGHIJKLFBFCDENM"
*************************************

Symbolic Exp [ .substring[(.substring[(s_2_SYMSTRING[**UNDEFINED**])(CONST_7)(CONST_0)].concat(.substring[(s_2_SYMSTRING[**UNDEFINED**])(CONST_8)]))(CONST_8)(CONST_0)].concat(.substring[(.substring[(s_2_SYMSTRING[**UNDEFINED**])(CONST_7)(CONST_0)].concat(.substring[(s_2_SYMSTRING[**UNDEFINED**])(CONST_8)]))(CONST_9)])]
test This is a tttest haystack string for testing.
0
114514
0

====================================================== search constraint
depth limit reached: 23

====================================================== snapshot 
no live threads
numeric PC: constraint # = 11
CONST_10 >= Length_6_ &&
CONST_9 < Length_6_ &&
CONST_8 < Length_4_ &&
CONST_7 < Length_0_ &&
CONST_6 < Length_0_ &&
CONST_5 < Length_0_ &&
CONST_4 < Length_0_ &&
CONST_3 < Length_0_ &&
CONST_2 < Length_0_ &&
CONST_1 < Length_0_ &&
CONST_0 < Length_0_ -> true

string analysis: SPC # = 10
(.substring[(.substring[(.substring[(s_2_SYMSTRING[**UNDEFINED**])(CONST_7)(CONST_0)].concat(.substring[(s_2_SYMSTRING[**UNDEFINED**])(CONST_8)]))(CONST_8)(CONST_0)].concat(.substring[(.substring[(s_2_SYMSTRING[**UNDEFINED**])(CONST_7)(CONST_0)].concat(.substring[(s_2_SYMSTRING[**UNDEFINED**])(CONST_8)]))(CONST_9)]))(CONST_10)(CONST_9)] notequals c_1_SYMSTRING[**UNDEFINED**]) && (.substring[(.substring[(s_2_SYMSTRING[**UNDEFINED**])(CONST_7)(CONST_0)].concat(.substring[(s_2_SYMSTRING[**UNDEFINED**])(CONST_8)]))(CONST_9)(CONST_8)] equals c_1_SYMSTRING[**UNDEFINED**]) && (.substring[(s_2_SYMSTRING[**UNDEFINED**])(CONST_8)(CONST_7)] equals c_1_SYMSTRING[**UNDEFINED**]) && (.substring[(s_2_SYMSTRING[**UNDEFINED**])(CONST_7)(CONST_6)] notequals c_1_SYMSTRING[**UNDEFINED**]) && (.substring[(s_2_SYMSTRING[**UNDEFINED**])(CONST_6)(CONST_5)] notequals c_1_SYMSTRING[**UNDEFINED**]) && (.substring[(s_2_SYMSTRING[**UNDEFINED**])(CONST_5)(CONST_4)] notequals c_1_SYMSTRING[**UNDEFINED**]) && (.substring[(s_2_SYMSTRING[**UNDEFINED**])(CONST_4)(CONST_3)] notequals c_1_SYMSTRING[**UNDEFINED**]) && (.substring[(s_2_SYMSTRING[**UNDEFINED**])(CONST_3)(CONST_2)] notequals c_1_SYMSTRING[**UNDEFINED**]) && (.substring[(s_2_SYMSTRING[**UNDEFINED**])(CONST_2)(CONST_1)] notequals c_1_SYMSTRING[**UNDEFINED**]) && (.substring[(s_2_SYMSTRING[**UNDEFINED**])(CONST_1)(CONST_0)] notequals c_1_SYMSTRING[**UNDEFINED**])
NPC constraint # = 11
CONST_10 >= Length_6_[10] &&
CONST_9 < Length_6_[10] &&
CONST_8 < Length_4_[9] &&
CONST_7 < Length_0_[8] &&
CONST_6 < Length_0_[8] &&
CONST_5 < Length_0_[8] &&
CONST_4 < Length_0_[8] &&
CONST_3 < Length_0_[8] &&
CONST_2 < Length_0_[8] &&
CONST_1 < Length_0_[8] &&
CONST_0 < Length_0_[8]
$$$$$$$$$$$$$$$$$$$$$$$$$$$$$$$$
Calling Z3str3

current query... 
(declare-const c_1 String)
(declare-const s_2 String)

(assert (not (= (str.substr (str.++ (str.substr (str.++ (str.substr s_2 0 (- 7 0)) (str.substr s_2 8(- (str.len s_2) 8))) 0 (- 8 0)) (str.substr (str.++ (str.substr s_2 0 (- 7 0)) (str.substr s_2 8(- (str.len s_2) 8))) 9(- (str.len (str.++ (str.substr s_2 0 (- 7 0)) (str.substr s_2 8(- (str.len s_2) 8)))) 9))) 9 (- 10 9)) c_1)))
(assert (= (str.substr (str.++ (str.substr s_2 0 (- 7 0)) (str.substr s_2 8(- (str.len s_2) 8))) 8 (- 9 8)) c_1))
(assert (= (str.substr s_2 7 (- 8 7)) c_1))
(assert (not (= (str.substr s_2 6 (- 7 6)) c_1)))
(assert (not (= (str.substr s_2 5 (- 6 5)) c_1)))
(assert (not (= (str.substr s_2 4 (- 5 4)) c_1)))
(assert (not (= (str.substr s_2 3 (- 4 3)) c_1)))
(assert (not (= (str.substr s_2 2 (- 3 2)) c_1)))
(assert (not (= (str.substr s_2 1 (- 2 1)) c_1)))
(assert (not (= (str.substr s_2 0 (- 1 0)) c_1)))
(assert (>= 10 (str.len (str.++ (str.substr (str.++ (str.substr s_2 0 (- 7 0)) (str.substr s_2 8(- (str.len s_2) 8))) 0 (- 8 0)) (str.substr (str.++ (str.substr s_2 0 (- 7 0)) (str.substr s_2 8(- (str.len s_2) 8))) 9(- (str.len (str.++ (str.substr s_2 0 (- 7 0)) (str.substr s_2 8(- (str.len s_2) 8)))) 9))))))
(assert (< 9 (str.len (str.++ (str.substr (str.++ (str.substr s_2 0 (- 7 0)) (str.substr s_2 8(- (str.len s_2) 8))) 0 (- 8 0)) (str.substr (str.++ (str.substr s_2 0 (- 7 0)) (str.substr s_2 8(- (str.len s_2) 8))) 9(- (str.len (str.++ (str.substr s_2 0 (- 7 0)) (str.substr s_2 8(- (str.len s_2) 8)))) 9))))))
(assert (< 8 (str.len (str.++ (str.substr s_2 0 (- 7 0)) (str.substr s_2 8(- (str.len s_2) 8))))))
(assert (< 7 (str.len s_2)))
(assert (< 6 (str.len s_2)))
(assert (< 5 (str.len s_2)))
(assert (< 4 (str.len s_2)))
(assert (< 3 (str.len s_2)))
(assert (< 2 (str.len s_2)))
(assert (< 1 (str.len s_2)))
(assert (< 0 (str.len s_2)))



======================
(define-fun s_2 () String
  "EFGHIJKDADBC")
(define-fun c_1 () String
  "D")
Returned solutions: 
(define-fun s_2 () String  "EFGHIJKDADBC")
(define-fun c_1 () String  "D")
*************************************
Satisfiable: true
c_1 => "D"
s_2 => "EFGHIJKDADBC"
*************************************

numeric PC: constraint # = 10
CONST_9 < Length_6_[10] &&
CONST_8 < Length_4_[9] &&
CONST_7 < Length_0_[8] &&
CONST_6 < Length_0_[8] &&
CONST_5 < Length_0_[8] &&
CONST_4 < Length_0_[8] &&
CONST_3 < Length_0_[8] &&
CONST_2 < Length_0_[8] &&
CONST_1 < Length_0_[8] &&
CONST_0 < Length_0_[8] -> true

string analysis: SPC # = 10
(.substring[(.substring[(.substring[(s_2_SYMSTRING[**UNDEFINED**])(CONST_7)(CONST_0)].concat(.substring[(s_2_SYMSTRING[**UNDEFINED**])(CONST_8)]))(CONST_8)(CONST_0)].concat(.substring[(.substring[(s_2_SYMSTRING[**UNDEFINED**])(CONST_7)(CONST_0)].concat(.substring[(s_2_SYMSTRING[**UNDEFINED**])(CONST_8)]))(CONST_9)]))(CONST_10)(CONST_9)] notequals c_1_SYMSTRING[**UNDEFINED**]) && (.substring[(.substring[(s_2_SYMSTRING[**UNDEFINED**])(CONST_7)(CONST_0)].concat(.substring[(s_2_SYMSTRING[**UNDEFINED**])(CONST_8)]))(CONST_9)(CONST_8)] equals c_1_SYMSTRING[**UNDEFINED**]) && (.substring[(s_2_SYMSTRING[**UNDEFINED**])(CONST_8)(CONST_7)] equals c_1_SYMSTRING[**UNDEFINED**]) && (.substring[(s_2_SYMSTRING[**UNDEFINED**])(CONST_7)(CONST_6)] notequals c_1_SYMSTRING[**UNDEFINED**]) && (.substring[(s_2_SYMSTRING[**UNDEFINED**])(CONST_6)(CONST_5)] notequals c_1_SYMSTRING[**UNDEFINED**]) && (.substring[(s_2_SYMSTRING[**UNDEFINED**])(CONST_5)(CONST_4)] notequals c_1_SYMSTRING[**UNDEFINED**]) && (.substring[(s_2_SYMSTRING[**UNDEFINED**])(CONST_4)(CONST_3)] notequals c_1_SYMSTRING[**UNDEFINED**]) && (.substring[(s_2_SYMSTRING[**UNDEFINED**])(CONST_3)(CONST_2)] notequals c_1_SYMSTRING[**UNDEFINED**]) && (.substring[(s_2_SYMSTRING[**UNDEFINED**])(CONST_2)(CONST_1)] notequals c_1_SYMSTRING[**UNDEFINED**]) && (.substring[(s_2_SYMSTRING[**UNDEFINED**])(CONST_1)(CONST_0)] notequals c_1_SYMSTRING[**UNDEFINED**])
NPC constraint # = 10
CONST_9 < Length_6_[10] &&
CONST_8 < Length_4_[9] &&
CONST_7 < Length_0_[8] &&
CONST_6 < Length_0_[8] &&
CONST_5 < Length_0_[8] &&
CONST_4 < Length_0_[8] &&
CONST_3 < Length_0_[8] &&
CONST_2 < Length_0_[8] &&
CONST_1 < Length_0_[8] &&
CONST_0 < Length_0_[8]
$$$$$$$$$$$$$$$$$$$$$$$$$$$$$$$$
Calling Z3str3

current query... 
(declare-const c_1 String)
(declare-const s_2 String)

(assert (not (= (str.substr (str.++ (str.substr (str.++ (str.substr s_2 0 (- 7 0)) (str.substr s_2 8(- (str.len s_2) 8))) 0 (- 8 0)) (str.substr (str.++ (str.substr s_2 0 (- 7 0)) (str.substr s_2 8(- (str.len s_2) 8))) 9(- (str.len (str.++ (str.substr s_2 0 (- 7 0)) (str.substr s_2 8(- (str.len s_2) 8)))) 9))) 9 (- 10 9)) c_1)))
(assert (= (str.substr (str.++ (str.substr s_2 0 (- 7 0)) (str.substr s_2 8(- (str.len s_2) 8))) 8 (- 9 8)) c_1))
(assert (= (str.substr s_2 7 (- 8 7)) c_1))
(assert (not (= (str.substr s_2 6 (- 7 6)) c_1)))
(assert (not (= (str.substr s_2 5 (- 6 5)) c_1)))
(assert (not (= (str.substr s_2 4 (- 5 4)) c_1)))
(assert (not (= (str.substr s_2 3 (- 4 3)) c_1)))
(assert (not (= (str.substr s_2 2 (- 3 2)) c_1)))
(assert (not (= (str.substr s_2 1 (- 2 1)) c_1)))
(assert (not (= (str.substr s_2 0 (- 1 0)) c_1)))
(assert (< 9 (str.len (str.++ (str.substr (str.++ (str.substr s_2 0 (- 7 0)) (str.substr s_2 8(- (str.len s_2) 8))) 0 (- 8 0)) (str.substr (str.++ (str.substr s_2 0 (- 7 0)) (str.substr s_2 8(- (str.len s_2) 8))) 9(- (str.len (str.++ (str.substr s_2 0 (- 7 0)) (str.substr s_2 8(- (str.len s_2) 8)))) 9))))))
(assert (< 8 (str.len (str.++ (str.substr s_2 0 (- 7 0)) (str.substr s_2 8(- (str.len s_2) 8))))))
(assert (< 7 (str.len s_2)))
(assert (< 6 (str.len s_2)))
(assert (< 5 (str.len s_2)))
(assert (< 4 (str.len s_2)))
(assert (< 3 (str.len s_2)))
(assert (< 2 (str.len s_2)))
(assert (< 1 (str.len s_2)))
(assert (< 0 (str.len s_2)))



======================
(define-fun s_2 () String
  "AHIJKLMFBFCD")
(define-fun c_1 () String
  "F")
Returned solutions: 
(define-fun s_2 () String  "AHIJKLMFBFCD")
(define-fun c_1 () String  "F")
*************************************
Satisfiable: true
c_1 => "F"
s_2 => "AHIJKLMFBFCD"
*************************************

numeric PC: constraint # = 10
CONST_9 < Length_6_[10] &&
CONST_8 < Length_4_[9] &&
CONST_7 < Length_0_[8] &&
CONST_6 < Length_0_[8] &&
CONST_5 < Length_0_[8] &&
CONST_4 < Length_0_[8] &&
CONST_3 < Length_0_[8] &&
CONST_2 < Length_0_[8] &&
CONST_1 < Length_0_[8] &&
CONST_0 < Length_0_[8] -> true

### PCs: total:63 sat:63 unsat:0

string analysis: SPC # = 10
(.substring[(.substring[(.substring[(s_2_SYMSTRING)(CONST_7)(CONST_0)].concat(.substring[(s_2_SYMSTRING)(CONST_8)]))(CONST_8)(CONST_0)].concat(.substring[(.substring[(s_2_SYMSTRING)(CONST_7)(CONST_0)].concat(.substring[(s_2_SYMSTRING)(CONST_8)]))(CONST_9)]))(CONST_10)(CONST_9)] equals c_1_SYMSTRING) && (.substring[(.substring[(s_2_SYMSTRING)(CONST_7)(CONST_0)].concat(.substring[(s_2_SYMSTRING)(CONST_8)]))(CONST_9)(CONST_8)] equals c_1_SYMSTRING) && (.substring[(s_2_SYMSTRING)(CONST_8)(CONST_7)] equals c_1_SYMSTRING) && (.substring[(s_2_SYMSTRING)(CONST_7)(CONST_6)] notequals c_1_SYMSTRING) && (.substring[(s_2_SYMSTRING)(CONST_6)(CONST_5)] notequals c_1_SYMSTRING) && (.substring[(s_2_SYMSTRING)(CONST_5)(CONST_4)] notequals c_1_SYMSTRING) && (.substring[(s_2_SYMSTRING)(CONST_4)(CONST_3)] notequals c_1_SYMSTRING) && (.substring[(s_2_SYMSTRING)(CONST_3)(CONST_2)] notequals c_1_SYMSTRING) && (.substring[(s_2_SYMSTRING)(CONST_2)(CONST_1)] notequals c_1_SYMSTRING) && (.substring[(s_2_SYMSTRING)(CONST_1)(CONST_0)] notequals c_1_SYMSTRING)
NPC constraint # = 10
CONST_9 < Length_6_[10] &&
CONST_8 < Length_4_[9] &&
CONST_7 < Length_0_[8] &&
CONST_6 < Length_0_[8] &&
CONST_5 < Length_0_[8] &&
CONST_4 < Length_0_[8] &&
CONST_3 < Length_0_[8] &&
CONST_2 < Length_0_[8] &&
CONST_1 < Length_0_[8] &&
CONST_0 < Length_0_[8]
$$$$$$$$$$$$$$$$$$$$$$$$$$$$$$$$
Calling Z3str3

current query... 
(declare-const c_1 String)
(declare-const s_2 String)

(assert (= (str.substr (str.++ (str.substr (str.++ (str.substr s_2 0 (- 7 0)) (str.substr s_2 8(- (str.len s_2) 8))) 0 (- 8 0)) (str.substr (str.++ (str.substr s_2 0 (- 7 0)) (str.substr s_2 8(- (str.len s_2) 8))) 9(- (str.len (str.++ (str.substr s_2 0 (- 7 0)) (str.substr s_2 8(- (str.len s_2) 8)))) 9))) 9 (- 10 9)) c_1))
(assert (= (str.substr (str.++ (str.substr s_2 0 (- 7 0)) (str.substr s_2 8(- (str.len s_2) 8))) 8 (- 9 8)) c_1))
(assert (= (str.substr s_2 7 (- 8 7)) c_1))
(assert (not (= (str.substr s_2 6 (- 7 6)) c_1)))
(assert (not (= (str.substr s_2 5 (- 6 5)) c_1)))
(assert (not (= (str.substr s_2 4 (- 5 4)) c_1)))
(assert (not (= (str.substr s_2 3 (- 4 3)) c_1)))
(assert (not (= (str.substr s_2 2 (- 3 2)) c_1)))
(assert (not (= (str.substr s_2 1 (- 2 1)) c_1)))
(assert (not (= (str.substr s_2 0 (- 1 0)) c_1)))
(assert (< 9 (str.len (str.++ (str.substr (str.++ (str.substr s_2 0 (- 7 0)) (str.substr s_2 8(- (str.len s_2) 8))) 0 (- 8 0)) (str.substr (str.++ (str.substr s_2 0 (- 7 0)) (str.substr s_2 8(- (str.len s_2) 8))) 9(- (str.len (str.++ (str.substr s_2 0 (- 7 0)) (str.substr s_2 8(- (str.len s_2) 8)))) 9))))))
(assert (< 8 (str.len (str.++ (str.substr s_2 0 (- 7 0)) (str.substr s_2 8(- (str.len s_2) 8))))))
(assert (< 7 (str.len s_2)))
(assert (< 6 (str.len s_2)))
(assert (< 5 (str.len s_2)))
(assert (< 4 (str.len s_2)))
(assert (< 3 (str.len s_2)))
(assert (< 2 (str.len s_2)))
(assert (< 1 (str.len s_2)))
(assert (< 0 (str.len s_2)))



======================
(define-fun s_2 () String
  "AFGHIJKECEBE")
(define-fun c_1 () String
  "E")
Returned solutions: 
(define-fun s_2 () String  "AFGHIJKECEBE")
(define-fun c_1 () String  "E")
*************************************
Satisfiable: true
c_1 => "E"
s_2 => "AFGHIJKECEBE"
*************************************

New sym int Length_7_ min=0, max=30
numeric PC: constraint # = 11
CONST_10 >= Length_7_ &&
CONST_9 < Length_6_ &&
CONST_8 < Length_4_ &&
CONST_7 < Length_0_ &&
CONST_6 < Length_0_ &&
CONST_5 < Length_0_ &&
CONST_4 < Length_0_ &&
CONST_3 < Length_0_ &&
CONST_2 < Length_0_ &&
CONST_1 < Length_0_ &&
CONST_0 < Length_0_ -> true

### PCs: total:64 sat:64 unsat:0

string analysis: SPC # = 10
(.substring[(.substring[(.substring[(s_2_SYMSTRING)(CONST_7)(CONST_0)].concat(.substring[(s_2_SYMSTRING)(CONST_8)]))(CONST_8)(CONST_0)].concat(.substring[(.substring[(s_2_SYMSTRING)(CONST_7)(CONST_0)].concat(.substring[(s_2_SYMSTRING)(CONST_8)]))(CONST_9)]))(CONST_10)(CONST_9)] equals c_1_SYMSTRING) && (.substring[(.substring[(s_2_SYMSTRING)(CONST_7)(CONST_0)].concat(.substring[(s_2_SYMSTRING)(CONST_8)]))(CONST_9)(CONST_8)] equals c_1_SYMSTRING) && (.substring[(s_2_SYMSTRING)(CONST_8)(CONST_7)] equals c_1_SYMSTRING) && (.substring[(s_2_SYMSTRING)(CONST_7)(CONST_6)] notequals c_1_SYMSTRING) && (.substring[(s_2_SYMSTRING)(CONST_6)(CONST_5)] notequals c_1_SYMSTRING) && (.substring[(s_2_SYMSTRING)(CONST_5)(CONST_4)] notequals c_1_SYMSTRING) && (.substring[(s_2_SYMSTRING)(CONST_4)(CONST_3)] notequals c_1_SYMSTRING) && (.substring[(s_2_SYMSTRING)(CONST_3)(CONST_2)] notequals c_1_SYMSTRING) && (.substring[(s_2_SYMSTRING)(CONST_2)(CONST_1)] notequals c_1_SYMSTRING) && (.substring[(s_2_SYMSTRING)(CONST_1)(CONST_0)] notequals c_1_SYMSTRING)
NPC constraint # = 11
CONST_10 >= Length_7_ &&
CONST_9 < Length_6_ &&
CONST_8 < Length_4_ &&
CONST_7 < Length_0_ &&
CONST_6 < Length_0_ &&
CONST_5 < Length_0_ &&
CONST_4 < Length_0_ &&
CONST_3 < Length_0_ &&
CONST_2 < Length_0_ &&
CONST_1 < Length_0_ &&
CONST_0 < Length_0_
$$$$$$$$$$$$$$$$$$$$$$$$$$$$$$$$
Calling Z3str3

current query... 
(declare-const c_1 String)
(declare-const s_2 String)

(assert (= (str.substr (str.++ (str.substr (str.++ (str.substr s_2 0 (- 7 0)) (str.substr s_2 8(- (str.len s_2) 8))) 0 (- 8 0)) (str.substr (str.++ (str.substr s_2 0 (- 7 0)) (str.substr s_2 8(- (str.len s_2) 8))) 9(- (str.len (str.++ (str.substr s_2 0 (- 7 0)) (str.substr s_2 8(- (str.len s_2) 8)))) 9))) 9 (- 10 9)) c_1))
(assert (= (str.substr (str.++ (str.substr s_2 0 (- 7 0)) (str.substr s_2 8(- (str.len s_2) 8))) 8 (- 9 8)) c_1))
(assert (= (str.substr s_2 7 (- 8 7)) c_1))
(assert (not (= (str.substr s_2 6 (- 7 6)) c_1)))
(assert (not (= (str.substr s_2 5 (- 6 5)) c_1)))
(assert (not (= (str.substr s_2 4 (- 5 4)) c_1)))
(assert (not (= (str.substr s_2 3 (- 4 3)) c_1)))
(assert (not (= (str.substr s_2 2 (- 3 2)) c_1)))
(assert (not (= (str.substr s_2 1 (- 2 1)) c_1)))
(assert (not (= (str.substr s_2 0 (- 1 0)) c_1)))
(assert (>= 10 (str.len (str.++ (str.substr (str.++ (str.substr (str.++ (str.substr s_2 0 (- 7 0)) (str.substr s_2 8(- (str.len s_2) 8))) 0 (- 8 0)) (str.substr (str.++ (str.substr s_2 0 (- 7 0)) (str.substr s_2 8(- (str.len s_2) 8))) 9(- (str.len (str.++ (str.substr s_2 0 (- 7 0)) (str.substr s_2 8(- (str.len s_2) 8)))) 9))) 0 (- 9 0)) (str.substr (str.++ (str.substr (str.++ (str.substr s_2 0 (- 7 0)) (str.substr s_2 8(- (str.len s_2) 8))) 0 (- 8 0)) (str.substr (str.++ (str.substr s_2 0 (- 7 0)) (str.substr s_2 8(- (str.len s_2) 8))) 9(- (str.len (str.++ (str.substr s_2 0 (- 7 0)) (str.substr s_2 8(- (str.len s_2) 8)))) 9))) 10(- (str.len (str.++ (str.substr (str.++ (str.substr s_2 0 (- 7 0)) (str.substr s_2 8(- (str.len s_2) 8))) 0 (- 8 0)) (str.substr (str.++ (str.substr s_2 0 (- 7 0)) (str.substr s_2 8(- (str.len s_2) 8))) 9(- (str.len (str.++ (str.substr s_2 0 (- 7 0)) (str.substr s_2 8(- (str.len s_2) 8)))) 9)))) 10))))))
(assert (< 9 (str.len (str.++ (str.substr (str.++ (str.substr s_2 0 (- 7 0)) (str.substr s_2 8(- (str.len s_2) 8))) 0 (- 8 0)) (str.substr (str.++ (str.substr s_2 0 (- 7 0)) (str.substr s_2 8(- (str.len s_2) 8))) 9(- (str.len (str.++ (str.substr s_2 0 (- 7 0)) (str.substr s_2 8(- (str.len s_2) 8)))) 9))))))
(assert (< 8 (str.len (str.++ (str.substr s_2 0 (- 7 0)) (str.substr s_2 8(- (str.len s_2) 8))))))
(assert (< 7 (str.len s_2)))
(assert (< 6 (str.len s_2)))
(assert (< 5 (str.len s_2)))
(assert (< 4 (str.len s_2)))
(assert (< 3 (str.len s_2)))
(assert (< 2 (str.len s_2)))
(assert (< 1 (str.len s_2)))
(assert (< 0 (str.len s_2)))



======================
(define-fun s_2 () String
  "CDEFGHIAJABAK")
(define-fun c_1 () String
  "A")
Returned solutions: 
(define-fun s_2 () String  "CDEFGHIAJABAK")
(define-fun c_1 () String  "A")
*************************************
Satisfiable: true
c_1 => "A"
s_2 => "CDEFGHIAJABAK"
*************************************

numeric PC: constraint # = 11
CONST_10 < Length_7_ &&
CONST_9 < Length_6_ &&
CONST_8 < Length_4_ &&
CONST_7 < Length_0_ &&
CONST_6 < Length_0_ &&
CONST_5 < Length_0_ &&
CONST_4 < Length_0_ &&
CONST_3 < Length_0_ &&
CONST_2 < Length_0_ &&
CONST_1 < Length_0_ &&
CONST_0 < Length_0_ -> true

### PCs: total:65 sat:65 unsat:0

string analysis: SPC # = 10
(.substring[(.substring[(.substring[(s_2_SYMSTRING)(CONST_7)(CONST_0)].concat(.substring[(s_2_SYMSTRING)(CONST_8)]))(CONST_8)(CONST_0)].concat(.substring[(.substring[(s_2_SYMSTRING)(CONST_7)(CONST_0)].concat(.substring[(s_2_SYMSTRING)(CONST_8)]))(CONST_9)]))(CONST_10)(CONST_9)] equals c_1_SYMSTRING) && (.substring[(.substring[(s_2_SYMSTRING)(CONST_7)(CONST_0)].concat(.substring[(s_2_SYMSTRING)(CONST_8)]))(CONST_9)(CONST_8)] equals c_1_SYMSTRING) && (.substring[(s_2_SYMSTRING)(CONST_8)(CONST_7)] equals c_1_SYMSTRING) && (.substring[(s_2_SYMSTRING)(CONST_7)(CONST_6)] notequals c_1_SYMSTRING) && (.substring[(s_2_SYMSTRING)(CONST_6)(CONST_5)] notequals c_1_SYMSTRING) && (.substring[(s_2_SYMSTRING)(CONST_5)(CONST_4)] notequals c_1_SYMSTRING) && (.substring[(s_2_SYMSTRING)(CONST_4)(CONST_3)] notequals c_1_SYMSTRING) && (.substring[(s_2_SYMSTRING)(CONST_3)(CONST_2)] notequals c_1_SYMSTRING) && (.substring[(s_2_SYMSTRING)(CONST_2)(CONST_1)] notequals c_1_SYMSTRING) && (.substring[(s_2_SYMSTRING)(CONST_1)(CONST_0)] notequals c_1_SYMSTRING)
NPC constraint # = 11
CONST_10 < Length_7_ &&
CONST_9 < Length_6_ &&
CONST_8 < Length_4_ &&
CONST_7 < Length_0_ &&
CONST_6 < Length_0_ &&
CONST_5 < Length_0_ &&
CONST_4 < Length_0_ &&
CONST_3 < Length_0_ &&
CONST_2 < Length_0_ &&
CONST_1 < Length_0_ &&
CONST_0 < Length_0_
$$$$$$$$$$$$$$$$$$$$$$$$$$$$$$$$
Calling Z3str3

current query... 
(declare-const c_1 String)
(declare-const s_2 String)

(assert (= (str.substr (str.++ (str.substr (str.++ (str.substr s_2 0 (- 7 0)) (str.substr s_2 8(- (str.len s_2) 8))) 0 (- 8 0)) (str.substr (str.++ (str.substr s_2 0 (- 7 0)) (str.substr s_2 8(- (str.len s_2) 8))) 9(- (str.len (str.++ (str.substr s_2 0 (- 7 0)) (str.substr s_2 8(- (str.len s_2) 8)))) 9))) 9 (- 10 9)) c_1))
(assert (= (str.substr (str.++ (str.substr s_2 0 (- 7 0)) (str.substr s_2 8(- (str.len s_2) 8))) 8 (- 9 8)) c_1))
(assert (= (str.substr s_2 7 (- 8 7)) c_1))
(assert (not (= (str.substr s_2 6 (- 7 6)) c_1)))
(assert (not (= (str.substr s_2 5 (- 6 5)) c_1)))
(assert (not (= (str.substr s_2 4 (- 5 4)) c_1)))
(assert (not (= (str.substr s_2 3 (- 4 3)) c_1)))
(assert (not (= (str.substr s_2 2 (- 3 2)) c_1)))
(assert (not (= (str.substr s_2 1 (- 2 1)) c_1)))
(assert (not (= (str.substr s_2 0 (- 1 0)) c_1)))
(assert (< 10 (str.len (str.++ (str.substr (str.++ (str.substr (str.++ (str.substr s_2 0 (- 7 0)) (str.substr s_2 8(- (str.len s_2) 8))) 0 (- 8 0)) (str.substr (str.++ (str.substr s_2 0 (- 7 0)) (str.substr s_2 8(- (str.len s_2) 8))) 9(- (str.len (str.++ (str.substr s_2 0 (- 7 0)) (str.substr s_2 8(- (str.len s_2) 8)))) 9))) 0 (- 9 0)) (str.substr (str.++ (str.substr (str.++ (str.substr s_2 0 (- 7 0)) (str.substr s_2 8(- (str.len s_2) 8))) 0 (- 8 0)) (str.substr (str.++ (str.substr s_2 0 (- 7 0)) (str.substr s_2 8(- (str.len s_2) 8))) 9(- (str.len (str.++ (str.substr s_2 0 (- 7 0)) (str.substr s_2 8(- (str.len s_2) 8)))) 9))) 10(- (str.len (str.++ (str.substr (str.++ (str.substr s_2 0 (- 7 0)) (str.substr s_2 8(- (str.len s_2) 8))) 0 (- 8 0)) (str.substr (str.++ (str.substr s_2 0 (- 7 0)) (str.substr s_2 8(- (str.len s_2) 8))) 9(- (str.len (str.++ (str.substr s_2 0 (- 7 0)) (str.substr s_2 8(- (str.len s_2) 8)))) 9)))) 10))))))
(assert (< 9 (str.len (str.++ (str.substr (str.++ (str.substr s_2 0 (- 7 0)) (str.substr s_2 8(- (str.len s_2) 8))) 0 (- 8 0)) (str.substr (str.++ (str.substr s_2 0 (- 7 0)) (str.substr s_2 8(- (str.len s_2) 8))) 9(- (str.len (str.++ (str.substr s_2 0 (- 7 0)) (str.substr s_2 8(- (str.len s_2) 8)))) 9))))))
(assert (< 8 (str.len (str.++ (str.substr s_2 0 (- 7 0)) (str.substr s_2 8(- (str.len s_2) 8))))))
(assert (< 7 (str.len s_2)))
(assert (< 6 (str.len s_2)))
(assert (< 5 (str.len s_2)))
(assert (< 4 (str.len s_2)))
(assert (< 3 (str.len s_2)))
(assert (< 2 (str.len s_2)))
(assert (< 1 (str.len s_2)))
(assert (< 0 (str.len s_2)))



======================
(define-fun s_2 () String
  "AHIJKLMDBDCDEFG")
(define-fun c_1 () String
  "D")
Returned solutions: 
(define-fun s_2 () String  "AHIJKLMDBDCDEFG")
(define-fun c_1 () String  "D")
*************************************
Satisfiable: true
c_1 => "D"
s_2 => "AHIJKLMDBDCDEFG"
*************************************


====================================================== search constraint
depth limit reached: 23

====================================================== snapshot 
thread java.lang.Thread:{id:0,name:main,status:RUNNING,priority:5,isDaemon:false,lockCount:0,suspendCount:0}
  call stack:
	at strings.StringSearch.search_2(StringSearch.java:29)
	at strings.StringSearch.main(StringSearch.java:8)

numeric PC: constraint # = 11
CONST_10 < Length_7_ &&
CONST_9 < Length_6_ &&
CONST_8 < Length_4_ &&
CONST_7 < Length_0_ &&
CONST_6 < Length_0_ &&
CONST_5 < Length_0_ &&
CONST_4 < Length_0_ &&
CONST_3 < Length_0_ &&
CONST_2 < Length_0_ &&
CONST_1 < Length_0_ &&
CONST_0 < Length_0_ -> true

string analysis: SPC # = 10
(.substring[(.substring[(.substring[(s_2_SYMSTRING)(CONST_7)(CONST_0)].concat(.substring[(s_2_SYMSTRING)(CONST_8)]))(CONST_8)(CONST_0)].concat(.substring[(.substring[(s_2_SYMSTRING)(CONST_7)(CONST_0)].concat(.substring[(s_2_SYMSTRING)(CONST_8)]))(CONST_9)]))(CONST_10)(CONST_9)] equals c_1_SYMSTRING) && (.substring[(.substring[(s_2_SYMSTRING)(CONST_7)(CONST_0)].concat(.substring[(s_2_SYMSTRING)(CONST_8)]))(CONST_9)(CONST_8)] equals c_1_SYMSTRING) && (.substring[(s_2_SYMSTRING)(CONST_8)(CONST_7)] equals c_1_SYMSTRING) && (.substring[(s_2_SYMSTRING)(CONST_7)(CONST_6)] notequals c_1_SYMSTRING) && (.substring[(s_2_SYMSTRING)(CONST_6)(CONST_5)] notequals c_1_SYMSTRING) && (.substring[(s_2_SYMSTRING)(CONST_5)(CONST_4)] notequals c_1_SYMSTRING) && (.substring[(s_2_SYMSTRING)(CONST_4)(CONST_3)] notequals c_1_SYMSTRING) && (.substring[(s_2_SYMSTRING)(CONST_3)(CONST_2)] notequals c_1_SYMSTRING) && (.substring[(s_2_SYMSTRING)(CONST_2)(CONST_1)] notequals c_1_SYMSTRING) && (.substring[(s_2_SYMSTRING)(CONST_1)(CONST_0)] notequals c_1_SYMSTRING)
NPC constraint # = 11
CONST_10 < Length_7_[11] &&
CONST_9 < Length_6_[10] &&
CONST_8 < Length_4_[9] &&
CONST_7 < Length_0_[8] &&
CONST_6 < Length_0_[8] &&
CONST_5 < Length_0_[8] &&
CONST_4 < Length_0_[8] &&
CONST_3 < Length_0_[8] &&
CONST_2 < Length_0_[8] &&
CONST_1 < Length_0_[8] &&
CONST_0 < Length_0_[8]
$$$$$$$$$$$$$$$$$$$$$$$$$$$$$$$$
Calling Z3str3

current query... 
(declare-const c_1 String)
(declare-const s_2 String)

(assert (= (str.substr (str.++ (str.substr (str.++ (str.substr s_2 0 (- 7 0)) (str.substr s_2 8(- (str.len s_2) 8))) 0 (- 8 0)) (str.substr (str.++ (str.substr s_2 0 (- 7 0)) (str.substr s_2 8(- (str.len s_2) 8))) 9(- (str.len (str.++ (str.substr s_2 0 (- 7 0)) (str.substr s_2 8(- (str.len s_2) 8)))) 9))) 9 (- 10 9)) c_1))
(assert (= (str.substr (str.++ (str.substr s_2 0 (- 7 0)) (str.substr s_2 8(- (str.len s_2) 8))) 8 (- 9 8)) c_1))
(assert (= (str.substr s_2 7 (- 8 7)) c_1))
(assert (not (= (str.substr s_2 6 (- 7 6)) c_1)))
(assert (not (= (str.substr s_2 5 (- 6 5)) c_1)))
(assert (not (= (str.substr s_2 4 (- 5 4)) c_1)))
(assert (not (= (str.substr s_2 3 (- 4 3)) c_1)))
(assert (not (= (str.substr s_2 2 (- 3 2)) c_1)))
(assert (not (= (str.substr s_2 1 (- 2 1)) c_1)))
(assert (not (= (str.substr s_2 0 (- 1 0)) c_1)))
(assert (< 10 (str.len (str.++ (str.substr (str.++ (str.substr (str.++ (str.substr s_2 0 (- 7 0)) (str.substr s_2 8(- (str.len s_2) 8))) 0 (- 8 0)) (str.substr (str.++ (str.substr s_2 0 (- 7 0)) (str.substr s_2 8(- (str.len s_2) 8))) 9(- (str.len (str.++ (str.substr s_2 0 (- 7 0)) (str.substr s_2 8(- (str.len s_2) 8)))) 9))) 0 (- 9 0)) (str.substr (str.++ (str.substr (str.++ (str.substr s_2 0 (- 7 0)) (str.substr s_2 8(- (str.len s_2) 8))) 0 (- 8 0)) (str.substr (str.++ (str.substr s_2 0 (- 7 0)) (str.substr s_2 8(- (str.len s_2) 8))) 9(- (str.len (str.++ (str.substr s_2 0 (- 7 0)) (str.substr s_2 8(- (str.len s_2) 8)))) 9))) 10(- (str.len (str.++ (str.substr (str.++ (str.substr s_2 0 (- 7 0)) (str.substr s_2 8(- (str.len s_2) 8))) 0 (- 8 0)) (str.substr (str.++ (str.substr s_2 0 (- 7 0)) (str.substr s_2 8(- (str.len s_2) 8))) 9(- (str.len (str.++ (str.substr s_2 0 (- 7 0)) (str.substr s_2 8(- (str.len s_2) 8)))) 9)))) 10))))))
(assert (< 9 (str.len (str.++ (str.substr (str.++ (str.substr s_2 0 (- 7 0)) (str.substr s_2 8(- (str.len s_2) 8))) 0 (- 8 0)) (str.substr (str.++ (str.substr s_2 0 (- 7 0)) (str.substr s_2 8(- (str.len s_2) 8))) 9(- (str.len (str.++ (str.substr s_2 0 (- 7 0)) (str.substr s_2 8(- (str.len s_2) 8)))) 9))))))
(assert (< 8 (str.len (str.++ (str.substr s_2 0 (- 7 0)) (str.substr s_2 8(- (str.len s_2) 8))))))
(assert (< 7 (str.len s_2)))
(assert (< 6 (str.len s_2)))
(assert (< 5 (str.len s_2)))
(assert (< 4 (str.len s_2)))
(assert (< 3 (str.len s_2)))
(assert (< 2 (str.len s_2)))
(assert (< 1 (str.len s_2)))
(assert (< 0 (str.len s_2)))



======================
(define-fun s_2 () String
  "AHIJKLMDBDCDEFG")
(define-fun c_1 () String
  "D")
Returned solutions: 
(define-fun s_2 () String  "AHIJKLMDBDCDEFG")
(define-fun c_1 () String  "D")
*************************************
Satisfiable: true
c_1 => "D"
s_2 => "AHIJKLMDBDCDEFG"
*************************************

Symbolic Exp [ .substring[(.substring[(.substring[(s_2_SYMSTRING[**UNDEFINED**])(CONST_7)(CONST_0)].concat(.substring[(s_2_SYMSTRING[**UNDEFINED**])(CONST_8)]))(CONST_8)(CONST_0)].concat(.substring[(.substring[(s_2_SYMSTRING[**UNDEFINED**])(CONST_7)(CONST_0)].concat(.substring[(s_2_SYMSTRING[**UNDEFINED**])(CONST_8)]))(CONST_9)]))(CONST_9)(CONST_0)].concat(.substring[(.substring[(.substring[(s_2_SYMSTRING[**UNDEFINED**])(CONST_7)(CONST_0)].concat(.substring[(s_2_SYMSTRING[**UNDEFINED**])(CONST_8)]))(CONST_8)(CONST_0)].concat(.substring[(.substring[(s_2_SYMSTRING[**UNDEFINED**])(CONST_7)(CONST_0)].concat(.substring[(s_2_SYMSTRING[**UNDEFINED**])(CONST_8)]))(CONST_9)]))(CONST_10)])]
test This is a tttest haystack string for testing.
0
114514
0

====================================================== search constraint
depth limit reached: 23

====================================================== snapshot 
no live threads
numeric PC: constraint # = 11
CONST_10 >= Length_7_ &&
CONST_9 < Length_6_ &&
CONST_8 < Length_4_ &&
CONST_7 < Length_0_ &&
CONST_6 < Length_0_ &&
CONST_5 < Length_0_ &&
CONST_4 < Length_0_ &&
CONST_3 < Length_0_ &&
CONST_2 < Length_0_ &&
CONST_1 < Length_0_ &&
CONST_0 < Length_0_ -> true

string analysis: SPC # = 10
(.substring[(.substring[(.substring[(s_2_SYMSTRING[**UNDEFINED**])(CONST_7)(CONST_0)].concat(.substring[(s_2_SYMSTRING[**UNDEFINED**])(CONST_8)]))(CONST_8)(CONST_0)].concat(.substring[(.substring[(s_2_SYMSTRING[**UNDEFINED**])(CONST_7)(CONST_0)].concat(.substring[(s_2_SYMSTRING[**UNDEFINED**])(CONST_8)]))(CONST_9)]))(CONST_10)(CONST_9)] equals c_1_SYMSTRING[**UNDEFINED**]) && (.substring[(.substring[(s_2_SYMSTRING[**UNDEFINED**])(CONST_7)(CONST_0)].concat(.substring[(s_2_SYMSTRING[**UNDEFINED**])(CONST_8)]))(CONST_9)(CONST_8)] equals c_1_SYMSTRING[**UNDEFINED**]) && (.substring[(s_2_SYMSTRING[**UNDEFINED**])(CONST_8)(CONST_7)] equals c_1_SYMSTRING[**UNDEFINED**]) && (.substring[(s_2_SYMSTRING[**UNDEFINED**])(CONST_7)(CONST_6)] notequals c_1_SYMSTRING[**UNDEFINED**]) && (.substring[(s_2_SYMSTRING[**UNDEFINED**])(CONST_6)(CONST_5)] notequals c_1_SYMSTRING[**UNDEFINED**]) && (.substring[(s_2_SYMSTRING[**UNDEFINED**])(CONST_5)(CONST_4)] notequals c_1_SYMSTRING[**UNDEFINED**]) && (.substring[(s_2_SYMSTRING[**UNDEFINED**])(CONST_4)(CONST_3)] notequals c_1_SYMSTRING[**UNDEFINED**]) && (.substring[(s_2_SYMSTRING[**UNDEFINED**])(CONST_3)(CONST_2)] notequals c_1_SYMSTRING[**UNDEFINED**]) && (.substring[(s_2_SYMSTRING[**UNDEFINED**])(CONST_2)(CONST_1)] notequals c_1_SYMSTRING[**UNDEFINED**]) && (.substring[(s_2_SYMSTRING[**UNDEFINED**])(CONST_1)(CONST_0)] notequals c_1_SYMSTRING[**UNDEFINED**])
NPC constraint # = 11
CONST_10 >= Length_7_[0] &&
CONST_9 < Length_6_[10] &&
CONST_8 < Length_4_[9] &&
CONST_7 < Length_0_[8] &&
CONST_6 < Length_0_[8] &&
CONST_5 < Length_0_[8] &&
CONST_4 < Length_0_[8] &&
CONST_3 < Length_0_[8] &&
CONST_2 < Length_0_[8] &&
CONST_1 < Length_0_[8] &&
CONST_0 < Length_0_[8]
$$$$$$$$$$$$$$$$$$$$$$$$$$$$$$$$
Calling Z3str3

current query... 
(declare-const c_1 String)
(declare-const s_2 String)

(assert (= (str.substr (str.++ (str.substr (str.++ (str.substr s_2 0 (- 7 0)) (str.substr s_2 8(- (str.len s_2) 8))) 0 (- 8 0)) (str.substr (str.++ (str.substr s_2 0 (- 7 0)) (str.substr s_2 8(- (str.len s_2) 8))) 9(- (str.len (str.++ (str.substr s_2 0 (- 7 0)) (str.substr s_2 8(- (str.len s_2) 8)))) 9))) 9 (- 10 9)) c_1))
(assert (= (str.substr (str.++ (str.substr s_2 0 (- 7 0)) (str.substr s_2 8(- (str.len s_2) 8))) 8 (- 9 8)) c_1))
(assert (= (str.substr s_2 7 (- 8 7)) c_1))
(assert (not (= (str.substr s_2 6 (- 7 6)) c_1)))
(assert (not (= (str.substr s_2 5 (- 6 5)) c_1)))
(assert (not (= (str.substr s_2 4 (- 5 4)) c_1)))
(assert (not (= (str.substr s_2 3 (- 4 3)) c_1)))
(assert (not (= (str.substr s_2 2 (- 3 2)) c_1)))
(assert (not (= (str.substr s_2 1 (- 2 1)) c_1)))
(assert (not (= (str.substr s_2 0 (- 1 0)) c_1)))
(assert (>= 10 (str.len (str.++ (str.substr (str.++ (str.substr (str.++ (str.substr s_2 0 (- 7 0)) (str.substr s_2 8(- (str.len s_2) 8))) 0 (- 8 0)) (str.substr (str.++ (str.substr s_2 0 (- 7 0)) (str.substr s_2 8(- (str.len s_2) 8))) 9(- (str.len (str.++ (str.substr s_2 0 (- 7 0)) (str.substr s_2 8(- (str.len s_2) 8)))) 9))) 0 (- 9 0)) (str.substr (str.++ (str.substr (str.++ (str.substr s_2 0 (- 7 0)) (str.substr s_2 8(- (str.len s_2) 8))) 0 (- 8 0)) (str.substr (str.++ (str.substr s_2 0 (- 7 0)) (str.substr s_2 8(- (str.len s_2) 8))) 9(- (str.len (str.++ (str.substr s_2 0 (- 7 0)) (str.substr s_2 8(- (str.len s_2) 8)))) 9))) 10(- (str.len (str.++ (str.substr (str.++ (str.substr s_2 0 (- 7 0)) (str.substr s_2 8(- (str.len s_2) 8))) 0 (- 8 0)) (str.substr (str.++ (str.substr s_2 0 (- 7 0)) (str.substr s_2 8(- (str.len s_2) 8))) 9(- (str.len (str.++ (str.substr s_2 0 (- 7 0)) (str.substr s_2 8(- (str.len s_2) 8)))) 9)))) 10))))))
(assert (< 9 (str.len (str.++ (str.substr (str.++ (str.substr s_2 0 (- 7 0)) (str.substr s_2 8(- (str.len s_2) 8))) 0 (- 8 0)) (str.substr (str.++ (str.substr s_2 0 (- 7 0)) (str.substr s_2 8(- (str.len s_2) 8))) 9(- (str.len (str.++ (str.substr s_2 0 (- 7 0)) (str.substr s_2 8(- (str.len s_2) 8)))) 9))))))
(assert (< 8 (str.len (str.++ (str.substr s_2 0 (- 7 0)) (str.substr s_2 8(- (str.len s_2) 8))))))
(assert (< 7 (str.len s_2)))
(assert (< 6 (str.len s_2)))
(assert (< 5 (str.len s_2)))
(assert (< 4 (str.len s_2)))
(assert (< 3 (str.len s_2)))
(assert (< 2 (str.len s_2)))
(assert (< 1 (str.len s_2)))
(assert (< 0 (str.len s_2)))



======================
(define-fun s_2 () String
  "CDEFGHIAJABAK")
(define-fun c_1 () String
  "A")
Returned solutions: 
(define-fun s_2 () String  "CDEFGHIAJABAK")
(define-fun c_1 () String  "A")
*************************************
Satisfiable: true
c_1 => "A"
s_2 => "CDEFGHIAJABAK"
*************************************

numeric PC: constraint # = 10
CONST_9 < Length_6_[10] &&
CONST_8 < Length_4_[9] &&
CONST_7 < Length_0_[8] &&
CONST_6 < Length_0_[8] &&
CONST_5 < Length_0_[8] &&
CONST_4 < Length_0_[8] &&
CONST_3 < Length_0_[8] &&
CONST_2 < Length_0_[8] &&
CONST_1 < Length_0_[8] &&
CONST_0 < Length_0_[8] -> true

string analysis: SPC # = 10
(.substring[(.substring[(.substring[(s_2_SYMSTRING[**UNDEFINED**])(CONST_7)(CONST_0)].concat(.substring[(s_2_SYMSTRING[**UNDEFINED**])(CONST_8)]))(CONST_8)(CONST_0)].concat(.substring[(.substring[(s_2_SYMSTRING[**UNDEFINED**])(CONST_7)(CONST_0)].concat(.substring[(s_2_SYMSTRING[**UNDEFINED**])(CONST_8)]))(CONST_9)]))(CONST_10)(CONST_9)] equals c_1_SYMSTRING[**UNDEFINED**]) && (.substring[(.substring[(s_2_SYMSTRING[**UNDEFINED**])(CONST_7)(CONST_0)].concat(.substring[(s_2_SYMSTRING[**UNDEFINED**])(CONST_8)]))(CONST_9)(CONST_8)] equals c_1_SYMSTRING[**UNDEFINED**]) && (.substring[(s_2_SYMSTRING[**UNDEFINED**])(CONST_8)(CONST_7)] equals c_1_SYMSTRING[**UNDEFINED**]) && (.substring[(s_2_SYMSTRING[**UNDEFINED**])(CONST_7)(CONST_6)] notequals c_1_SYMSTRING[**UNDEFINED**]) && (.substring[(s_2_SYMSTRING[**UNDEFINED**])(CONST_6)(CONST_5)] notequals c_1_SYMSTRING[**UNDEFINED**]) && (.substring[(s_2_SYMSTRING[**UNDEFINED**])(CONST_5)(CONST_4)] notequals c_1_SYMSTRING[**UNDEFINED**]) && (.substring[(s_2_SYMSTRING[**UNDEFINED**])(CONST_4)(CONST_3)] notequals c_1_SYMSTRING[**UNDEFINED**]) && (.substring[(s_2_SYMSTRING[**UNDEFINED**])(CONST_3)(CONST_2)] notequals c_1_SYMSTRING[**UNDEFINED**]) && (.substring[(s_2_SYMSTRING[**UNDEFINED**])(CONST_2)(CONST_1)] notequals c_1_SYMSTRING[**UNDEFINED**]) && (.substring[(s_2_SYMSTRING[**UNDEFINED**])(CONST_1)(CONST_0)] notequals c_1_SYMSTRING[**UNDEFINED**])
NPC constraint # = 10
CONST_9 < Length_6_[10] &&
CONST_8 < Length_4_[9] &&
CONST_7 < Length_0_[8] &&
CONST_6 < Length_0_[8] &&
CONST_5 < Length_0_[8] &&
CONST_4 < Length_0_[8] &&
CONST_3 < Length_0_[8] &&
CONST_2 < Length_0_[8] &&
CONST_1 < Length_0_[8] &&
CONST_0 < Length_0_[8]
$$$$$$$$$$$$$$$$$$$$$$$$$$$$$$$$
Calling Z3str3

current query... 
(declare-const c_1 String)
(declare-const s_2 String)

(assert (= (str.substr (str.++ (str.substr (str.++ (str.substr s_2 0 (- 7 0)) (str.substr s_2 8(- (str.len s_2) 8))) 0 (- 8 0)) (str.substr (str.++ (str.substr s_2 0 (- 7 0)) (str.substr s_2 8(- (str.len s_2) 8))) 9(- (str.len (str.++ (str.substr s_2 0 (- 7 0)) (str.substr s_2 8(- (str.len s_2) 8)))) 9))) 9 (- 10 9)) c_1))
(assert (= (str.substr (str.++ (str.substr s_2 0 (- 7 0)) (str.substr s_2 8(- (str.len s_2) 8))) 8 (- 9 8)) c_1))
(assert (= (str.substr s_2 7 (- 8 7)) c_1))
(assert (not (= (str.substr s_2 6 (- 7 6)) c_1)))
(assert (not (= (str.substr s_2 5 (- 6 5)) c_1)))
(assert (not (= (str.substr s_2 4 (- 5 4)) c_1)))
(assert (not (= (str.substr s_2 3 (- 4 3)) c_1)))
(assert (not (= (str.substr s_2 2 (- 3 2)) c_1)))
(assert (not (= (str.substr s_2 1 (- 2 1)) c_1)))
(assert (not (= (str.substr s_2 0 (- 1 0)) c_1)))
(assert (< 9 (str.len (str.++ (str.substr (str.++ (str.substr s_2 0 (- 7 0)) (str.substr s_2 8(- (str.len s_2) 8))) 0 (- 8 0)) (str.substr (str.++ (str.substr s_2 0 (- 7 0)) (str.substr s_2 8(- (str.len s_2) 8))) 9(- (str.len (str.++ (str.substr s_2 0 (- 7 0)) (str.substr s_2 8(- (str.len s_2) 8)))) 9))))))
(assert (< 8 (str.len (str.++ (str.substr s_2 0 (- 7 0)) (str.substr s_2 8(- (str.len s_2) 8))))))
(assert (< 7 (str.len s_2)))
(assert (< 6 (str.len s_2)))
(assert (< 5 (str.len s_2)))
(assert (< 4 (str.len s_2)))
(assert (< 3 (str.len s_2)))
(assert (< 2 (str.len s_2)))
(assert (< 1 (str.len s_2)))
(assert (< 0 (str.len s_2)))



======================
(define-fun s_2 () String
  "AFGHIJKECEBE")
(define-fun c_1 () String
  "E")
Returned solutions: 
(define-fun s_2 () String  "AFGHIJKECEBE")
(define-fun c_1 () String  "E")
*************************************
Satisfiable: true
c_1 => "E"
s_2 => "AFGHIJKECEBE"
*************************************

numeric PC: constraint # = 10
CONST_9 < Length_6_[10] &&
CONST_8 < Length_4_[9] &&
CONST_7 < Length_0_[8] &&
CONST_6 < Length_0_[8] &&
CONST_5 < Length_0_[8] &&
CONST_4 < Length_0_[8] &&
CONST_3 < Length_0_[8] &&
CONST_2 < Length_0_[8] &&
CONST_1 < Length_0_[8] &&
CONST_0 < Length_0_[8] -> true

string analysis: SPC # = 9
(.substring[(.substring[(s_2_SYMSTRING[**UNDEFINED**])(CONST_7)(CONST_0)].concat(.substring[(s_2_SYMSTRING[**UNDEFINED**])(CONST_8)]))(CONST_9)(CONST_8)] equals c_1_SYMSTRING[**UNDEFINED**]) && (.substring[(s_2_SYMSTRING[**UNDEFINED**])(CONST_8)(CONST_7)] equals c_1_SYMSTRING[**UNDEFINED**]) && (.substring[(s_2_SYMSTRING[**UNDEFINED**])(CONST_7)(CONST_6)] notequals c_1_SYMSTRING[**UNDEFINED**]) && (.substring[(s_2_SYMSTRING[**UNDEFINED**])(CONST_6)(CONST_5)] notequals c_1_SYMSTRING[**UNDEFINED**]) && (.substring[(s_2_SYMSTRING[**UNDEFINED**])(CONST_5)(CONST_4)] notequals c_1_SYMSTRING[**UNDEFINED**]) && (.substring[(s_2_SYMSTRING[**UNDEFINED**])(CONST_4)(CONST_3)] notequals c_1_SYMSTRING[**UNDEFINED**]) && (.substring[(s_2_SYMSTRING[**UNDEFINED**])(CONST_3)(CONST_2)] notequals c_1_SYMSTRING[**UNDEFINED**]) && (.substring[(s_2_SYMSTRING[**UNDEFINED**])(CONST_2)(CONST_1)] notequals c_1_SYMSTRING[**UNDEFINED**]) && (.substring[(s_2_SYMSTRING[**UNDEFINED**])(CONST_1)(CONST_0)] notequals c_1_SYMSTRING[**UNDEFINED**])
NPC constraint # = 10
CONST_9 < Length_6_[10] &&
CONST_8 < Length_4_[9] &&
CONST_7 < Length_0_[8] &&
CONST_6 < Length_0_[8] &&
CONST_5 < Length_0_[8] &&
CONST_4 < Length_0_[8] &&
CONST_3 < Length_0_[8] &&
CONST_2 < Length_0_[8] &&
CONST_1 < Length_0_[8] &&
CONST_0 < Length_0_[8]
$$$$$$$$$$$$$$$$$$$$$$$$$$$$$$$$
Calling Z3str3

current query... 
(declare-const c_1 String)
(declare-const s_2 String)

(assert (= (str.substr (str.++ (str.substr s_2 0 (- 7 0)) (str.substr s_2 8(- (str.len s_2) 8))) 8 (- 9 8)) c_1))
(assert (= (str.substr s_2 7 (- 8 7)) c_1))
(assert (not (= (str.substr s_2 6 (- 7 6)) c_1)))
(assert (not (= (str.substr s_2 5 (- 6 5)) c_1)))
(assert (not (= (str.substr s_2 4 (- 5 4)) c_1)))
(assert (not (= (str.substr s_2 3 (- 4 3)) c_1)))
(assert (not (= (str.substr s_2 2 (- 3 2)) c_1)))
(assert (not (= (str.substr s_2 1 (- 2 1)) c_1)))
(assert (not (= (str.substr s_2 0 (- 1 0)) c_1)))
(assert (< 9 (str.len (str.++ (str.substr (str.++ (str.substr s_2 0 (- 7 0)) (str.substr s_2 8(- (str.len s_2) 8))) 0 (- 8 0)) (str.substr (str.++ (str.substr s_2 0 (- 7 0)) (str.substr s_2 8(- (str.len s_2) 8))) 9(- (str.len (str.++ (str.substr s_2 0 (- 7 0)) (str.substr s_2 8(- (str.len s_2) 8)))) 9))))))
(assert (< 8 (str.len (str.++ (str.substr s_2 0 (- 7 0)) (str.substr s_2 8(- (str.len s_2) 8))))))
(assert (< 7 (str.len s_2)))
(assert (< 6 (str.len s_2)))
(assert (< 5 (str.len s_2)))
(assert (< 4 (str.len s_2)))
(assert (< 3 (str.len s_2)))
(assert (< 2 (str.len s_2)))
(assert (< 1 (str.len s_2)))
(assert (< 0 (str.len s_2)))



======================
(define-fun s_2 () String
  "BFGHIJKCACDELMN")
(define-fun c_1 () String
  "C")
Returned solutions: 
(define-fun s_2 () String  "BFGHIJKCACDELMN")
(define-fun c_1 () String  "C")
*************************************
Satisfiable: true
c_1 => "C"
s_2 => "BFGHIJKCACDELMN"
*************************************

Symbolic Exp [ .substring[(.substring[(s_2_SYMSTRING[**UNDEFINED**])(CONST_7)(CONST_0)].concat(.substring[(s_2_SYMSTRING[**UNDEFINED**])(CONST_8)]))(CONST_8)(CONST_0)].concat(.substring[(.substring[(s_2_SYMSTRING[**UNDEFINED**])(CONST_7)(CONST_0)].concat(.substring[(s_2_SYMSTRING[**UNDEFINED**])(CONST_8)]))(CONST_9)])]
test This is a tttest haystack string for testing.
0
114514
0
numeric PC: constraint # = 10
CONST_9 >= Length_6_ &&
CONST_8 < Length_4_ &&
CONST_7 < Length_0_ &&
CONST_6 < Length_0_ &&
CONST_5 < Length_0_ &&
CONST_4 < Length_0_ &&
CONST_3 < Length_0_ &&
CONST_2 < Length_0_ &&
CONST_1 < Length_0_ &&
CONST_0 < Length_0_ -> true

string analysis: SPC # = 9
(.substring[(.substring[(s_2_SYMSTRING[**UNDEFINED**])(CONST_7)(CONST_0)].concat(.substring[(s_2_SYMSTRING[**UNDEFINED**])(CONST_8)]))(CONST_9)(CONST_8)] equals c_1_SYMSTRING[**UNDEFINED**]) && (.substring[(s_2_SYMSTRING[**UNDEFINED**])(CONST_8)(CONST_7)] equals c_1_SYMSTRING[**UNDEFINED**]) && (.substring[(s_2_SYMSTRING[**UNDEFINED**])(CONST_7)(CONST_6)] notequals c_1_SYMSTRING[**UNDEFINED**]) && (.substring[(s_2_SYMSTRING[**UNDEFINED**])(CONST_6)(CONST_5)] notequals c_1_SYMSTRING[**UNDEFINED**]) && (.substring[(s_2_SYMSTRING[**UNDEFINED**])(CONST_5)(CONST_4)] notequals c_1_SYMSTRING[**UNDEFINED**]) && (.substring[(s_2_SYMSTRING[**UNDEFINED**])(CONST_4)(CONST_3)] notequals c_1_SYMSTRING[**UNDEFINED**]) && (.substring[(s_2_SYMSTRING[**UNDEFINED**])(CONST_3)(CONST_2)] notequals c_1_SYMSTRING[**UNDEFINED**]) && (.substring[(s_2_SYMSTRING[**UNDEFINED**])(CONST_2)(CONST_1)] notequals c_1_SYMSTRING[**UNDEFINED**]) && (.substring[(s_2_SYMSTRING[**UNDEFINED**])(CONST_1)(CONST_0)] notequals c_1_SYMSTRING[**UNDEFINED**])
NPC constraint # = 10
CONST_9 >= Length_6_[0] &&
CONST_8 < Length_4_[9] &&
CONST_7 < Length_0_[8] &&
CONST_6 < Length_0_[8] &&
CONST_5 < Length_0_[8] &&
CONST_4 < Length_0_[8] &&
CONST_3 < Length_0_[8] &&
CONST_2 < Length_0_[8] &&
CONST_1 < Length_0_[8] &&
CONST_0 < Length_0_[8]
$$$$$$$$$$$$$$$$$$$$$$$$$$$$$$$$
Calling Z3str3

current query... 
(declare-const c_1 String)
(declare-const s_2 String)

(assert (= (str.substr (str.++ (str.substr s_2 0 (- 7 0)) (str.substr s_2 8(- (str.len s_2) 8))) 8 (- 9 8)) c_1))
(assert (= (str.substr s_2 7 (- 8 7)) c_1))
(assert (not (= (str.substr s_2 6 (- 7 6)) c_1)))
(assert (not (= (str.substr s_2 5 (- 6 5)) c_1)))
(assert (not (= (str.substr s_2 4 (- 5 4)) c_1)))
(assert (not (= (str.substr s_2 3 (- 4 3)) c_1)))
(assert (not (= (str.substr s_2 2 (- 3 2)) c_1)))
(assert (not (= (str.substr s_2 1 (- 2 1)) c_1)))
(assert (not (= (str.substr s_2 0 (- 1 0)) c_1)))
(assert (>= 9 (str.len (str.++ (str.substr (str.++ (str.substr s_2 0 (- 7 0)) (str.substr s_2 8(- (str.len s_2) 8))) 0 (- 8 0)) (str.substr (str.++ (str.substr s_2 0 (- 7 0)) (str.substr s_2 8(- (str.len s_2) 8))) 9(- (str.len (str.++ (str.substr s_2 0 (- 7 0)) (str.substr s_2 8(- (str.len s_2) 8)))) 9))))))
(assert (< 8 (str.len (str.++ (str.substr s_2 0 (- 7 0)) (str.substr s_2 8(- (str.len s_2) 8))))))
(assert (< 7 (str.len s_2)))
(assert (< 6 (str.len s_2)))
(assert (< 5 (str.len s_2)))
(assert (< 4 (str.len s_2)))
(assert (< 3 (str.len s_2)))
(assert (< 2 (str.len s_2)))
(assert (< 1 (str.len s_2)))
(assert (< 0 (str.len s_2)))



======================
(define-fun s_2 () String
  "IABCDEFGJGH")
(define-fun c_1 () String
  "G")
Returned solutions: 
(define-fun s_2 () String  "IABCDEFGJGH")
(define-fun c_1 () String  "G")
*************************************
Satisfiable: true
c_1 => "G"
s_2 => "IABCDEFGJGH"
*************************************

numeric PC: constraint # = 9
CONST_8 < Length_4_[9] &&
CONST_7 < Length_0_[8] &&
CONST_6 < Length_0_[8] &&
CONST_5 < Length_0_[8] &&
CONST_4 < Length_0_[8] &&
CONST_3 < Length_0_[8] &&
CONST_2 < Length_0_[8] &&
CONST_1 < Length_0_[8] &&
CONST_0 < Length_0_[8] -> true

string analysis: SPC # = 9
(.substring[(.substring[(s_2_SYMSTRING[**UNDEFINED**])(CONST_7)(CONST_0)].concat(.substring[(s_2_SYMSTRING[**UNDEFINED**])(CONST_8)]))(CONST_9)(CONST_8)] equals c_1_SYMSTRING[**UNDEFINED**]) && (.substring[(s_2_SYMSTRING[**UNDEFINED**])(CONST_8)(CONST_7)] equals c_1_SYMSTRING[**UNDEFINED**]) && (.substring[(s_2_SYMSTRING[**UNDEFINED**])(CONST_7)(CONST_6)] notequals c_1_SYMSTRING[**UNDEFINED**]) && (.substring[(s_2_SYMSTRING[**UNDEFINED**])(CONST_6)(CONST_5)] notequals c_1_SYMSTRING[**UNDEFINED**]) && (.substring[(s_2_SYMSTRING[**UNDEFINED**])(CONST_5)(CONST_4)] notequals c_1_SYMSTRING[**UNDEFINED**]) && (.substring[(s_2_SYMSTRING[**UNDEFINED**])(CONST_4)(CONST_3)] notequals c_1_SYMSTRING[**UNDEFINED**]) && (.substring[(s_2_SYMSTRING[**UNDEFINED**])(CONST_3)(CONST_2)] notequals c_1_SYMSTRING[**UNDEFINED**]) && (.substring[(s_2_SYMSTRING[**UNDEFINED**])(CONST_2)(CONST_1)] notequals c_1_SYMSTRING[**UNDEFINED**]) && (.substring[(s_2_SYMSTRING[**UNDEFINED**])(CONST_1)(CONST_0)] notequals c_1_SYMSTRING[**UNDEFINED**])
NPC constraint # = 9
CONST_8 < Length_4_[9] &&
CONST_7 < Length_0_[8] &&
CONST_6 < Length_0_[8] &&
CONST_5 < Length_0_[8] &&
CONST_4 < Length_0_[8] &&
CONST_3 < Length_0_[8] &&
CONST_2 < Length_0_[8] &&
CONST_1 < Length_0_[8] &&
CONST_0 < Length_0_[8]
$$$$$$$$$$$$$$$$$$$$$$$$$$$$$$$$
Calling Z3str3

current query... 
(declare-const c_1 String)
(declare-const s_2 String)

(assert (= (str.substr (str.++ (str.substr s_2 0 (- 7 0)) (str.substr s_2 8(- (str.len s_2) 8))) 8 (- 9 8)) c_1))
(assert (= (str.substr s_2 7 (- 8 7)) c_1))
(assert (not (= (str.substr s_2 6 (- 7 6)) c_1)))
(assert (not (= (str.substr s_2 5 (- 6 5)) c_1)))
(assert (not (= (str.substr s_2 4 (- 5 4)) c_1)))
(assert (not (= (str.substr s_2 3 (- 4 3)) c_1)))
(assert (not (= (str.substr s_2 2 (- 3 2)) c_1)))
(assert (not (= (str.substr s_2 1 (- 2 1)) c_1)))
(assert (not (= (str.substr s_2 0 (- 1 0)) c_1)))
(assert (< 8 (str.len (str.++ (str.substr s_2 0 (- 7 0)) (str.substr s_2 8(- (str.len s_2) 8))))))
(assert (< 7 (str.len s_2)))
(assert (< 6 (str.len s_2)))
(assert (< 5 (str.len s_2)))
(assert (< 4 (str.len s_2)))
(assert (< 3 (str.len s_2)))
(assert (< 2 (str.len s_2)))
(assert (< 1 (str.len s_2)))
(assert (< 0 (str.len s_2)))



======================
(define-fun s_2 () String
  "AIJKLMNHBHCD")
(define-fun c_1 () String
  "H")
Returned solutions: 
(define-fun s_2 () String  "AIJKLMNHBHCD")
(define-fun c_1 () String  "H")
*************************************
Satisfiable: true
c_1 => "H"
s_2 => "AIJKLMNHBHCD"
*************************************

numeric PC: constraint # = 9
CONST_8 < Length_4_[9] &&
CONST_7 < Length_0_[8] &&
CONST_6 < Length_0_[8] &&
CONST_5 < Length_0_[8] &&
CONST_4 < Length_0_[8] &&
CONST_3 < Length_0_[8] &&
CONST_2 < Length_0_[8] &&
CONST_1 < Length_0_[8] &&
CONST_0 < Length_0_[8] -> true

string analysis: SPC # = 8
(.substring[(s_2_SYMSTRING[**UNDEFINED**])(CONST_8)(CONST_7)] equals c_1_SYMSTRING[**UNDEFINED**]) && (.substring[(s_2_SYMSTRING[**UNDEFINED**])(CONST_7)(CONST_6)] notequals c_1_SYMSTRING[**UNDEFINED**]) && (.substring[(s_2_SYMSTRING[**UNDEFINED**])(CONST_6)(CONST_5)] notequals c_1_SYMSTRING[**UNDEFINED**]) && (.substring[(s_2_SYMSTRING[**UNDEFINED**])(CONST_5)(CONST_4)] notequals c_1_SYMSTRING[**UNDEFINED**]) && (.substring[(s_2_SYMSTRING[**UNDEFINED**])(CONST_4)(CONST_3)] notequals c_1_SYMSTRING[**UNDEFINED**]) && (.substring[(s_2_SYMSTRING[**UNDEFINED**])(CONST_3)(CONST_2)] notequals c_1_SYMSTRING[**UNDEFINED**]) && (.substring[(s_2_SYMSTRING[**UNDEFINED**])(CONST_2)(CONST_1)] notequals c_1_SYMSTRING[**UNDEFINED**]) && (.substring[(s_2_SYMSTRING[**UNDEFINED**])(CONST_1)(CONST_0)] notequals c_1_SYMSTRING[**UNDEFINED**])
NPC constraint # = 9
CONST_8 < Length_4_[9] &&
CONST_7 < Length_0_[8] &&
CONST_6 < Length_0_[8] &&
CONST_5 < Length_0_[8] &&
CONST_4 < Length_0_[8] &&
CONST_3 < Length_0_[8] &&
CONST_2 < Length_0_[8] &&
CONST_1 < Length_0_[8] &&
CONST_0 < Length_0_[8]
$$$$$$$$$$$$$$$$$$$$$$$$$$$$$$$$
Calling Z3str3

current query... 
(declare-const c_1 String)
(declare-const s_2 String)

(assert (= (str.substr s_2 7 (- 8 7)) c_1))
(assert (not (= (str.substr s_2 6 (- 7 6)) c_1)))
(assert (not (= (str.substr s_2 5 (- 6 5)) c_1)))
(assert (not (= (str.substr s_2 4 (- 5 4)) c_1)))
(assert (not (= (str.substr s_2 3 (- 4 3)) c_1)))
(assert (not (= (str.substr s_2 2 (- 3 2)) c_1)))
(assert (not (= (str.substr s_2 1 (- 2 1)) c_1)))
(assert (not (= (str.substr s_2 0 (- 1 0)) c_1)))
(assert (< 8 (str.len (str.++ (str.substr s_2 0 (- 7 0)) (str.substr s_2 8(- (str.len s_2) 8))))))
(assert (< 7 (str.len s_2)))
(assert (< 6 (str.len s_2)))
(assert (< 5 (str.len s_2)))
(assert (< 4 (str.len s_2)))
(assert (< 3 (str.len s_2)))
(assert (< 2 (str.len s_2)))
(assert (< 1 (str.len s_2)))
(assert (< 0 (str.len s_2)))



======================
(define-fun s_2 () String
  "HAGFEDCBIJK")
(define-fun c_1 () String
  "B")
Returned solutions: 
(define-fun s_2 () String  "HAGFEDCBIJK")
(define-fun c_1 () String  "B")
*************************************
Satisfiable: true
c_1 => "B"
s_2 => "HAGFEDCBIJK"
*************************************

Symbolic Exp [ .substring[(s_2_SYMSTRING[**UNDEFINED**])(CONST_7)(CONST_0)].concat(.substring[(s_2_SYMSTRING[**UNDEFINED**])(CONST_8)])]
test This is a tttest haystack string for testing.
0
114514
0
numeric PC: constraint # = 9
CONST_8 >= Length_4_ &&
CONST_7 < Length_0_ &&
CONST_6 < Length_0_ &&
CONST_5 < Length_0_ &&
CONST_4 < Length_0_ &&
CONST_3 < Length_0_ &&
CONST_2 < Length_0_ &&
CONST_1 < Length_0_ &&
CONST_0 < Length_0_ -> true

string analysis: SPC # = 8
(.substring[(s_2_SYMSTRING[**UNDEFINED**])(CONST_8)(CONST_7)] equals c_1_SYMSTRING[**UNDEFINED**]) && (.substring[(s_2_SYMSTRING[**UNDEFINED**])(CONST_7)(CONST_6)] notequals c_1_SYMSTRING[**UNDEFINED**]) && (.substring[(s_2_SYMSTRING[**UNDEFINED**])(CONST_6)(CONST_5)] notequals c_1_SYMSTRING[**UNDEFINED**]) && (.substring[(s_2_SYMSTRING[**UNDEFINED**])(CONST_5)(CONST_4)] notequals c_1_SYMSTRING[**UNDEFINED**]) && (.substring[(s_2_SYMSTRING[**UNDEFINED**])(CONST_4)(CONST_3)] notequals c_1_SYMSTRING[**UNDEFINED**]) && (.substring[(s_2_SYMSTRING[**UNDEFINED**])(CONST_3)(CONST_2)] notequals c_1_SYMSTRING[**UNDEFINED**]) && (.substring[(s_2_SYMSTRING[**UNDEFINED**])(CONST_2)(CONST_1)] notequals c_1_SYMSTRING[**UNDEFINED**]) && (.substring[(s_2_SYMSTRING[**UNDEFINED**])(CONST_1)(CONST_0)] notequals c_1_SYMSTRING[**UNDEFINED**])
NPC constraint # = 9
CONST_8 >= Length_4_[0] &&
CONST_7 < Length_0_[8] &&
CONST_6 < Length_0_[8] &&
CONST_5 < Length_0_[8] &&
CONST_4 < Length_0_[8] &&
CONST_3 < Length_0_[8] &&
CONST_2 < Length_0_[8] &&
CONST_1 < Length_0_[8] &&
CONST_0 < Length_0_[8]
$$$$$$$$$$$$$$$$$$$$$$$$$$$$$$$$
Calling Z3str3

current query... 
(declare-const c_1 String)
(declare-const s_2 String)

(assert (= (str.substr s_2 7 (- 8 7)) c_1))
(assert (not (= (str.substr s_2 6 (- 7 6)) c_1)))
(assert (not (= (str.substr s_2 5 (- 6 5)) c_1)))
(assert (not (= (str.substr s_2 4 (- 5 4)) c_1)))
(assert (not (= (str.substr s_2 3 (- 4 3)) c_1)))
(assert (not (= (str.substr s_2 2 (- 3 2)) c_1)))
(assert (not (= (str.substr s_2 1 (- 2 1)) c_1)))
(assert (not (= (str.substr s_2 0 (- 1 0)) c_1)))
(assert (>= 8 (str.len (str.++ (str.substr s_2 0 (- 7 0)) (str.substr s_2 8(- (str.len s_2) 8))))))
(assert (< 7 (str.len s_2)))
(assert (< 6 (str.len s_2)))
(assert (< 5 (str.len s_2)))
(assert (< 4 (str.len s_2)))
(assert (< 3 (str.len s_2)))
(assert (< 2 (str.len s_2)))
(assert (< 1 (str.len s_2)))
(assert (< 0 (str.len s_2)))



======================
(define-fun s_2 () String
  "HCBGFEAD")
(define-fun c_1 () String
  "D")
Returned solutions: 
(define-fun s_2 () String  "HCBGFEAD")
(define-fun c_1 () String  "D")
*************************************
Satisfiable: true
c_1 => "D"
s_2 => "HCBGFEAD"
*************************************

numeric PC: constraint # = 8
CONST_7 < Length_0_[8] &&
CONST_6 < Length_0_[8] &&
CONST_5 < Length_0_[8] &&
CONST_4 < Length_0_[8] &&
CONST_3 < Length_0_[8] &&
CONST_2 < Length_0_[8] &&
CONST_1 < Length_0_[8] &&
CONST_0 < Length_0_[8] -> true

string analysis: SPC # = 8
(.substring[(s_2_SYMSTRING[**UNDEFINED**])(CONST_8)(CONST_7)] equals c_1_SYMSTRING[**UNDEFINED**]) && (.substring[(s_2_SYMSTRING[**UNDEFINED**])(CONST_7)(CONST_6)] notequals c_1_SYMSTRING[**UNDEFINED**]) && (.substring[(s_2_SYMSTRING[**UNDEFINED**])(CONST_6)(CONST_5)] notequals c_1_SYMSTRING[**UNDEFINED**]) && (.substring[(s_2_SYMSTRING[**UNDEFINED**])(CONST_5)(CONST_4)] notequals c_1_SYMSTRING[**UNDEFINED**]) && (.substring[(s_2_SYMSTRING[**UNDEFINED**])(CONST_4)(CONST_3)] notequals c_1_SYMSTRING[**UNDEFINED**]) && (.substring[(s_2_SYMSTRING[**UNDEFINED**])(CONST_3)(CONST_2)] notequals c_1_SYMSTRING[**UNDEFINED**]) && (.substring[(s_2_SYMSTRING[**UNDEFINED**])(CONST_2)(CONST_1)] notequals c_1_SYMSTRING[**UNDEFINED**]) && (.substring[(s_2_SYMSTRING[**UNDEFINED**])(CONST_1)(CONST_0)] notequals c_1_SYMSTRING[**UNDEFINED**])
NPC constraint # = 8
CONST_7 < Length_0_[8] &&
CONST_6 < Length_0_[8] &&
CONST_5 < Length_0_[8] &&
CONST_4 < Length_0_[8] &&
CONST_3 < Length_0_[8] &&
CONST_2 < Length_0_[8] &&
CONST_1 < Length_0_[8] &&
CONST_0 < Length_0_[8]
$$$$$$$$$$$$$$$$$$$$$$$$$$$$$$$$
Calling Z3str3

current query... 
(declare-const c_1 String)
(declare-const s_2 String)

(assert (= (str.substr s_2 7 (- 8 7)) c_1))
(assert (not (= (str.substr s_2 6 (- 7 6)) c_1)))
(assert (not (= (str.substr s_2 5 (- 6 5)) c_1)))
(assert (not (= (str.substr s_2 4 (- 5 4)) c_1)))
(assert (not (= (str.substr s_2 3 (- 4 3)) c_1)))
(assert (not (= (str.substr s_2 2 (- 3 2)) c_1)))
(assert (not (= (str.substr s_2 1 (- 2 1)) c_1)))
(assert (not (= (str.substr s_2 0 (- 1 0)) c_1)))
(assert (< 7 (str.len s_2)))
(assert (< 6 (str.len s_2)))
(assert (< 5 (str.len s_2)))
(assert (< 4 (str.len s_2)))
(assert (< 3 (str.len s_2)))
(assert (< 2 (str.len s_2)))
(assert (< 1 (str.len s_2)))
(assert (< 0 (str.len s_2)))



======================
(define-fun s_2 () String
  "HAGFEDBC")
(define-fun c_1 () String
  "C")
Returned solutions: 
(define-fun s_2 () String  "HAGFEDBC")
(define-fun c_1 () String  "C")
*************************************
Satisfiable: true
c_1 => "C"
s_2 => "HAGFEDBC"
*************************************

numeric PC: constraint # = 8
CONST_7 < Length_0_[8] &&
CONST_6 < Length_0_[8] &&
CONST_5 < Length_0_[8] &&
CONST_4 < Length_0_[8] &&
CONST_3 < Length_0_[8] &&
CONST_2 < Length_0_[8] &&
CONST_1 < Length_0_[8] &&
CONST_0 < Length_0_[8] -> true

string analysis: SPC # = 7
(.substring[(s_2_SYMSTRING[**UNDEFINED**])(CONST_7)(CONST_6)] notequals c_1_SYMSTRING[**UNDEFINED**]) && (.substring[(s_2_SYMSTRING[**UNDEFINED**])(CONST_6)(CONST_5)] notequals c_1_SYMSTRING[**UNDEFINED**]) && (.substring[(s_2_SYMSTRING[**UNDEFINED**])(CONST_5)(CONST_4)] notequals c_1_SYMSTRING[**UNDEFINED**]) && (.substring[(s_2_SYMSTRING[**UNDEFINED**])(CONST_4)(CONST_3)] notequals c_1_SYMSTRING[**UNDEFINED**]) && (.substring[(s_2_SYMSTRING[**UNDEFINED**])(CONST_3)(CONST_2)] notequals c_1_SYMSTRING[**UNDEFINED**]) && (.substring[(s_2_SYMSTRING[**UNDEFINED**])(CONST_2)(CONST_1)] notequals c_1_SYMSTRING[**UNDEFINED**]) && (.substring[(s_2_SYMSTRING[**UNDEFINED**])(CONST_1)(CONST_0)] notequals c_1_SYMSTRING[**UNDEFINED**])
NPC constraint # = 8
CONST_7 < Length_0_[8] &&
CONST_6 < Length_0_[8] &&
CONST_5 < Length_0_[8] &&
CONST_4 < Length_0_[8] &&
CONST_3 < Length_0_[8] &&
CONST_2 < Length_0_[8] &&
CONST_1 < Length_0_[8] &&
CONST_0 < Length_0_[8]
$$$$$$$$$$$$$$$$$$$$$$$$$$$$$$$$
Calling Z3str3

current query... 
(declare-const c_1 String)
(declare-const s_2 String)

(assert (not (= (str.substr s_2 6 (- 7 6)) c_1)))
(assert (not (= (str.substr s_2 5 (- 6 5)) c_1)))
(assert (not (= (str.substr s_2 4 (- 5 4)) c_1)))
(assert (not (= (str.substr s_2 3 (- 4 3)) c_1)))
(assert (not (= (str.substr s_2 2 (- 3 2)) c_1)))
(assert (not (= (str.substr s_2 1 (- 2 1)) c_1)))
(assert (not (= (str.substr s_2 0 (- 1 0)) c_1)))
(assert (< 7 (str.len s_2)))
(assert (< 6 (str.len s_2)))
(assert (< 5 (str.len s_2)))
(assert (< 4 (str.len s_2)))
(assert (< 3 (str.len s_2)))
(assert (< 2 (str.len s_2)))
(assert (< 1 (str.len s_2)))
(assert (< 0 (str.len s_2)))



======================
(define-fun s_2 () String
  "ABCDEFGH")
(define-fun c_1 () String
  "")
Returned solutions: 
(define-fun s_2 () String  "ABCDEFGH")
(define-fun c_1 () String  "")
*************************************
Satisfiable: true
c_1 => ""
s_2 => "ABCDEFGH"
*************************************

Symbolic Exp [ s_2_SYMSTRING[**UNDEFINED**]]
test This is a tttest haystack string for testing.
0
114514
0
numeric PC: constraint # = 8
CONST_7 >= Length_0_ &&
CONST_6 < Length_0_ &&
CONST_5 < Length_0_ &&
CONST_4 < Length_0_ &&
CONST_3 < Length_0_ &&
CONST_2 < Length_0_ &&
CONST_1 < Length_0_ &&
CONST_0 < Length_0_ -> true

string analysis: SPC # = 7
(.substring[(s_2_SYMSTRING[**UNDEFINED**])(CONST_7)(CONST_6)] notequals c_1_SYMSTRING[**UNDEFINED**]) && (.substring[(s_2_SYMSTRING[**UNDEFINED**])(CONST_6)(CONST_5)] notequals c_1_SYMSTRING[**UNDEFINED**]) && (.substring[(s_2_SYMSTRING[**UNDEFINED**])(CONST_5)(CONST_4)] notequals c_1_SYMSTRING[**UNDEFINED**]) && (.substring[(s_2_SYMSTRING[**UNDEFINED**])(CONST_4)(CONST_3)] notequals c_1_SYMSTRING[**UNDEFINED**]) && (.substring[(s_2_SYMSTRING[**UNDEFINED**])(CONST_3)(CONST_2)] notequals c_1_SYMSTRING[**UNDEFINED**]) && (.substring[(s_2_SYMSTRING[**UNDEFINED**])(CONST_2)(CONST_1)] notequals c_1_SYMSTRING[**UNDEFINED**]) && (.substring[(s_2_SYMSTRING[**UNDEFINED**])(CONST_1)(CONST_0)] notequals c_1_SYMSTRING[**UNDEFINED**])
NPC constraint # = 8
CONST_7 >= Length_0_[7] &&
CONST_6 < Length_0_[7] &&
CONST_5 < Length_0_[7] &&
CONST_4 < Length_0_[7] &&
CONST_3 < Length_0_[7] &&
CONST_2 < Length_0_[7] &&
CONST_1 < Length_0_[7] &&
CONST_0 < Length_0_[7]
$$$$$$$$$$$$$$$$$$$$$$$$$$$$$$$$
Calling Z3str3

current query... 
(declare-const c_1 String)
(declare-const s_2 String)

(assert (not (= (str.substr s_2 6 (- 7 6)) c_1)))
(assert (not (= (str.substr s_2 5 (- 6 5)) c_1)))
(assert (not (= (str.substr s_2 4 (- 5 4)) c_1)))
(assert (not (= (str.substr s_2 3 (- 4 3)) c_1)))
(assert (not (= (str.substr s_2 2 (- 3 2)) c_1)))
(assert (not (= (str.substr s_2 1 (- 2 1)) c_1)))
(assert (not (= (str.substr s_2 0 (- 1 0)) c_1)))
(assert (>= 7 (str.len s_2)))
(assert (< 6 (str.len s_2)))
(assert (< 5 (str.len s_2)))
(assert (< 4 (str.len s_2)))
(assert (< 3 (str.len s_2)))
(assert (< 2 (str.len s_2)))
(assert (< 1 (str.len s_2)))
(assert (< 0 (str.len s_2)))



======================
(define-fun s_2 () String
  "ABCDEFG")
(define-fun c_1 () String
  "")
Returned solutions: 
(define-fun s_2 () String  "ABCDEFG")
(define-fun c_1 () String  "")
*************************************
Satisfiable: true
c_1 => ""
s_2 => "ABCDEFG"
*************************************

numeric PC: constraint # = 7
CONST_6 < Length_0_[7] &&
CONST_5 < Length_0_[7] &&
CONST_4 < Length_0_[7] &&
CONST_3 < Length_0_[7] &&
CONST_2 < Length_0_[7] &&
CONST_1 < Length_0_[7] &&
CONST_0 < Length_0_[7] -> true

string analysis: SPC # = 7
(.substring[(s_2_SYMSTRING[**UNDEFINED**])(CONST_7)(CONST_6)] notequals c_1_SYMSTRING[**UNDEFINED**]) && (.substring[(s_2_SYMSTRING[**UNDEFINED**])(CONST_6)(CONST_5)] notequals c_1_SYMSTRING[**UNDEFINED**]) && (.substring[(s_2_SYMSTRING[**UNDEFINED**])(CONST_5)(CONST_4)] notequals c_1_SYMSTRING[**UNDEFINED**]) && (.substring[(s_2_SYMSTRING[**UNDEFINED**])(CONST_4)(CONST_3)] notequals c_1_SYMSTRING[**UNDEFINED**]) && (.substring[(s_2_SYMSTRING[**UNDEFINED**])(CONST_3)(CONST_2)] notequals c_1_SYMSTRING[**UNDEFINED**]) && (.substring[(s_2_SYMSTRING[**UNDEFINED**])(CONST_2)(CONST_1)] notequals c_1_SYMSTRING[**UNDEFINED**]) && (.substring[(s_2_SYMSTRING[**UNDEFINED**])(CONST_1)(CONST_0)] notequals c_1_SYMSTRING[**UNDEFINED**])
NPC constraint # = 7
CONST_6 < Length_0_[7] &&
CONST_5 < Length_0_[7] &&
CONST_4 < Length_0_[7] &&
CONST_3 < Length_0_[7] &&
CONST_2 < Length_0_[7] &&
CONST_1 < Length_0_[7] &&
CONST_0 < Length_0_[7]
$$$$$$$$$$$$$$$$$$$$$$$$$$$$$$$$
Calling Z3str3

current query... 
(declare-const c_1 String)
(declare-const s_2 String)

(assert (not (= (str.substr s_2 6 (- 7 6)) c_1)))
(assert (not (= (str.substr s_2 5 (- 6 5)) c_1)))
(assert (not (= (str.substr s_2 4 (- 5 4)) c_1)))
(assert (not (= (str.substr s_2 3 (- 4 3)) c_1)))
(assert (not (= (str.substr s_2 2 (- 3 2)) c_1)))
(assert (not (= (str.substr s_2 1 (- 2 1)) c_1)))
(assert (not (= (str.substr s_2 0 (- 1 0)) c_1)))
(assert (< 6 (str.len s_2)))
(assert (< 5 (str.len s_2)))
(assert (< 4 (str.len s_2)))
(assert (< 3 (str.len s_2)))
(assert (< 2 (str.len s_2)))
(assert (< 1 (str.len s_2)))
(assert (< 0 (str.len s_2)))



======================
(define-fun s_2 () String
  "ABCDEFG")
(define-fun c_1 () String
  "")
Returned solutions: 
(define-fun s_2 () String  "ABCDEFG")
(define-fun c_1 () String  "")
*************************************
Satisfiable: true
c_1 => ""
s_2 => "ABCDEFG"
*************************************

numeric PC: constraint # = 7
CONST_6 < Length_0_[7] &&
CONST_5 < Length_0_[7] &&
CONST_4 < Length_0_[7] &&
CONST_3 < Length_0_[7] &&
CONST_2 < Length_0_[7] &&
CONST_1 < Length_0_[7] &&
CONST_0 < Length_0_[7] -> true

### PCs: total:66 sat:66 unsat:0

string analysis: SPC # = 7
(.substring[(s_2_SYMSTRING)(CONST_7)(CONST_6)] equals c_1_SYMSTRING) && (.substring[(s_2_SYMSTRING)(CONST_6)(CONST_5)] notequals c_1_SYMSTRING) && (.substring[(s_2_SYMSTRING)(CONST_5)(CONST_4)] notequals c_1_SYMSTRING) && (.substring[(s_2_SYMSTRING)(CONST_4)(CONST_3)] notequals c_1_SYMSTRING) && (.substring[(s_2_SYMSTRING)(CONST_3)(CONST_2)] notequals c_1_SYMSTRING) && (.substring[(s_2_SYMSTRING)(CONST_2)(CONST_1)] notequals c_1_SYMSTRING) && (.substring[(s_2_SYMSTRING)(CONST_1)(CONST_0)] notequals c_1_SYMSTRING)
NPC constraint # = 7
CONST_6 < Length_0_[7] &&
CONST_5 < Length_0_[7] &&
CONST_4 < Length_0_[7] &&
CONST_3 < Length_0_[7] &&
CONST_2 < Length_0_[7] &&
CONST_1 < Length_0_[7] &&
CONST_0 < Length_0_[7]
$$$$$$$$$$$$$$$$$$$$$$$$$$$$$$$$
Calling Z3str3

current query... 
(declare-const c_1 String)
(declare-const s_2 String)

(assert (= (str.substr s_2 6 (- 7 6)) c_1))
(assert (not (= (str.substr s_2 5 (- 6 5)) c_1)))
(assert (not (= (str.substr s_2 4 (- 5 4)) c_1)))
(assert (not (= (str.substr s_2 3 (- 4 3)) c_1)))
(assert (not (= (str.substr s_2 2 (- 3 2)) c_1)))
(assert (not (= (str.substr s_2 1 (- 2 1)) c_1)))
(assert (not (= (str.substr s_2 0 (- 1 0)) c_1)))
(assert (< 6 (str.len s_2)))
(assert (< 5 (str.len s_2)))
(assert (< 4 (str.len s_2)))
(assert (< 3 (str.len s_2)))
(assert (< 2 (str.len s_2)))
(assert (< 1 (str.len s_2)))
(assert (< 0 (str.len s_2)))



======================
(define-fun s_2 () String
  "ABCDEFG")
(define-fun c_1 () String
  "G")
Returned solutions: 
(define-fun s_2 () String  "ABCDEFG")
(define-fun c_1 () String  "G")
*************************************
Satisfiable: true
c_1 => "G"
s_2 => "ABCDEFG"
*************************************

New sym int Length_8_ min=0, max=30
numeric PC: constraint # = 8
CONST_7 >= Length_8_ &&
CONST_6 < Length_0_ &&
CONST_5 < Length_0_ &&
CONST_4 < Length_0_ &&
CONST_3 < Length_0_ &&
CONST_2 < Length_0_ &&
CONST_1 < Length_0_ &&
CONST_0 < Length_0_ -> true

### PCs: total:67 sat:67 unsat:0

string analysis: SPC # = 7
(.substring[(s_2_SYMSTRING)(CONST_7)(CONST_6)] equals c_1_SYMSTRING) && (.substring[(s_2_SYMSTRING)(CONST_6)(CONST_5)] notequals c_1_SYMSTRING) && (.substring[(s_2_SYMSTRING)(CONST_5)(CONST_4)] notequals c_1_SYMSTRING) && (.substring[(s_2_SYMSTRING)(CONST_4)(CONST_3)] notequals c_1_SYMSTRING) && (.substring[(s_2_SYMSTRING)(CONST_3)(CONST_2)] notequals c_1_SYMSTRING) && (.substring[(s_2_SYMSTRING)(CONST_2)(CONST_1)] notequals c_1_SYMSTRING) && (.substring[(s_2_SYMSTRING)(CONST_1)(CONST_0)] notequals c_1_SYMSTRING)
NPC constraint # = 8
CONST_7 >= Length_8_ &&
CONST_6 < Length_0_ &&
CONST_5 < Length_0_ &&
CONST_4 < Length_0_ &&
CONST_3 < Length_0_ &&
CONST_2 < Length_0_ &&
CONST_1 < Length_0_ &&
CONST_0 < Length_0_
$$$$$$$$$$$$$$$$$$$$$$$$$$$$$$$$
Calling Z3str3

current query... 
(declare-const c_1 String)
(declare-const s_2 String)

(assert (= (str.substr s_2 6 (- 7 6)) c_1))
(assert (not (= (str.substr s_2 5 (- 6 5)) c_1)))
(assert (not (= (str.substr s_2 4 (- 5 4)) c_1)))
(assert (not (= (str.substr s_2 3 (- 4 3)) c_1)))
(assert (not (= (str.substr s_2 2 (- 3 2)) c_1)))
(assert (not (= (str.substr s_2 1 (- 2 1)) c_1)))
(assert (not (= (str.substr s_2 0 (- 1 0)) c_1)))
(assert (>= 7 (str.len (str.++ (str.substr s_2 0 (- 6 0)) (str.substr s_2 7(- (str.len s_2) 7))))))
(assert (< 6 (str.len s_2)))
(assert (< 5 (str.len s_2)))
(assert (< 4 (str.len s_2)))
(assert (< 3 (str.len s_2)))
(assert (< 2 (str.len s_2)))
(assert (< 1 (str.len s_2)))
(assert (< 0 (str.len s_2)))



======================
(define-fun s_2 () String
  "GFAEDCBH")
(define-fun c_1 () String
  "B")
Returned solutions: 
(define-fun s_2 () String  "GFAEDCBH")
(define-fun c_1 () String  "B")
*************************************
Satisfiable: true
c_1 => "B"
s_2 => "GFAEDCBH"
*************************************

numeric PC: constraint # = 8
CONST_7 < Length_8_ &&
CONST_6 < Length_0_ &&
CONST_5 < Length_0_ &&
CONST_4 < Length_0_ &&
CONST_3 < Length_0_ &&
CONST_2 < Length_0_ &&
CONST_1 < Length_0_ &&
CONST_0 < Length_0_ -> true

### PCs: total:68 sat:68 unsat:0

string analysis: SPC # = 7
(.substring[(s_2_SYMSTRING)(CONST_7)(CONST_6)] equals c_1_SYMSTRING) && (.substring[(s_2_SYMSTRING)(CONST_6)(CONST_5)] notequals c_1_SYMSTRING) && (.substring[(s_2_SYMSTRING)(CONST_5)(CONST_4)] notequals c_1_SYMSTRING) && (.substring[(s_2_SYMSTRING)(CONST_4)(CONST_3)] notequals c_1_SYMSTRING) && (.substring[(s_2_SYMSTRING)(CONST_3)(CONST_2)] notequals c_1_SYMSTRING) && (.substring[(s_2_SYMSTRING)(CONST_2)(CONST_1)] notequals c_1_SYMSTRING) && (.substring[(s_2_SYMSTRING)(CONST_1)(CONST_0)] notequals c_1_SYMSTRING)
NPC constraint # = 8
CONST_7 < Length_8_ &&
CONST_6 < Length_0_ &&
CONST_5 < Length_0_ &&
CONST_4 < Length_0_ &&
CONST_3 < Length_0_ &&
CONST_2 < Length_0_ &&
CONST_1 < Length_0_ &&
CONST_0 < Length_0_
$$$$$$$$$$$$$$$$$$$$$$$$$$$$$$$$
Calling Z3str3

current query... 
(declare-const c_1 String)
(declare-const s_2 String)

(assert (= (str.substr s_2 6 (- 7 6)) c_1))
(assert (not (= (str.substr s_2 5 (- 6 5)) c_1)))
(assert (not (= (str.substr s_2 4 (- 5 4)) c_1)))
(assert (not (= (str.substr s_2 3 (- 4 3)) c_1)))
(assert (not (= (str.substr s_2 2 (- 3 2)) c_1)))
(assert (not (= (str.substr s_2 1 (- 2 1)) c_1)))
(assert (not (= (str.substr s_2 0 (- 1 0)) c_1)))
(assert (< 7 (str.len (str.++ (str.substr s_2 0 (- 6 0)) (str.substr s_2 7(- (str.len s_2) 7))))))
(assert (< 6 (str.len s_2)))
(assert (< 5 (str.len s_2)))
(assert (< 4 (str.len s_2)))
(assert (< 3 (str.len s_2)))
(assert (< 2 (str.len s_2)))
(assert (< 1 (str.len s_2)))
(assert (< 0 (str.len s_2)))



======================
(define-fun s_2 () String
  "GFAEDCBHIJ")
(define-fun c_1 () String
  "B")
Returned solutions: 
(define-fun s_2 () String  "GFAEDCBHIJ")
(define-fun c_1 () String  "B")
*************************************
Satisfiable: true
c_1 => "B"
s_2 => "GFAEDCBHIJ"
*************************************

numeric PC: constraint # = 8
CONST_7 < Length_8_ &&
CONST_6 < Length_0_ &&
CONST_5 < Length_0_ &&
CONST_4 < Length_0_ &&
CONST_3 < Length_0_ &&
CONST_2 < Length_0_ &&
CONST_1 < Length_0_ &&
CONST_0 < Length_0_ -> true

### PCs: total:69 sat:69 unsat:0

string analysis: SPC # = 8
(.substring[(.substring[(s_2_SYMSTRING)(CONST_6)(CONST_0)].concat(.substring[(s_2_SYMSTRING)(CONST_7)]))(CONST_8)(CONST_7)] notequals c_1_SYMSTRING) && (.substring[(s_2_SYMSTRING)(CONST_7)(CONST_6)] equals c_1_SYMSTRING) && (.substring[(s_2_SYMSTRING)(CONST_6)(CONST_5)] notequals c_1_SYMSTRING) && (.substring[(s_2_SYMSTRING)(CONST_5)(CONST_4)] notequals c_1_SYMSTRING) && (.substring[(s_2_SYMSTRING)(CONST_4)(CONST_3)] notequals c_1_SYMSTRING) && (.substring[(s_2_SYMSTRING)(CONST_3)(CONST_2)] notequals c_1_SYMSTRING) && (.substring[(s_2_SYMSTRING)(CONST_2)(CONST_1)] notequals c_1_SYMSTRING) && (.substring[(s_2_SYMSTRING)(CONST_1)(CONST_0)] notequals c_1_SYMSTRING)
NPC constraint # = 8
CONST_7 < Length_8_ &&
CONST_6 < Length_0_ &&
CONST_5 < Length_0_ &&
CONST_4 < Length_0_ &&
CONST_3 < Length_0_ &&
CONST_2 < Length_0_ &&
CONST_1 < Length_0_ &&
CONST_0 < Length_0_
$$$$$$$$$$$$$$$$$$$$$$$$$$$$$$$$
Calling Z3str3

current query... 
(declare-const c_1 String)
(declare-const s_2 String)

(assert (not (= (str.substr (str.++ (str.substr s_2 0 (- 6 0)) (str.substr s_2 7(- (str.len s_2) 7))) 7 (- 8 7)) c_1)))
(assert (= (str.substr s_2 6 (- 7 6)) c_1))
(assert (not (= (str.substr s_2 5 (- 6 5)) c_1)))
(assert (not (= (str.substr s_2 4 (- 5 4)) c_1)))
(assert (not (= (str.substr s_2 3 (- 4 3)) c_1)))
(assert (not (= (str.substr s_2 2 (- 3 2)) c_1)))
(assert (not (= (str.substr s_2 1 (- 2 1)) c_1)))
(assert (not (= (str.substr s_2 0 (- 1 0)) c_1)))
(assert (< 7 (str.len (str.++ (str.substr s_2 0 (- 6 0)) (str.substr s_2 7(- (str.len s_2) 7))))))
(assert (< 6 (str.len s_2)))
(assert (< 5 (str.len s_2)))
(assert (< 4 (str.len s_2)))
(assert (< 3 (str.len s_2)))
(assert (< 2 (str.len s_2)))
(assert (< 1 (str.len s_2)))
(assert (< 0 (str.len s_2)))



======================
(define-fun s_2 () String
  "CDEFGHIAB")
(define-fun c_1 () String
  "I")
Returned solutions: 
(define-fun s_2 () String  "CDEFGHIAB")
(define-fun c_1 () String  "I")
*************************************
Satisfiable: true
c_1 => "I"
s_2 => "CDEFGHIAB"
*************************************

numeric PC: constraint # = 9
CONST_8 >= Length_8_ &&
CONST_7 < Length_8_ &&
CONST_6 < Length_0_ &&
CONST_5 < Length_0_ &&
CONST_4 < Length_0_ &&
CONST_3 < Length_0_ &&
CONST_2 < Length_0_ &&
CONST_1 < Length_0_ &&
CONST_0 < Length_0_ -> true

### PCs: total:70 sat:70 unsat:0

string analysis: SPC # = 8
(.substring[(.substring[(s_2_SYMSTRING)(CONST_6)(CONST_0)].concat(.substring[(s_2_SYMSTRING)(CONST_7)]))(CONST_8)(CONST_7)] notequals c_1_SYMSTRING) && (.substring[(s_2_SYMSTRING)(CONST_7)(CONST_6)] equals c_1_SYMSTRING) && (.substring[(s_2_SYMSTRING)(CONST_6)(CONST_5)] notequals c_1_SYMSTRING) && (.substring[(s_2_SYMSTRING)(CONST_5)(CONST_4)] notequals c_1_SYMSTRING) && (.substring[(s_2_SYMSTRING)(CONST_4)(CONST_3)] notequals c_1_SYMSTRING) && (.substring[(s_2_SYMSTRING)(CONST_3)(CONST_2)] notequals c_1_SYMSTRING) && (.substring[(s_2_SYMSTRING)(CONST_2)(CONST_1)] notequals c_1_SYMSTRING) && (.substring[(s_2_SYMSTRING)(CONST_1)(CONST_0)] notequals c_1_SYMSTRING)
NPC constraint # = 9
CONST_8 >= Length_8_ &&
CONST_7 < Length_8_ &&
CONST_6 < Length_0_ &&
CONST_5 < Length_0_ &&
CONST_4 < Length_0_ &&
CONST_3 < Length_0_ &&
CONST_2 < Length_0_ &&
CONST_1 < Length_0_ &&
CONST_0 < Length_0_
$$$$$$$$$$$$$$$$$$$$$$$$$$$$$$$$
Calling Z3str3

current query... 
(declare-const c_1 String)
(declare-const s_2 String)

(assert (not (= (str.substr (str.++ (str.substr s_2 0 (- 6 0)) (str.substr s_2 7(- (str.len s_2) 7))) 7 (- 8 7)) c_1)))
(assert (= (str.substr s_2 6 (- 7 6)) c_1))
(assert (not (= (str.substr s_2 5 (- 6 5)) c_1)))
(assert (not (= (str.substr s_2 4 (- 5 4)) c_1)))
(assert (not (= (str.substr s_2 3 (- 4 3)) c_1)))
(assert (not (= (str.substr s_2 2 (- 3 2)) c_1)))
(assert (not (= (str.substr s_2 1 (- 2 1)) c_1)))
(assert (not (= (str.substr s_2 0 (- 1 0)) c_1)))
(assert (>= 8 (str.len (str.++ (str.substr s_2 0 (- 6 0)) (str.substr s_2 7(- (str.len s_2) 7))))))
(assert (< 7 (str.len (str.++ (str.substr s_2 0 (- 6 0)) (str.substr s_2 7(- (str.len s_2) 7))))))
(assert (< 6 (str.len s_2)))
(assert (< 5 (str.len s_2)))
(assert (< 4 (str.len s_2)))
(assert (< 3 (str.len s_2)))
(assert (< 2 (str.len s_2)))
(assert (< 1 (str.len s_2)))
(assert (< 0 (str.len s_2)))



======================
(define-fun s_2 () String
  "CDEFGHIAB")
(define-fun c_1 () String
  "I")
Returned solutions: 
(define-fun s_2 () String  "CDEFGHIAB")
(define-fun c_1 () String  "I")
*************************************
Satisfiable: true
c_1 => "I"
s_2 => "CDEFGHIAB"
*************************************

numeric PC: constraint # = 9
CONST_8 < Length_8_ &&
CONST_7 < Length_8_ &&
CONST_6 < Length_0_ &&
CONST_5 < Length_0_ &&
CONST_4 < Length_0_ &&
CONST_3 < Length_0_ &&
CONST_2 < Length_0_ &&
CONST_1 < Length_0_ &&
CONST_0 < Length_0_ -> true

### PCs: total:71 sat:71 unsat:0

string analysis: SPC # = 8
(.substring[(.substring[(s_2_SYMSTRING)(CONST_6)(CONST_0)].concat(.substring[(s_2_SYMSTRING)(CONST_7)]))(CONST_8)(CONST_7)] notequals c_1_SYMSTRING) && (.substring[(s_2_SYMSTRING)(CONST_7)(CONST_6)] equals c_1_SYMSTRING) && (.substring[(s_2_SYMSTRING)(CONST_6)(CONST_5)] notequals c_1_SYMSTRING) && (.substring[(s_2_SYMSTRING)(CONST_5)(CONST_4)] notequals c_1_SYMSTRING) && (.substring[(s_2_SYMSTRING)(CONST_4)(CONST_3)] notequals c_1_SYMSTRING) && (.substring[(s_2_SYMSTRING)(CONST_3)(CONST_2)] notequals c_1_SYMSTRING) && (.substring[(s_2_SYMSTRING)(CONST_2)(CONST_1)] notequals c_1_SYMSTRING) && (.substring[(s_2_SYMSTRING)(CONST_1)(CONST_0)] notequals c_1_SYMSTRING)
NPC constraint # = 9
CONST_8 < Length_8_ &&
CONST_7 < Length_8_ &&
CONST_6 < Length_0_ &&
CONST_5 < Length_0_ &&
CONST_4 < Length_0_ &&
CONST_3 < Length_0_ &&
CONST_2 < Length_0_ &&
CONST_1 < Length_0_ &&
CONST_0 < Length_0_
$$$$$$$$$$$$$$$$$$$$$$$$$$$$$$$$
Calling Z3str3

current query... 
(declare-const c_1 String)
(declare-const s_2 String)

(assert (not (= (str.substr (str.++ (str.substr s_2 0 (- 6 0)) (str.substr s_2 7(- (str.len s_2) 7))) 7 (- 8 7)) c_1)))
(assert (= (str.substr s_2 6 (- 7 6)) c_1))
(assert (not (= (str.substr s_2 5 (- 6 5)) c_1)))
(assert (not (= (str.substr s_2 4 (- 5 4)) c_1)))
(assert (not (= (str.substr s_2 3 (- 4 3)) c_1)))
(assert (not (= (str.substr s_2 2 (- 3 2)) c_1)))
(assert (not (= (str.substr s_2 1 (- 2 1)) c_1)))
(assert (not (= (str.substr s_2 0 (- 1 0)) c_1)))
(assert (< 8 (str.len (str.++ (str.substr s_2 0 (- 6 0)) (str.substr s_2 7(- (str.len s_2) 7))))))
(assert (< 7 (str.len (str.++ (str.substr s_2 0 (- 6 0)) (str.substr s_2 7(- (str.len s_2) 7))))))
(assert (< 6 (str.len s_2)))
(assert (< 5 (str.len s_2)))
(assert (< 4 (str.len s_2)))
(assert (< 3 (str.len s_2)))
(assert (< 2 (str.len s_2)))
(assert (< 1 (str.len s_2)))
(assert (< 0 (str.len s_2)))



======================
(define-fun s_2 () String
  "CDEFGHIABJ")
(define-fun c_1 () String
  "I")
Returned solutions: 
(define-fun s_2 () String  "CDEFGHIABJ")
(define-fun c_1 () String  "I")
*************************************
Satisfiable: true
c_1 => "I"
s_2 => "CDEFGHIABJ"
*************************************

numeric PC: constraint # = 9
CONST_8 < Length_8_ &&
CONST_7 < Length_8_ &&
CONST_6 < Length_0_ &&
CONST_5 < Length_0_ &&
CONST_4 < Length_0_ &&
CONST_3 < Length_0_ &&
CONST_2 < Length_0_ &&
CONST_1 < Length_0_ &&
CONST_0 < Length_0_ -> true

### PCs: total:72 sat:72 unsat:0

string analysis: SPC # = 9
(.substring[(.substring[(s_2_SYMSTRING)(CONST_6)(CONST_0)].concat(.substring[(s_2_SYMSTRING)(CONST_7)]))(CONST_9)(CONST_8)] notequals c_1_SYMSTRING) && (.substring[(.substring[(s_2_SYMSTRING)(CONST_6)(CONST_0)].concat(.substring[(s_2_SYMSTRING)(CONST_7)]))(CONST_8)(CONST_7)] notequals c_1_SYMSTRING) && (.substring[(s_2_SYMSTRING)(CONST_7)(CONST_6)] equals c_1_SYMSTRING) && (.substring[(s_2_SYMSTRING)(CONST_6)(CONST_5)] notequals c_1_SYMSTRING) && (.substring[(s_2_SYMSTRING)(CONST_5)(CONST_4)] notequals c_1_SYMSTRING) && (.substring[(s_2_SYMSTRING)(CONST_4)(CONST_3)] notequals c_1_SYMSTRING) && (.substring[(s_2_SYMSTRING)(CONST_3)(CONST_2)] notequals c_1_SYMSTRING) && (.substring[(s_2_SYMSTRING)(CONST_2)(CONST_1)] notequals c_1_SYMSTRING) && (.substring[(s_2_SYMSTRING)(CONST_1)(CONST_0)] notequals c_1_SYMSTRING)
NPC constraint # = 9
CONST_8 < Length_8_ &&
CONST_7 < Length_8_ &&
CONST_6 < Length_0_ &&
CONST_5 < Length_0_ &&
CONST_4 < Length_0_ &&
CONST_3 < Length_0_ &&
CONST_2 < Length_0_ &&
CONST_1 < Length_0_ &&
CONST_0 < Length_0_
$$$$$$$$$$$$$$$$$$$$$$$$$$$$$$$$
Calling Z3str3

current query... 
(declare-const c_1 String)
(declare-const s_2 String)

(assert (not (= (str.substr (str.++ (str.substr s_2 0 (- 6 0)) (str.substr s_2 7(- (str.len s_2) 7))) 8 (- 9 8)) c_1)))
(assert (not (= (str.substr (str.++ (str.substr s_2 0 (- 6 0)) (str.substr s_2 7(- (str.len s_2) 7))) 7 (- 8 7)) c_1)))
(assert (= (str.substr s_2 6 (- 7 6)) c_1))
(assert (not (= (str.substr s_2 5 (- 6 5)) c_1)))
(assert (not (= (str.substr s_2 4 (- 5 4)) c_1)))
(assert (not (= (str.substr s_2 3 (- 4 3)) c_1)))
(assert (not (= (str.substr s_2 2 (- 3 2)) c_1)))
(assert (not (= (str.substr s_2 1 (- 2 1)) c_1)))
(assert (not (= (str.substr s_2 0 (- 1 0)) c_1)))
(assert (< 8 (str.len (str.++ (str.substr s_2 0 (- 6 0)) (str.substr s_2 7(- (str.len s_2) 7))))))
(assert (< 7 (str.len (str.++ (str.substr s_2 0 (- 6 0)) (str.substr s_2 7(- (str.len s_2) 7))))))
(assert (< 6 (str.len s_2)))
(assert (< 5 (str.len s_2)))
(assert (< 4 (str.len s_2)))
(assert (< 3 (str.len s_2)))
(assert (< 2 (str.len s_2)))
(assert (< 1 (str.len s_2)))
(assert (< 0 (str.len s_2)))



======================
(define-fun s_2 () String
  "DEFGHIJABCKLMNO")
(define-fun c_1 () String
  "J")
Returned solutions: 
(define-fun s_2 () String  "DEFGHIJABCKLMNO")
(define-fun c_1 () String  "J")
*************************************
Satisfiable: true
c_1 => "J"
s_2 => "DEFGHIJABCKLMNO"
*************************************

numeric PC: constraint # = 10
CONST_9 >= Length_8_ &&
CONST_8 < Length_8_ &&
CONST_7 < Length_8_ &&
CONST_6 < Length_0_ &&
CONST_5 < Length_0_ &&
CONST_4 < Length_0_ &&
CONST_3 < Length_0_ &&
CONST_2 < Length_0_ &&
CONST_1 < Length_0_ &&
CONST_0 < Length_0_ -> true

### PCs: total:73 sat:73 unsat:0

string analysis: SPC # = 9
(.substring[(.substring[(s_2_SYMSTRING)(CONST_6)(CONST_0)].concat(.substring[(s_2_SYMSTRING)(CONST_7)]))(CONST_9)(CONST_8)] notequals c_1_SYMSTRING) && (.substring[(.substring[(s_2_SYMSTRING)(CONST_6)(CONST_0)].concat(.substring[(s_2_SYMSTRING)(CONST_7)]))(CONST_8)(CONST_7)] notequals c_1_SYMSTRING) && (.substring[(s_2_SYMSTRING)(CONST_7)(CONST_6)] equals c_1_SYMSTRING) && (.substring[(s_2_SYMSTRING)(CONST_6)(CONST_5)] notequals c_1_SYMSTRING) && (.substring[(s_2_SYMSTRING)(CONST_5)(CONST_4)] notequals c_1_SYMSTRING) && (.substring[(s_2_SYMSTRING)(CONST_4)(CONST_3)] notequals c_1_SYMSTRING) && (.substring[(s_2_SYMSTRING)(CONST_3)(CONST_2)] notequals c_1_SYMSTRING) && (.substring[(s_2_SYMSTRING)(CONST_2)(CONST_1)] notequals c_1_SYMSTRING) && (.substring[(s_2_SYMSTRING)(CONST_1)(CONST_0)] notequals c_1_SYMSTRING)
NPC constraint # = 10
CONST_9 >= Length_8_ &&
CONST_8 < Length_8_ &&
CONST_7 < Length_8_ &&
CONST_6 < Length_0_ &&
CONST_5 < Length_0_ &&
CONST_4 < Length_0_ &&
CONST_3 < Length_0_ &&
CONST_2 < Length_0_ &&
CONST_1 < Length_0_ &&
CONST_0 < Length_0_
$$$$$$$$$$$$$$$$$$$$$$$$$$$$$$$$
Calling Z3str3

current query... 
(declare-const c_1 String)
(declare-const s_2 String)

(assert (not (= (str.substr (str.++ (str.substr s_2 0 (- 6 0)) (str.substr s_2 7(- (str.len s_2) 7))) 8 (- 9 8)) c_1)))
(assert (not (= (str.substr (str.++ (str.substr s_2 0 (- 6 0)) (str.substr s_2 7(- (str.len s_2) 7))) 7 (- 8 7)) c_1)))
(assert (= (str.substr s_2 6 (- 7 6)) c_1))
(assert (not (= (str.substr s_2 5 (- 6 5)) c_1)))
(assert (not (= (str.substr s_2 4 (- 5 4)) c_1)))
(assert (not (= (str.substr s_2 3 (- 4 3)) c_1)))
(assert (not (= (str.substr s_2 2 (- 3 2)) c_1)))
(assert (not (= (str.substr s_2 1 (- 2 1)) c_1)))
(assert (not (= (str.substr s_2 0 (- 1 0)) c_1)))
(assert (>= 9 (str.len (str.++ (str.substr s_2 0 (- 6 0)) (str.substr s_2 7(- (str.len s_2) 7))))))
(assert (< 8 (str.len (str.++ (str.substr s_2 0 (- 6 0)) (str.substr s_2 7(- (str.len s_2) 7))))))
(assert (< 7 (str.len (str.++ (str.substr s_2 0 (- 6 0)) (str.substr s_2 7(- (str.len s_2) 7))))))
(assert (< 6 (str.len s_2)))
(assert (< 5 (str.len s_2)))
(assert (< 4 (str.len s_2)))
(assert (< 3 (str.len s_2)))
(assert (< 2 (str.len s_2)))
(assert (< 1 (str.len s_2)))
(assert (< 0 (str.len s_2)))



======================
(define-fun s_2 () String
  "DEFGHIJABC")
(define-fun c_1 () String
  "J")
Returned solutions: 
(define-fun s_2 () String  "DEFGHIJABC")
(define-fun c_1 () String  "J")
*************************************
Satisfiable: true
c_1 => "J"
s_2 => "DEFGHIJABC"
*************************************

numeric PC: constraint # = 10
CONST_9 < Length_8_ &&
CONST_8 < Length_8_ &&
CONST_7 < Length_8_ &&
CONST_6 < Length_0_ &&
CONST_5 < Length_0_ &&
CONST_4 < Length_0_ &&
CONST_3 < Length_0_ &&
CONST_2 < Length_0_ &&
CONST_1 < Length_0_ &&
CONST_0 < Length_0_ -> true

### PCs: total:74 sat:74 unsat:0

string analysis: SPC # = 9
(.substring[(.substring[(s_2_SYMSTRING)(CONST_6)(CONST_0)].concat(.substring[(s_2_SYMSTRING)(CONST_7)]))(CONST_9)(CONST_8)] notequals c_1_SYMSTRING) && (.substring[(.substring[(s_2_SYMSTRING)(CONST_6)(CONST_0)].concat(.substring[(s_2_SYMSTRING)(CONST_7)]))(CONST_8)(CONST_7)] notequals c_1_SYMSTRING) && (.substring[(s_2_SYMSTRING)(CONST_7)(CONST_6)] equals c_1_SYMSTRING) && (.substring[(s_2_SYMSTRING)(CONST_6)(CONST_5)] notequals c_1_SYMSTRING) && (.substring[(s_2_SYMSTRING)(CONST_5)(CONST_4)] notequals c_1_SYMSTRING) && (.substring[(s_2_SYMSTRING)(CONST_4)(CONST_3)] notequals c_1_SYMSTRING) && (.substring[(s_2_SYMSTRING)(CONST_3)(CONST_2)] notequals c_1_SYMSTRING) && (.substring[(s_2_SYMSTRING)(CONST_2)(CONST_1)] notequals c_1_SYMSTRING) && (.substring[(s_2_SYMSTRING)(CONST_1)(CONST_0)] notequals c_1_SYMSTRING)
NPC constraint # = 10
CONST_9 < Length_8_ &&
CONST_8 < Length_8_ &&
CONST_7 < Length_8_ &&
CONST_6 < Length_0_ &&
CONST_5 < Length_0_ &&
CONST_4 < Length_0_ &&
CONST_3 < Length_0_ &&
CONST_2 < Length_0_ &&
CONST_1 < Length_0_ &&
CONST_0 < Length_0_
$$$$$$$$$$$$$$$$$$$$$$$$$$$$$$$$
Calling Z3str3

current query... 
(declare-const c_1 String)
(declare-const s_2 String)

(assert (not (= (str.substr (str.++ (str.substr s_2 0 (- 6 0)) (str.substr s_2 7(- (str.len s_2) 7))) 8 (- 9 8)) c_1)))
(assert (not (= (str.substr (str.++ (str.substr s_2 0 (- 6 0)) (str.substr s_2 7(- (str.len s_2) 7))) 7 (- 8 7)) c_1)))
(assert (= (str.substr s_2 6 (- 7 6)) c_1))
(assert (not (= (str.substr s_2 5 (- 6 5)) c_1)))
(assert (not (= (str.substr s_2 4 (- 5 4)) c_1)))
(assert (not (= (str.substr s_2 3 (- 4 3)) c_1)))
(assert (not (= (str.substr s_2 2 (- 3 2)) c_1)))
(assert (not (= (str.substr s_2 1 (- 2 1)) c_1)))
(assert (not (= (str.substr s_2 0 (- 1 0)) c_1)))
(assert (< 9 (str.len (str.++ (str.substr s_2 0 (- 6 0)) (str.substr s_2 7(- (str.len s_2) 7))))))
(assert (< 8 (str.len (str.++ (str.substr s_2 0 (- 6 0)) (str.substr s_2 7(- (str.len s_2) 7))))))
(assert (< 7 (str.len (str.++ (str.substr s_2 0 (- 6 0)) (str.substr s_2 7(- (str.len s_2) 7))))))
(assert (< 6 (str.len s_2)))
(assert (< 5 (str.len s_2)))
(assert (< 4 (str.len s_2)))
(assert (< 3 (str.len s_2)))
(assert (< 2 (str.len s_2)))
(assert (< 1 (str.len s_2)))
(assert (< 0 (str.len s_2)))



======================
(define-fun s_2 () String
  "DEFGHIJABCKLMN")
(define-fun c_1 () String
  "J")
Returned solutions: 
(define-fun s_2 () String  "DEFGHIJABCKLMN")
(define-fun c_1 () String  "J")
*************************************
Satisfiable: true
c_1 => "J"
s_2 => "DEFGHIJABCKLMN"
*************************************

numeric PC: constraint # = 10
CONST_9 < Length_8_ &&
CONST_8 < Length_8_ &&
CONST_7 < Length_8_ &&
CONST_6 < Length_0_ &&
CONST_5 < Length_0_ &&
CONST_4 < Length_0_ &&
CONST_3 < Length_0_ &&
CONST_2 < Length_0_ &&
CONST_1 < Length_0_ &&
CONST_0 < Length_0_ -> true

### PCs: total:75 sat:75 unsat:0

string analysis: SPC # = 10
(.substring[(.substring[(s_2_SYMSTRING)(CONST_6)(CONST_0)].concat(.substring[(s_2_SYMSTRING)(CONST_7)]))(CONST_10)(CONST_9)] notequals c_1_SYMSTRING) && (.substring[(.substring[(s_2_SYMSTRING)(CONST_6)(CONST_0)].concat(.substring[(s_2_SYMSTRING)(CONST_7)]))(CONST_9)(CONST_8)] notequals c_1_SYMSTRING) && (.substring[(.substring[(s_2_SYMSTRING)(CONST_6)(CONST_0)].concat(.substring[(s_2_SYMSTRING)(CONST_7)]))(CONST_8)(CONST_7)] notequals c_1_SYMSTRING) && (.substring[(s_2_SYMSTRING)(CONST_7)(CONST_6)] equals c_1_SYMSTRING) && (.substring[(s_2_SYMSTRING)(CONST_6)(CONST_5)] notequals c_1_SYMSTRING) && (.substring[(s_2_SYMSTRING)(CONST_5)(CONST_4)] notequals c_1_SYMSTRING) && (.substring[(s_2_SYMSTRING)(CONST_4)(CONST_3)] notequals c_1_SYMSTRING) && (.substring[(s_2_SYMSTRING)(CONST_3)(CONST_2)] notequals c_1_SYMSTRING) && (.substring[(s_2_SYMSTRING)(CONST_2)(CONST_1)] notequals c_1_SYMSTRING) && (.substring[(s_2_SYMSTRING)(CONST_1)(CONST_0)] notequals c_1_SYMSTRING)
NPC constraint # = 10
CONST_9 < Length_8_ &&
CONST_8 < Length_8_ &&
CONST_7 < Length_8_ &&
CONST_6 < Length_0_ &&
CONST_5 < Length_0_ &&
CONST_4 < Length_0_ &&
CONST_3 < Length_0_ &&
CONST_2 < Length_0_ &&
CONST_1 < Length_0_ &&
CONST_0 < Length_0_
$$$$$$$$$$$$$$$$$$$$$$$$$$$$$$$$
Calling Z3str3

current query... 
(declare-const c_1 String)
(declare-const s_2 String)

(assert (not (= (str.substr (str.++ (str.substr s_2 0 (- 6 0)) (str.substr s_2 7(- (str.len s_2) 7))) 9 (- 10 9)) c_1)))
(assert (not (= (str.substr (str.++ (str.substr s_2 0 (- 6 0)) (str.substr s_2 7(- (str.len s_2) 7))) 8 (- 9 8)) c_1)))
(assert (not (= (str.substr (str.++ (str.substr s_2 0 (- 6 0)) (str.substr s_2 7(- (str.len s_2) 7))) 7 (- 8 7)) c_1)))
(assert (= (str.substr s_2 6 (- 7 6)) c_1))
(assert (not (= (str.substr s_2 5 (- 6 5)) c_1)))
(assert (not (= (str.substr s_2 4 (- 5 4)) c_1)))
(assert (not (= (str.substr s_2 3 (- 4 3)) c_1)))
(assert (not (= (str.substr s_2 2 (- 3 2)) c_1)))
(assert (not (= (str.substr s_2 1 (- 2 1)) c_1)))
(assert (not (= (str.substr s_2 0 (- 1 0)) c_1)))
(assert (< 9 (str.len (str.++ (str.substr s_2 0 (- 6 0)) (str.substr s_2 7(- (str.len s_2) 7))))))
(assert (< 8 (str.len (str.++ (str.substr s_2 0 (- 6 0)) (str.substr s_2 7(- (str.len s_2) 7))))))
(assert (< 7 (str.len (str.++ (str.substr s_2 0 (- 6 0)) (str.substr s_2 7(- (str.len s_2) 7))))))
(assert (< 6 (str.len s_2)))
(assert (< 5 (str.len s_2)))
(assert (< 4 (str.len s_2)))
(assert (< 3 (str.len s_2)))
(assert (< 2 (str.len s_2)))
(assert (< 1 (str.len s_2)))
(assert (< 0 (str.len s_2)))



======================
(define-fun s_2 () String
  "EFGHIJKABCDLMN")
(define-fun c_1 () String
  "K")
Returned solutions: 
(define-fun s_2 () String  "EFGHIJKABCDLMN")
(define-fun c_1 () String  "K")
*************************************
Satisfiable: true
c_1 => "K"
s_2 => "EFGHIJKABCDLMN"
*************************************

numeric PC: constraint # = 11
CONST_10 >= Length_8_ &&
CONST_9 < Length_8_ &&
CONST_8 < Length_8_ &&
CONST_7 < Length_8_ &&
CONST_6 < Length_0_ &&
CONST_5 < Length_0_ &&
CONST_4 < Length_0_ &&
CONST_3 < Length_0_ &&
CONST_2 < Length_0_ &&
CONST_1 < Length_0_ &&
CONST_0 < Length_0_ -> true

### PCs: total:76 sat:76 unsat:0

string analysis: SPC # = 10
(.substring[(.substring[(s_2_SYMSTRING)(CONST_6)(CONST_0)].concat(.substring[(s_2_SYMSTRING)(CONST_7)]))(CONST_10)(CONST_9)] notequals c_1_SYMSTRING) && (.substring[(.substring[(s_2_SYMSTRING)(CONST_6)(CONST_0)].concat(.substring[(s_2_SYMSTRING)(CONST_7)]))(CONST_9)(CONST_8)] notequals c_1_SYMSTRING) && (.substring[(.substring[(s_2_SYMSTRING)(CONST_6)(CONST_0)].concat(.substring[(s_2_SYMSTRING)(CONST_7)]))(CONST_8)(CONST_7)] notequals c_1_SYMSTRING) && (.substring[(s_2_SYMSTRING)(CONST_7)(CONST_6)] equals c_1_SYMSTRING) && (.substring[(s_2_SYMSTRING)(CONST_6)(CONST_5)] notequals c_1_SYMSTRING) && (.substring[(s_2_SYMSTRING)(CONST_5)(CONST_4)] notequals c_1_SYMSTRING) && (.substring[(s_2_SYMSTRING)(CONST_4)(CONST_3)] notequals c_1_SYMSTRING) && (.substring[(s_2_SYMSTRING)(CONST_3)(CONST_2)] notequals c_1_SYMSTRING) && (.substring[(s_2_SYMSTRING)(CONST_2)(CONST_1)] notequals c_1_SYMSTRING) && (.substring[(s_2_SYMSTRING)(CONST_1)(CONST_0)] notequals c_1_SYMSTRING)
NPC constraint # = 11
CONST_10 >= Length_8_ &&
CONST_9 < Length_8_ &&
CONST_8 < Length_8_ &&
CONST_7 < Length_8_ &&
CONST_6 < Length_0_ &&
CONST_5 < Length_0_ &&
CONST_4 < Length_0_ &&
CONST_3 < Length_0_ &&
CONST_2 < Length_0_ &&
CONST_1 < Length_0_ &&
CONST_0 < Length_0_
$$$$$$$$$$$$$$$$$$$$$$$$$$$$$$$$
Calling Z3str3

current query... 
(declare-const c_1 String)
(declare-const s_2 String)

(assert (not (= (str.substr (str.++ (str.substr s_2 0 (- 6 0)) (str.substr s_2 7(- (str.len s_2) 7))) 9 (- 10 9)) c_1)))
(assert (not (= (str.substr (str.++ (str.substr s_2 0 (- 6 0)) (str.substr s_2 7(- (str.len s_2) 7))) 8 (- 9 8)) c_1)))
(assert (not (= (str.substr (str.++ (str.substr s_2 0 (- 6 0)) (str.substr s_2 7(- (str.len s_2) 7))) 7 (- 8 7)) c_1)))
(assert (= (str.substr s_2 6 (- 7 6)) c_1))
(assert (not (= (str.substr s_2 5 (- 6 5)) c_1)))
(assert (not (= (str.substr s_2 4 (- 5 4)) c_1)))
(assert (not (= (str.substr s_2 3 (- 4 3)) c_1)))
(assert (not (= (str.substr s_2 2 (- 3 2)) c_1)))
(assert (not (= (str.substr s_2 1 (- 2 1)) c_1)))
(assert (not (= (str.substr s_2 0 (- 1 0)) c_1)))
(assert (>= 10 (str.len (str.++ (str.substr s_2 0 (- 6 0)) (str.substr s_2 7(- (str.len s_2) 7))))))
(assert (< 9 (str.len (str.++ (str.substr s_2 0 (- 6 0)) (str.substr s_2 7(- (str.len s_2) 7))))))
(assert (< 8 (str.len (str.++ (str.substr s_2 0 (- 6 0)) (str.substr s_2 7(- (str.len s_2) 7))))))
(assert (< 7 (str.len (str.++ (str.substr s_2 0 (- 6 0)) (str.substr s_2 7(- (str.len s_2) 7))))))
(assert (< 6 (str.len s_2)))
(assert (< 5 (str.len s_2)))
(assert (< 4 (str.len s_2)))
(assert (< 3 (str.len s_2)))
(assert (< 2 (str.len s_2)))
(assert (< 1 (str.len s_2)))
(assert (< 0 (str.len s_2)))



======================
(define-fun s_2 () String
  "EFGHIJKABCD")
(define-fun c_1 () String
  "K")
Returned solutions: 
(define-fun s_2 () String  "EFGHIJKABCD")
(define-fun c_1 () String  "K")
*************************************
Satisfiable: true
c_1 => "K"
s_2 => "EFGHIJKABCD"
*************************************

numeric PC: constraint # = 11
CONST_10 < Length_8_ &&
CONST_9 < Length_8_ &&
CONST_8 < Length_8_ &&
CONST_7 < Length_8_ &&
CONST_6 < Length_0_ &&
CONST_5 < Length_0_ &&
CONST_4 < Length_0_ &&
CONST_3 < Length_0_ &&
CONST_2 < Length_0_ &&
CONST_1 < Length_0_ &&
CONST_0 < Length_0_ -> true

### PCs: total:77 sat:77 unsat:0

string analysis: SPC # = 10
(.substring[(.substring[(s_2_SYMSTRING)(CONST_6)(CONST_0)].concat(.substring[(s_2_SYMSTRING)(CONST_7)]))(CONST_10)(CONST_9)] notequals c_1_SYMSTRING) && (.substring[(.substring[(s_2_SYMSTRING)(CONST_6)(CONST_0)].concat(.substring[(s_2_SYMSTRING)(CONST_7)]))(CONST_9)(CONST_8)] notequals c_1_SYMSTRING) && (.substring[(.substring[(s_2_SYMSTRING)(CONST_6)(CONST_0)].concat(.substring[(s_2_SYMSTRING)(CONST_7)]))(CONST_8)(CONST_7)] notequals c_1_SYMSTRING) && (.substring[(s_2_SYMSTRING)(CONST_7)(CONST_6)] equals c_1_SYMSTRING) && (.substring[(s_2_SYMSTRING)(CONST_6)(CONST_5)] notequals c_1_SYMSTRING) && (.substring[(s_2_SYMSTRING)(CONST_5)(CONST_4)] notequals c_1_SYMSTRING) && (.substring[(s_2_SYMSTRING)(CONST_4)(CONST_3)] notequals c_1_SYMSTRING) && (.substring[(s_2_SYMSTRING)(CONST_3)(CONST_2)] notequals c_1_SYMSTRING) && (.substring[(s_2_SYMSTRING)(CONST_2)(CONST_1)] notequals c_1_SYMSTRING) && (.substring[(s_2_SYMSTRING)(CONST_1)(CONST_0)] notequals c_1_SYMSTRING)
NPC constraint # = 11
CONST_10 < Length_8_ &&
CONST_9 < Length_8_ &&
CONST_8 < Length_8_ &&
CONST_7 < Length_8_ &&
CONST_6 < Length_0_ &&
CONST_5 < Length_0_ &&
CONST_4 < Length_0_ &&
CONST_3 < Length_0_ &&
CONST_2 < Length_0_ &&
CONST_1 < Length_0_ &&
CONST_0 < Length_0_
$$$$$$$$$$$$$$$$$$$$$$$$$$$$$$$$
Calling Z3str3

current query... 
(declare-const c_1 String)
(declare-const s_2 String)

(assert (not (= (str.substr (str.++ (str.substr s_2 0 (- 6 0)) (str.substr s_2 7(- (str.len s_2) 7))) 9 (- 10 9)) c_1)))
(assert (not (= (str.substr (str.++ (str.substr s_2 0 (- 6 0)) (str.substr s_2 7(- (str.len s_2) 7))) 8 (- 9 8)) c_1)))
(assert (not (= (str.substr (str.++ (str.substr s_2 0 (- 6 0)) (str.substr s_2 7(- (str.len s_2) 7))) 7 (- 8 7)) c_1)))
(assert (= (str.substr s_2 6 (- 7 6)) c_1))
(assert (not (= (str.substr s_2 5 (- 6 5)) c_1)))
(assert (not (= (str.substr s_2 4 (- 5 4)) c_1)))
(assert (not (= (str.substr s_2 3 (- 4 3)) c_1)))
(assert (not (= (str.substr s_2 2 (- 3 2)) c_1)))
(assert (not (= (str.substr s_2 1 (- 2 1)) c_1)))
(assert (not (= (str.substr s_2 0 (- 1 0)) c_1)))
(assert (< 10 (str.len (str.++ (str.substr s_2 0 (- 6 0)) (str.substr s_2 7(- (str.len s_2) 7))))))
(assert (< 9 (str.len (str.++ (str.substr s_2 0 (- 6 0)) (str.substr s_2 7(- (str.len s_2) 7))))))
(assert (< 8 (str.len (str.++ (str.substr s_2 0 (- 6 0)) (str.substr s_2 7(- (str.len s_2) 7))))))
(assert (< 7 (str.len (str.++ (str.substr s_2 0 (- 6 0)) (str.substr s_2 7(- (str.len s_2) 7))))))
(assert (< 6 (str.len s_2)))
(assert (< 5 (str.len s_2)))
(assert (< 4 (str.len s_2)))
(assert (< 3 (str.len s_2)))
(assert (< 2 (str.len s_2)))
(assert (< 1 (str.len s_2)))
(assert (< 0 (str.len s_2)))



======================
(define-fun s_2 () String
  "EFGHIJKABCDLMNO")
(define-fun c_1 () String
  "K")
Returned solutions: 
(define-fun s_2 () String  "EFGHIJKABCDLMNO")
(define-fun c_1 () String  "K")
*************************************
Satisfiable: true
c_1 => "K"
s_2 => "EFGHIJKABCDLMNO"
*************************************


====================================================== search constraint
depth limit reached: 23

====================================================== snapshot 
thread java.lang.Thread:{id:0,name:main,status:RUNNING,priority:5,isDaemon:false,lockCount:0,suspendCount:0}
  call stack:
	at strings.StringSearch.search_2(StringSearch.java:29)
	at strings.StringSearch.main(StringSearch.java:8)

numeric PC: constraint # = 11
CONST_10 < Length_8_ &&
CONST_9 < Length_8_ &&
CONST_8 < Length_8_ &&
CONST_7 < Length_8_ &&
CONST_6 < Length_0_ &&
CONST_5 < Length_0_ &&
CONST_4 < Length_0_ &&
CONST_3 < Length_0_ &&
CONST_2 < Length_0_ &&
CONST_1 < Length_0_ &&
CONST_0 < Length_0_ -> true

string analysis: SPC # = 10
(.substring[(.substring[(s_2_SYMSTRING)(CONST_6)(CONST_0)].concat(.substring[(s_2_SYMSTRING)(CONST_7)]))(CONST_10)(CONST_9)] notequals c_1_SYMSTRING) && (.substring[(.substring[(s_2_SYMSTRING)(CONST_6)(CONST_0)].concat(.substring[(s_2_SYMSTRING)(CONST_7)]))(CONST_9)(CONST_8)] notequals c_1_SYMSTRING) && (.substring[(.substring[(s_2_SYMSTRING)(CONST_6)(CONST_0)].concat(.substring[(s_2_SYMSTRING)(CONST_7)]))(CONST_8)(CONST_7)] notequals c_1_SYMSTRING) && (.substring[(s_2_SYMSTRING)(CONST_7)(CONST_6)] equals c_1_SYMSTRING) && (.substring[(s_2_SYMSTRING)(CONST_6)(CONST_5)] notequals c_1_SYMSTRING) && (.substring[(s_2_SYMSTRING)(CONST_5)(CONST_4)] notequals c_1_SYMSTRING) && (.substring[(s_2_SYMSTRING)(CONST_4)(CONST_3)] notequals c_1_SYMSTRING) && (.substring[(s_2_SYMSTRING)(CONST_3)(CONST_2)] notequals c_1_SYMSTRING) && (.substring[(s_2_SYMSTRING)(CONST_2)(CONST_1)] notequals c_1_SYMSTRING) && (.substring[(s_2_SYMSTRING)(CONST_1)(CONST_0)] notequals c_1_SYMSTRING)
NPC constraint # = 11
CONST_10 < Length_8_[11] &&
CONST_9 < Length_8_[11] &&
CONST_8 < Length_8_[11] &&
CONST_7 < Length_8_[11] &&
CONST_6 < Length_0_[7] &&
CONST_5 < Length_0_[7] &&
CONST_4 < Length_0_[7] &&
CONST_3 < Length_0_[7] &&
CONST_2 < Length_0_[7] &&
CONST_1 < Length_0_[7] &&
CONST_0 < Length_0_[7]
$$$$$$$$$$$$$$$$$$$$$$$$$$$$$$$$
Calling Z3str3

current query... 
(declare-const c_1 String)
(declare-const s_2 String)

(assert (not (= (str.substr (str.++ (str.substr s_2 0 (- 6 0)) (str.substr s_2 7(- (str.len s_2) 7))) 9 (- 10 9)) c_1)))
(assert (not (= (str.substr (str.++ (str.substr s_2 0 (- 6 0)) (str.substr s_2 7(- (str.len s_2) 7))) 8 (- 9 8)) c_1)))
(assert (not (= (str.substr (str.++ (str.substr s_2 0 (- 6 0)) (str.substr s_2 7(- (str.len s_2) 7))) 7 (- 8 7)) c_1)))
(assert (= (str.substr s_2 6 (- 7 6)) c_1))
(assert (not (= (str.substr s_2 5 (- 6 5)) c_1)))
(assert (not (= (str.substr s_2 4 (- 5 4)) c_1)))
(assert (not (= (str.substr s_2 3 (- 4 3)) c_1)))
(assert (not (= (str.substr s_2 2 (- 3 2)) c_1)))
(assert (not (= (str.substr s_2 1 (- 2 1)) c_1)))
(assert (not (= (str.substr s_2 0 (- 1 0)) c_1)))
(assert (< 10 (str.len (str.++ (str.substr s_2 0 (- 6 0)) (str.substr s_2 7(- (str.len s_2) 7))))))
(assert (< 9 (str.len (str.++ (str.substr s_2 0 (- 6 0)) (str.substr s_2 7(- (str.len s_2) 7))))))
(assert (< 8 (str.len (str.++ (str.substr s_2 0 (- 6 0)) (str.substr s_2 7(- (str.len s_2) 7))))))
(assert (< 7 (str.len (str.++ (str.substr s_2 0 (- 6 0)) (str.substr s_2 7(- (str.len s_2) 7))))))
(assert (< 6 (str.len s_2)))
(assert (< 5 (str.len s_2)))
(assert (< 4 (str.len s_2)))
(assert (< 3 (str.len s_2)))
(assert (< 2 (str.len s_2)))
(assert (< 1 (str.len s_2)))
(assert (< 0 (str.len s_2)))



======================
(define-fun s_2 () String
  "EFGHIJKABCDLMNO")
(define-fun c_1 () String
  "K")
Returned solutions: 
(define-fun s_2 () String  "EFGHIJKABCDLMNO")
(define-fun c_1 () String  "K")
*************************************
Satisfiable: true
c_1 => "K"
s_2 => "EFGHIJKABCDLMNO"
*************************************

Symbolic Exp [ .substring[(s_2_SYMSTRING[**UNDEFINED**])(CONST_6)(CONST_0)].concat(.substring[(s_2_SYMSTRING[**UNDEFINED**])(CONST_7)])]
test This is a tttest haystack string for testing.
0
114514
0

====================================================== search constraint
depth limit reached: 23

====================================================== snapshot 
no live threads
numeric PC: constraint # = 11
CONST_10 >= Length_8_ &&
CONST_9 < Length_8_ &&
CONST_8 < Length_8_ &&
CONST_7 < Length_8_ &&
CONST_6 < Length_0_ &&
CONST_5 < Length_0_ &&
CONST_4 < Length_0_ &&
CONST_3 < Length_0_ &&
CONST_2 < Length_0_ &&
CONST_1 < Length_0_ &&
CONST_0 < Length_0_ -> true

string analysis: SPC # = 10
(.substring[(.substring[(s_2_SYMSTRING[**UNDEFINED**])(CONST_6)(CONST_0)].concat(.substring[(s_2_SYMSTRING[**UNDEFINED**])(CONST_7)]))(CONST_10)(CONST_9)] notequals c_1_SYMSTRING[**UNDEFINED**]) && (.substring[(.substring[(s_2_SYMSTRING[**UNDEFINED**])(CONST_6)(CONST_0)].concat(.substring[(s_2_SYMSTRING[**UNDEFINED**])(CONST_7)]))(CONST_9)(CONST_8)] notequals c_1_SYMSTRING[**UNDEFINED**]) && (.substring[(.substring[(s_2_SYMSTRING[**UNDEFINED**])(CONST_6)(CONST_0)].concat(.substring[(s_2_SYMSTRING[**UNDEFINED**])(CONST_7)]))(CONST_8)(CONST_7)] notequals c_1_SYMSTRING[**UNDEFINED**]) && (.substring[(s_2_SYMSTRING[**UNDEFINED**])(CONST_7)(CONST_6)] equals c_1_SYMSTRING[**UNDEFINED**]) && (.substring[(s_2_SYMSTRING[**UNDEFINED**])(CONST_6)(CONST_5)] notequals c_1_SYMSTRING[**UNDEFINED**]) && (.substring[(s_2_SYMSTRING[**UNDEFINED**])(CONST_5)(CONST_4)] notequals c_1_SYMSTRING[**UNDEFINED**]) && (.substring[(s_2_SYMSTRING[**UNDEFINED**])(CONST_4)(CONST_3)] notequals c_1_SYMSTRING[**UNDEFINED**]) && (.substring[(s_2_SYMSTRING[**UNDEFINED**])(CONST_3)(CONST_2)] notequals c_1_SYMSTRING[**UNDEFINED**]) && (.substring[(s_2_SYMSTRING[**UNDEFINED**])(CONST_2)(CONST_1)] notequals c_1_SYMSTRING[**UNDEFINED**]) && (.substring[(s_2_SYMSTRING[**UNDEFINED**])(CONST_1)(CONST_0)] notequals c_1_SYMSTRING[**UNDEFINED**])
NPC constraint # = 11
CONST_10 >= Length_8_[10] &&
CONST_9 < Length_8_[10] &&
CONST_8 < Length_8_[10] &&
CONST_7 < Length_8_[10] &&
CONST_6 < Length_0_[7] &&
CONST_5 < Length_0_[7] &&
CONST_4 < Length_0_[7] &&
CONST_3 < Length_0_[7] &&
CONST_2 < Length_0_[7] &&
CONST_1 < Length_0_[7] &&
CONST_0 < Length_0_[7]
$$$$$$$$$$$$$$$$$$$$$$$$$$$$$$$$
Calling Z3str3

current query... 
(declare-const c_1 String)
(declare-const s_2 String)

(assert (not (= (str.substr (str.++ (str.substr s_2 0 (- 6 0)) (str.substr s_2 7(- (str.len s_2) 7))) 9 (- 10 9)) c_1)))
(assert (not (= (str.substr (str.++ (str.substr s_2 0 (- 6 0)) (str.substr s_2 7(- (str.len s_2) 7))) 8 (- 9 8)) c_1)))
(assert (not (= (str.substr (str.++ (str.substr s_2 0 (- 6 0)) (str.substr s_2 7(- (str.len s_2) 7))) 7 (- 8 7)) c_1)))
(assert (= (str.substr s_2 6 (- 7 6)) c_1))
(assert (not (= (str.substr s_2 5 (- 6 5)) c_1)))
(assert (not (= (str.substr s_2 4 (- 5 4)) c_1)))
(assert (not (= (str.substr s_2 3 (- 4 3)) c_1)))
(assert (not (= (str.substr s_2 2 (- 3 2)) c_1)))
(assert (not (= (str.substr s_2 1 (- 2 1)) c_1)))
(assert (not (= (str.substr s_2 0 (- 1 0)) c_1)))
(assert (>= 10 (str.len (str.++ (str.substr s_2 0 (- 6 0)) (str.substr s_2 7(- (str.len s_2) 7))))))
(assert (< 9 (str.len (str.++ (str.substr s_2 0 (- 6 0)) (str.substr s_2 7(- (str.len s_2) 7))))))
(assert (< 8 (str.len (str.++ (str.substr s_2 0 (- 6 0)) (str.substr s_2 7(- (str.len s_2) 7))))))
(assert (< 7 (str.len (str.++ (str.substr s_2 0 (- 6 0)) (str.substr s_2 7(- (str.len s_2) 7))))))
(assert (< 6 (str.len s_2)))
(assert (< 5 (str.len s_2)))
(assert (< 4 (str.len s_2)))
(assert (< 3 (str.len s_2)))
(assert (< 2 (str.len s_2)))
(assert (< 1 (str.len s_2)))
(assert (< 0 (str.len s_2)))



======================
(define-fun s_2 () String
  "EFGHIJKABCD")
(define-fun c_1 () String
  "K")
Returned solutions: 
(define-fun s_2 () String  "EFGHIJKABCD")
(define-fun c_1 () String  "K")
*************************************
Satisfiable: true
c_1 => "K"
s_2 => "EFGHIJKABCD"
*************************************

numeric PC: constraint # = 10
CONST_9 < Length_8_[10] &&
CONST_8 < Length_8_[10] &&
CONST_7 < Length_8_[10] &&
CONST_6 < Length_0_[7] &&
CONST_5 < Length_0_[7] &&
CONST_4 < Length_0_[7] &&
CONST_3 < Length_0_[7] &&
CONST_2 < Length_0_[7] &&
CONST_1 < Length_0_[7] &&
CONST_0 < Length_0_[7] -> true

string analysis: SPC # = 10
(.substring[(.substring[(s_2_SYMSTRING[**UNDEFINED**])(CONST_6)(CONST_0)].concat(.substring[(s_2_SYMSTRING[**UNDEFINED**])(CONST_7)]))(CONST_10)(CONST_9)] notequals c_1_SYMSTRING[**UNDEFINED**]) && (.substring[(.substring[(s_2_SYMSTRING[**UNDEFINED**])(CONST_6)(CONST_0)].concat(.substring[(s_2_SYMSTRING[**UNDEFINED**])(CONST_7)]))(CONST_9)(CONST_8)] notequals c_1_SYMSTRING[**UNDEFINED**]) && (.substring[(.substring[(s_2_SYMSTRING[**UNDEFINED**])(CONST_6)(CONST_0)].concat(.substring[(s_2_SYMSTRING[**UNDEFINED**])(CONST_7)]))(CONST_8)(CONST_7)] notequals c_1_SYMSTRING[**UNDEFINED**]) && (.substring[(s_2_SYMSTRING[**UNDEFINED**])(CONST_7)(CONST_6)] equals c_1_SYMSTRING[**UNDEFINED**]) && (.substring[(s_2_SYMSTRING[**UNDEFINED**])(CONST_6)(CONST_5)] notequals c_1_SYMSTRING[**UNDEFINED**]) && (.substring[(s_2_SYMSTRING[**UNDEFINED**])(CONST_5)(CONST_4)] notequals c_1_SYMSTRING[**UNDEFINED**]) && (.substring[(s_2_SYMSTRING[**UNDEFINED**])(CONST_4)(CONST_3)] notequals c_1_SYMSTRING[**UNDEFINED**]) && (.substring[(s_2_SYMSTRING[**UNDEFINED**])(CONST_3)(CONST_2)] notequals c_1_SYMSTRING[**UNDEFINED**]) && (.substring[(s_2_SYMSTRING[**UNDEFINED**])(CONST_2)(CONST_1)] notequals c_1_SYMSTRING[**UNDEFINED**]) && (.substring[(s_2_SYMSTRING[**UNDEFINED**])(CONST_1)(CONST_0)] notequals c_1_SYMSTRING[**UNDEFINED**])
NPC constraint # = 10
CONST_9 < Length_8_[10] &&
CONST_8 < Length_8_[10] &&
CONST_7 < Length_8_[10] &&
CONST_6 < Length_0_[7] &&
CONST_5 < Length_0_[7] &&
CONST_4 < Length_0_[7] &&
CONST_3 < Length_0_[7] &&
CONST_2 < Length_0_[7] &&
CONST_1 < Length_0_[7] &&
CONST_0 < Length_0_[7]
$$$$$$$$$$$$$$$$$$$$$$$$$$$$$$$$
Calling Z3str3

current query... 
(declare-const c_1 String)
(declare-const s_2 String)

(assert (not (= (str.substr (str.++ (str.substr s_2 0 (- 6 0)) (str.substr s_2 7(- (str.len s_2) 7))) 9 (- 10 9)) c_1)))
(assert (not (= (str.substr (str.++ (str.substr s_2 0 (- 6 0)) (str.substr s_2 7(- (str.len s_2) 7))) 8 (- 9 8)) c_1)))
(assert (not (= (str.substr (str.++ (str.substr s_2 0 (- 6 0)) (str.substr s_2 7(- (str.len s_2) 7))) 7 (- 8 7)) c_1)))
(assert (= (str.substr s_2 6 (- 7 6)) c_1))
(assert (not (= (str.substr s_2 5 (- 6 5)) c_1)))
(assert (not (= (str.substr s_2 4 (- 5 4)) c_1)))
(assert (not (= (str.substr s_2 3 (- 4 3)) c_1)))
(assert (not (= (str.substr s_2 2 (- 3 2)) c_1)))
(assert (not (= (str.substr s_2 1 (- 2 1)) c_1)))
(assert (not (= (str.substr s_2 0 (- 1 0)) c_1)))
(assert (< 9 (str.len (str.++ (str.substr s_2 0 (- 6 0)) (str.substr s_2 7(- (str.len s_2) 7))))))
(assert (< 8 (str.len (str.++ (str.substr s_2 0 (- 6 0)) (str.substr s_2 7(- (str.len s_2) 7))))))
(assert (< 7 (str.len (str.++ (str.substr s_2 0 (- 6 0)) (str.substr s_2 7(- (str.len s_2) 7))))))
(assert (< 6 (str.len s_2)))
(assert (< 5 (str.len s_2)))
(assert (< 4 (str.len s_2)))
(assert (< 3 (str.len s_2)))
(assert (< 2 (str.len s_2)))
(assert (< 1 (str.len s_2)))
(assert (< 0 (str.len s_2)))



======================
(define-fun s_2 () String
  "EFGHIJKABCDLMN")
(define-fun c_1 () String
  "K")
Returned solutions: 
(define-fun s_2 () String  "EFGHIJKABCDLMN")
(define-fun c_1 () String  "K")
*************************************
Satisfiable: true
c_1 => "K"
s_2 => "EFGHIJKABCDLMN"
*************************************

numeric PC: constraint # = 10
CONST_9 < Length_8_[10] &&
CONST_8 < Length_8_[10] &&
CONST_7 < Length_8_[10] &&
CONST_6 < Length_0_[7] &&
CONST_5 < Length_0_[7] &&
CONST_4 < Length_0_[7] &&
CONST_3 < Length_0_[7] &&
CONST_2 < Length_0_[7] &&
CONST_1 < Length_0_[7] &&
CONST_0 < Length_0_[7] -> true

### PCs: total:78 sat:78 unsat:0

string analysis: SPC # = 10
(.substring[(.substring[(s_2_SYMSTRING)(CONST_6)(CONST_0)].concat(.substring[(s_2_SYMSTRING)(CONST_7)]))(CONST_10)(CONST_9)] equals c_1_SYMSTRING) && (.substring[(.substring[(s_2_SYMSTRING)(CONST_6)(CONST_0)].concat(.substring[(s_2_SYMSTRING)(CONST_7)]))(CONST_9)(CONST_8)] notequals c_1_SYMSTRING) && (.substring[(.substring[(s_2_SYMSTRING)(CONST_6)(CONST_0)].concat(.substring[(s_2_SYMSTRING)(CONST_7)]))(CONST_8)(CONST_7)] notequals c_1_SYMSTRING) && (.substring[(s_2_SYMSTRING)(CONST_7)(CONST_6)] equals c_1_SYMSTRING) && (.substring[(s_2_SYMSTRING)(CONST_6)(CONST_5)] notequals c_1_SYMSTRING) && (.substring[(s_2_SYMSTRING)(CONST_5)(CONST_4)] notequals c_1_SYMSTRING) && (.substring[(s_2_SYMSTRING)(CONST_4)(CONST_3)] notequals c_1_SYMSTRING) && (.substring[(s_2_SYMSTRING)(CONST_3)(CONST_2)] notequals c_1_SYMSTRING) && (.substring[(s_2_SYMSTRING)(CONST_2)(CONST_1)] notequals c_1_SYMSTRING) && (.substring[(s_2_SYMSTRING)(CONST_1)(CONST_0)] notequals c_1_SYMSTRING)
NPC constraint # = 10
CONST_9 < Length_8_[10] &&
CONST_8 < Length_8_[10] &&
CONST_7 < Length_8_[10] &&
CONST_6 < Length_0_[7] &&
CONST_5 < Length_0_[7] &&
CONST_4 < Length_0_[7] &&
CONST_3 < Length_0_[7] &&
CONST_2 < Length_0_[7] &&
CONST_1 < Length_0_[7] &&
CONST_0 < Length_0_[7]
$$$$$$$$$$$$$$$$$$$$$$$$$$$$$$$$
Calling Z3str3

current query... 
(declare-const c_1 String)
(declare-const s_2 String)

(assert (= (str.substr (str.++ (str.substr s_2 0 (- 6 0)) (str.substr s_2 7(- (str.len s_2) 7))) 9 (- 10 9)) c_1))
(assert (not (= (str.substr (str.++ (str.substr s_2 0 (- 6 0)) (str.substr s_2 7(- (str.len s_2) 7))) 8 (- 9 8)) c_1)))
(assert (not (= (str.substr (str.++ (str.substr s_2 0 (- 6 0)) (str.substr s_2 7(- (str.len s_2) 7))) 7 (- 8 7)) c_1)))
(assert (= (str.substr s_2 6 (- 7 6)) c_1))
(assert (not (= (str.substr s_2 5 (- 6 5)) c_1)))
(assert (not (= (str.substr s_2 4 (- 5 4)) c_1)))
(assert (not (= (str.substr s_2 3 (- 4 3)) c_1)))
(assert (not (= (str.substr s_2 2 (- 3 2)) c_1)))
(assert (not (= (str.substr s_2 1 (- 2 1)) c_1)))
(assert (not (= (str.substr s_2 0 (- 1 0)) c_1)))
(assert (< 9 (str.len (str.++ (str.substr s_2 0 (- 6 0)) (str.substr s_2 7(- (str.len s_2) 7))))))
(assert (< 8 (str.len (str.++ (str.substr s_2 0 (- 6 0)) (str.substr s_2 7(- (str.len s_2) 7))))))
(assert (< 7 (str.len (str.++ (str.substr s_2 0 (- 6 0)) (str.substr s_2 7(- (str.len s_2) 7))))))
(assert (< 6 (str.len s_2)))
(assert (< 5 (str.len s_2)))
(assert (< 4 (str.len s_2)))
(assert (< 3 (str.len s_2)))
(assert (< 2 (str.len s_2)))
(assert (< 1 (str.len s_2)))
(assert (< 0 (str.len s_2)))



======================
(define-fun s_2 () String
  "DEFGHIJABCJKLM")
(define-fun c_1 () String
  "J")
Returned solutions: 
(define-fun s_2 () String  "DEFGHIJABCJKLM")
(define-fun c_1 () String  "J")
*************************************
Satisfiable: true
c_1 => "J"
s_2 => "DEFGHIJABCJKLM"
*************************************

New sym int Length_9_ min=0, max=30
numeric PC: constraint # = 11
CONST_10 >= Length_9_ &&
CONST_9 < Length_8_ &&
CONST_8 < Length_8_ &&
CONST_7 < Length_8_ &&
CONST_6 < Length_0_ &&
CONST_5 < Length_0_ &&
CONST_4 < Length_0_ &&
CONST_3 < Length_0_ &&
CONST_2 < Length_0_ &&
CONST_1 < Length_0_ &&
CONST_0 < Length_0_ -> true

### PCs: total:79 sat:79 unsat:0

string analysis: SPC # = 10
(.substring[(.substring[(s_2_SYMSTRING)(CONST_6)(CONST_0)].concat(.substring[(s_2_SYMSTRING)(CONST_7)]))(CONST_10)(CONST_9)] equals c_1_SYMSTRING) && (.substring[(.substring[(s_2_SYMSTRING)(CONST_6)(CONST_0)].concat(.substring[(s_2_SYMSTRING)(CONST_7)]))(CONST_9)(CONST_8)] notequals c_1_SYMSTRING) && (.substring[(.substring[(s_2_SYMSTRING)(CONST_6)(CONST_0)].concat(.substring[(s_2_SYMSTRING)(CONST_7)]))(CONST_8)(CONST_7)] notequals c_1_SYMSTRING) && (.substring[(s_2_SYMSTRING)(CONST_7)(CONST_6)] equals c_1_SYMSTRING) && (.substring[(s_2_SYMSTRING)(CONST_6)(CONST_5)] notequals c_1_SYMSTRING) && (.substring[(s_2_SYMSTRING)(CONST_5)(CONST_4)] notequals c_1_SYMSTRING) && (.substring[(s_2_SYMSTRING)(CONST_4)(CONST_3)] notequals c_1_SYMSTRING) && (.substring[(s_2_SYMSTRING)(CONST_3)(CONST_2)] notequals c_1_SYMSTRING) && (.substring[(s_2_SYMSTRING)(CONST_2)(CONST_1)] notequals c_1_SYMSTRING) && (.substring[(s_2_SYMSTRING)(CONST_1)(CONST_0)] notequals c_1_SYMSTRING)
NPC constraint # = 11
CONST_10 >= Length_9_ &&
CONST_9 < Length_8_ &&
CONST_8 < Length_8_ &&
CONST_7 < Length_8_ &&
CONST_6 < Length_0_ &&
CONST_5 < Length_0_ &&
CONST_4 < Length_0_ &&
CONST_3 < Length_0_ &&
CONST_2 < Length_0_ &&
CONST_1 < Length_0_ &&
CONST_0 < Length_0_
$$$$$$$$$$$$$$$$$$$$$$$$$$$$$$$$
Calling Z3str3

current query... 
(declare-const c_1 String)
(declare-const s_2 String)

(assert (= (str.substr (str.++ (str.substr s_2 0 (- 6 0)) (str.substr s_2 7(- (str.len s_2) 7))) 9 (- 10 9)) c_1))
(assert (not (= (str.substr (str.++ (str.substr s_2 0 (- 6 0)) (str.substr s_2 7(- (str.len s_2) 7))) 8 (- 9 8)) c_1)))
(assert (not (= (str.substr (str.++ (str.substr s_2 0 (- 6 0)) (str.substr s_2 7(- (str.len s_2) 7))) 7 (- 8 7)) c_1)))
(assert (= (str.substr s_2 6 (- 7 6)) c_1))
(assert (not (= (str.substr s_2 5 (- 6 5)) c_1)))
(assert (not (= (str.substr s_2 4 (- 5 4)) c_1)))
(assert (not (= (str.substr s_2 3 (- 4 3)) c_1)))
(assert (not (= (str.substr s_2 2 (- 3 2)) c_1)))
(assert (not (= (str.substr s_2 1 (- 2 1)) c_1)))
(assert (not (= (str.substr s_2 0 (- 1 0)) c_1)))
(assert (>= 10 (str.len (str.++ (str.substr (str.++ (str.substr s_2 0 (- 6 0)) (str.substr s_2 7(- (str.len s_2) 7))) 0 (- 9 0)) (str.substr (str.++ (str.substr s_2 0 (- 6 0)) (str.substr s_2 7(- (str.len s_2) 7))) 10(- (str.len (str.++ (str.substr s_2 0 (- 6 0)) (str.substr s_2 7(- (str.len s_2) 7)))) 10))))))
(assert (< 9 (str.len (str.++ (str.substr s_2 0 (- 6 0)) (str.substr s_2 7(- (str.len s_2) 7))))))
(assert (< 8 (str.len (str.++ (str.substr s_2 0 (- 6 0)) (str.substr s_2 7(- (str.len s_2) 7))))))
(assert (< 7 (str.len (str.++ (str.substr s_2 0 (- 6 0)) (str.substr s_2 7(- (str.len s_2) 7))))))
(assert (< 6 (str.len s_2)))
(assert (< 5 (str.len s_2)))
(assert (< 4 (str.len s_2)))
(assert (< 3 (str.len s_2)))
(assert (< 2 (str.len s_2)))
(assert (< 1 (str.len s_2)))
(assert (< 0 (str.len s_2)))



======================
(define-fun s_2 () String
  "EFGHIJDABCDK")
(define-fun c_1 () String
  "D")
Returned solutions: 
(define-fun s_2 () String  "EFGHIJDABCDK")
(define-fun c_1 () String  "D")
*************************************
Satisfiable: true
c_1 => "D"
s_2 => "EFGHIJDABCDK"
*************************************

numeric PC: constraint # = 11
CONST_10 < Length_9_ &&
CONST_9 < Length_8_ &&
CONST_8 < Length_8_ &&
CONST_7 < Length_8_ &&
CONST_6 < Length_0_ &&
CONST_5 < Length_0_ &&
CONST_4 < Length_0_ &&
CONST_3 < Length_0_ &&
CONST_2 < Length_0_ &&
CONST_1 < Length_0_ &&
CONST_0 < Length_0_ -> true

### PCs: total:80 sat:80 unsat:0

string analysis: SPC # = 10
(.substring[(.substring[(s_2_SYMSTRING)(CONST_6)(CONST_0)].concat(.substring[(s_2_SYMSTRING)(CONST_7)]))(CONST_10)(CONST_9)] equals c_1_SYMSTRING) && (.substring[(.substring[(s_2_SYMSTRING)(CONST_6)(CONST_0)].concat(.substring[(s_2_SYMSTRING)(CONST_7)]))(CONST_9)(CONST_8)] notequals c_1_SYMSTRING) && (.substring[(.substring[(s_2_SYMSTRING)(CONST_6)(CONST_0)].concat(.substring[(s_2_SYMSTRING)(CONST_7)]))(CONST_8)(CONST_7)] notequals c_1_SYMSTRING) && (.substring[(s_2_SYMSTRING)(CONST_7)(CONST_6)] equals c_1_SYMSTRING) && (.substring[(s_2_SYMSTRING)(CONST_6)(CONST_5)] notequals c_1_SYMSTRING) && (.substring[(s_2_SYMSTRING)(CONST_5)(CONST_4)] notequals c_1_SYMSTRING) && (.substring[(s_2_SYMSTRING)(CONST_4)(CONST_3)] notequals c_1_SYMSTRING) && (.substring[(s_2_SYMSTRING)(CONST_3)(CONST_2)] notequals c_1_SYMSTRING) && (.substring[(s_2_SYMSTRING)(CONST_2)(CONST_1)] notequals c_1_SYMSTRING) && (.substring[(s_2_SYMSTRING)(CONST_1)(CONST_0)] notequals c_1_SYMSTRING)
NPC constraint # = 11
CONST_10 < Length_9_ &&
CONST_9 < Length_8_ &&
CONST_8 < Length_8_ &&
CONST_7 < Length_8_ &&
CONST_6 < Length_0_ &&
CONST_5 < Length_0_ &&
CONST_4 < Length_0_ &&
CONST_3 < Length_0_ &&
CONST_2 < Length_0_ &&
CONST_1 < Length_0_ &&
CONST_0 < Length_0_
$$$$$$$$$$$$$$$$$$$$$$$$$$$$$$$$
Calling Z3str3

current query... 
(declare-const c_1 String)
(declare-const s_2 String)

(assert (= (str.substr (str.++ (str.substr s_2 0 (- 6 0)) (str.substr s_2 7(- (str.len s_2) 7))) 9 (- 10 9)) c_1))
(assert (not (= (str.substr (str.++ (str.substr s_2 0 (- 6 0)) (str.substr s_2 7(- (str.len s_2) 7))) 8 (- 9 8)) c_1)))
(assert (not (= (str.substr (str.++ (str.substr s_2 0 (- 6 0)) (str.substr s_2 7(- (str.len s_2) 7))) 7 (- 8 7)) c_1)))
(assert (= (str.substr s_2 6 (- 7 6)) c_1))
(assert (not (= (str.substr s_2 5 (- 6 5)) c_1)))
(assert (not (= (str.substr s_2 4 (- 5 4)) c_1)))
(assert (not (= (str.substr s_2 3 (- 4 3)) c_1)))
(assert (not (= (str.substr s_2 2 (- 3 2)) c_1)))
(assert (not (= (str.substr s_2 1 (- 2 1)) c_1)))
(assert (not (= (str.substr s_2 0 (- 1 0)) c_1)))
(assert (< 10 (str.len (str.++ (str.substr (str.++ (str.substr s_2 0 (- 6 0)) (str.substr s_2 7(- (str.len s_2) 7))) 0 (- 9 0)) (str.substr (str.++ (str.substr s_2 0 (- 6 0)) (str.substr s_2 7(- (str.len s_2) 7))) 10(- (str.len (str.++ (str.substr s_2 0 (- 6 0)) (str.substr s_2 7(- (str.len s_2) 7)))) 10))))))
(assert (< 9 (str.len (str.++ (str.substr s_2 0 (- 6 0)) (str.substr s_2 7(- (str.len s_2) 7))))))
(assert (< 8 (str.len (str.++ (str.substr s_2 0 (- 6 0)) (str.substr s_2 7(- (str.len s_2) 7))))))
(assert (< 7 (str.len (str.++ (str.substr s_2 0 (- 6 0)) (str.substr s_2 7(- (str.len s_2) 7))))))
(assert (< 6 (str.len s_2)))
(assert (< 5 (str.len s_2)))
(assert (< 4 (str.len s_2)))
(assert (< 3 (str.len s_2)))
(assert (< 2 (str.len s_2)))
(assert (< 1 (str.len s_2)))
(assert (< 0 (str.len s_2)))



======================
(define-fun s_2 () String
  "DIJKLMEABCEFGNH")
(define-fun c_1 () String
  "E")
Returned solutions: 
(define-fun s_2 () String  "DIJKLMEABCEFGNH")
(define-fun c_1 () String  "E")
*************************************
Satisfiable: true
c_1 => "E"
s_2 => "DIJKLMEABCEFGNH"
*************************************


====================================================== search constraint
depth limit reached: 23

====================================================== snapshot 
thread java.lang.Thread:{id:0,name:main,status:RUNNING,priority:5,isDaemon:false,lockCount:0,suspendCount:0}
  call stack:
	at strings.StringSearch.search_2(StringSearch.java:29)
	at strings.StringSearch.main(StringSearch.java:8)

numeric PC: constraint # = 11
CONST_10 < Length_9_ &&
CONST_9 < Length_8_ &&
CONST_8 < Length_8_ &&
CONST_7 < Length_8_ &&
CONST_6 < Length_0_ &&
CONST_5 < Length_0_ &&
CONST_4 < Length_0_ &&
CONST_3 < Length_0_ &&
CONST_2 < Length_0_ &&
CONST_1 < Length_0_ &&
CONST_0 < Length_0_ -> true

string analysis: SPC # = 10
(.substring[(.substring[(s_2_SYMSTRING)(CONST_6)(CONST_0)].concat(.substring[(s_2_SYMSTRING)(CONST_7)]))(CONST_10)(CONST_9)] equals c_1_SYMSTRING) && (.substring[(.substring[(s_2_SYMSTRING)(CONST_6)(CONST_0)].concat(.substring[(s_2_SYMSTRING)(CONST_7)]))(CONST_9)(CONST_8)] notequals c_1_SYMSTRING) && (.substring[(.substring[(s_2_SYMSTRING)(CONST_6)(CONST_0)].concat(.substring[(s_2_SYMSTRING)(CONST_7)]))(CONST_8)(CONST_7)] notequals c_1_SYMSTRING) && (.substring[(s_2_SYMSTRING)(CONST_7)(CONST_6)] equals c_1_SYMSTRING) && (.substring[(s_2_SYMSTRING)(CONST_6)(CONST_5)] notequals c_1_SYMSTRING) && (.substring[(s_2_SYMSTRING)(CONST_5)(CONST_4)] notequals c_1_SYMSTRING) && (.substring[(s_2_SYMSTRING)(CONST_4)(CONST_3)] notequals c_1_SYMSTRING) && (.substring[(s_2_SYMSTRING)(CONST_3)(CONST_2)] notequals c_1_SYMSTRING) && (.substring[(s_2_SYMSTRING)(CONST_2)(CONST_1)] notequals c_1_SYMSTRING) && (.substring[(s_2_SYMSTRING)(CONST_1)(CONST_0)] notequals c_1_SYMSTRING)
NPC constraint # = 11
CONST_10 < Length_9_[11] &&
CONST_9 < Length_8_[10] &&
CONST_8 < Length_8_[10] &&
CONST_7 < Length_8_[10] &&
CONST_6 < Length_0_[7] &&
CONST_5 < Length_0_[7] &&
CONST_4 < Length_0_[7] &&
CONST_3 < Length_0_[7] &&
CONST_2 < Length_0_[7] &&
CONST_1 < Length_0_[7] &&
CONST_0 < Length_0_[7]
$$$$$$$$$$$$$$$$$$$$$$$$$$$$$$$$
Calling Z3str3

current query... 
(declare-const c_1 String)
(declare-const s_2 String)

(assert (= (str.substr (str.++ (str.substr s_2 0 (- 6 0)) (str.substr s_2 7(- (str.len s_2) 7))) 9 (- 10 9)) c_1))
(assert (not (= (str.substr (str.++ (str.substr s_2 0 (- 6 0)) (str.substr s_2 7(- (str.len s_2) 7))) 8 (- 9 8)) c_1)))
(assert (not (= (str.substr (str.++ (str.substr s_2 0 (- 6 0)) (str.substr s_2 7(- (str.len s_2) 7))) 7 (- 8 7)) c_1)))
(assert (= (str.substr s_2 6 (- 7 6)) c_1))
(assert (not (= (str.substr s_2 5 (- 6 5)) c_1)))
(assert (not (= (str.substr s_2 4 (- 5 4)) c_1)))
(assert (not (= (str.substr s_2 3 (- 4 3)) c_1)))
(assert (not (= (str.substr s_2 2 (- 3 2)) c_1)))
(assert (not (= (str.substr s_2 1 (- 2 1)) c_1)))
(assert (not (= (str.substr s_2 0 (- 1 0)) c_1)))
(assert (< 10 (str.len (str.++ (str.substr (str.++ (str.substr s_2 0 (- 6 0)) (str.substr s_2 7(- (str.len s_2) 7))) 0 (- 9 0)) (str.substr (str.++ (str.substr s_2 0 (- 6 0)) (str.substr s_2 7(- (str.len s_2) 7))) 10(- (str.len (str.++ (str.substr s_2 0 (- 6 0)) (str.substr s_2 7(- (str.len s_2) 7)))) 10))))))
(assert (< 9 (str.len (str.++ (str.substr s_2 0 (- 6 0)) (str.substr s_2 7(- (str.len s_2) 7))))))
(assert (< 8 (str.len (str.++ (str.substr s_2 0 (- 6 0)) (str.substr s_2 7(- (str.len s_2) 7))))))
(assert (< 7 (str.len (str.++ (str.substr s_2 0 (- 6 0)) (str.substr s_2 7(- (str.len s_2) 7))))))
(assert (< 6 (str.len s_2)))
(assert (< 5 (str.len s_2)))
(assert (< 4 (str.len s_2)))
(assert (< 3 (str.len s_2)))
(assert (< 2 (str.len s_2)))
(assert (< 1 (str.len s_2)))
(assert (< 0 (str.len s_2)))



======================
(define-fun s_2 () String
  "DIJKLMEABCEFGNH")
(define-fun c_1 () String
  "E")
Returned solutions: 
(define-fun s_2 () String  "DIJKLMEABCEFGNH")
(define-fun c_1 () String  "E")
*************************************
Satisfiable: true
c_1 => "E"
s_2 => "DIJKLMEABCEFGNH"
*************************************

Symbolic Exp [ .substring[(.substring[(s_2_SYMSTRING[**UNDEFINED**])(CONST_6)(CONST_0)].concat(.substring[(s_2_SYMSTRING[**UNDEFINED**])(CONST_7)]))(CONST_9)(CONST_0)].concat(.substring[(.substring[(s_2_SYMSTRING[**UNDEFINED**])(CONST_6)(CONST_0)].concat(.substring[(s_2_SYMSTRING[**UNDEFINED**])(CONST_7)]))(CONST_10)])]
test This is a tttest haystack string for testing.
0
114514
0

====================================================== search constraint
depth limit reached: 23

====================================================== snapshot 
no live threads
numeric PC: constraint # = 11
CONST_10 >= Length_9_ &&
CONST_9 < Length_8_ &&
CONST_8 < Length_8_ &&
CONST_7 < Length_8_ &&
CONST_6 < Length_0_ &&
CONST_5 < Length_0_ &&
CONST_4 < Length_0_ &&
CONST_3 < Length_0_ &&
CONST_2 < Length_0_ &&
CONST_1 < Length_0_ &&
CONST_0 < Length_0_ -> true

string analysis: SPC # = 10
(.substring[(.substring[(s_2_SYMSTRING[**UNDEFINED**])(CONST_6)(CONST_0)].concat(.substring[(s_2_SYMSTRING[**UNDEFINED**])(CONST_7)]))(CONST_10)(CONST_9)] equals c_1_SYMSTRING[**UNDEFINED**]) && (.substring[(.substring[(s_2_SYMSTRING[**UNDEFINED**])(CONST_6)(CONST_0)].concat(.substring[(s_2_SYMSTRING[**UNDEFINED**])(CONST_7)]))(CONST_9)(CONST_8)] notequals c_1_SYMSTRING[**UNDEFINED**]) && (.substring[(.substring[(s_2_SYMSTRING[**UNDEFINED**])(CONST_6)(CONST_0)].concat(.substring[(s_2_SYMSTRING[**UNDEFINED**])(CONST_7)]))(CONST_8)(CONST_7)] notequals c_1_SYMSTRING[**UNDEFINED**]) && (.substring[(s_2_SYMSTRING[**UNDEFINED**])(CONST_7)(CONST_6)] equals c_1_SYMSTRING[**UNDEFINED**]) && (.substring[(s_2_SYMSTRING[**UNDEFINED**])(CONST_6)(CONST_5)] notequals c_1_SYMSTRING[**UNDEFINED**]) && (.substring[(s_2_SYMSTRING[**UNDEFINED**])(CONST_5)(CONST_4)] notequals c_1_SYMSTRING[**UNDEFINED**]) && (.substring[(s_2_SYMSTRING[**UNDEFINED**])(CONST_4)(CONST_3)] notequals c_1_SYMSTRING[**UNDEFINED**]) && (.substring[(s_2_SYMSTRING[**UNDEFINED**])(CONST_3)(CONST_2)] notequals c_1_SYMSTRING[**UNDEFINED**]) && (.substring[(s_2_SYMSTRING[**UNDEFINED**])(CONST_2)(CONST_1)] notequals c_1_SYMSTRING[**UNDEFINED**]) && (.substring[(s_2_SYMSTRING[**UNDEFINED**])(CONST_1)(CONST_0)] notequals c_1_SYMSTRING[**UNDEFINED**])
NPC constraint # = 11
CONST_10 >= Length_9_[0] &&
CONST_9 < Length_8_[10] &&
CONST_8 < Length_8_[10] &&
CONST_7 < Length_8_[10] &&
CONST_6 < Length_0_[7] &&
CONST_5 < Length_0_[7] &&
CONST_4 < Length_0_[7] &&
CONST_3 < Length_0_[7] &&
CONST_2 < Length_0_[7] &&
CONST_1 < Length_0_[7] &&
CONST_0 < Length_0_[7]
$$$$$$$$$$$$$$$$$$$$$$$$$$$$$$$$
Calling Z3str3

current query... 
(declare-const c_1 String)
(declare-const s_2 String)

(assert (= (str.substr (str.++ (str.substr s_2 0 (- 6 0)) (str.substr s_2 7(- (str.len s_2) 7))) 9 (- 10 9)) c_1))
(assert (not (= (str.substr (str.++ (str.substr s_2 0 (- 6 0)) (str.substr s_2 7(- (str.len s_2) 7))) 8 (- 9 8)) c_1)))
(assert (not (= (str.substr (str.++ (str.substr s_2 0 (- 6 0)) (str.substr s_2 7(- (str.len s_2) 7))) 7 (- 8 7)) c_1)))
(assert (= (str.substr s_2 6 (- 7 6)) c_1))
(assert (not (= (str.substr s_2 5 (- 6 5)) c_1)))
(assert (not (= (str.substr s_2 4 (- 5 4)) c_1)))
(assert (not (= (str.substr s_2 3 (- 4 3)) c_1)))
(assert (not (= (str.substr s_2 2 (- 3 2)) c_1)))
(assert (not (= (str.substr s_2 1 (- 2 1)) c_1)))
(assert (not (= (str.substr s_2 0 (- 1 0)) c_1)))
(assert (>= 10 (str.len (str.++ (str.substr (str.++ (str.substr s_2 0 (- 6 0)) (str.substr s_2 7(- (str.len s_2) 7))) 0 (- 9 0)) (str.substr (str.++ (str.substr s_2 0 (- 6 0)) (str.substr s_2 7(- (str.len s_2) 7))) 10(- (str.len (str.++ (str.substr s_2 0 (- 6 0)) (str.substr s_2 7(- (str.len s_2) 7)))) 10))))))
(assert (< 9 (str.len (str.++ (str.substr s_2 0 (- 6 0)) (str.substr s_2 7(- (str.len s_2) 7))))))
(assert (< 8 (str.len (str.++ (str.substr s_2 0 (- 6 0)) (str.substr s_2 7(- (str.len s_2) 7))))))
(assert (< 7 (str.len (str.++ (str.substr s_2 0 (- 6 0)) (str.substr s_2 7(- (str.len s_2) 7))))))
(assert (< 6 (str.len s_2)))
(assert (< 5 (str.len s_2)))
(assert (< 4 (str.len s_2)))
(assert (< 3 (str.len s_2)))
(assert (< 2 (str.len s_2)))
(assert (< 1 (str.len s_2)))
(assert (< 0 (str.len s_2)))



======================
(define-fun s_2 () String
  "EFGHIJDABCDK")
(define-fun c_1 () String
  "D")
Returned solutions: 
(define-fun s_2 () String  "EFGHIJDABCDK")
(define-fun c_1 () String  "D")
*************************************
Satisfiable: true
c_1 => "D"
s_2 => "EFGHIJDABCDK"
*************************************

numeric PC: constraint # = 10
CONST_9 < Length_8_[10] &&
CONST_8 < Length_8_[10] &&
CONST_7 < Length_8_[10] &&
CONST_6 < Length_0_[7] &&
CONST_5 < Length_0_[7] &&
CONST_4 < Length_0_[7] &&
CONST_3 < Length_0_[7] &&
CONST_2 < Length_0_[7] &&
CONST_1 < Length_0_[7] &&
CONST_0 < Length_0_[7] -> true

string analysis: SPC # = 10
(.substring[(.substring[(s_2_SYMSTRING[**UNDEFINED**])(CONST_6)(CONST_0)].concat(.substring[(s_2_SYMSTRING[**UNDEFINED**])(CONST_7)]))(CONST_10)(CONST_9)] equals c_1_SYMSTRING[**UNDEFINED**]) && (.substring[(.substring[(s_2_SYMSTRING[**UNDEFINED**])(CONST_6)(CONST_0)].concat(.substring[(s_2_SYMSTRING[**UNDEFINED**])(CONST_7)]))(CONST_9)(CONST_8)] notequals c_1_SYMSTRING[**UNDEFINED**]) && (.substring[(.substring[(s_2_SYMSTRING[**UNDEFINED**])(CONST_6)(CONST_0)].concat(.substring[(s_2_SYMSTRING[**UNDEFINED**])(CONST_7)]))(CONST_8)(CONST_7)] notequals c_1_SYMSTRING[**UNDEFINED**]) && (.substring[(s_2_SYMSTRING[**UNDEFINED**])(CONST_7)(CONST_6)] equals c_1_SYMSTRING[**UNDEFINED**]) && (.substring[(s_2_SYMSTRING[**UNDEFINED**])(CONST_6)(CONST_5)] notequals c_1_SYMSTRING[**UNDEFINED**]) && (.substring[(s_2_SYMSTRING[**UNDEFINED**])(CONST_5)(CONST_4)] notequals c_1_SYMSTRING[**UNDEFINED**]) && (.substring[(s_2_SYMSTRING[**UNDEFINED**])(CONST_4)(CONST_3)] notequals c_1_SYMSTRING[**UNDEFINED**]) && (.substring[(s_2_SYMSTRING[**UNDEFINED**])(CONST_3)(CONST_2)] notequals c_1_SYMSTRING[**UNDEFINED**]) && (.substring[(s_2_SYMSTRING[**UNDEFINED**])(CONST_2)(CONST_1)] notequals c_1_SYMSTRING[**UNDEFINED**]) && (.substring[(s_2_SYMSTRING[**UNDEFINED**])(CONST_1)(CONST_0)] notequals c_1_SYMSTRING[**UNDEFINED**])
NPC constraint # = 10
CONST_9 < Length_8_[10] &&
CONST_8 < Length_8_[10] &&
CONST_7 < Length_8_[10] &&
CONST_6 < Length_0_[7] &&
CONST_5 < Length_0_[7] &&
CONST_4 < Length_0_[7] &&
CONST_3 < Length_0_[7] &&
CONST_2 < Length_0_[7] &&
CONST_1 < Length_0_[7] &&
CONST_0 < Length_0_[7]
$$$$$$$$$$$$$$$$$$$$$$$$$$$$$$$$
Calling Z3str3

current query... 
(declare-const c_1 String)
(declare-const s_2 String)

(assert (= (str.substr (str.++ (str.substr s_2 0 (- 6 0)) (str.substr s_2 7(- (str.len s_2) 7))) 9 (- 10 9)) c_1))
(assert (not (= (str.substr (str.++ (str.substr s_2 0 (- 6 0)) (str.substr s_2 7(- (str.len s_2) 7))) 8 (- 9 8)) c_1)))
(assert (not (= (str.substr (str.++ (str.substr s_2 0 (- 6 0)) (str.substr s_2 7(- (str.len s_2) 7))) 7 (- 8 7)) c_1)))
(assert (= (str.substr s_2 6 (- 7 6)) c_1))
(assert (not (= (str.substr s_2 5 (- 6 5)) c_1)))
(assert (not (= (str.substr s_2 4 (- 5 4)) c_1)))
(assert (not (= (str.substr s_2 3 (- 4 3)) c_1)))
(assert (not (= (str.substr s_2 2 (- 3 2)) c_1)))
(assert (not (= (str.substr s_2 1 (- 2 1)) c_1)))
(assert (not (= (str.substr s_2 0 (- 1 0)) c_1)))
(assert (< 9 (str.len (str.++ (str.substr s_2 0 (- 6 0)) (str.substr s_2 7(- (str.len s_2) 7))))))
(assert (< 8 (str.len (str.++ (str.substr s_2 0 (- 6 0)) (str.substr s_2 7(- (str.len s_2) 7))))))
(assert (< 7 (str.len (str.++ (str.substr s_2 0 (- 6 0)) (str.substr s_2 7(- (str.len s_2) 7))))))
(assert (< 6 (str.len s_2)))
(assert (< 5 (str.len s_2)))
(assert (< 4 (str.len s_2)))
(assert (< 3 (str.len s_2)))
(assert (< 2 (str.len s_2)))
(assert (< 1 (str.len s_2)))
(assert (< 0 (str.len s_2)))



======================
(define-fun s_2 () String
  "DEFGHIJABCJKLM")
(define-fun c_1 () String
  "J")
Returned solutions: 
(define-fun s_2 () String  "DEFGHIJABCJKLM")
(define-fun c_1 () String  "J")
*************************************
Satisfiable: true
c_1 => "J"
s_2 => "DEFGHIJABCJKLM"
*************************************

numeric PC: constraint # = 10
CONST_9 < Length_8_[10] &&
CONST_8 < Length_8_[10] &&
CONST_7 < Length_8_[10] &&
CONST_6 < Length_0_[7] &&
CONST_5 < Length_0_[7] &&
CONST_4 < Length_0_[7] &&
CONST_3 < Length_0_[7] &&
CONST_2 < Length_0_[7] &&
CONST_1 < Length_0_[7] &&
CONST_0 < Length_0_[7] -> true

string analysis: SPC # = 9
(.substring[(.substring[(s_2_SYMSTRING[**UNDEFINED**])(CONST_6)(CONST_0)].concat(.substring[(s_2_SYMSTRING[**UNDEFINED**])(CONST_7)]))(CONST_9)(CONST_8)] notequals c_1_SYMSTRING[**UNDEFINED**]) && (.substring[(.substring[(s_2_SYMSTRING[**UNDEFINED**])(CONST_6)(CONST_0)].concat(.substring[(s_2_SYMSTRING[**UNDEFINED**])(CONST_7)]))(CONST_8)(CONST_7)] notequals c_1_SYMSTRING[**UNDEFINED**]) && (.substring[(s_2_SYMSTRING[**UNDEFINED**])(CONST_7)(CONST_6)] equals c_1_SYMSTRING[**UNDEFINED**]) && (.substring[(s_2_SYMSTRING[**UNDEFINED**])(CONST_6)(CONST_5)] notequals c_1_SYMSTRING[**UNDEFINED**]) && (.substring[(s_2_SYMSTRING[**UNDEFINED**])(CONST_5)(CONST_4)] notequals c_1_SYMSTRING[**UNDEFINED**]) && (.substring[(s_2_SYMSTRING[**UNDEFINED**])(CONST_4)(CONST_3)] notequals c_1_SYMSTRING[**UNDEFINED**]) && (.substring[(s_2_SYMSTRING[**UNDEFINED**])(CONST_3)(CONST_2)] notequals c_1_SYMSTRING[**UNDEFINED**]) && (.substring[(s_2_SYMSTRING[**UNDEFINED**])(CONST_2)(CONST_1)] notequals c_1_SYMSTRING[**UNDEFINED**]) && (.substring[(s_2_SYMSTRING[**UNDEFINED**])(CONST_1)(CONST_0)] notequals c_1_SYMSTRING[**UNDEFINED**])
NPC constraint # = 10
CONST_9 < Length_8_[10] &&
CONST_8 < Length_8_[10] &&
CONST_7 < Length_8_[10] &&
CONST_6 < Length_0_[7] &&
CONST_5 < Length_0_[7] &&
CONST_4 < Length_0_[7] &&
CONST_3 < Length_0_[7] &&
CONST_2 < Length_0_[7] &&
CONST_1 < Length_0_[7] &&
CONST_0 < Length_0_[7]
$$$$$$$$$$$$$$$$$$$$$$$$$$$$$$$$
Calling Z3str3

current query... 
(declare-const c_1 String)
(declare-const s_2 String)

(assert (not (= (str.substr (str.++ (str.substr s_2 0 (- 6 0)) (str.substr s_2 7(- (str.len s_2) 7))) 8 (- 9 8)) c_1)))
(assert (not (= (str.substr (str.++ (str.substr s_2 0 (- 6 0)) (str.substr s_2 7(- (str.len s_2) 7))) 7 (- 8 7)) c_1)))
(assert (= (str.substr s_2 6 (- 7 6)) c_1))
(assert (not (= (str.substr s_2 5 (- 6 5)) c_1)))
(assert (not (= (str.substr s_2 4 (- 5 4)) c_1)))
(assert (not (= (str.substr s_2 3 (- 4 3)) c_1)))
(assert (not (= (str.substr s_2 2 (- 3 2)) c_1)))
(assert (not (= (str.substr s_2 1 (- 2 1)) c_1)))
(assert (not (= (str.substr s_2 0 (- 1 0)) c_1)))
(assert (< 9 (str.len (str.++ (str.substr s_2 0 (- 6 0)) (str.substr s_2 7(- (str.len s_2) 7))))))
(assert (< 8 (str.len (str.++ (str.substr s_2 0 (- 6 0)) (str.substr s_2 7(- (str.len s_2) 7))))))
(assert (< 7 (str.len (str.++ (str.substr s_2 0 (- 6 0)) (str.substr s_2 7(- (str.len s_2) 7))))))
(assert (< 6 (str.len s_2)))
(assert (< 5 (str.len s_2)))
(assert (< 4 (str.len s_2)))
(assert (< 3 (str.len s_2)))
(assert (< 2 (str.len s_2)))
(assert (< 1 (str.len s_2)))
(assert (< 0 (str.len s_2)))



======================
(define-fun s_2 () String
  "DEFGHIJABCKLMN")
(define-fun c_1 () String
  "J")
Returned solutions: 
(define-fun s_2 () String  "DEFGHIJABCKLMN")
(define-fun c_1 () String  "J")
*************************************
Satisfiable: true
c_1 => "J"
s_2 => "DEFGHIJABCKLMN"
*************************************

Symbolic Exp [ .substring[(s_2_SYMSTRING[**UNDEFINED**])(CONST_6)(CONST_0)].concat(.substring[(s_2_SYMSTRING[**UNDEFINED**])(CONST_7)])]
test This is a tttest haystack string for testing.
0
114514
0
numeric PC: constraint # = 10
CONST_9 >= Length_8_ &&
CONST_8 < Length_8_ &&
CONST_7 < Length_8_ &&
CONST_6 < Length_0_ &&
CONST_5 < Length_0_ &&
CONST_4 < Length_0_ &&
CONST_3 < Length_0_ &&
CONST_2 < Length_0_ &&
CONST_1 < Length_0_ &&
CONST_0 < Length_0_ -> true

string analysis: SPC # = 9
(.substring[(.substring[(s_2_SYMSTRING[**UNDEFINED**])(CONST_6)(CONST_0)].concat(.substring[(s_2_SYMSTRING[**UNDEFINED**])(CONST_7)]))(CONST_9)(CONST_8)] notequals c_1_SYMSTRING[**UNDEFINED**]) && (.substring[(.substring[(s_2_SYMSTRING[**UNDEFINED**])(CONST_6)(CONST_0)].concat(.substring[(s_2_SYMSTRING[**UNDEFINED**])(CONST_7)]))(CONST_8)(CONST_7)] notequals c_1_SYMSTRING[**UNDEFINED**]) && (.substring[(s_2_SYMSTRING[**UNDEFINED**])(CONST_7)(CONST_6)] equals c_1_SYMSTRING[**UNDEFINED**]) && (.substring[(s_2_SYMSTRING[**UNDEFINED**])(CONST_6)(CONST_5)] notequals c_1_SYMSTRING[**UNDEFINED**]) && (.substring[(s_2_SYMSTRING[**UNDEFINED**])(CONST_5)(CONST_4)] notequals c_1_SYMSTRING[**UNDEFINED**]) && (.substring[(s_2_SYMSTRING[**UNDEFINED**])(CONST_4)(CONST_3)] notequals c_1_SYMSTRING[**UNDEFINED**]) && (.substring[(s_2_SYMSTRING[**UNDEFINED**])(CONST_3)(CONST_2)] notequals c_1_SYMSTRING[**UNDEFINED**]) && (.substring[(s_2_SYMSTRING[**UNDEFINED**])(CONST_2)(CONST_1)] notequals c_1_SYMSTRING[**UNDEFINED**]) && (.substring[(s_2_SYMSTRING[**UNDEFINED**])(CONST_1)(CONST_0)] notequals c_1_SYMSTRING[**UNDEFINED**])
NPC constraint # = 10
CONST_9 >= Length_8_[9] &&
CONST_8 < Length_8_[9] &&
CONST_7 < Length_8_[9] &&
CONST_6 < Length_0_[7] &&
CONST_5 < Length_0_[7] &&
CONST_4 < Length_0_[7] &&
CONST_3 < Length_0_[7] &&
CONST_2 < Length_0_[7] &&
CONST_1 < Length_0_[7] &&
CONST_0 < Length_0_[7]
$$$$$$$$$$$$$$$$$$$$$$$$$$$$$$$$
Calling Z3str3

current query... 
(declare-const c_1 String)
(declare-const s_2 String)

(assert (not (= (str.substr (str.++ (str.substr s_2 0 (- 6 0)) (str.substr s_2 7(- (str.len s_2) 7))) 8 (- 9 8)) c_1)))
(assert (not (= (str.substr (str.++ (str.substr s_2 0 (- 6 0)) (str.substr s_2 7(- (str.len s_2) 7))) 7 (- 8 7)) c_1)))
(assert (= (str.substr s_2 6 (- 7 6)) c_1))
(assert (not (= (str.substr s_2 5 (- 6 5)) c_1)))
(assert (not (= (str.substr s_2 4 (- 5 4)) c_1)))
(assert (not (= (str.substr s_2 3 (- 4 3)) c_1)))
(assert (not (= (str.substr s_2 2 (- 3 2)) c_1)))
(assert (not (= (str.substr s_2 1 (- 2 1)) c_1)))
(assert (not (= (str.substr s_2 0 (- 1 0)) c_1)))
(assert (>= 9 (str.len (str.++ (str.substr s_2 0 (- 6 0)) (str.substr s_2 7(- (str.len s_2) 7))))))
(assert (< 8 (str.len (str.++ (str.substr s_2 0 (- 6 0)) (str.substr s_2 7(- (str.len s_2) 7))))))
(assert (< 7 (str.len (str.++ (str.substr s_2 0 (- 6 0)) (str.substr s_2 7(- (str.len s_2) 7))))))
(assert (< 6 (str.len s_2)))
(assert (< 5 (str.len s_2)))
(assert (< 4 (str.len s_2)))
(assert (< 3 (str.len s_2)))
(assert (< 2 (str.len s_2)))
(assert (< 1 (str.len s_2)))
(assert (< 0 (str.len s_2)))



======================
(define-fun s_2 () String
  "DEFGHIJABC")
(define-fun c_1 () String
  "J")
Returned solutions: 
(define-fun s_2 () String  "DEFGHIJABC")
(define-fun c_1 () String  "J")
*************************************
Satisfiable: true
c_1 => "J"
s_2 => "DEFGHIJABC"
*************************************

numeric PC: constraint # = 9
CONST_8 < Length_8_[9] &&
CONST_7 < Length_8_[9] &&
CONST_6 < Length_0_[7] &&
CONST_5 < Length_0_[7] &&
CONST_4 < Length_0_[7] &&
CONST_3 < Length_0_[7] &&
CONST_2 < Length_0_[7] &&
CONST_1 < Length_0_[7] &&
CONST_0 < Length_0_[7] -> true

string analysis: SPC # = 9
(.substring[(.substring[(s_2_SYMSTRING[**UNDEFINED**])(CONST_6)(CONST_0)].concat(.substring[(s_2_SYMSTRING[**UNDEFINED**])(CONST_7)]))(CONST_9)(CONST_8)] notequals c_1_SYMSTRING[**UNDEFINED**]) && (.substring[(.substring[(s_2_SYMSTRING[**UNDEFINED**])(CONST_6)(CONST_0)].concat(.substring[(s_2_SYMSTRING[**UNDEFINED**])(CONST_7)]))(CONST_8)(CONST_7)] notequals c_1_SYMSTRING[**UNDEFINED**]) && (.substring[(s_2_SYMSTRING[**UNDEFINED**])(CONST_7)(CONST_6)] equals c_1_SYMSTRING[**UNDEFINED**]) && (.substring[(s_2_SYMSTRING[**UNDEFINED**])(CONST_6)(CONST_5)] notequals c_1_SYMSTRING[**UNDEFINED**]) && (.substring[(s_2_SYMSTRING[**UNDEFINED**])(CONST_5)(CONST_4)] notequals c_1_SYMSTRING[**UNDEFINED**]) && (.substring[(s_2_SYMSTRING[**UNDEFINED**])(CONST_4)(CONST_3)] notequals c_1_SYMSTRING[**UNDEFINED**]) && (.substring[(s_2_SYMSTRING[**UNDEFINED**])(CONST_3)(CONST_2)] notequals c_1_SYMSTRING[**UNDEFINED**]) && (.substring[(s_2_SYMSTRING[**UNDEFINED**])(CONST_2)(CONST_1)] notequals c_1_SYMSTRING[**UNDEFINED**]) && (.substring[(s_2_SYMSTRING[**UNDEFINED**])(CONST_1)(CONST_0)] notequals c_1_SYMSTRING[**UNDEFINED**])
NPC constraint # = 9
CONST_8 < Length_8_[9] &&
CONST_7 < Length_8_[9] &&
CONST_6 < Length_0_[7] &&
CONST_5 < Length_0_[7] &&
CONST_4 < Length_0_[7] &&
CONST_3 < Length_0_[7] &&
CONST_2 < Length_0_[7] &&
CONST_1 < Length_0_[7] &&
CONST_0 < Length_0_[7]
$$$$$$$$$$$$$$$$$$$$$$$$$$$$$$$$
Calling Z3str3

current query... 
(declare-const c_1 String)
(declare-const s_2 String)

(assert (not (= (str.substr (str.++ (str.substr s_2 0 (- 6 0)) (str.substr s_2 7(- (str.len s_2) 7))) 8 (- 9 8)) c_1)))
(assert (not (= (str.substr (str.++ (str.substr s_2 0 (- 6 0)) (str.substr s_2 7(- (str.len s_2) 7))) 7 (- 8 7)) c_1)))
(assert (= (str.substr s_2 6 (- 7 6)) c_1))
(assert (not (= (str.substr s_2 5 (- 6 5)) c_1)))
(assert (not (= (str.substr s_2 4 (- 5 4)) c_1)))
(assert (not (= (str.substr s_2 3 (- 4 3)) c_1)))
(assert (not (= (str.substr s_2 2 (- 3 2)) c_1)))
(assert (not (= (str.substr s_2 1 (- 2 1)) c_1)))
(assert (not (= (str.substr s_2 0 (- 1 0)) c_1)))
(assert (< 8 (str.len (str.++ (str.substr s_2 0 (- 6 0)) (str.substr s_2 7(- (str.len s_2) 7))))))
(assert (< 7 (str.len (str.++ (str.substr s_2 0 (- 6 0)) (str.substr s_2 7(- (str.len s_2) 7))))))
(assert (< 6 (str.len s_2)))
(assert (< 5 (str.len s_2)))
(assert (< 4 (str.len s_2)))
(assert (< 3 (str.len s_2)))
(assert (< 2 (str.len s_2)))
(assert (< 1 (str.len s_2)))
(assert (< 0 (str.len s_2)))



======================
(define-fun s_2 () String
  "DEFGHIJABCKLMNO")
(define-fun c_1 () String
  "J")
Returned solutions: 
(define-fun s_2 () String  "DEFGHIJABCKLMNO")
(define-fun c_1 () String  "J")
*************************************
Satisfiable: true
c_1 => "J"
s_2 => "DEFGHIJABCKLMNO"
*************************************

numeric PC: constraint # = 9
CONST_8 < Length_8_[9] &&
CONST_7 < Length_8_[9] &&
CONST_6 < Length_0_[7] &&
CONST_5 < Length_0_[7] &&
CONST_4 < Length_0_[7] &&
CONST_3 < Length_0_[7] &&
CONST_2 < Length_0_[7] &&
CONST_1 < Length_0_[7] &&
CONST_0 < Length_0_[7] -> true

### PCs: total:81 sat:81 unsat:0

string analysis: SPC # = 9
(.substring[(.substring[(s_2_SYMSTRING)(CONST_6)(CONST_0)].concat(.substring[(s_2_SYMSTRING)(CONST_7)]))(CONST_9)(CONST_8)] equals c_1_SYMSTRING) && (.substring[(.substring[(s_2_SYMSTRING)(CONST_6)(CONST_0)].concat(.substring[(s_2_SYMSTRING)(CONST_7)]))(CONST_8)(CONST_7)] notequals c_1_SYMSTRING) && (.substring[(s_2_SYMSTRING)(CONST_7)(CONST_6)] equals c_1_SYMSTRING) && (.substring[(s_2_SYMSTRING)(CONST_6)(CONST_5)] notequals c_1_SYMSTRING) && (.substring[(s_2_SYMSTRING)(CONST_5)(CONST_4)] notequals c_1_SYMSTRING) && (.substring[(s_2_SYMSTRING)(CONST_4)(CONST_3)] notequals c_1_SYMSTRING) && (.substring[(s_2_SYMSTRING)(CONST_3)(CONST_2)] notequals c_1_SYMSTRING) && (.substring[(s_2_SYMSTRING)(CONST_2)(CONST_1)] notequals c_1_SYMSTRING) && (.substring[(s_2_SYMSTRING)(CONST_1)(CONST_0)] notequals c_1_SYMSTRING)
NPC constraint # = 9
CONST_8 < Length_8_[9] &&
CONST_7 < Length_8_[9] &&
CONST_6 < Length_0_[7] &&
CONST_5 < Length_0_[7] &&
CONST_4 < Length_0_[7] &&
CONST_3 < Length_0_[7] &&
CONST_2 < Length_0_[7] &&
CONST_1 < Length_0_[7] &&
CONST_0 < Length_0_[7]
$$$$$$$$$$$$$$$$$$$$$$$$$$$$$$$$
Calling Z3str3

current query... 
(declare-const c_1 String)
(declare-const s_2 String)

(assert (= (str.substr (str.++ (str.substr s_2 0 (- 6 0)) (str.substr s_2 7(- (str.len s_2) 7))) 8 (- 9 8)) c_1))
(assert (not (= (str.substr (str.++ (str.substr s_2 0 (- 6 0)) (str.substr s_2 7(- (str.len s_2) 7))) 7 (- 8 7)) c_1)))
(assert (= (str.substr s_2 6 (- 7 6)) c_1))
(assert (not (= (str.substr s_2 5 (- 6 5)) c_1)))
(assert (not (= (str.substr s_2 4 (- 5 4)) c_1)))
(assert (not (= (str.substr s_2 3 (- 4 3)) c_1)))
(assert (not (= (str.substr s_2 2 (- 3 2)) c_1)))
(assert (not (= (str.substr s_2 1 (- 2 1)) c_1)))
(assert (not (= (str.substr s_2 0 (- 1 0)) c_1)))
(assert (< 8 (str.len (str.++ (str.substr s_2 0 (- 6 0)) (str.substr s_2 7(- (str.len s_2) 7))))))
(assert (< 7 (str.len (str.++ (str.substr s_2 0 (- 6 0)) (str.substr s_2 7(- (str.len s_2) 7))))))
(assert (< 6 (str.len s_2)))
(assert (< 5 (str.len s_2)))
(assert (< 4 (str.len s_2)))
(assert (< 3 (str.len s_2)))
(assert (< 2 (str.len s_2)))
(assert (< 1 (str.len s_2)))
(assert (< 0 (str.len s_2)))



======================
(define-fun s_2 () String
  "CDEFGHIABIJKLMN")
(define-fun c_1 () String
  "I")
Returned solutions: 
(define-fun s_2 () String  "CDEFGHIABIJKLMN")
(define-fun c_1 () String  "I")
*************************************
Satisfiable: true
c_1 => "I"
s_2 => "CDEFGHIABIJKLMN"
*************************************

New sym int Length_10_ min=0, max=30
numeric PC: constraint # = 10
CONST_9 >= Length_10_ &&
CONST_8 < Length_8_ &&
CONST_7 < Length_8_ &&
CONST_6 < Length_0_ &&
CONST_5 < Length_0_ &&
CONST_4 < Length_0_ &&
CONST_3 < Length_0_ &&
CONST_2 < Length_0_ &&
CONST_1 < Length_0_ &&
CONST_0 < Length_0_ -> true

### PCs: total:82 sat:82 unsat:0

string analysis: SPC # = 9
(.substring[(.substring[(s_2_SYMSTRING)(CONST_6)(CONST_0)].concat(.substring[(s_2_SYMSTRING)(CONST_7)]))(CONST_9)(CONST_8)] equals c_1_SYMSTRING) && (.substring[(.substring[(s_2_SYMSTRING)(CONST_6)(CONST_0)].concat(.substring[(s_2_SYMSTRING)(CONST_7)]))(CONST_8)(CONST_7)] notequals c_1_SYMSTRING) && (.substring[(s_2_SYMSTRING)(CONST_7)(CONST_6)] equals c_1_SYMSTRING) && (.substring[(s_2_SYMSTRING)(CONST_6)(CONST_5)] notequals c_1_SYMSTRING) && (.substring[(s_2_SYMSTRING)(CONST_5)(CONST_4)] notequals c_1_SYMSTRING) && (.substring[(s_2_SYMSTRING)(CONST_4)(CONST_3)] notequals c_1_SYMSTRING) && (.substring[(s_2_SYMSTRING)(CONST_3)(CONST_2)] notequals c_1_SYMSTRING) && (.substring[(s_2_SYMSTRING)(CONST_2)(CONST_1)] notequals c_1_SYMSTRING) && (.substring[(s_2_SYMSTRING)(CONST_1)(CONST_0)] notequals c_1_SYMSTRING)
NPC constraint # = 10
CONST_9 >= Length_10_ &&
CONST_8 < Length_8_ &&
CONST_7 < Length_8_ &&
CONST_6 < Length_0_ &&
CONST_5 < Length_0_ &&
CONST_4 < Length_0_ &&
CONST_3 < Length_0_ &&
CONST_2 < Length_0_ &&
CONST_1 < Length_0_ &&
CONST_0 < Length_0_
$$$$$$$$$$$$$$$$$$$$$$$$$$$$$$$$
Calling Z3str3

current query... 
(declare-const c_1 String)
(declare-const s_2 String)

(assert (= (str.substr (str.++ (str.substr s_2 0 (- 6 0)) (str.substr s_2 7(- (str.len s_2) 7))) 8 (- 9 8)) c_1))
(assert (not (= (str.substr (str.++ (str.substr s_2 0 (- 6 0)) (str.substr s_2 7(- (str.len s_2) 7))) 7 (- 8 7)) c_1)))
(assert (= (str.substr s_2 6 (- 7 6)) c_1))
(assert (not (= (str.substr s_2 5 (- 6 5)) c_1)))
(assert (not (= (str.substr s_2 4 (- 5 4)) c_1)))
(assert (not (= (str.substr s_2 3 (- 4 3)) c_1)))
(assert (not (= (str.substr s_2 2 (- 3 2)) c_1)))
(assert (not (= (str.substr s_2 1 (- 2 1)) c_1)))
(assert (not (= (str.substr s_2 0 (- 1 0)) c_1)))
(assert (>= 9 (str.len (str.++ (str.substr (str.++ (str.substr s_2 0 (- 6 0)) (str.substr s_2 7(- (str.len s_2) 7))) 0 (- 8 0)) (str.substr (str.++ (str.substr s_2 0 (- 6 0)) (str.substr s_2 7(- (str.len s_2) 7))) 9(- (str.len (str.++ (str.substr s_2 0 (- 6 0)) (str.substr s_2 7(- (str.len s_2) 7)))) 9))))))
(assert (< 8 (str.len (str.++ (str.substr s_2 0 (- 6 0)) (str.substr s_2 7(- (str.len s_2) 7))))))
(assert (< 7 (str.len (str.++ (str.substr s_2 0 (- 6 0)) (str.substr s_2 7(- (str.len s_2) 7))))))
(assert (< 6 (str.len s_2)))
(assert (< 5 (str.len s_2)))
(assert (< 4 (str.len s_2)))
(assert (< 3 (str.len s_2)))
(assert (< 2 (str.len s_2)))
(assert (< 1 (str.len s_2)))
(assert (< 0 (str.len s_2)))



======================
(define-fun s_2 () String
  "DEFGHICABCJ")
(define-fun c_1 () String
  "C")
Returned solutions: 
(define-fun s_2 () String  "DEFGHICABCJ")
(define-fun c_1 () String  "C")
*************************************
Satisfiable: true
c_1 => "C"
s_2 => "DEFGHICABCJ"
*************************************

numeric PC: constraint # = 10
CONST_9 < Length_10_ &&
CONST_8 < Length_8_ &&
CONST_7 < Length_8_ &&
CONST_6 < Length_0_ &&
CONST_5 < Length_0_ &&
CONST_4 < Length_0_ &&
CONST_3 < Length_0_ &&
CONST_2 < Length_0_ &&
CONST_1 < Length_0_ &&
CONST_0 < Length_0_ -> true

### PCs: total:83 sat:83 unsat:0

string analysis: SPC # = 9
(.substring[(.substring[(s_2_SYMSTRING)(CONST_6)(CONST_0)].concat(.substring[(s_2_SYMSTRING)(CONST_7)]))(CONST_9)(CONST_8)] equals c_1_SYMSTRING) && (.substring[(.substring[(s_2_SYMSTRING)(CONST_6)(CONST_0)].concat(.substring[(s_2_SYMSTRING)(CONST_7)]))(CONST_8)(CONST_7)] notequals c_1_SYMSTRING) && (.substring[(s_2_SYMSTRING)(CONST_7)(CONST_6)] equals c_1_SYMSTRING) && (.substring[(s_2_SYMSTRING)(CONST_6)(CONST_5)] notequals c_1_SYMSTRING) && (.substring[(s_2_SYMSTRING)(CONST_5)(CONST_4)] notequals c_1_SYMSTRING) && (.substring[(s_2_SYMSTRING)(CONST_4)(CONST_3)] notequals c_1_SYMSTRING) && (.substring[(s_2_SYMSTRING)(CONST_3)(CONST_2)] notequals c_1_SYMSTRING) && (.substring[(s_2_SYMSTRING)(CONST_2)(CONST_1)] notequals c_1_SYMSTRING) && (.substring[(s_2_SYMSTRING)(CONST_1)(CONST_0)] notequals c_1_SYMSTRING)
NPC constraint # = 10
CONST_9 < Length_10_ &&
CONST_8 < Length_8_ &&
CONST_7 < Length_8_ &&
CONST_6 < Length_0_ &&
CONST_5 < Length_0_ &&
CONST_4 < Length_0_ &&
CONST_3 < Length_0_ &&
CONST_2 < Length_0_ &&
CONST_1 < Length_0_ &&
CONST_0 < Length_0_
$$$$$$$$$$$$$$$$$$$$$$$$$$$$$$$$
Calling Z3str3

current query... 
(declare-const c_1 String)
(declare-const s_2 String)

(assert (= (str.substr (str.++ (str.substr s_2 0 (- 6 0)) (str.substr s_2 7(- (str.len s_2) 7))) 8 (- 9 8)) c_1))
(assert (not (= (str.substr (str.++ (str.substr s_2 0 (- 6 0)) (str.substr s_2 7(- (str.len s_2) 7))) 7 (- 8 7)) c_1)))
(assert (= (str.substr s_2 6 (- 7 6)) c_1))
(assert (not (= (str.substr s_2 5 (- 6 5)) c_1)))
(assert (not (= (str.substr s_2 4 (- 5 4)) c_1)))
(assert (not (= (str.substr s_2 3 (- 4 3)) c_1)))
(assert (not (= (str.substr s_2 2 (- 3 2)) c_1)))
(assert (not (= (str.substr s_2 1 (- 2 1)) c_1)))
(assert (not (= (str.substr s_2 0 (- 1 0)) c_1)))
(assert (< 9 (str.len (str.++ (str.substr (str.++ (str.substr s_2 0 (- 6 0)) (str.substr s_2 7(- (str.len s_2) 7))) 0 (- 8 0)) (str.substr (str.++ (str.substr s_2 0 (- 6 0)) (str.substr s_2 7(- (str.len s_2) 7))) 9(- (str.len (str.++ (str.substr s_2 0 (- 6 0)) (str.substr s_2 7(- (str.len s_2) 7)))) 9))))))
(assert (< 8 (str.len (str.++ (str.substr s_2 0 (- 6 0)) (str.substr s_2 7(- (str.len s_2) 7))))))
(assert (< 7 (str.len (str.++ (str.substr s_2 0 (- 6 0)) (str.substr s_2 7(- (str.len s_2) 7))))))
(assert (< 6 (str.len s_2)))
(assert (< 5 (str.len s_2)))
(assert (< 4 (str.len s_2)))
(assert (< 3 (str.len s_2)))
(assert (< 2 (str.len s_2)))
(assert (< 1 (str.len s_2)))
(assert (< 0 (str.len s_2)))



======================
(define-fun s_2 () String
  "DEFGHICABCJKLMN")
(define-fun c_1 () String
  "C")
Returned solutions: 
(define-fun s_2 () String  "DEFGHICABCJKLMN")
(define-fun c_1 () String  "C")
*************************************
Satisfiable: true
c_1 => "C"
s_2 => "DEFGHICABCJKLMN"
*************************************

numeric PC: constraint # = 10
CONST_9 < Length_10_ &&
CONST_8 < Length_8_ &&
CONST_7 < Length_8_ &&
CONST_6 < Length_0_ &&
CONST_5 < Length_0_ &&
CONST_4 < Length_0_ &&
CONST_3 < Length_0_ &&
CONST_2 < Length_0_ &&
CONST_1 < Length_0_ &&
CONST_0 < Length_0_ -> true

### PCs: total:84 sat:84 unsat:0

string analysis: SPC # = 10
(.substring[(.substring[(.substring[(s_2_SYMSTRING)(CONST_6)(CONST_0)].concat(.substring[(s_2_SYMSTRING)(CONST_7)]))(CONST_8)(CONST_0)].concat(.substring[(.substring[(s_2_SYMSTRING)(CONST_6)(CONST_0)].concat(.substring[(s_2_SYMSTRING)(CONST_7)]))(CONST_9)]))(CONST_10)(CONST_9)] notequals c_1_SYMSTRING) && (.substring[(.substring[(s_2_SYMSTRING)(CONST_6)(CONST_0)].concat(.substring[(s_2_SYMSTRING)(CONST_7)]))(CONST_9)(CONST_8)] equals c_1_SYMSTRING) && (.substring[(.substring[(s_2_SYMSTRING)(CONST_6)(CONST_0)].concat(.substring[(s_2_SYMSTRING)(CONST_7)]))(CONST_8)(CONST_7)] notequals c_1_SYMSTRING) && (.substring[(s_2_SYMSTRING)(CONST_7)(CONST_6)] equals c_1_SYMSTRING) && (.substring[(s_2_SYMSTRING)(CONST_6)(CONST_5)] notequals c_1_SYMSTRING) && (.substring[(s_2_SYMSTRING)(CONST_5)(CONST_4)] notequals c_1_SYMSTRING) && (.substring[(s_2_SYMSTRING)(CONST_4)(CONST_3)] notequals c_1_SYMSTRING) && (.substring[(s_2_SYMSTRING)(CONST_3)(CONST_2)] notequals c_1_SYMSTRING) && (.substring[(s_2_SYMSTRING)(CONST_2)(CONST_1)] notequals c_1_SYMSTRING) && (.substring[(s_2_SYMSTRING)(CONST_1)(CONST_0)] notequals c_1_SYMSTRING)
NPC constraint # = 10
CONST_9 < Length_10_ &&
CONST_8 < Length_8_ &&
CONST_7 < Length_8_ &&
CONST_6 < Length_0_ &&
CONST_5 < Length_0_ &&
CONST_4 < Length_0_ &&
CONST_3 < Length_0_ &&
CONST_2 < Length_0_ &&
CONST_1 < Length_0_ &&
CONST_0 < Length_0_
$$$$$$$$$$$$$$$$$$$$$$$$$$$$$$$$
Calling Z3str3

current query... 
(declare-const c_1 String)
(declare-const s_2 String)

(assert (not (= (str.substr (str.++ (str.substr (str.++ (str.substr s_2 0 (- 6 0)) (str.substr s_2 7(- (str.len s_2) 7))) 0 (- 8 0)) (str.substr (str.++ (str.substr s_2 0 (- 6 0)) (str.substr s_2 7(- (str.len s_2) 7))) 9(- (str.len (str.++ (str.substr s_2 0 (- 6 0)) (str.substr s_2 7(- (str.len s_2) 7)))) 9))) 9 (- 10 9)) c_1)))
(assert (= (str.substr (str.++ (str.substr s_2 0 (- 6 0)) (str.substr s_2 7(- (str.len s_2) 7))) 8 (- 9 8)) c_1))
(assert (not (= (str.substr (str.++ (str.substr s_2 0 (- 6 0)) (str.substr s_2 7(- (str.len s_2) 7))) 7 (- 8 7)) c_1)))
(assert (= (str.substr s_2 6 (- 7 6)) c_1))
(assert (not (= (str.substr s_2 5 (- 6 5)) c_1)))
(assert (not (= (str.substr s_2 4 (- 5 4)) c_1)))
(assert (not (= (str.substr s_2 3 (- 4 3)) c_1)))
(assert (not (= (str.substr s_2 2 (- 3 2)) c_1)))
(assert (not (= (str.substr s_2 1 (- 2 1)) c_1)))
(assert (not (= (str.substr s_2 0 (- 1 0)) c_1)))
(assert (< 9 (str.len (str.++ (str.substr (str.++ (str.substr s_2 0 (- 6 0)) (str.substr s_2 7(- (str.len s_2) 7))) 0 (- 8 0)) (str.substr (str.++ (str.substr s_2 0 (- 6 0)) (str.substr s_2 7(- (str.len s_2) 7))) 9(- (str.len (str.++ (str.substr s_2 0 (- 6 0)) (str.substr s_2 7(- (str.len s_2) 7)))) 9))))))
(assert (< 8 (str.len (str.++ (str.substr s_2 0 (- 6 0)) (str.substr s_2 7(- (str.len s_2) 7))))))
(assert (< 7 (str.len (str.++ (str.substr s_2 0 (- 6 0)) (str.substr s_2 7(- (str.len s_2) 7))))))
(assert (< 6 (str.len s_2)))
(assert (< 5 (str.len s_2)))
(assert (< 4 (str.len s_2)))
(assert (< 3 (str.len s_2)))
(assert (< 2 (str.len s_2)))
(assert (< 1 (str.len s_2)))
(assert (< 0 (str.len s_2)))



======================
(define-fun s_2 () String
  "AHIJKLGBCGDEFM")
(define-fun c_1 () String
  "G")
Returned solutions: 
(define-fun s_2 () String  "AHIJKLGBCGDEFM")
(define-fun c_1 () String  "G")
*************************************
Satisfiable: true
c_1 => "G"
s_2 => "AHIJKLGBCGDEFM"
*************************************

numeric PC: constraint # = 11
CONST_10 >= Length_10_ &&
CONST_9 < Length_10_ &&
CONST_8 < Length_8_ &&
CONST_7 < Length_8_ &&
CONST_6 < Length_0_ &&
CONST_5 < Length_0_ &&
CONST_4 < Length_0_ &&
CONST_3 < Length_0_ &&
CONST_2 < Length_0_ &&
CONST_1 < Length_0_ &&
CONST_0 < Length_0_ -> true

### PCs: total:85 sat:85 unsat:0

string analysis: SPC # = 10
(.substring[(.substring[(.substring[(s_2_SYMSTRING)(CONST_6)(CONST_0)].concat(.substring[(s_2_SYMSTRING)(CONST_7)]))(CONST_8)(CONST_0)].concat(.substring[(.substring[(s_2_SYMSTRING)(CONST_6)(CONST_0)].concat(.substring[(s_2_SYMSTRING)(CONST_7)]))(CONST_9)]))(CONST_10)(CONST_9)] notequals c_1_SYMSTRING) && (.substring[(.substring[(s_2_SYMSTRING)(CONST_6)(CONST_0)].concat(.substring[(s_2_SYMSTRING)(CONST_7)]))(CONST_9)(CONST_8)] equals c_1_SYMSTRING) && (.substring[(.substring[(s_2_SYMSTRING)(CONST_6)(CONST_0)].concat(.substring[(s_2_SYMSTRING)(CONST_7)]))(CONST_8)(CONST_7)] notequals c_1_SYMSTRING) && (.substring[(s_2_SYMSTRING)(CONST_7)(CONST_6)] equals c_1_SYMSTRING) && (.substring[(s_2_SYMSTRING)(CONST_6)(CONST_5)] notequals c_1_SYMSTRING) && (.substring[(s_2_SYMSTRING)(CONST_5)(CONST_4)] notequals c_1_SYMSTRING) && (.substring[(s_2_SYMSTRING)(CONST_4)(CONST_3)] notequals c_1_SYMSTRING) && (.substring[(s_2_SYMSTRING)(CONST_3)(CONST_2)] notequals c_1_SYMSTRING) && (.substring[(s_2_SYMSTRING)(CONST_2)(CONST_1)] notequals c_1_SYMSTRING) && (.substring[(s_2_SYMSTRING)(CONST_1)(CONST_0)] notequals c_1_SYMSTRING)
NPC constraint # = 11
CONST_10 >= Length_10_ &&
CONST_9 < Length_10_ &&
CONST_8 < Length_8_ &&
CONST_7 < Length_8_ &&
CONST_6 < Length_0_ &&
CONST_5 < Length_0_ &&
CONST_4 < Length_0_ &&
CONST_3 < Length_0_ &&
CONST_2 < Length_0_ &&
CONST_1 < Length_0_ &&
CONST_0 < Length_0_
$$$$$$$$$$$$$$$$$$$$$$$$$$$$$$$$
Calling Z3str3

current query... 
(declare-const c_1 String)
(declare-const s_2 String)

(assert (not (= (str.substr (str.++ (str.substr (str.++ (str.substr s_2 0 (- 6 0)) (str.substr s_2 7(- (str.len s_2) 7))) 0 (- 8 0)) (str.substr (str.++ (str.substr s_2 0 (- 6 0)) (str.substr s_2 7(- (str.len s_2) 7))) 9(- (str.len (str.++ (str.substr s_2 0 (- 6 0)) (str.substr s_2 7(- (str.len s_2) 7)))) 9))) 9 (- 10 9)) c_1)))
(assert (= (str.substr (str.++ (str.substr s_2 0 (- 6 0)) (str.substr s_2 7(- (str.len s_2) 7))) 8 (- 9 8)) c_1))
(assert (not (= (str.substr (str.++ (str.substr s_2 0 (- 6 0)) (str.substr s_2 7(- (str.len s_2) 7))) 7 (- 8 7)) c_1)))
(assert (= (str.substr s_2 6 (- 7 6)) c_1))
(assert (not (= (str.substr s_2 5 (- 6 5)) c_1)))
(assert (not (= (str.substr s_2 4 (- 5 4)) c_1)))
(assert (not (= (str.substr s_2 3 (- 4 3)) c_1)))
(assert (not (= (str.substr s_2 2 (- 3 2)) c_1)))
(assert (not (= (str.substr s_2 1 (- 2 1)) c_1)))
(assert (not (= (str.substr s_2 0 (- 1 0)) c_1)))
(assert (>= 10 (str.len (str.++ (str.substr (str.++ (str.substr s_2 0 (- 6 0)) (str.substr s_2 7(- (str.len s_2) 7))) 0 (- 8 0)) (str.substr (str.++ (str.substr s_2 0 (- 6 0)) (str.substr s_2 7(- (str.len s_2) 7))) 9(- (str.len (str.++ (str.substr s_2 0 (- 6 0)) (str.substr s_2 7(- (str.len s_2) 7)))) 9))))))
(assert (< 9 (str.len (str.++ (str.substr (str.++ (str.substr s_2 0 (- 6 0)) (str.substr s_2 7(- (str.len s_2) 7))) 0 (- 8 0)) (str.substr (str.++ (str.substr s_2 0 (- 6 0)) (str.substr s_2 7(- (str.len s_2) 7))) 9(- (str.len (str.++ (str.substr s_2 0 (- 6 0)) (str.substr s_2 7(- (str.len s_2) 7)))) 9))))))
(assert (< 8 (str.len (str.++ (str.substr s_2 0 (- 6 0)) (str.substr s_2 7(- (str.len s_2) 7))))))
(assert (< 7 (str.len (str.++ (str.substr s_2 0 (- 6 0)) (str.substr s_2 7(- (str.len s_2) 7))))))
(assert (< 6 (str.len s_2)))
(assert (< 5 (str.len s_2)))
(assert (< 4 (str.len s_2)))
(assert (< 3 (str.len s_2)))
(assert (< 2 (str.len s_2)))
(assert (< 1 (str.len s_2)))
(assert (< 0 (str.len s_2)))



======================
(define-fun s_2 () String
  "FGHIJKEABECD")
(define-fun c_1 () String
  "E")
Returned solutions: 
(define-fun s_2 () String  "FGHIJKEABECD")
(define-fun c_1 () String  "E")
*************************************
Satisfiable: true
c_1 => "E"
s_2 => "FGHIJKEABECD"
*************************************

numeric PC: constraint # = 11
CONST_10 < Length_10_ &&
CONST_9 < Length_10_ &&
CONST_8 < Length_8_ &&
CONST_7 < Length_8_ &&
CONST_6 < Length_0_ &&
CONST_5 < Length_0_ &&
CONST_4 < Length_0_ &&
CONST_3 < Length_0_ &&
CONST_2 < Length_0_ &&
CONST_1 < Length_0_ &&
CONST_0 < Length_0_ -> true

### PCs: total:86 sat:86 unsat:0

string analysis: SPC # = 10
(.substring[(.substring[(.substring[(s_2_SYMSTRING)(CONST_6)(CONST_0)].concat(.substring[(s_2_SYMSTRING)(CONST_7)]))(CONST_8)(CONST_0)].concat(.substring[(.substring[(s_2_SYMSTRING)(CONST_6)(CONST_0)].concat(.substring[(s_2_SYMSTRING)(CONST_7)]))(CONST_9)]))(CONST_10)(CONST_9)] notequals c_1_SYMSTRING) && (.substring[(.substring[(s_2_SYMSTRING)(CONST_6)(CONST_0)].concat(.substring[(s_2_SYMSTRING)(CONST_7)]))(CONST_9)(CONST_8)] equals c_1_SYMSTRING) && (.substring[(.substring[(s_2_SYMSTRING)(CONST_6)(CONST_0)].concat(.substring[(s_2_SYMSTRING)(CONST_7)]))(CONST_8)(CONST_7)] notequals c_1_SYMSTRING) && (.substring[(s_2_SYMSTRING)(CONST_7)(CONST_6)] equals c_1_SYMSTRING) && (.substring[(s_2_SYMSTRING)(CONST_6)(CONST_5)] notequals c_1_SYMSTRING) && (.substring[(s_2_SYMSTRING)(CONST_5)(CONST_4)] notequals c_1_SYMSTRING) && (.substring[(s_2_SYMSTRING)(CONST_4)(CONST_3)] notequals c_1_SYMSTRING) && (.substring[(s_2_SYMSTRING)(CONST_3)(CONST_2)] notequals c_1_SYMSTRING) && (.substring[(s_2_SYMSTRING)(CONST_2)(CONST_1)] notequals c_1_SYMSTRING) && (.substring[(s_2_SYMSTRING)(CONST_1)(CONST_0)] notequals c_1_SYMSTRING)
NPC constraint # = 11
CONST_10 < Length_10_ &&
CONST_9 < Length_10_ &&
CONST_8 < Length_8_ &&
CONST_7 < Length_8_ &&
CONST_6 < Length_0_ &&
CONST_5 < Length_0_ &&
CONST_4 < Length_0_ &&
CONST_3 < Length_0_ &&
CONST_2 < Length_0_ &&
CONST_1 < Length_0_ &&
CONST_0 < Length_0_
$$$$$$$$$$$$$$$$$$$$$$$$$$$$$$$$
Calling Z3str3

current query... 
(declare-const c_1 String)
(declare-const s_2 String)

(assert (not (= (str.substr (str.++ (str.substr (str.++ (str.substr s_2 0 (- 6 0)) (str.substr s_2 7(- (str.len s_2) 7))) 0 (- 8 0)) (str.substr (str.++ (str.substr s_2 0 (- 6 0)) (str.substr s_2 7(- (str.len s_2) 7))) 9(- (str.len (str.++ (str.substr s_2 0 (- 6 0)) (str.substr s_2 7(- (str.len s_2) 7)))) 9))) 9 (- 10 9)) c_1)))
(assert (= (str.substr (str.++ (str.substr s_2 0 (- 6 0)) (str.substr s_2 7(- (str.len s_2) 7))) 8 (- 9 8)) c_1))
(assert (not (= (str.substr (str.++ (str.substr s_2 0 (- 6 0)) (str.substr s_2 7(- (str.len s_2) 7))) 7 (- 8 7)) c_1)))
(assert (= (str.substr s_2 6 (- 7 6)) c_1))
(assert (not (= (str.substr s_2 5 (- 6 5)) c_1)))
(assert (not (= (str.substr s_2 4 (- 5 4)) c_1)))
(assert (not (= (str.substr s_2 3 (- 4 3)) c_1)))
(assert (not (= (str.substr s_2 2 (- 3 2)) c_1)))
(assert (not (= (str.substr s_2 1 (- 2 1)) c_1)))
(assert (not (= (str.substr s_2 0 (- 1 0)) c_1)))
(assert (< 10 (str.len (str.++ (str.substr (str.++ (str.substr s_2 0 (- 6 0)) (str.substr s_2 7(- (str.len s_2) 7))) 0 (- 8 0)) (str.substr (str.++ (str.substr s_2 0 (- 6 0)) (str.substr s_2 7(- (str.len s_2) 7))) 9(- (str.len (str.++ (str.substr s_2 0 (- 6 0)) (str.substr s_2 7(- (str.len s_2) 7)))) 9))))))
(assert (< 9 (str.len (str.++ (str.substr (str.++ (str.substr s_2 0 (- 6 0)) (str.substr s_2 7(- (str.len s_2) 7))) 0 (- 8 0)) (str.substr (str.++ (str.substr s_2 0 (- 6 0)) (str.substr s_2 7(- (str.len s_2) 7))) 9(- (str.len (str.++ (str.substr s_2 0 (- 6 0)) (str.substr s_2 7(- (str.len s_2) 7)))) 9))))))
(assert (< 8 (str.len (str.++ (str.substr s_2 0 (- 6 0)) (str.substr s_2 7(- (str.len s_2) 7))))))
(assert (< 7 (str.len (str.++ (str.substr s_2 0 (- 6 0)) (str.substr s_2 7(- (str.len s_2) 7))))))
(assert (< 6 (str.len s_2)))
(assert (< 5 (str.len s_2)))
(assert (< 4 (str.len s_2)))
(assert (< 3 (str.len s_2)))
(assert (< 2 (str.len s_2)))
(assert (< 1 (str.len s_2)))
(assert (< 0 (str.len s_2)))



======================
(define-fun s_2 () String
  "AHIJKLGBCGDEFM")
(define-fun c_1 () String
  "G")
Returned solutions: 
(define-fun s_2 () String  "AHIJKLGBCGDEFM")
(define-fun c_1 () String  "G")
*************************************
Satisfiable: true
c_1 => "G"
s_2 => "AHIJKLGBCGDEFM"
*************************************


====================================================== search constraint
depth limit reached: 23

====================================================== snapshot 
thread java.lang.Thread:{id:0,name:main,status:RUNNING,priority:5,isDaemon:false,lockCount:0,suspendCount:0}
  call stack:
	at strings.StringSearch.search_2(StringSearch.java:29)
	at strings.StringSearch.main(StringSearch.java:8)

numeric PC: constraint # = 11
CONST_10 < Length_10_ &&
CONST_9 < Length_10_ &&
CONST_8 < Length_8_ &&
CONST_7 < Length_8_ &&
CONST_6 < Length_0_ &&
CONST_5 < Length_0_ &&
CONST_4 < Length_0_ &&
CONST_3 < Length_0_ &&
CONST_2 < Length_0_ &&
CONST_1 < Length_0_ &&
CONST_0 < Length_0_ -> true

string analysis: SPC # = 10
(.substring[(.substring[(.substring[(s_2_SYMSTRING)(CONST_6)(CONST_0)].concat(.substring[(s_2_SYMSTRING)(CONST_7)]))(CONST_8)(CONST_0)].concat(.substring[(.substring[(s_2_SYMSTRING)(CONST_6)(CONST_0)].concat(.substring[(s_2_SYMSTRING)(CONST_7)]))(CONST_9)]))(CONST_10)(CONST_9)] notequals c_1_SYMSTRING) && (.substring[(.substring[(s_2_SYMSTRING)(CONST_6)(CONST_0)].concat(.substring[(s_2_SYMSTRING)(CONST_7)]))(CONST_9)(CONST_8)] equals c_1_SYMSTRING) && (.substring[(.substring[(s_2_SYMSTRING)(CONST_6)(CONST_0)].concat(.substring[(s_2_SYMSTRING)(CONST_7)]))(CONST_8)(CONST_7)] notequals c_1_SYMSTRING) && (.substring[(s_2_SYMSTRING)(CONST_7)(CONST_6)] equals c_1_SYMSTRING) && (.substring[(s_2_SYMSTRING)(CONST_6)(CONST_5)] notequals c_1_SYMSTRING) && (.substring[(s_2_SYMSTRING)(CONST_5)(CONST_4)] notequals c_1_SYMSTRING) && (.substring[(s_2_SYMSTRING)(CONST_4)(CONST_3)] notequals c_1_SYMSTRING) && (.substring[(s_2_SYMSTRING)(CONST_3)(CONST_2)] notequals c_1_SYMSTRING) && (.substring[(s_2_SYMSTRING)(CONST_2)(CONST_1)] notequals c_1_SYMSTRING) && (.substring[(s_2_SYMSTRING)(CONST_1)(CONST_0)] notequals c_1_SYMSTRING)
NPC constraint # = 11
CONST_10 < Length_10_[11] &&
CONST_9 < Length_10_[11] &&
CONST_8 < Length_8_[9] &&
CONST_7 < Length_8_[9] &&
CONST_6 < Length_0_[7] &&
CONST_5 < Length_0_[7] &&
CONST_4 < Length_0_[7] &&
CONST_3 < Length_0_[7] &&
CONST_2 < Length_0_[7] &&
CONST_1 < Length_0_[7] &&
CONST_0 < Length_0_[7]
$$$$$$$$$$$$$$$$$$$$$$$$$$$$$$$$
Calling Z3str3

current query... 
(declare-const c_1 String)
(declare-const s_2 String)

(assert (not (= (str.substr (str.++ (str.substr (str.++ (str.substr s_2 0 (- 6 0)) (str.substr s_2 7(- (str.len s_2) 7))) 0 (- 8 0)) (str.substr (str.++ (str.substr s_2 0 (- 6 0)) (str.substr s_2 7(- (str.len s_2) 7))) 9(- (str.len (str.++ (str.substr s_2 0 (- 6 0)) (str.substr s_2 7(- (str.len s_2) 7)))) 9))) 9 (- 10 9)) c_1)))
(assert (= (str.substr (str.++ (str.substr s_2 0 (- 6 0)) (str.substr s_2 7(- (str.len s_2) 7))) 8 (- 9 8)) c_1))
(assert (not (= (str.substr (str.++ (str.substr s_2 0 (- 6 0)) (str.substr s_2 7(- (str.len s_2) 7))) 7 (- 8 7)) c_1)))
(assert (= (str.substr s_2 6 (- 7 6)) c_1))
(assert (not (= (str.substr s_2 5 (- 6 5)) c_1)))
(assert (not (= (str.substr s_2 4 (- 5 4)) c_1)))
(assert (not (= (str.substr s_2 3 (- 4 3)) c_1)))
(assert (not (= (str.substr s_2 2 (- 3 2)) c_1)))
(assert (not (= (str.substr s_2 1 (- 2 1)) c_1)))
(assert (not (= (str.substr s_2 0 (- 1 0)) c_1)))
(assert (< 10 (str.len (str.++ (str.substr (str.++ (str.substr s_2 0 (- 6 0)) (str.substr s_2 7(- (str.len s_2) 7))) 0 (- 8 0)) (str.substr (str.++ (str.substr s_2 0 (- 6 0)) (str.substr s_2 7(- (str.len s_2) 7))) 9(- (str.len (str.++ (str.substr s_2 0 (- 6 0)) (str.substr s_2 7(- (str.len s_2) 7)))) 9))))))
(assert (< 9 (str.len (str.++ (str.substr (str.++ (str.substr s_2 0 (- 6 0)) (str.substr s_2 7(- (str.len s_2) 7))) 0 (- 8 0)) (str.substr (str.++ (str.substr s_2 0 (- 6 0)) (str.substr s_2 7(- (str.len s_2) 7))) 9(- (str.len (str.++ (str.substr s_2 0 (- 6 0)) (str.substr s_2 7(- (str.len s_2) 7)))) 9))))))
(assert (< 8 (str.len (str.++ (str.substr s_2 0 (- 6 0)) (str.substr s_2 7(- (str.len s_2) 7))))))
(assert (< 7 (str.len (str.++ (str.substr s_2 0 (- 6 0)) (str.substr s_2 7(- (str.len s_2) 7))))))
(assert (< 6 (str.len s_2)))
(assert (< 5 (str.len s_2)))
(assert (< 4 (str.len s_2)))
(assert (< 3 (str.len s_2)))
(assert (< 2 (str.len s_2)))
(assert (< 1 (str.len s_2)))
(assert (< 0 (str.len s_2)))



======================
(define-fun s_2 () String
  "AHIJKLGBCGDEFM")
(define-fun c_1 () String
  "G")
Returned solutions: 
(define-fun s_2 () String  "AHIJKLGBCGDEFM")
(define-fun c_1 () String  "G")
*************************************
Satisfiable: true
c_1 => "G"
s_2 => "AHIJKLGBCGDEFM"
*************************************

Symbolic Exp [ .substring[(.substring[(s_2_SYMSTRING[**UNDEFINED**])(CONST_6)(CONST_0)].concat(.substring[(s_2_SYMSTRING[**UNDEFINED**])(CONST_7)]))(CONST_8)(CONST_0)].concat(.substring[(.substring[(s_2_SYMSTRING[**UNDEFINED**])(CONST_6)(CONST_0)].concat(.substring[(s_2_SYMSTRING[**UNDEFINED**])(CONST_7)]))(CONST_9)])]
test This is a tttest haystack string for testing.
0
114514
0

====================================================== search constraint
depth limit reached: 23

====================================================== snapshot 
no live threads
numeric PC: constraint # = 11
CONST_10 >= Length_10_ &&
CONST_9 < Length_10_ &&
CONST_8 < Length_8_ &&
CONST_7 < Length_8_ &&
CONST_6 < Length_0_ &&
CONST_5 < Length_0_ &&
CONST_4 < Length_0_ &&
CONST_3 < Length_0_ &&
CONST_2 < Length_0_ &&
CONST_1 < Length_0_ &&
CONST_0 < Length_0_ -> true

string analysis: SPC # = 10
(.substring[(.substring[(.substring[(s_2_SYMSTRING[**UNDEFINED**])(CONST_6)(CONST_0)].concat(.substring[(s_2_SYMSTRING[**UNDEFINED**])(CONST_7)]))(CONST_8)(CONST_0)].concat(.substring[(.substring[(s_2_SYMSTRING[**UNDEFINED**])(CONST_6)(CONST_0)].concat(.substring[(s_2_SYMSTRING[**UNDEFINED**])(CONST_7)]))(CONST_9)]))(CONST_10)(CONST_9)] notequals c_1_SYMSTRING[**UNDEFINED**]) && (.substring[(.substring[(s_2_SYMSTRING[**UNDEFINED**])(CONST_6)(CONST_0)].concat(.substring[(s_2_SYMSTRING[**UNDEFINED**])(CONST_7)]))(CONST_9)(CONST_8)] equals c_1_SYMSTRING[**UNDEFINED**]) && (.substring[(.substring[(s_2_SYMSTRING[**UNDEFINED**])(CONST_6)(CONST_0)].concat(.substring[(s_2_SYMSTRING[**UNDEFINED**])(CONST_7)]))(CONST_8)(CONST_7)] notequals c_1_SYMSTRING[**UNDEFINED**]) && (.substring[(s_2_SYMSTRING[**UNDEFINED**])(CONST_7)(CONST_6)] equals c_1_SYMSTRING[**UNDEFINED**]) && (.substring[(s_2_SYMSTRING[**UNDEFINED**])(CONST_6)(CONST_5)] notequals c_1_SYMSTRING[**UNDEFINED**]) && (.substring[(s_2_SYMSTRING[**UNDEFINED**])(CONST_5)(CONST_4)] notequals c_1_SYMSTRING[**UNDEFINED**]) && (.substring[(s_2_SYMSTRING[**UNDEFINED**])(CONST_4)(CONST_3)] notequals c_1_SYMSTRING[**UNDEFINED**]) && (.substring[(s_2_SYMSTRING[**UNDEFINED**])(CONST_3)(CONST_2)] notequals c_1_SYMSTRING[**UNDEFINED**]) && (.substring[(s_2_SYMSTRING[**UNDEFINED**])(CONST_2)(CONST_1)] notequals c_1_SYMSTRING[**UNDEFINED**]) && (.substring[(s_2_SYMSTRING[**UNDEFINED**])(CONST_1)(CONST_0)] notequals c_1_SYMSTRING[**UNDEFINED**])
NPC constraint # = 11
CONST_10 >= Length_10_[10] &&
CONST_9 < Length_10_[10] &&
CONST_8 < Length_8_[9] &&
CONST_7 < Length_8_[9] &&
CONST_6 < Length_0_[7] &&
CONST_5 < Length_0_[7] &&
CONST_4 < Length_0_[7] &&
CONST_3 < Length_0_[7] &&
CONST_2 < Length_0_[7] &&
CONST_1 < Length_0_[7] &&
CONST_0 < Length_0_[7]
$$$$$$$$$$$$$$$$$$$$$$$$$$$$$$$$
Calling Z3str3

current query... 
(declare-const c_1 String)
(declare-const s_2 String)

(assert (not (= (str.substr (str.++ (str.substr (str.++ (str.substr s_2 0 (- 6 0)) (str.substr s_2 7(- (str.len s_2) 7))) 0 (- 8 0)) (str.substr (str.++ (str.substr s_2 0 (- 6 0)) (str.substr s_2 7(- (str.len s_2) 7))) 9(- (str.len (str.++ (str.substr s_2 0 (- 6 0)) (str.substr s_2 7(- (str.len s_2) 7)))) 9))) 9 (- 10 9)) c_1)))
(assert (= (str.substr (str.++ (str.substr s_2 0 (- 6 0)) (str.substr s_2 7(- (str.len s_2) 7))) 8 (- 9 8)) c_1))
(assert (not (= (str.substr (str.++ (str.substr s_2 0 (- 6 0)) (str.substr s_2 7(- (str.len s_2) 7))) 7 (- 8 7)) c_1)))
(assert (= (str.substr s_2 6 (- 7 6)) c_1))
(assert (not (= (str.substr s_2 5 (- 6 5)) c_1)))
(assert (not (= (str.substr s_2 4 (- 5 4)) c_1)))
(assert (not (= (str.substr s_2 3 (- 4 3)) c_1)))
(assert (not (= (str.substr s_2 2 (- 3 2)) c_1)))
(assert (not (= (str.substr s_2 1 (- 2 1)) c_1)))
(assert (not (= (str.substr s_2 0 (- 1 0)) c_1)))
(assert (>= 10 (str.len (str.++ (str.substr (str.++ (str.substr s_2 0 (- 6 0)) (str.substr s_2 7(- (str.len s_2) 7))) 0 (- 8 0)) (str.substr (str.++ (str.substr s_2 0 (- 6 0)) (str.substr s_2 7(- (str.len s_2) 7))) 9(- (str.len (str.++ (str.substr s_2 0 (- 6 0)) (str.substr s_2 7(- (str.len s_2) 7)))) 9))))))
(assert (< 9 (str.len (str.++ (str.substr (str.++ (str.substr s_2 0 (- 6 0)) (str.substr s_2 7(- (str.len s_2) 7))) 0 (- 8 0)) (str.substr (str.++ (str.substr s_2 0 (- 6 0)) (str.substr s_2 7(- (str.len s_2) 7))) 9(- (str.len (str.++ (str.substr s_2 0 (- 6 0)) (str.substr s_2 7(- (str.len s_2) 7)))) 9))))))
(assert (< 8 (str.len (str.++ (str.substr s_2 0 (- 6 0)) (str.substr s_2 7(- (str.len s_2) 7))))))
(assert (< 7 (str.len (str.++ (str.substr s_2 0 (- 6 0)) (str.substr s_2 7(- (str.len s_2) 7))))))
(assert (< 6 (str.len s_2)))
(assert (< 5 (str.len s_2)))
(assert (< 4 (str.len s_2)))
(assert (< 3 (str.len s_2)))
(assert (< 2 (str.len s_2)))
(assert (< 1 (str.len s_2)))
(assert (< 0 (str.len s_2)))



======================
(define-fun s_2 () String
  "FGHIJKEABECD")
(define-fun c_1 () String
  "E")
Returned solutions: 
(define-fun s_2 () String  "FGHIJKEABECD")
(define-fun c_1 () String  "E")
*************************************
Satisfiable: true
c_1 => "E"
s_2 => "FGHIJKEABECD"
*************************************

numeric PC: constraint # = 10
CONST_9 < Length_10_[10] &&
CONST_8 < Length_8_[9] &&
CONST_7 < Length_8_[9] &&
CONST_6 < Length_0_[7] &&
CONST_5 < Length_0_[7] &&
CONST_4 < Length_0_[7] &&
CONST_3 < Length_0_[7] &&
CONST_2 < Length_0_[7] &&
CONST_1 < Length_0_[7] &&
CONST_0 < Length_0_[7] -> true

string analysis: SPC # = 10
(.substring[(.substring[(.substring[(s_2_SYMSTRING[**UNDEFINED**])(CONST_6)(CONST_0)].concat(.substring[(s_2_SYMSTRING[**UNDEFINED**])(CONST_7)]))(CONST_8)(CONST_0)].concat(.substring[(.substring[(s_2_SYMSTRING[**UNDEFINED**])(CONST_6)(CONST_0)].concat(.substring[(s_2_SYMSTRING[**UNDEFINED**])(CONST_7)]))(CONST_9)]))(CONST_10)(CONST_9)] notequals c_1_SYMSTRING[**UNDEFINED**]) && (.substring[(.substring[(s_2_SYMSTRING[**UNDEFINED**])(CONST_6)(CONST_0)].concat(.substring[(s_2_SYMSTRING[**UNDEFINED**])(CONST_7)]))(CONST_9)(CONST_8)] equals c_1_SYMSTRING[**UNDEFINED**]) && (.substring[(.substring[(s_2_SYMSTRING[**UNDEFINED**])(CONST_6)(CONST_0)].concat(.substring[(s_2_SYMSTRING[**UNDEFINED**])(CONST_7)]))(CONST_8)(CONST_7)] notequals c_1_SYMSTRING[**UNDEFINED**]) && (.substring[(s_2_SYMSTRING[**UNDEFINED**])(CONST_7)(CONST_6)] equals c_1_SYMSTRING[**UNDEFINED**]) && (.substring[(s_2_SYMSTRING[**UNDEFINED**])(CONST_6)(CONST_5)] notequals c_1_SYMSTRING[**UNDEFINED**]) && (.substring[(s_2_SYMSTRING[**UNDEFINED**])(CONST_5)(CONST_4)] notequals c_1_SYMSTRING[**UNDEFINED**]) && (.substring[(s_2_SYMSTRING[**UNDEFINED**])(CONST_4)(CONST_3)] notequals c_1_SYMSTRING[**UNDEFINED**]) && (.substring[(s_2_SYMSTRING[**UNDEFINED**])(CONST_3)(CONST_2)] notequals c_1_SYMSTRING[**UNDEFINED**]) && (.substring[(s_2_SYMSTRING[**UNDEFINED**])(CONST_2)(CONST_1)] notequals c_1_SYMSTRING[**UNDEFINED**]) && (.substring[(s_2_SYMSTRING[**UNDEFINED**])(CONST_1)(CONST_0)] notequals c_1_SYMSTRING[**UNDEFINED**])
NPC constraint # = 10
CONST_9 < Length_10_[10] &&
CONST_8 < Length_8_[9] &&
CONST_7 < Length_8_[9] &&
CONST_6 < Length_0_[7] &&
CONST_5 < Length_0_[7] &&
CONST_4 < Length_0_[7] &&
CONST_3 < Length_0_[7] &&
CONST_2 < Length_0_[7] &&
CONST_1 < Length_0_[7] &&
CONST_0 < Length_0_[7]
$$$$$$$$$$$$$$$$$$$$$$$$$$$$$$$$
Calling Z3str3

current query... 
(declare-const c_1 String)
(declare-const s_2 String)

(assert (not (= (str.substr (str.++ (str.substr (str.++ (str.substr s_2 0 (- 6 0)) (str.substr s_2 7(- (str.len s_2) 7))) 0 (- 8 0)) (str.substr (str.++ (str.substr s_2 0 (- 6 0)) (str.substr s_2 7(- (str.len s_2) 7))) 9(- (str.len (str.++ (str.substr s_2 0 (- 6 0)) (str.substr s_2 7(- (str.len s_2) 7)))) 9))) 9 (- 10 9)) c_1)))
(assert (= (str.substr (str.++ (str.substr s_2 0 (- 6 0)) (str.substr s_2 7(- (str.len s_2) 7))) 8 (- 9 8)) c_1))
(assert (not (= (str.substr (str.++ (str.substr s_2 0 (- 6 0)) (str.substr s_2 7(- (str.len s_2) 7))) 7 (- 8 7)) c_1)))
(assert (= (str.substr s_2 6 (- 7 6)) c_1))
(assert (not (= (str.substr s_2 5 (- 6 5)) c_1)))
(assert (not (= (str.substr s_2 4 (- 5 4)) c_1)))
(assert (not (= (str.substr s_2 3 (- 4 3)) c_1)))
(assert (not (= (str.substr s_2 2 (- 3 2)) c_1)))
(assert (not (= (str.substr s_2 1 (- 2 1)) c_1)))
(assert (not (= (str.substr s_2 0 (- 1 0)) c_1)))
(assert (< 9 (str.len (str.++ (str.substr (str.++ (str.substr s_2 0 (- 6 0)) (str.substr s_2 7(- (str.len s_2) 7))) 0 (- 8 0)) (str.substr (str.++ (str.substr s_2 0 (- 6 0)) (str.substr s_2 7(- (str.len s_2) 7))) 9(- (str.len (str.++ (str.substr s_2 0 (- 6 0)) (str.substr s_2 7(- (str.len s_2) 7)))) 9))))))
(assert (< 8 (str.len (str.++ (str.substr s_2 0 (- 6 0)) (str.substr s_2 7(- (str.len s_2) 7))))))
(assert (< 7 (str.len (str.++ (str.substr s_2 0 (- 6 0)) (str.substr s_2 7(- (str.len s_2) 7))))))
(assert (< 6 (str.len s_2)))
(assert (< 5 (str.len s_2)))
(assert (< 4 (str.len s_2)))
(assert (< 3 (str.len s_2)))
(assert (< 2 (str.len s_2)))
(assert (< 1 (str.len s_2)))
(assert (< 0 (str.len s_2)))



======================
(define-fun s_2 () String
  "AHIJKLGBCGDEFM")
(define-fun c_1 () String
  "G")
Returned solutions: 
(define-fun s_2 () String  "AHIJKLGBCGDEFM")
(define-fun c_1 () String  "G")
*************************************
Satisfiable: true
c_1 => "G"
s_2 => "AHIJKLGBCGDEFM"
*************************************

numeric PC: constraint # = 10
CONST_9 < Length_10_[10] &&
CONST_8 < Length_8_[9] &&
CONST_7 < Length_8_[9] &&
CONST_6 < Length_0_[7] &&
CONST_5 < Length_0_[7] &&
CONST_4 < Length_0_[7] &&
CONST_3 < Length_0_[7] &&
CONST_2 < Length_0_[7] &&
CONST_1 < Length_0_[7] &&
CONST_0 < Length_0_[7] -> true

### PCs: total:87 sat:87 unsat:0

string analysis: SPC # = 10
(.substring[(.substring[(.substring[(s_2_SYMSTRING)(CONST_6)(CONST_0)].concat(.substring[(s_2_SYMSTRING)(CONST_7)]))(CONST_8)(CONST_0)].concat(.substring[(.substring[(s_2_SYMSTRING)(CONST_6)(CONST_0)].concat(.substring[(s_2_SYMSTRING)(CONST_7)]))(CONST_9)]))(CONST_10)(CONST_9)] equals c_1_SYMSTRING) && (.substring[(.substring[(s_2_SYMSTRING)(CONST_6)(CONST_0)].concat(.substring[(s_2_SYMSTRING)(CONST_7)]))(CONST_9)(CONST_8)] equals c_1_SYMSTRING) && (.substring[(.substring[(s_2_SYMSTRING)(CONST_6)(CONST_0)].concat(.substring[(s_2_SYMSTRING)(CONST_7)]))(CONST_8)(CONST_7)] notequals c_1_SYMSTRING) && (.substring[(s_2_SYMSTRING)(CONST_7)(CONST_6)] equals c_1_SYMSTRING) && (.substring[(s_2_SYMSTRING)(CONST_6)(CONST_5)] notequals c_1_SYMSTRING) && (.substring[(s_2_SYMSTRING)(CONST_5)(CONST_4)] notequals c_1_SYMSTRING) && (.substring[(s_2_SYMSTRING)(CONST_4)(CONST_3)] notequals c_1_SYMSTRING) && (.substring[(s_2_SYMSTRING)(CONST_3)(CONST_2)] notequals c_1_SYMSTRING) && (.substring[(s_2_SYMSTRING)(CONST_2)(CONST_1)] notequals c_1_SYMSTRING) && (.substring[(s_2_SYMSTRING)(CONST_1)(CONST_0)] notequals c_1_SYMSTRING)
NPC constraint # = 10
CONST_9 < Length_10_[10] &&
CONST_8 < Length_8_[9] &&
CONST_7 < Length_8_[9] &&
CONST_6 < Length_0_[7] &&
CONST_5 < Length_0_[7] &&
CONST_4 < Length_0_[7] &&
CONST_3 < Length_0_[7] &&
CONST_2 < Length_0_[7] &&
CONST_1 < Length_0_[7] &&
CONST_0 < Length_0_[7]
$$$$$$$$$$$$$$$$$$$$$$$$$$$$$$$$
Calling Z3str3

current query... 
(declare-const c_1 String)
(declare-const s_2 String)

(assert (= (str.substr (str.++ (str.substr (str.++ (str.substr s_2 0 (- 6 0)) (str.substr s_2 7(- (str.len s_2) 7))) 0 (- 8 0)) (str.substr (str.++ (str.substr s_2 0 (- 6 0)) (str.substr s_2 7(- (str.len s_2) 7))) 9(- (str.len (str.++ (str.substr s_2 0 (- 6 0)) (str.substr s_2 7(- (str.len s_2) 7)))) 9))) 9 (- 10 9)) c_1))
(assert (= (str.substr (str.++ (str.substr s_2 0 (- 6 0)) (str.substr s_2 7(- (str.len s_2) 7))) 8 (- 9 8)) c_1))
(assert (not (= (str.substr (str.++ (str.substr s_2 0 (- 6 0)) (str.substr s_2 7(- (str.len s_2) 7))) 7 (- 8 7)) c_1)))
(assert (= (str.substr s_2 6 (- 7 6)) c_1))
(assert (not (= (str.substr s_2 5 (- 6 5)) c_1)))
(assert (not (= (str.substr s_2 4 (- 5 4)) c_1)))
(assert (not (= (str.substr s_2 3 (- 4 3)) c_1)))
(assert (not (= (str.substr s_2 2 (- 3 2)) c_1)))
(assert (not (= (str.substr s_2 1 (- 2 1)) c_1)))
(assert (not (= (str.substr s_2 0 (- 1 0)) c_1)))
(assert (< 9 (str.len (str.++ (str.substr (str.++ (str.substr s_2 0 (- 6 0)) (str.substr s_2 7(- (str.len s_2) 7))) 0 (- 8 0)) (str.substr (str.++ (str.substr s_2 0 (- 6 0)) (str.substr s_2 7(- (str.len s_2) 7))) 9(- (str.len (str.++ (str.substr s_2 0 (- 6 0)) (str.substr s_2 7(- (str.len s_2) 7)))) 9))))))
(assert (< 8 (str.len (str.++ (str.substr s_2 0 (- 6 0)) (str.substr s_2 7(- (str.len s_2) 7))))))
(assert (< 7 (str.len (str.++ (str.substr s_2 0 (- 6 0)) (str.substr s_2 7(- (str.len s_2) 7))))))
(assert (< 6 (str.len s_2)))
(assert (< 5 (str.len s_2)))
(assert (< 4 (str.len s_2)))
(assert (< 3 (str.len s_2)))
(assert (< 2 (str.len s_2)))
(assert (< 1 (str.len s_2)))
(assert (< 0 (str.len s_2)))



======================
(define-fun s_2 () String
  "HIJKLMABCADAEGF")
(define-fun c_1 () String
  "A")
Returned solutions: 
(define-fun s_2 () String  "HIJKLMABCADAEGF")
(define-fun c_1 () String  "A")
*************************************
Satisfiable: true
c_1 => "A"
s_2 => "HIJKLMABCADAEGF"
*************************************

New sym int Length_11_ min=0, max=30
numeric PC: constraint # = 11
CONST_10 >= Length_11_ &&
CONST_9 < Length_10_ &&
CONST_8 < Length_8_ &&
CONST_7 < Length_8_ &&
CONST_6 < Length_0_ &&
CONST_5 < Length_0_ &&
CONST_4 < Length_0_ &&
CONST_3 < Length_0_ &&
CONST_2 < Length_0_ &&
CONST_1 < Length_0_ &&
CONST_0 < Length_0_ -> true

### PCs: total:88 sat:88 unsat:0

string analysis: SPC # = 10
(.substring[(.substring[(.substring[(s_2_SYMSTRING)(CONST_6)(CONST_0)].concat(.substring[(s_2_SYMSTRING)(CONST_7)]))(CONST_8)(CONST_0)].concat(.substring[(.substring[(s_2_SYMSTRING)(CONST_6)(CONST_0)].concat(.substring[(s_2_SYMSTRING)(CONST_7)]))(CONST_9)]))(CONST_10)(CONST_9)] equals c_1_SYMSTRING) && (.substring[(.substring[(s_2_SYMSTRING)(CONST_6)(CONST_0)].concat(.substring[(s_2_SYMSTRING)(CONST_7)]))(CONST_9)(CONST_8)] equals c_1_SYMSTRING) && (.substring[(.substring[(s_2_SYMSTRING)(CONST_6)(CONST_0)].concat(.substring[(s_2_SYMSTRING)(CONST_7)]))(CONST_8)(CONST_7)] notequals c_1_SYMSTRING) && (.substring[(s_2_SYMSTRING)(CONST_7)(CONST_6)] equals c_1_SYMSTRING) && (.substring[(s_2_SYMSTRING)(CONST_6)(CONST_5)] notequals c_1_SYMSTRING) && (.substring[(s_2_SYMSTRING)(CONST_5)(CONST_4)] notequals c_1_SYMSTRING) && (.substring[(s_2_SYMSTRING)(CONST_4)(CONST_3)] notequals c_1_SYMSTRING) && (.substring[(s_2_SYMSTRING)(CONST_3)(CONST_2)] notequals c_1_SYMSTRING) && (.substring[(s_2_SYMSTRING)(CONST_2)(CONST_1)] notequals c_1_SYMSTRING) && (.substring[(s_2_SYMSTRING)(CONST_1)(CONST_0)] notequals c_1_SYMSTRING)
NPC constraint # = 11
CONST_10 >= Length_11_ &&
CONST_9 < Length_10_ &&
CONST_8 < Length_8_ &&
CONST_7 < Length_8_ &&
CONST_6 < Length_0_ &&
CONST_5 < Length_0_ &&
CONST_4 < Length_0_ &&
CONST_3 < Length_0_ &&
CONST_2 < Length_0_ &&
CONST_1 < Length_0_ &&
CONST_0 < Length_0_
$$$$$$$$$$$$$$$$$$$$$$$$$$$$$$$$
Calling Z3str3

current query... 
(declare-const c_1 String)
(declare-const s_2 String)

(assert (= (str.substr (str.++ (str.substr (str.++ (str.substr s_2 0 (- 6 0)) (str.substr s_2 7(- (str.len s_2) 7))) 0 (- 8 0)) (str.substr (str.++ (str.substr s_2 0 (- 6 0)) (str.substr s_2 7(- (str.len s_2) 7))) 9(- (str.len (str.++ (str.substr s_2 0 (- 6 0)) (str.substr s_2 7(- (str.len s_2) 7)))) 9))) 9 (- 10 9)) c_1))
(assert (= (str.substr (str.++ (str.substr s_2 0 (- 6 0)) (str.substr s_2 7(- (str.len s_2) 7))) 8 (- 9 8)) c_1))
(assert (not (= (str.substr (str.++ (str.substr s_2 0 (- 6 0)) (str.substr s_2 7(- (str.len s_2) 7))) 7 (- 8 7)) c_1)))
(assert (= (str.substr s_2 6 (- 7 6)) c_1))
(assert (not (= (str.substr s_2 5 (- 6 5)) c_1)))
(assert (not (= (str.substr s_2 4 (- 5 4)) c_1)))
(assert (not (= (str.substr s_2 3 (- 4 3)) c_1)))
(assert (not (= (str.substr s_2 2 (- 3 2)) c_1)))
(assert (not (= (str.substr s_2 1 (- 2 1)) c_1)))
(assert (not (= (str.substr s_2 0 (- 1 0)) c_1)))
(assert (>= 10 (str.len (str.++ (str.substr (str.++ (str.substr (str.++ (str.substr s_2 0 (- 6 0)) (str.substr s_2 7(- (str.len s_2) 7))) 0 (- 8 0)) (str.substr (str.++ (str.substr s_2 0 (- 6 0)) (str.substr s_2 7(- (str.len s_2) 7))) 9(- (str.len (str.++ (str.substr s_2 0 (- 6 0)) (str.substr s_2 7(- (str.len s_2) 7)))) 9))) 0 (- 9 0)) (str.substr (str.++ (str.substr (str.++ (str.substr s_2 0 (- 6 0)) (str.substr s_2 7(- (str.len s_2) 7))) 0 (- 8 0)) (str.substr (str.++ (str.substr s_2 0 (- 6 0)) (str.substr s_2 7(- (str.len s_2) 7))) 9(- (str.len (str.++ (str.substr s_2 0 (- 6 0)) (str.substr s_2 7(- (str.len s_2) 7)))) 9))) 10(- (str.len (str.++ (str.substr (str.++ (str.substr s_2 0 (- 6 0)) (str.substr s_2 7(- (str.len s_2) 7))) 0 (- 8 0)) (str.substr (str.++ (str.substr s_2 0 (- 6 0)) (str.substr s_2 7(- (str.len s_2) 7))) 9(- (str.len (str.++ (str.substr s_2 0 (- 6 0)) (str.substr s_2 7(- (str.len s_2) 7)))) 9)))) 10))))))
(assert (< 9 (str.len (str.++ (str.substr (str.++ (str.substr s_2 0 (- 6 0)) (str.substr s_2 7(- (str.len s_2) 7))) 0 (- 8 0)) (str.substr (str.++ (str.substr s_2 0 (- 6 0)) (str.substr s_2 7(- (str.len s_2) 7))) 9(- (str.len (str.++ (str.substr s_2 0 (- 6 0)) (str.substr s_2 7(- (str.len s_2) 7)))) 9))))))
(assert (< 8 (str.len (str.++ (str.substr s_2 0 (- 6 0)) (str.substr s_2 7(- (str.len s_2) 7))))))
(assert (< 7 (str.len (str.++ (str.substr s_2 0 (- 6 0)) (str.substr s_2 7(- (str.len s_2) 7))))))
(assert (< 6 (str.len s_2)))
(assert (< 5 (str.len s_2)))
(assert (< 4 (str.len s_2)))
(assert (< 3 (str.len s_2)))
(assert (< 2 (str.len s_2)))
(assert (< 1 (str.len s_2)))
(assert (< 0 (str.len s_2)))



======================
(define-fun s_2 () String
  "CDEFGHAIJABAK")
(define-fun c_1 () String
  "A")
Returned solutions: 
(define-fun s_2 () String  "CDEFGHAIJABAK")
(define-fun c_1 () String  "A")
*************************************
Satisfiable: true
c_1 => "A"
s_2 => "CDEFGHAIJABAK"
*************************************

numeric PC: constraint # = 11
CONST_10 < Length_11_ &&
CONST_9 < Length_10_ &&
CONST_8 < Length_8_ &&
CONST_7 < Length_8_ &&
CONST_6 < Length_0_ &&
CONST_5 < Length_0_ &&
CONST_4 < Length_0_ &&
CONST_3 < Length_0_ &&
CONST_2 < Length_0_ &&
CONST_1 < Length_0_ &&
CONST_0 < Length_0_ -> true

### PCs: total:89 sat:89 unsat:0

string analysis: SPC # = 10
(.substring[(.substring[(.substring[(s_2_SYMSTRING)(CONST_6)(CONST_0)].concat(.substring[(s_2_SYMSTRING)(CONST_7)]))(CONST_8)(CONST_0)].concat(.substring[(.substring[(s_2_SYMSTRING)(CONST_6)(CONST_0)].concat(.substring[(s_2_SYMSTRING)(CONST_7)]))(CONST_9)]))(CONST_10)(CONST_9)] equals c_1_SYMSTRING) && (.substring[(.substring[(s_2_SYMSTRING)(CONST_6)(CONST_0)].concat(.substring[(s_2_SYMSTRING)(CONST_7)]))(CONST_9)(CONST_8)] equals c_1_SYMSTRING) && (.substring[(.substring[(s_2_SYMSTRING)(CONST_6)(CONST_0)].concat(.substring[(s_2_SYMSTRING)(CONST_7)]))(CONST_8)(CONST_7)] notequals c_1_SYMSTRING) && (.substring[(s_2_SYMSTRING)(CONST_7)(CONST_6)] equals c_1_SYMSTRING) && (.substring[(s_2_SYMSTRING)(CONST_6)(CONST_5)] notequals c_1_SYMSTRING) && (.substring[(s_2_SYMSTRING)(CONST_5)(CONST_4)] notequals c_1_SYMSTRING) && (.substring[(s_2_SYMSTRING)(CONST_4)(CONST_3)] notequals c_1_SYMSTRING) && (.substring[(s_2_SYMSTRING)(CONST_3)(CONST_2)] notequals c_1_SYMSTRING) && (.substring[(s_2_SYMSTRING)(CONST_2)(CONST_1)] notequals c_1_SYMSTRING) && (.substring[(s_2_SYMSTRING)(CONST_1)(CONST_0)] notequals c_1_SYMSTRING)
NPC constraint # = 11
CONST_10 < Length_11_ &&
CONST_9 < Length_10_ &&
CONST_8 < Length_8_ &&
CONST_7 < Length_8_ &&
CONST_6 < Length_0_ &&
CONST_5 < Length_0_ &&
CONST_4 < Length_0_ &&
CONST_3 < Length_0_ &&
CONST_2 < Length_0_ &&
CONST_1 < Length_0_ &&
CONST_0 < Length_0_
$$$$$$$$$$$$$$$$$$$$$$$$$$$$$$$$
Calling Z3str3

current query... 
(declare-const c_1 String)
(declare-const s_2 String)

(assert (= (str.substr (str.++ (str.substr (str.++ (str.substr s_2 0 (- 6 0)) (str.substr s_2 7(- (str.len s_2) 7))) 0 (- 8 0)) (str.substr (str.++ (str.substr s_2 0 (- 6 0)) (str.substr s_2 7(- (str.len s_2) 7))) 9(- (str.len (str.++ (str.substr s_2 0 (- 6 0)) (str.substr s_2 7(- (str.len s_2) 7)))) 9))) 9 (- 10 9)) c_1))
(assert (= (str.substr (str.++ (str.substr s_2 0 (- 6 0)) (str.substr s_2 7(- (str.len s_2) 7))) 8 (- 9 8)) c_1))
(assert (not (= (str.substr (str.++ (str.substr s_2 0 (- 6 0)) (str.substr s_2 7(- (str.len s_2) 7))) 7 (- 8 7)) c_1)))
(assert (= (str.substr s_2 6 (- 7 6)) c_1))
(assert (not (= (str.substr s_2 5 (- 6 5)) c_1)))
(assert (not (= (str.substr s_2 4 (- 5 4)) c_1)))
(assert (not (= (str.substr s_2 3 (- 4 3)) c_1)))
(assert (not (= (str.substr s_2 2 (- 3 2)) c_1)))
(assert (not (= (str.substr s_2 1 (- 2 1)) c_1)))
(assert (not (= (str.substr s_2 0 (- 1 0)) c_1)))
(assert (< 10 (str.len (str.++ (str.substr (str.++ (str.substr (str.++ (str.substr s_2 0 (- 6 0)) (str.substr s_2 7(- (str.len s_2) 7))) 0 (- 8 0)) (str.substr (str.++ (str.substr s_2 0 (- 6 0)) (str.substr s_2 7(- (str.len s_2) 7))) 9(- (str.len (str.++ (str.substr s_2 0 (- 6 0)) (str.substr s_2 7(- (str.len s_2) 7)))) 9))) 0 (- 9 0)) (str.substr (str.++ (str.substr (str.++ (str.substr s_2 0 (- 6 0)) (str.substr s_2 7(- (str.len s_2) 7))) 0 (- 8 0)) (str.substr (str.++ (str.substr s_2 0 (- 6 0)) (str.substr s_2 7(- (str.len s_2) 7))) 9(- (str.len (str.++ (str.substr s_2 0 (- 6 0)) (str.substr s_2 7(- (str.len s_2) 7)))) 9))) 10(- (str.len (str.++ (str.substr (str.++ (str.substr s_2 0 (- 6 0)) (str.substr s_2 7(- (str.len s_2) 7))) 0 (- 8 0)) (str.substr (str.++ (str.substr s_2 0 (- 6 0)) (str.substr s_2 7(- (str.len s_2) 7))) 9(- (str.len (str.++ (str.substr s_2 0 (- 6 0)) (str.substr s_2 7(- (str.len s_2) 7)))) 9)))) 10))))))
(assert (< 9 (str.len (str.++ (str.substr (str.++ (str.substr s_2 0 (- 6 0)) (str.substr s_2 7(- (str.len s_2) 7))) 0 (- 8 0)) (str.substr (str.++ (str.substr s_2 0 (- 6 0)) (str.substr s_2 7(- (str.len s_2) 7))) 9(- (str.len (str.++ (str.substr s_2 0 (- 6 0)) (str.substr s_2 7(- (str.len s_2) 7)))) 9))))))
(assert (< 8 (str.len (str.++ (str.substr s_2 0 (- 6 0)) (str.substr s_2 7(- (str.len s_2) 7))))))
(assert (< 7 (str.len (str.++ (str.substr s_2 0 (- 6 0)) (str.substr s_2 7(- (str.len s_2) 7))))))
(assert (< 6 (str.len s_2)))
(assert (< 5 (str.len s_2)))
(assert (< 4 (str.len s_2)))
(assert (< 3 (str.len s_2)))
(assert (< 2 (str.len s_2)))
(assert (< 1 (str.len s_2)))
(assert (< 0 (str.len s_2)))



======================
(define-fun s_2 () String
  "AHIJKLEBCEDEFGM")
(define-fun c_1 () String
  "E")
Returned solutions: 
(define-fun s_2 () String  "AHIJKLEBCEDEFGM")
(define-fun c_1 () String  "E")
*************************************
Satisfiable: true
c_1 => "E"
s_2 => "AHIJKLEBCEDEFGM"
*************************************


====================================================== search constraint
depth limit reached: 23

====================================================== snapshot 
thread java.lang.Thread:{id:0,name:main,status:RUNNING,priority:5,isDaemon:false,lockCount:0,suspendCount:0}
  call stack:
	at strings.StringSearch.search_2(StringSearch.java:29)
	at strings.StringSearch.main(StringSearch.java:8)

numeric PC: constraint # = 11
CONST_10 < Length_11_ &&
CONST_9 < Length_10_ &&
CONST_8 < Length_8_ &&
CONST_7 < Length_8_ &&
CONST_6 < Length_0_ &&
CONST_5 < Length_0_ &&
CONST_4 < Length_0_ &&
CONST_3 < Length_0_ &&
CONST_2 < Length_0_ &&
CONST_1 < Length_0_ &&
CONST_0 < Length_0_ -> true

string analysis: SPC # = 10
(.substring[(.substring[(.substring[(s_2_SYMSTRING)(CONST_6)(CONST_0)].concat(.substring[(s_2_SYMSTRING)(CONST_7)]))(CONST_8)(CONST_0)].concat(.substring[(.substring[(s_2_SYMSTRING)(CONST_6)(CONST_0)].concat(.substring[(s_2_SYMSTRING)(CONST_7)]))(CONST_9)]))(CONST_10)(CONST_9)] equals c_1_SYMSTRING) && (.substring[(.substring[(s_2_SYMSTRING)(CONST_6)(CONST_0)].concat(.substring[(s_2_SYMSTRING)(CONST_7)]))(CONST_9)(CONST_8)] equals c_1_SYMSTRING) && (.substring[(.substring[(s_2_SYMSTRING)(CONST_6)(CONST_0)].concat(.substring[(s_2_SYMSTRING)(CONST_7)]))(CONST_8)(CONST_7)] notequals c_1_SYMSTRING) && (.substring[(s_2_SYMSTRING)(CONST_7)(CONST_6)] equals c_1_SYMSTRING) && (.substring[(s_2_SYMSTRING)(CONST_6)(CONST_5)] notequals c_1_SYMSTRING) && (.substring[(s_2_SYMSTRING)(CONST_5)(CONST_4)] notequals c_1_SYMSTRING) && (.substring[(s_2_SYMSTRING)(CONST_4)(CONST_3)] notequals c_1_SYMSTRING) && (.substring[(s_2_SYMSTRING)(CONST_3)(CONST_2)] notequals c_1_SYMSTRING) && (.substring[(s_2_SYMSTRING)(CONST_2)(CONST_1)] notequals c_1_SYMSTRING) && (.substring[(s_2_SYMSTRING)(CONST_1)(CONST_0)] notequals c_1_SYMSTRING)
NPC constraint # = 11
CONST_10 < Length_11_[11] &&
CONST_9 < Length_10_[10] &&
CONST_8 < Length_8_[9] &&
CONST_7 < Length_8_[9] &&
CONST_6 < Length_0_[7] &&
CONST_5 < Length_0_[7] &&
CONST_4 < Length_0_[7] &&
CONST_3 < Length_0_[7] &&
CONST_2 < Length_0_[7] &&
CONST_1 < Length_0_[7] &&
CONST_0 < Length_0_[7]
$$$$$$$$$$$$$$$$$$$$$$$$$$$$$$$$
Calling Z3str3

current query... 
(declare-const c_1 String)
(declare-const s_2 String)

(assert (= (str.substr (str.++ (str.substr (str.++ (str.substr s_2 0 (- 6 0)) (str.substr s_2 7(- (str.len s_2) 7))) 0 (- 8 0)) (str.substr (str.++ (str.substr s_2 0 (- 6 0)) (str.substr s_2 7(- (str.len s_2) 7))) 9(- (str.len (str.++ (str.substr s_2 0 (- 6 0)) (str.substr s_2 7(- (str.len s_2) 7)))) 9))) 9 (- 10 9)) c_1))
(assert (= (str.substr (str.++ (str.substr s_2 0 (- 6 0)) (str.substr s_2 7(- (str.len s_2) 7))) 8 (- 9 8)) c_1))
(assert (not (= (str.substr (str.++ (str.substr s_2 0 (- 6 0)) (str.substr s_2 7(- (str.len s_2) 7))) 7 (- 8 7)) c_1)))
(assert (= (str.substr s_2 6 (- 7 6)) c_1))
(assert (not (= (str.substr s_2 5 (- 6 5)) c_1)))
(assert (not (= (str.substr s_2 4 (- 5 4)) c_1)))
(assert (not (= (str.substr s_2 3 (- 4 3)) c_1)))
(assert (not (= (str.substr s_2 2 (- 3 2)) c_1)))
(assert (not (= (str.substr s_2 1 (- 2 1)) c_1)))
(assert (not (= (str.substr s_2 0 (- 1 0)) c_1)))
(assert (< 10 (str.len (str.++ (str.substr (str.++ (str.substr (str.++ (str.substr s_2 0 (- 6 0)) (str.substr s_2 7(- (str.len s_2) 7))) 0 (- 8 0)) (str.substr (str.++ (str.substr s_2 0 (- 6 0)) (str.substr s_2 7(- (str.len s_2) 7))) 9(- (str.len (str.++ (str.substr s_2 0 (- 6 0)) (str.substr s_2 7(- (str.len s_2) 7)))) 9))) 0 (- 9 0)) (str.substr (str.++ (str.substr (str.++ (str.substr s_2 0 (- 6 0)) (str.substr s_2 7(- (str.len s_2) 7))) 0 (- 8 0)) (str.substr (str.++ (str.substr s_2 0 (- 6 0)) (str.substr s_2 7(- (str.len s_2) 7))) 9(- (str.len (str.++ (str.substr s_2 0 (- 6 0)) (str.substr s_2 7(- (str.len s_2) 7)))) 9))) 10(- (str.len (str.++ (str.substr (str.++ (str.substr s_2 0 (- 6 0)) (str.substr s_2 7(- (str.len s_2) 7))) 0 (- 8 0)) (str.substr (str.++ (str.substr s_2 0 (- 6 0)) (str.substr s_2 7(- (str.len s_2) 7))) 9(- (str.len (str.++ (str.substr s_2 0 (- 6 0)) (str.substr s_2 7(- (str.len s_2) 7)))) 9)))) 10))))))
(assert (< 9 (str.len (str.++ (str.substr (str.++ (str.substr s_2 0 (- 6 0)) (str.substr s_2 7(- (str.len s_2) 7))) 0 (- 8 0)) (str.substr (str.++ (str.substr s_2 0 (- 6 0)) (str.substr s_2 7(- (str.len s_2) 7))) 9(- (str.len (str.++ (str.substr s_2 0 (- 6 0)) (str.substr s_2 7(- (str.len s_2) 7)))) 9))))))
(assert (< 8 (str.len (str.++ (str.substr s_2 0 (- 6 0)) (str.substr s_2 7(- (str.len s_2) 7))))))
(assert (< 7 (str.len (str.++ (str.substr s_2 0 (- 6 0)) (str.substr s_2 7(- (str.len s_2) 7))))))
(assert (< 6 (str.len s_2)))
(assert (< 5 (str.len s_2)))
(assert (< 4 (str.len s_2)))
(assert (< 3 (str.len s_2)))
(assert (< 2 (str.len s_2)))
(assert (< 1 (str.len s_2)))
(assert (< 0 (str.len s_2)))



======================
(define-fun s_2 () String
  "AHIJKLEBCEDEFGM")
(define-fun c_1 () String
  "E")
Returned solutions: 
(define-fun s_2 () String  "AHIJKLEBCEDEFGM")
(define-fun c_1 () String  "E")
*************************************
Satisfiable: true
c_1 => "E"
s_2 => "AHIJKLEBCEDEFGM"
*************************************

Symbolic Exp [ .substring[(.substring[(.substring[(s_2_SYMSTRING[**UNDEFINED**])(CONST_6)(CONST_0)].concat(.substring[(s_2_SYMSTRING[**UNDEFINED**])(CONST_7)]))(CONST_8)(CONST_0)].concat(.substring[(.substring[(s_2_SYMSTRING[**UNDEFINED**])(CONST_6)(CONST_0)].concat(.substring[(s_2_SYMSTRING[**UNDEFINED**])(CONST_7)]))(CONST_9)]))(CONST_9)(CONST_0)].concat(.substring[(.substring[(.substring[(s_2_SYMSTRING[**UNDEFINED**])(CONST_6)(CONST_0)].concat(.substring[(s_2_SYMSTRING[**UNDEFINED**])(CONST_7)]))(CONST_8)(CONST_0)].concat(.substring[(.substring[(s_2_SYMSTRING[**UNDEFINED**])(CONST_6)(CONST_0)].concat(.substring[(s_2_SYMSTRING[**UNDEFINED**])(CONST_7)]))(CONST_9)]))(CONST_10)])]
test This is a tttest haystack string for testing.
0
114514
0

====================================================== search constraint
depth limit reached: 23

====================================================== snapshot 
no live threads
numeric PC: constraint # = 11
CONST_10 >= Length_11_ &&
CONST_9 < Length_10_ &&
CONST_8 < Length_8_ &&
CONST_7 < Length_8_ &&
CONST_6 < Length_0_ &&
CONST_5 < Length_0_ &&
CONST_4 < Length_0_ &&
CONST_3 < Length_0_ &&
CONST_2 < Length_0_ &&
CONST_1 < Length_0_ &&
CONST_0 < Length_0_ -> true

string analysis: SPC # = 10
(.substring[(.substring[(.substring[(s_2_SYMSTRING[**UNDEFINED**])(CONST_6)(CONST_0)].concat(.substring[(s_2_SYMSTRING[**UNDEFINED**])(CONST_7)]))(CONST_8)(CONST_0)].concat(.substring[(.substring[(s_2_SYMSTRING[**UNDEFINED**])(CONST_6)(CONST_0)].concat(.substring[(s_2_SYMSTRING[**UNDEFINED**])(CONST_7)]))(CONST_9)]))(CONST_10)(CONST_9)] equals c_1_SYMSTRING[**UNDEFINED**]) && (.substring[(.substring[(s_2_SYMSTRING[**UNDEFINED**])(CONST_6)(CONST_0)].concat(.substring[(s_2_SYMSTRING[**UNDEFINED**])(CONST_7)]))(CONST_9)(CONST_8)] equals c_1_SYMSTRING[**UNDEFINED**]) && (.substring[(.substring[(s_2_SYMSTRING[**UNDEFINED**])(CONST_6)(CONST_0)].concat(.substring[(s_2_SYMSTRING[**UNDEFINED**])(CONST_7)]))(CONST_8)(CONST_7)] notequals c_1_SYMSTRING[**UNDEFINED**]) && (.substring[(s_2_SYMSTRING[**UNDEFINED**])(CONST_7)(CONST_6)] equals c_1_SYMSTRING[**UNDEFINED**]) && (.substring[(s_2_SYMSTRING[**UNDEFINED**])(CONST_6)(CONST_5)] notequals c_1_SYMSTRING[**UNDEFINED**]) && (.substring[(s_2_SYMSTRING[**UNDEFINED**])(CONST_5)(CONST_4)] notequals c_1_SYMSTRING[**UNDEFINED**]) && (.substring[(s_2_SYMSTRING[**UNDEFINED**])(CONST_4)(CONST_3)] notequals c_1_SYMSTRING[**UNDEFINED**]) && (.substring[(s_2_SYMSTRING[**UNDEFINED**])(CONST_3)(CONST_2)] notequals c_1_SYMSTRING[**UNDEFINED**]) && (.substring[(s_2_SYMSTRING[**UNDEFINED**])(CONST_2)(CONST_1)] notequals c_1_SYMSTRING[**UNDEFINED**]) && (.substring[(s_2_SYMSTRING[**UNDEFINED**])(CONST_1)(CONST_0)] notequals c_1_SYMSTRING[**UNDEFINED**])
NPC constraint # = 11
CONST_10 >= Length_11_[0] &&
CONST_9 < Length_10_[10] &&
CONST_8 < Length_8_[9] &&
CONST_7 < Length_8_[9] &&
CONST_6 < Length_0_[7] &&
CONST_5 < Length_0_[7] &&
CONST_4 < Length_0_[7] &&
CONST_3 < Length_0_[7] &&
CONST_2 < Length_0_[7] &&
CONST_1 < Length_0_[7] &&
CONST_0 < Length_0_[7]
$$$$$$$$$$$$$$$$$$$$$$$$$$$$$$$$
Calling Z3str3

current query... 
(declare-const c_1 String)
(declare-const s_2 String)

(assert (= (str.substr (str.++ (str.substr (str.++ (str.substr s_2 0 (- 6 0)) (str.substr s_2 7(- (str.len s_2) 7))) 0 (- 8 0)) (str.substr (str.++ (str.substr s_2 0 (- 6 0)) (str.substr s_2 7(- (str.len s_2) 7))) 9(- (str.len (str.++ (str.substr s_2 0 (- 6 0)) (str.substr s_2 7(- (str.len s_2) 7)))) 9))) 9 (- 10 9)) c_1))
(assert (= (str.substr (str.++ (str.substr s_2 0 (- 6 0)) (str.substr s_2 7(- (str.len s_2) 7))) 8 (- 9 8)) c_1))
(assert (not (= (str.substr (str.++ (str.substr s_2 0 (- 6 0)) (str.substr s_2 7(- (str.len s_2) 7))) 7 (- 8 7)) c_1)))
(assert (= (str.substr s_2 6 (- 7 6)) c_1))
(assert (not (= (str.substr s_2 5 (- 6 5)) c_1)))
(assert (not (= (str.substr s_2 4 (- 5 4)) c_1)))
(assert (not (= (str.substr s_2 3 (- 4 3)) c_1)))
(assert (not (= (str.substr s_2 2 (- 3 2)) c_1)))
(assert (not (= (str.substr s_2 1 (- 2 1)) c_1)))
(assert (not (= (str.substr s_2 0 (- 1 0)) c_1)))
(assert (>= 10 (str.len (str.++ (str.substr (str.++ (str.substr (str.++ (str.substr s_2 0 (- 6 0)) (str.substr s_2 7(- (str.len s_2) 7))) 0 (- 8 0)) (str.substr (str.++ (str.substr s_2 0 (- 6 0)) (str.substr s_2 7(- (str.len s_2) 7))) 9(- (str.len (str.++ (str.substr s_2 0 (- 6 0)) (str.substr s_2 7(- (str.len s_2) 7)))) 9))) 0 (- 9 0)) (str.substr (str.++ (str.substr (str.++ (str.substr s_2 0 (- 6 0)) (str.substr s_2 7(- (str.len s_2) 7))) 0 (- 8 0)) (str.substr (str.++ (str.substr s_2 0 (- 6 0)) (str.substr s_2 7(- (str.len s_2) 7))) 9(- (str.len (str.++ (str.substr s_2 0 (- 6 0)) (str.substr s_2 7(- (str.len s_2) 7)))) 9))) 10(- (str.len (str.++ (str.substr (str.++ (str.substr s_2 0 (- 6 0)) (str.substr s_2 7(- (str.len s_2) 7))) 0 (- 8 0)) (str.substr (str.++ (str.substr s_2 0 (- 6 0)) (str.substr s_2 7(- (str.len s_2) 7))) 9(- (str.len (str.++ (str.substr s_2 0 (- 6 0)) (str.substr s_2 7(- (str.len s_2) 7)))) 9)))) 10))))))
(assert (< 9 (str.len (str.++ (str.substr (str.++ (str.substr s_2 0 (- 6 0)) (str.substr s_2 7(- (str.len s_2) 7))) 0 (- 8 0)) (str.substr (str.++ (str.substr s_2 0 (- 6 0)) (str.substr s_2 7(- (str.len s_2) 7))) 9(- (str.len (str.++ (str.substr s_2 0 (- 6 0)) (str.substr s_2 7(- (str.len s_2) 7)))) 9))))))
(assert (< 8 (str.len (str.++ (str.substr s_2 0 (- 6 0)) (str.substr s_2 7(- (str.len s_2) 7))))))
(assert (< 7 (str.len (str.++ (str.substr s_2 0 (- 6 0)) (str.substr s_2 7(- (str.len s_2) 7))))))
(assert (< 6 (str.len s_2)))
(assert (< 5 (str.len s_2)))
(assert (< 4 (str.len s_2)))
(assert (< 3 (str.len s_2)))
(assert (< 2 (str.len s_2)))
(assert (< 1 (str.len s_2)))
(assert (< 0 (str.len s_2)))



======================
(define-fun s_2 () String
  "CDEFGHAIJABAK")
(define-fun c_1 () String
  "A")
Returned solutions: 
(define-fun s_2 () String  "CDEFGHAIJABAK")
(define-fun c_1 () String  "A")
*************************************
Satisfiable: true
c_1 => "A"
s_2 => "CDEFGHAIJABAK"
*************************************

numeric PC: constraint # = 10
CONST_9 < Length_10_[10] &&
CONST_8 < Length_8_[9] &&
CONST_7 < Length_8_[9] &&
CONST_6 < Length_0_[7] &&
CONST_5 < Length_0_[7] &&
CONST_4 < Length_0_[7] &&
CONST_3 < Length_0_[7] &&
CONST_2 < Length_0_[7] &&
CONST_1 < Length_0_[7] &&
CONST_0 < Length_0_[7] -> true

string analysis: SPC # = 10
(.substring[(.substring[(.substring[(s_2_SYMSTRING[**UNDEFINED**])(CONST_6)(CONST_0)].concat(.substring[(s_2_SYMSTRING[**UNDEFINED**])(CONST_7)]))(CONST_8)(CONST_0)].concat(.substring[(.substring[(s_2_SYMSTRING[**UNDEFINED**])(CONST_6)(CONST_0)].concat(.substring[(s_2_SYMSTRING[**UNDEFINED**])(CONST_7)]))(CONST_9)]))(CONST_10)(CONST_9)] equals c_1_SYMSTRING[**UNDEFINED**]) && (.substring[(.substring[(s_2_SYMSTRING[**UNDEFINED**])(CONST_6)(CONST_0)].concat(.substring[(s_2_SYMSTRING[**UNDEFINED**])(CONST_7)]))(CONST_9)(CONST_8)] equals c_1_SYMSTRING[**UNDEFINED**]) && (.substring[(.substring[(s_2_SYMSTRING[**UNDEFINED**])(CONST_6)(CONST_0)].concat(.substring[(s_2_SYMSTRING[**UNDEFINED**])(CONST_7)]))(CONST_8)(CONST_7)] notequals c_1_SYMSTRING[**UNDEFINED**]) && (.substring[(s_2_SYMSTRING[**UNDEFINED**])(CONST_7)(CONST_6)] equals c_1_SYMSTRING[**UNDEFINED**]) && (.substring[(s_2_SYMSTRING[**UNDEFINED**])(CONST_6)(CONST_5)] notequals c_1_SYMSTRING[**UNDEFINED**]) && (.substring[(s_2_SYMSTRING[**UNDEFINED**])(CONST_5)(CONST_4)] notequals c_1_SYMSTRING[**UNDEFINED**]) && (.substring[(s_2_SYMSTRING[**UNDEFINED**])(CONST_4)(CONST_3)] notequals c_1_SYMSTRING[**UNDEFINED**]) && (.substring[(s_2_SYMSTRING[**UNDEFINED**])(CONST_3)(CONST_2)] notequals c_1_SYMSTRING[**UNDEFINED**]) && (.substring[(s_2_SYMSTRING[**UNDEFINED**])(CONST_2)(CONST_1)] notequals c_1_SYMSTRING[**UNDEFINED**]) && (.substring[(s_2_SYMSTRING[**UNDEFINED**])(CONST_1)(CONST_0)] notequals c_1_SYMSTRING[**UNDEFINED**])
NPC constraint # = 10
CONST_9 < Length_10_[10] &&
CONST_8 < Length_8_[9] &&
CONST_7 < Length_8_[9] &&
CONST_6 < Length_0_[7] &&
CONST_5 < Length_0_[7] &&
CONST_4 < Length_0_[7] &&
CONST_3 < Length_0_[7] &&
CONST_2 < Length_0_[7] &&
CONST_1 < Length_0_[7] &&
CONST_0 < Length_0_[7]
$$$$$$$$$$$$$$$$$$$$$$$$$$$$$$$$
Calling Z3str3

current query... 
(declare-const c_1 String)
(declare-const s_2 String)

(assert (= (str.substr (str.++ (str.substr (str.++ (str.substr s_2 0 (- 6 0)) (str.substr s_2 7(- (str.len s_2) 7))) 0 (- 8 0)) (str.substr (str.++ (str.substr s_2 0 (- 6 0)) (str.substr s_2 7(- (str.len s_2) 7))) 9(- (str.len (str.++ (str.substr s_2 0 (- 6 0)) (str.substr s_2 7(- (str.len s_2) 7)))) 9))) 9 (- 10 9)) c_1))
(assert (= (str.substr (str.++ (str.substr s_2 0 (- 6 0)) (str.substr s_2 7(- (str.len s_2) 7))) 8 (- 9 8)) c_1))
(assert (not (= (str.substr (str.++ (str.substr s_2 0 (- 6 0)) (str.substr s_2 7(- (str.len s_2) 7))) 7 (- 8 7)) c_1)))
(assert (= (str.substr s_2 6 (- 7 6)) c_1))
(assert (not (= (str.substr s_2 5 (- 6 5)) c_1)))
(assert (not (= (str.substr s_2 4 (- 5 4)) c_1)))
(assert (not (= (str.substr s_2 3 (- 4 3)) c_1)))
(assert (not (= (str.substr s_2 2 (- 3 2)) c_1)))
(assert (not (= (str.substr s_2 1 (- 2 1)) c_1)))
(assert (not (= (str.substr s_2 0 (- 1 0)) c_1)))
(assert (< 9 (str.len (str.++ (str.substr (str.++ (str.substr s_2 0 (- 6 0)) (str.substr s_2 7(- (str.len s_2) 7))) 0 (- 8 0)) (str.substr (str.++ (str.substr s_2 0 (- 6 0)) (str.substr s_2 7(- (str.len s_2) 7))) 9(- (str.len (str.++ (str.substr s_2 0 (- 6 0)) (str.substr s_2 7(- (str.len s_2) 7)))) 9))))))
(assert (< 8 (str.len (str.++ (str.substr s_2 0 (- 6 0)) (str.substr s_2 7(- (str.len s_2) 7))))))
(assert (< 7 (str.len (str.++ (str.substr s_2 0 (- 6 0)) (str.substr s_2 7(- (str.len s_2) 7))))))
(assert (< 6 (str.len s_2)))
(assert (< 5 (str.len s_2)))
(assert (< 4 (str.len s_2)))
(assert (< 3 (str.len s_2)))
(assert (< 2 (str.len s_2)))
(assert (< 1 (str.len s_2)))
(assert (< 0 (str.len s_2)))



======================
Runtime(ms) :5014